system:index,bio01,bio02,bio03,bio04,bio05,bio06,bio07,bio08,bio09,bio10,bio11,bio12,bio13,bio14,bio15,bio16,bio17,bio18,bio19,presence,row_code,scientificName,year,.geo
00000000000000000114,75.2670520231214,126.60809248554914,31.218497109826593,9317.15260115607,273.29942196531795,-123.18381502890176,396.4832369942197,170.07283236994223,-37.06127167630058,191.67283236994223,-50.73294797687862,1132.3653179190753,102.39190751445086,79.67745664739884,7.6000000000000005,301.3838150289017,253.96763005780346,300.7838150289017,260.9676300578035,0,277,Aedes communis,2018.42105263158,"{""type"":""Polygon"",""coordinates"":[[[-72.27355132525508,42.49094824325248],[-72.28079131182186,42.489193236576696],[-72.28520685023194,42.48461290110645],[-72.2850762288976,42.47899393684606],[-72.28045144933387,42.474527726447704],[-72.27313645435352,42.47295571500594],[-72.26598319833832,42.47489077713751],[-72.26178064288264,42.4795784912096],[-72.26216819946032,42.48519100827366],[-72.2669957753836,42.48953940698673],[-72.27355132525508,42.49094824325248]]]}"
0000000000000000011c,-40.96592317224289,108.74287484510535,25.0,11541.995043370513,185.23420074349445,-238.6375464684015,423.8717472118961,109.5470879801735,-112.63506815365552,109.5470879801735,-181.2211895910781,399.36183395291204,79.81722428748454,11.0,65.94981412639406,206.76703841387857,41.81722428748452,206.76703841387857,56.22118959107808,0,285,Aedes communis,2017.77272727273,"{""type"":""Polygon"",""coordinates"":[[[-149.21455520067832,63.88834596730734],[-149.2266847216137,63.8865906810396],[-149.2340805450753,63.8820099006022],[-149.23385960077488,63.87639095256888],[-149.2261120082542,63.871925196616964],[-149.2138603674553,63.87035343814303],[-149.2018794852994,63.872288195767666],[-149.19483889125084,63.87697547639019],[-149.19548596336153,63.882588041232914],[-149.2035722770532,63.88693690181216],[-149.21455520067832,63.88834596730734]]]}"
00000000000000000122,-33.23809523809524,109.45015873015872,23.0,13007.095873015873,206.59238095238095,-256.0946031746032,462.68698412698404,131.77079365079362,-103.16253968253967,131.77079365079362,-196.3815873015873,294.3726984126984,65.0,6.0,80.36444444444444,171.6742857142857,21.076190476190476,171.6742857142857,29.082539682539682,0,291,Aedes communis,2020.66964285714,"{""type"":""Polygon"",""coordinates"":[[[-145.7534500131052,63.88834596730734],[-145.76557953404057,63.8865906810396],[-145.7729753575022,63.88200990060221],[-145.77275441320174,63.87639095256888],[-145.76500682068107,63.871925196616964],[-145.75275517988223,63.87035343814303],[-145.7407742977263,63.872288195767666],[-145.73373370367773,63.87697547639021],[-145.73438077578842,63.88258804123293],[-145.7424670894801,63.88693690181216],[-145.7534500131052,63.88834596730734]]]}"
00000000000000000123,45.35111111111111,123.35111111111111,27.0,11090.94777777778,263.4044444444445,-184.37111111111116,447.77555555555557,167.35111111111112,-106.64888888888888,180.2477777777778,-106.64888888888888,801.5533333333334,109.64888888888889,22.0,44.5388888888889,308.9633333333333,84.92666666666668,298.24111111111114,84.92666666666668,0,292,Aedes communis,2019.23267326733,"{""type"":""Polygon"",""coordinates"":[[[-89.58734889557475,45.503846888438474],[-89.59496614236161,45.50209185646709],[-89.5996116653464,45.497511480733856],[-89.59947411783065,45.491892517935284],[-89.59460838144145,45.487426348657834],[-89.58691241921383,45.485854360108874],[-89.57938661183213,45.48778939468368],[-89.57496507942085,45.49247706953575],[-89.57537270450689,45.498089590929524],[-89.58045174577788,45.50243803143371],[-89.58734889557475,45.503846888438474]]]}"
00000000000000000124,-55.35908018867924,99.01709905660374,20.0,14446.460495283018,200.90742924528305,-286.5884433962264,487.4958726415094,126.98584905660375,-138.72877358490567,126.98584905660375,-239.43219339622638,297.2016509433962,53.401533018867916,7.0,59.691037735849065,147.20224056603772,32.73349056603774,147.20224056603772,49.30778301886792,0,293,Aedes communis,2019.65517241379,"{""type"":""Polygon"",""coordinates"":[[[-147.52964819482537,65.19974975072155],[-147.54237526503078,65.19799443362226],[-147.5501352336666,65.19341360412483],[-147.5499031609651,65.1877946578903],[-147.5417739529769,65.1833289520433],[-147.5289191569013,65.18175722145607],[-147.51634843374185,65.18369194551215],[-147.5089610104281,65.18837917834331],[-147.5096397029833,65.19399174844435],[-147.51812419931957,65.19834065994829],[-147.52964819482537,65.19974975072155]]]}"
00000000000000000125,58.529875986471254,133.74295377677564,31.0,9818.39909808343,267.1555806087936,-155.74069898534387,422.8962795941376,10.742953776775648,-60.10935738444193,180.9436302142052,-74.25704622322435,1178.4532130777902,118.40473506200676,83.29875986471251,10.0,328.108229988726,256.00225479143177,307.34949267192786,276.108229988726,0,294,Aedes communis,2019.80530973451,"{""type"":""Polygon"",""coordinates"":[[[-71.29414991077518,44.084550695935086],[-71.30158209600961,44.0827956762005],[-71.30611480273714,44.07821531994445],[-71.30598065348478,44.07259635643856],[-71.30123311608757,44.06813016726892],[-71.29372403270257,44.06655816764565],[-71.286380975899,44.06849321555093],[-71.282066860578,44.07318090937567],[-71.28246464196633,44.078793428675105],[-71.28742032972352,44.08314184896287],[-71.29414991077518,44.084550695935086]]]}"
00000000000000000128,98.0,103.41062801932368,26.0,9954.450483091789,289.34420289855075,-97.0,386.34420289855086,221.33574879227058,-36.0,221.33574879227058,-36.0,922.9842995169083,102.66425120772949,36.0,28.008454106280194,300.6642512077295,142.99154589371983,300.6642512077295,142.99154589371983,0,297,Aedes communis,2004.56980703746,"{""type"":""Polygon"",""coordinates"":[[[-87.83605033413703,41.843549197706885],[-87.84321660929817,41.84179419614696],[-87.84758721140756,41.837213868819745],[-87.84745794274069,41.83159490426387],[-87.84288024294965,41.82712868554896],[-87.83563968470631,41.82555666947714],[-87.82855922102073,41.82749173718204],[-87.82439945066754,41.832179459186214],[-87.8247830854923,41.837791975374465],[-87.82956152812335,41.842140365635444],[-87.83605033413703,41.843549197706885]]]}"
0000000000000000012a,54.09673790776153,130.2980877390326,30.739032620922387,9741.120359955006,259.40944881889766,-156.29696287964,415.7064116985377,6.824521934758154,-63.4578177727784,175.4679415073116,-77.57255343082115,1235.7975253093364,124.49606299212597,87.6209223847019,10.0,344.35208098987624,270.64004499437567,319.6704161979752,291.082114735658,0,299,Aedes communis,2019.0999755859375,"{""type"":""Polygon"",""coordinates"":[[[-71.29414991077518,44.0679494627131],[-71.30158001132443,44.06619444311814],[-71.30611144719057,44.06161408708434],[-71.30597733621124,44.05599512357038],[-71.30123113030648,44.05152893417375],[-71.29372415209122,44.04995693442414],[-71.28638315395241,44.051891982481514],[-71.28207024866629,44.056579676522745],[-71.28246791915892,44.06219219579828],[-71.28742221735509,44.06654061585535],[-71.29414991077518,44.0679494627131]]]}"
00000000000000000136,45.77308120133482,123.41935483870968,27.0,11069.789766407119,263.8487208008899,-183.1757508342603,447.0244716351502,167.84872080088988,-106.1423804226919,180.13904338153506,-106.1423804226919,799.1357063403783,109.58064516129032,22.0,45.0,308.58064516129036,85.0,297.3548387096774,85.0,0,311,Aedes communis,2018.94117647059,"{""type"":""Polygon"",""coordinates"":[[[-89.56244481619125,45.503846888438474],[-89.57006206297811,45.50209185646709],[-89.5747075859629,45.49751148073386],[-89.57457003844715,45.491892517935284],[-89.56970430205794,45.48742634865784],[-89.56200833983033,45.485854360108874],[-89.55448253244863,45.48778939468368],[-89.55006100003735,45.49247706953576],[-89.55046862512339,45.49808959092953],[-89.55554766639438,45.50243803143372],[-89.56244481619125,45.503846888438474]]]}"
00000000000000000137,56.00870511425461,108.94015233949946,28.0,9369.056583242653,252.00870511425458,-129.76278563656146,381.77149075081604,-34.75408052230686,164.87051142546247,174.00870511425458,-67.10663764961915,1143.8988030467901,115.55495103373231,78.31447225244831,12.261153427638735,340.8759521218716,257.2970620239391,266.10228509249185,324.063112078346,0,312,Aedes communis,2002.09677419355,"{""type"":""Polygon"",""coordinates"":[[[-64.70395082276539,46.10144669341918],[-64.71165021207554,46.09969165610975],[-64.71634580997794,46.09511127188011],[-64.71620675363434,46.089492309390174],[-64.71128855285254,46.08502614879018],[-64.70350964223279,46.083454165072034],[-64.6959027188096,46.08538919383182],[-64.69143350764394,46.090076860407564],[-64.69184550153335,46.09568938271483],[-64.69697929489077,46.100037832037934],[-64.70395082276539,46.10144669341918]]]}"
00000000000000000138,44.662222222222205,123.09444444444443,27.0,11072.146666666666,262.77666666666664,-184.5677777777778,447.3444444444444,166.66222222222217,-107.0,179.41777777777773,-107.0,802.0544444444445,109.97333333333333,22.0,44.71777777777776,309.6488888888889,85.0,298.67555555555555,85.0,0,313,Aedes communis,2019.3008356546,"{""type"":""Polygon"",""coordinates"":[[[-89.58734889557475,45.5204525807615],[-89.59496839004073,45.518697548643324],[-89.59961528323676,45.514117172676436],[-89.59947769443849,45.508498209886355],[-89.59461052245668,45.50403204084753],[-89.58691229049242,45.50246005243142],[-89.57938426351338,45.50439508684631],[-89.57496142646033,45.50908276147079],[-89.57536917109465,45.514695282889676],[-89.58044971055865,45.519043723636386],[-89.58734889557475,45.5204525807615]]]}"
00000000000000000139,-11.40455120101138,131.8369152970923,38.73198482932997,7357.580278128951,174.39064475347664,-163.57395701643492,337.9646017699115,-33.33628318584071,-1.524652338811631,86.72566371681417,-98.06700379266749,743.3413400758535,80.04045512010114,44.243994943109996,16.0,225.27054361567642,153.58280657395701,191.38938053097348,173.0986093552465,0,314,Aedes communis,2020.11428571429,"{""type"":""Polygon"",""coordinates"":[[[-105.57315036746031,40.05074978276476],[-105.58012468335902,40.04899479485006],[-105.58437826167457,40.0444144892425],[-105.58425251482373,40.038795523898735],[-105.57979742039451,40.03432928300136],[-105.57275071166919,40.03275725457982],[-105.56585981505535,40.03469233715042],[-105.56181146574016,40.039380080311545],[-105.56218488669057,40.04499259416349],[-105.5668353757907,40.04934096188057],[-105.57315036746031,40.05074978276476]]]}"
0000000000000000013e,-41.42007434944238,108.33023543990087,25.0,11539.263320941758,184.6059479553903,-238.90892193308545,423.51486988847586,109.12267657992565,-113.21313506815365,109.12267657992565,-181.70198265179675,401.26579925650555,80.0,11.0,66.0,207.18215613382895,42.15303593556381,207.18215613382895,56.884138785625765,0,319,Aedes communis,2019.12121212121,"{""type"":""Polygon"",""coordinates"":[[[-149.23115197479925,63.88834596730734],[-149.24328149573464,63.8865906810396],[-149.25067731919623,63.88200990060221],[-149.2504563748958,63.87639095256888],[-149.24270878237513,63.871925196616964],[-149.23045714157624,63.87035343814303],[-149.21847625942033,63.872288195767666],[-149.21143566537177,63.87697547639019],[-149.21208273748246,63.882588041232914],[-149.22016905117414,63.88693690181216],[-149.23115197479925,63.88834596730734]]]}"
0000000000000000013f,-40.52315914489311,101.6442992874109,20.0,14775.703087885982,214.76662707838477,-283.21555819477436,497.9821852731591,143.5896674584323,-123.01068883610452,143.5896674584323,-231.8895486935867,311.94774346793344,50.26247030878859,7.770783847980997,50.203681710213765,139.06769596199527,37.46615201900238,139.06769596199527,58.98456057007125,0,320,Aedes communis,2019.50610820244,"{""type"":""Polygon"",""coordinates"":[[[-147.50474411544187,65.16654728427761],[-147.51745524775458,65.16479196799642],[-147.52520550409415,65.16021113980075],[-147.52497372847395,65.15459219351847],[-147.51685469890344,65.15012648634199],[-147.50401598980127,65.1485547550148],[-147.49146099852197,65.15048947996159],[-147.48408282585183,65.15517671406086],[-147.48476067530115,65.16078928402239],[-147.49323455146762,65.16513819417509],[-147.50474411544187,65.16654728427761]]]}"
0000000000000000014a,-9.631313131313133,133.01893939393943,39.02272727272728,7325.506313131314,176.584595959596,-161.91540404040407,338.5,-31.554292929292938,0.3345959595959598,88.28535353535354,-95.52020202020203,733.7260101010103,78.84090909090911,43.760101010101025,16.0,222.0909090909091,151.4520202020202,190.45833333333337,169.7247474747475,0,331,Aedes communis,2020.02777777778,"{""type"":""Polygon"",""coordinates"":[[[-105.56485198039985,40.05074978276476],[-105.57182629629857,40.04899479485006],[-105.57607987461412,40.0444144892425],[-105.57595412776328,40.038795523898735],[-105.57149903333406,40.03432928300136],[-105.56445232460874,40.03275725457983],[-105.5575614279949,40.034692337150425],[-105.5535130786797,40.039380080311545],[-105.55388649963012,40.044992594163496],[-105.55853698873025,40.04934096188057],[-105.56485198039985,40.05074978276476]]]}"
0000000000000000014d,71.98829787234044,151.9882978723404,36.0,8719.031914893616,297.7468085106383,-115.6063829787234,413.3531914893616,160.75851063829788,-39.6063829787234,185.5893617021277,-39.6063829787234,304.05851063829783,55.0,7.9297872340425535,59.0,139.0,26.941489361702125,116.0,26.941489361702125,0,334,Aedes communis,2014.51351351351,"{""type"":""Polygon"",""coordinates"":[[[-111.41635192879474,46.043349065793834],[-111.42404321786252,46.04159402900842],[-111.42873387778548,46.03701364561283],[-111.42859497024328,46.03139468309261],[-111.42368194307934,46.02692852164077],[-111.41591121214879,46.02535653744843],[-111.40831228772423,46.02729156677904],[-111.40384777825713,46.03197923416722],[-111.40425934134339,46.03759175638482],[-111.40938773549506,46.04194020484222],[-111.41635192879474,46.043349065793834]]]}"
00000000000000000154,37.024096385542165,122.51807228915662,27.51807228915662,10901.31544359255,252.3614457831325,-185.5158817086528,437.8773274917853,158.14238773274917,-94.51588170865278,169.9014238773275,-111.66265060240964,845.2245345016429,108.87951807228916,28.0,37.0,301.48411829134716,111.03723986856517,300.12486308871854,113.29025191675794,0,341,Aedes communis,2018.67094515753,"{""type"":""Polygon"",""coordinates"":[[[-89.53754965500985,46.24255048715443],[-89.54526882200759,46.24079544856772],[-89.54997647655352,46.23621506230504],[-89.549837056882,46.23059609988898],[-89.54490622411109,46.22612994136531],[-89.53710734184506,46.2245579588031],[-89.52948088795152,46.22649298617147],[-89.52500019704073,46.23118065076684],[-89.52541324277377,46.23679317329268],[-89.53056021891362,46.24114162472598],[-89.53754965500985,46.24255048715443]]]}"
00000000000000000169,-76.45694336695115,88.74166020170676,17.0,14143.435221101632,171.4972847168348,-328.0,499.4972847168349,93.9542280837859,-252.83242823894497,96.99224204809931,-260.8308766485648,414.66563227308,61.0,14.0,44.0,164.3878975950349,47.269976726144314,155.39565554693567,51.0,0,362,Aedes communis,2009.38554216867,"{""type"":""Polygon"",""coordinates"":[[[-93.77884591750018,58.742347151184454],[-93.7891343358365,58.740591962596014],[-93.79540808998154,58.736011337599265],[-93.7952213065945,58.73039238387938],[-93.78864953779313,58.72592646917592],[-93.77825648531079,58.72435462234069],[-93.76809315633957,58.72628948632964],[-93.76212118406525,58.73097691837158],[-93.76267069723608,58.7365894665415],[-93.76953008011027,58.74093816577409],[-93.77884591750018,58.742347151184454]]]}"
0000000000000000016e,38.0,123.0,28.0,10908.400876232201,253.0,-185.0,438.0,158.8630887185104,-94.0,170.75903614457832,-111.40416210295729,839.6111719605695,108.0,28.0,37.59693318729464,300.0,110.40306681270538,299.0,112.40306681270539,0,367,Aedes communis,2019.60869565217,"{""type"":""Polygon"",""coordinates"":[[[-89.52094842178788,46.225949253932455],[-89.52866525418528,46.22419421549636],[-89.53337148554009,46.219613829473424],[-89.53323210875746,46.21399486704864],[-89.5283027670932,46.20952870828013],[-89.52050624232132,46.207956725581624],[-89.51288209384465,46.209891753114064],[-89.50840275802732,46.21457941794296],[-89.50881567959944,46.22019194044302],[-89.51396109961627,46.224540391627485],[-89.52094842178788,46.225949253932455]]]}"
0000000000000000017a,-55.26077224398434,109.96250699496365,21.0,14819.567991046444,212.73922775601565,-298.3206491326245,511.05987688864013,104.73922775601568,-147.517627308338,135.73922775601568,-237.38724118634582,338.9569110240627,62.0,12.0,53.95691102406268,155.95691102406266,41.0,148.9569110240627,54.0,0,379,Aedes communis,2006.0,"{""type"":""Polygon"",""coordinates"":[[[-151.4887547062494,66.56924670266008],[-151.5021799584595,66.56749134992425],[-151.51036537617344,66.56291046372291],[-151.5101202751984,66.55729151956983],[-151.50154519081863,66.55282587163435],[-151.48798570594428,66.55125417327767],[-151.47472584792945,66.55318885853625],[-151.46693318815556,66.55787603612957],[-151.4676487991851,66.5634886123058],[-151.4765985165218,66.56783758266917],[-151.4887547062494,66.56924670266008]]]}"
0000000000000000017b,-4.856962025316457,136.31772151898736,39.68354430379747,7265.320253164558,182.48101265822788,-158.27594936708863,340.7569620253165,-26.65316455696203,4.918987341772152,92.15822784810125,-90.24683544303798,710.7430379746836,76.1367088607595,42.71518987341772,16.230379746835446,214.50759493670887,146.8417721518987,187.47341772151896,161.92025316455698,0,380,Aedes communis,2019.77966101695,"{""type"":""Polygon"",""coordinates"":[[[-105.55654913423832,40.05074978276476],[-105.56352345013703,40.04899479485006],[-105.5677770284526,40.0444144892425],[-105.56765128160175,40.03879552389874],[-105.56319618717252,40.034329283001355],[-105.55614947844721,40.03275725457982],[-105.54925858183337,40.03469233715042],[-105.54521023251819,40.039380080311545],[-105.5455836534686,40.044992594163496],[-105.55023414256871,40.04934096188057],[-105.55654913423832,40.05074978276476]]]}"
0000000000000000017f,57.957471264367825,128.94022988505745,31.0,9723.448275862069,263.3459770114942,-150.80574712643678,414.151724137931,175.39195402298853,-59.867816091954026,178.9,-73.29310344827586,1061.8252873563217,102.99195402298848,69.01494252873562,10.997701149425286,286.5528735632184,222.29655172413794,285.85057471264366,234.3873563218391,0,384,Aedes communis,1999.0,"{""type"":""Polygon"",""coordinates"":[[[-72.53085483334208,43.636348612649016],[-72.53823135972203,43.63459359665695],[-72.54273013576827,43.63001324635784],[-72.54259700830757,43.6243942826357],[-72.53788502034229,43.61992808738217],[-72.53043214282374,43.61835608437188],[-72.52314405024899,43.620291136354226],[-72.51886224156297,43.6249788359816],[-72.51925706209487,43.63059135464045],[-72.52417565002321,43.634939768745156],[-72.53085483334208,43.636348612649016]]]}"
00000000000000000186,-44.314487632508836,100.31095406360424,20.0,14685.36808009423,211.09305064782097,-283.35983510011783,494.45288574793886,139.5977620730271,-126.88928150765607,139.5977620730271,-233.75441696113072,308.02061248527684,51.04181389870437,7.32862190812721,53.21083627797411,141.726148409894,36.201413427561846,141.726148409894,56.16313309776208,0,391,Aedes communis,2020.78125,"{""type"":""Polygon"",""coordinates"":[[[-147.51304696160338,65.17484567133805],[-147.5257620731761,65.17309035485259],[-147.53351475441406,65.16850952633186],[-147.53328290462204,65.1628905800615],[-147.52516133377605,65.158424873217],[-147.51231860819016,65.15685314207458],[-147.49975968908444,65.15878786679896],[-147.4923792067791,65.16347510058159],[-147.49305726673055,65.16908767057794],[-147.50153379446672,65.17343658106805],[-147.51304696160338,65.17484567133805]]]}"
00000000000000000187,-28.872555205047323,106.82208201892745,23.0,12982.723659305995,209.1110410094637,-250.82397476340694,459.93501577287077,135.67255520504733,-98.84290220820189,135.67255520504733,-191.84227129337543,298.8794952681388,65.0,6.0,80.44921135646689,173.96593059936907,21.0,173.96593059936907,28.537539432176654,0,392,Aedes communis,2020.0999755859375,"{""type"":""Polygon"",""coordinates"":[[[-145.7534500131052,63.94644805403374],[-145.7656046853163,63.94469276646131],[-145.77301583624904,63.94011198394786],[-145.77279442395493,63.93449303599062],[-145.7650307688619,63.93002728215899],[-145.752753740139,63.928455524865136],[-145.74074803050718,63.930390281069236],[-145.7336928381351,63.93507755966939],[-145.7343412416037,63.94069012473467],[-145.7424443153925,63.94503898746889],[-145.7534500131052,63.94644805403374]]]}"
00000000000000000189,37.0,122.91730141458106,27.917301414581065,10886.680087051143,252.4341675734494,-185.19804134929268,437.6322089227421,158.05114254624593,-94.56583242655061,170.0,-111.5658324265506,845.9630032644178,108.5266594124048,28.205658324265507,36.945593035908594,300.6093579978237,111.68879216539716,299.5266594124048,114.34929270946681,0,394,Aedes communis,2020.2750244140625,"{""type"":""Polygon"",""coordinates"":[[[-89.52094842178788,46.250848874214896],[-89.52866875654486,46.249093835552856],[-89.53337712296614,46.244513449170285],[-89.53323768184167,46.23889448675858],[-89.52830610322424,46.23442832835736],[-89.5205060417477,46.23285634586331],[-89.51287843469251,46.234791373149626],[-89.5083970659685,46.23947903762822],[-89.50881017380632,46.24509156016695],[-89.51395792831363,46.24944001172468],[-89.52094842178788,46.250848874214896]]]}"
0000000000000000018b,56.32324324324325,110.0,28.0,9415.004324324325,253.96864864864867,-131.4010810810811,385.3697297297297,-35.4518918918919,130.51675675675676,175.05081081081084,-67.71459459459462,1140.9178378378379,115.48324324324325,78.67675675675677,12.310270270270268,340.4497297297297,256.64324324324326,265.44972972972977,323.4497297297298,0,396,Aedes communis,2002.05555555556,"{""type"":""Polygon"",""coordinates"":[[[-64.78694807067318,46.1097495395807],[-64.7946486196454,46.1079945021963],[-64.79934492448788,46.10341411784732],[-64.79920584684106,46.097795155361716],[-64.79428690538414,46.0933289948836],[-64.7865068237288,46.09175701123332],[-64.77889875513834,46.093692039911424],[-64.77442887085931,46.09837970637092],[-64.77484092642392,46.10399222869101],[-64.77997549275238,46.108340678137985],[-64.78694807067318,46.1097495395807]]]}"
00000000000000000195,-41.48638613861386,108.07611386138612,25.0,11543.774752475249,184.529702970297,-238.88056930693065,423.41027227722765,109.17264851485147,-113.43254950495049,109.17264851485147,-181.78155940594058,402.6336633663366,80.0,11.0,66.0,207.424504950495,42.302599009900995,207.424504950495,57.227103960396036,0,406,Aedes communis,2020.51428571429,"{""type"":""Polygon"",""coordinates"":[[[-149.2394503618597,63.88834596730734],[-149.25157988279508,63.88659068103959],[-149.25897570625668,63.8820099006022],[-149.25875476195623,63.87639095256888],[-149.25100716943558,63.871925196616964],[-149.23875552863672,63.87035343814303],[-149.22677464648075,63.87228819576765],[-149.21973405243222,63.87697547639019],[-149.2203811245429,63.882588041232914],[-149.2284674382346,63.88693690181216],[-149.2394503618597,63.88834596730734]]]}"
0000000000000000019d,68.86651323360185,123.08055235903338,31.0,9278.489067894132,264.9930955120829,-127.47756041426928,392.47065592635204,184.970080552359,-43.140391254315304,184.970080552359,-55.88147295742233,1134.7733026467206,104.12082853855006,80.35097813578827,7.678941311852705,302.1150747986191,256.13463751438434,302.1150747986191,261.44649021864217,0,414,Aedes communis,2018.25287356322,"{""type"":""Polygon"",""coordinates"":[[[-72.19054961824625,42.54905032997889],[-72.19779633983377,42.547295322838806],[-72.20221598407183,42.54271498662951],[-72.20208523913486,42.53709602239595],[-72.19745615788852,42.532629812752376],[-72.1901343616293,42.53105780173082],[-72.18297445458404,42.53299286335657],[-72.17876798984868,42.53768057670877],[-72.17915590474773,42.54329309385233],[-72.18398796997946,42.54764149333248],[-72.19054961824625,42.54905032997889]]]}"
000000000000000001b1,73.55670103092784,123.7136311569301,29.0,9973.05154639175,281.7273768613975,-134.6071019473081,416.33447880870557,185.7067583046964,-47.607101947308124,197.17525773195877,-61.58877434135165,968.1752577319587,107.21764032073308,56.38144329896906,17.0,284.3482245131729,186.36998854524626,282.11912943871704,192.2268041237113,0,434,Aedes communis,1999.5,"{""type"":""Polygon"",""coordinates"":[[[-73.36084960792522,43.68614785321391],[-73.36823225503211,43.68439283680877],[-73.37273476239308,43.6798124858522],[-73.37260152257315,43.67419352215392],[-73.36788562528471,43.66972732757188],[-73.36042656687538,43.66815532493541],[-73.35313242995154,43.67009037646777],[-73.34884706854929,43.67477807545472],[-73.34924221468854,43.68039059418427],[-73.35416488243787,43.68473900897139],[-73.36084960792522,43.68614785321391]]]}"
000000000000000001b4,61.14479638009051,111.72058823529409,27.0,10007.164027149323,261.3744343891402,-142.6210407239819,403.99547511312215,185.89819004524884,-61.60407239819006,185.89819004524884,-73.23755656108598,977.5158371040725,112.56674208144794,49.532805429864254,22.05429864253394,308.4626696832579,166.41063348416287,308.4626696832579,173.4694570135747,0,437,Aedes communis,1999.0,"{""type"":""Polygon"",""coordinates"":[[[-73.07865093865685,44.38335059842544],[-73.086120954045,44.38159557616422],[-73.09067672268648,44.37701521588654],[-73.09054187887533,44.37139625252668],[-73.08577017929386,44.36693006746435],[-73.07822289407778,44.36535807012771],[-73.07084247935127,44.36729311528052],[-73.06650640589476,44.37198080518782],[-73.06690619964282,44.37759332491971],[-73.07188710332292,44.38194174938172],[-73.07865093865685,44.38335059842544]]]}"
000000000000000001c3,45.65154867256638,123.26880530973452,27.0,11063.337389380533,263.37942477876106,-183.09181415929206,446.4712389380531,167.65154867256635,-106.06637168141594,180.24115044247793,-106.06637168141594,798.7488938053098,109.65154867256639,22.0,45.0,308.6515486725664,85.0,297.004424778761,85.0,0,452,Aedes communis,2018.67857142857,"{""type"":""Polygon"",""coordinates"":[[[-89.5541553473329,45.49554850137801],[-89.5617714716203,45.493793469479954],[-89.56641631031637,45.48921309386343],[-89.56627878341718,45.48359413106061],[-89.56141376396836,45.47912796166397],[-89.55371893525596,45.477555973048645],[-89.5461942363497,45.47949100770333],[-89.54177335548144,45.48417868266909],[-89.54218092086452,45.48979120405031],[-89.54725921393221,45.49413964443337],[-89.5541553473329,45.49554850137801]]]}"
000000000000000001d4,-41.48636926889714,107.40458488228003,25.0,11553.534696406441,184.66666666666669,-239.01672862453532,423.6833952912019,109.51301115241635,-113.53965303593554,109.51301115241635,-181.62763320941755,406.42317224287484,80.0,11.0,65.87546468401487,208.11338289962825,42.905204460966544,208.11338289962825,57.90520446096654,0,469,Aedes communis,2018.46666666667,"{""type"":""Polygon"",""coordinates"":[[[-149.26434998214214,63.88834596730734],[-149.27647950307752,63.8865906810396],[-149.28387532653912,63.88200990060221],[-149.28365438223867,63.8763909525689],[-149.27590678971802,63.87192519661698],[-149.26365514891913,63.87035343814303],[-149.25167426676322,63.872288195767666],[-149.24463367271466,63.87697547639019],[-149.24528074482535,63.88258804123293],[-149.25336705851703,63.88693690181216],[-149.26434998214214,63.88834596730734]]]}"
000000000000000001d6,51.99775280898876,128.2932584269663,30.474157303370784,9708.90449438202,255.36179775280903,-157.09775280898876,412.45955056179776,5.037078651685393,-65.4123595505618,173.02247191011236,-79.09662921348314,1256.387640449438,126.79887640449437,89.06516853932582,10.0,350.0966292134831,275.06629213483143,325.06179775280896,295.5056179775281,0,471,Aedes communis,2018.60784313725,"{""type"":""Polygon"",""coordinates"":[[[-71.3024527569367,44.067949462713095],[-71.30988285748596,44.06619444311815],[-71.31441429335209,44.06161408708434],[-71.31428018237277,44.05599512357038],[-71.309533976468,44.05152893417375],[-71.30202699825274,44.04995693442414],[-71.29468600011394,44.051891982481514],[-71.29037309482781,44.056579676522745],[-71.29077076532045,44.06219219579829],[-71.29572506351661,44.06654061585535],[-71.3024527569367,44.067949462713095]]]}"
000000000000000001de,13.295206971677562,156.4912854030501,38.0,8548.755991285405,238.6960784313726,-168.12745098039213,406.82352941176475,98.18409586056646,-43.7244008714597,123.99455337690632,-95.12854030501092,531.9019607843138,63.778867102396525,32.277777777777786,19.625272331154687,169.19172113289758,109.90196078431373,154.1002178649238,120.52941176470587,0,479,Aedes communis,2021.28571428571,"{""type"":""Polygon"",""coordinates"":[[[-110.53655345454565,44.964349170184164],[-110.54409873422284,44.96259414293539],[-110.54870038513165,44.95801377471903],[-110.5485641593046,44.95239481164744],[-110.54374438833548,44.94792863469295],[-110.53612109965114,44.94635664187007],[-110.52866636042138,44.94829168158952],[-110.52428660057191,44.952979363763774],[-110.52469039779507,44.95859188434931],[-110.52972146922617,44.962940317051306],[-110.53655345454565,44.964349170184164]]]}"
000000000000000001ec,72.38735632183906,123.50344827586204,29.0,9935.87356321839,279.7885057471264,-135.01379310344828,414.80229885057463,185.06896551724137,-48.38505747126436,196.17816091954023,-61.681609195402295,989.5068965517241,108.42873563218389,58.220689655172414,16.0,287.3333333333333,192.59999999999997,285.79425287356315,198.38505747126433,0,493,Aedes communis,1999.69565217391,"{""type"":""Polygon"",""coordinates"":[[[-73.40235046142965,43.6280457664875],[-73.40972596885177,43.62629075056424],[-73.4142241237213,43.62171040037464],[-73.41409101496563,43.61609143664852],[-73.40937967781122,43.61162524128314],[-73.40192782926664,43.6100532382106],[-73.3946407429348,43.61198829026788],[-73.39035952569292,43.616675990001944],[-73.39075429201867,43.62228850864901],[-73.39567220075216,43.626636922640046],[-73.40235046142965,43.6280457664875]]]}"
000000000000000001f9,72.9733475479744,149.98507462686567,36.0,8747.269722814499,299.0,-114.08102345415779,413.0810234541578,161.9733475479744,-38.342217484008536,187.1588486140725,-38.342217484008536,311.97547974413646,55.97761194029851,8.0,59.14179104477612,141.95522388059703,27.317697228144993,116.75053304904051,27.317697228144993,0,506,Aedes communis,2012.82352941176,"{""type"":""Polygon"",""coordinates"":[[[-111.49935363580359,45.910548118220106],[-111.50702650256603,45.908793082628364],[-111.5117059320798,45.904212701132685],[-111.51156736294477,45.89859373854343],[-111.50666610209419,45.89412757515121],[-111.49891397417181,45.89255558987862],[-111.49133324181152,45.89449062050955],[-111.48687942537427,45.89917828974844],[-111.4872900086779,45.90479081176177],[-111.49240612345865,45.90913925824714],[-111.49935363580359,45.910548118220106]]]}"
000000000000000001fc,39.31312017640574,119.35722160970232,26.03197353914002,11129.467475192945,253.35611907386996,-190.91069459757443,444.2668136714443,161.11245865490628,-113.96802646085997,174.0,-113.96802646085997,819.3329658213892,110.04079382579934,22.0,44.29988974641677,314.3230429988975,87.0,309.3406835722161,87.0,0,509,Aedes communis,2019.65217391304,"{""type"":""Polygon"",""coordinates"":[[[-90.09364860648614,45.79434840386836],[-90.10130545979573,45.792593369316386],[-90.10597512734944,45.78801298947568],[-90.10583685236053,45.78239402682631],[-90.10094581929394,45.77792786174385],[-90.09320986191891,45.776355875530285],[-90.08564494289479,45.77829090729391],[-90.08120042129566,45.7829785781449],[-90.08161015291807,45.788591099980295],[-90.08671559393751,45.79293954474786],[-90.09364860648614,45.79434840386836]]]}"
0000000000000000020b,-40.30440173589585,109.32114073155611,25.0,11550.56168629882,186.30936143831372,-238.19652820830754,424.50588964662126,110.20954742715438,-111.85678859268444,110.20954742715438,-180.53006819590826,397.9119652820831,79.5505269683819,10.809051456912584,66.16057036577804,206.23310601363914,41.04897706137631,206.23310601363914,55.84066955982641,0,524,Aedes communis,2019.48837209302,"{""type"":""Polygon"",""coordinates"":[[[-149.19795396745636,63.88834596730734],[-149.21008348839172,63.8865906810396],[-149.2174793118533,63.8820099006022],[-149.2172583675529,63.8763909525689],[-149.2095107750322,63.871925196616964],[-149.19725913423335,63.87035343814303],[-149.1852782520774,63.872288195767666],[-149.17823765802885,63.87697547639019],[-149.17888473013954,63.882588041232914],[-149.18697104383125,63.88693690181216],[-149.19795396745636,63.88834596730734]]]}"
0000000000000000020e,55.82613390928726,110.0,28.0,9434.701943844495,253.98272138228944,-132.3099352051836,386.29265658747306,-36.33585313174945,130.63822894168467,175.01187904967608,-68.37904967602591,1142.085313174946,115.4319654427646,78.97408207343413,12.025917926565874,340.2257019438445,256.87688984881214,266.10907127429806,323.2958963282938,0,527,Aedes communis,2004.0,"{""type"":""Polygon"",""coordinates"":[[[-64.80354930389517,46.126350772802674],[-64.81125217310175,46.1245957352683],[-64.81594989237912,46.12001535068059],[-64.81581077210897,46.11439638820366],[-64.8108903487205,46.10993022796935],[-64.80310792407509,46.108358244454806],[-64.79549756425153,46.11029327296953],[-64.79102633321747,46.11498093919648],[-64.79143851218073,46.12059346154224],[-64.79657462505784,46.124941911236995],[-64.80354930389517,46.126350772802674]]]}"
00000000000000000215,39.15714285714285,119.04175824175823,26.04175824175824,11111.382417582416,253.0,-190.01318681318682,443.01318681318673,161.0252747252747,-113.84285714285713,174.0,-113.84285714285713,819.6494505494505,110.5098901098901,22.0,44.25604395604395,314.36153846153843,87.28791208791209,310.30879120879115,87.28791208791209,0,534,Aedes communis,2017.92592592593,"{""type"":""Polygon"",""coordinates"":[[[-90.08535021942569,45.810949637090346],[-90.0930093545253,45.80919460239008],[-90.09768041308145,45.804614222313354],[-90.09754209617972,45.79899525967256],[-90.09264960573486,45.79452909483114],[-90.08491134418395,45.79295710875177],[-90.07734417188381,45.79489214035386],[-90.07289832584391,45.799579810974954],[-90.07330817882485,45.805192332835716],[-90.07841514077113,45.80954077784827],[-90.08535021942569,45.810949637090346]]]}"
00000000000000000217,54.39932508436446,130.62654668166482,30.971878515185605,9728.629921259844,259.9583802024747,-155.9032620922385,415.86164229471314,7.377952755905512,-62.838020247469075,175.85826771653547,-76.85939257592801,1236.3712035995502,124.57367829021372,87.82564679415074,10.0,345.0359955005625,271.0269966254219,318.6355455568054,291.7131608548932,0,536,Aedes communis,2019.1282051282,"{""type"":""Polygon"",""coordinates"":[[[-71.2775486775532,44.0679494627131],[-71.28497877810246,44.06619444311815],[-71.28951021396858,44.06161408708434],[-71.28937610298927,44.05599512357038],[-71.28462989708449,44.05152893417375],[-71.27712291886924,44.04995693442414],[-71.26978192073044,44.051891982481514],[-71.26546901544431,44.056579676522745],[-71.26586668593694,44.06219219579829],[-71.27082098413311,44.06654061585535],[-71.2775486775532,44.0679494627131]]]}"
00000000000000000227,-41.40906415538552,101.72866391995292,20.0,14775.709240729839,214.32783990582695,-283.92407298410825,498.2519128899351,143.22424955856386,-123.75750441436138,143.22424955856386,-232.49264273101826,311.4844025897587,50.284284873454965,7.801648028251913,50.57563272513242,139.21424367274867,37.32254267216009,139.21424367274867,58.59093584461448,0,552,Aedes communis,2019.78787878788,"{""type"":""Polygon"",""coordinates"":[[[-147.488151800422,65.17484567133805],[-147.50086691199473,65.17309035485258],[-147.5086195932327,65.16850952633186],[-147.5083877434407,65.16289058006149],[-147.50026617259468,65.158424873217],[-147.48742344700878,65.15685314207458],[-147.4748645279031,65.15878786679896],[-147.46748404559773,65.16347510058158],[-147.46816210554917,65.16908767057794],[-147.47663863328535,65.17343658106805],[-147.488151800422,65.17484567133805]]]}"
0000000000000000022b,21.46446700507614,154.0774111675127,41.9758883248731,7289.942893401016,219.59517766497459,-142.9010152284264,362.49619289340103,91.48350253807108,-34.71065989847716,117.7994923857868,-66.72969543147207,555.1789340101521,60.22842639593909,33.431472081218274,20.777918781725887,168.83502538071065,109.83502538071066,166.1446700507614,110.28680203045685,0,556,Aedes communis,2019.25,"{""type"":""Polygon"",""coordinates"":[[[-105.53164505485485,40.17524788417698],[-105.538632148814,40.17349289533825],[-105.5428935170239,40.168912588259865],[-105.54276753577089,40.16329362296945],[-105.53830427992074,40.15882738357423],[-105.53124466725193,40.157255355989],[-105.52434115176541,40.15919043755291],[-105.52028538553668,40.16387817928131],[-105.52065948642385,40.169490693291486],[-105.52531849297004,40.1738390625352],[-105.53164505485485,40.17524788417698]]]}"
0000000000000000022c,58.881756756756765,133.99324324324326,31.0,9819.603603603604,267.46959459459464,-155.3592342342343,422.8288288288288,10.993243243243246,-59.82657657657658,181.28040540540542,-74.00675675675677,1177.5427927927929,118.40765765765767,83.33896396396398,10.0,328.1542792792793,256.05405405405406,306.44594594594594,276.1227477477478,0,557,Aedes communis,2017.199951171875,"{""type"":""Polygon"",""coordinates"":[[[-71.28585152371471,44.08455069593508],[-71.29328370894916,44.0827956762005],[-71.29781641567668,44.07821531994444],[-71.29768226642432,44.07259635643855],[-71.29293472902711,44.06813016726892],[-71.28542564564212,44.066558167645645],[-71.27808258883853,44.06849321555093],[-71.27376847351753,44.07318090937567],[-71.27416625490588,44.078793428675105],[-71.27912194266305,44.08314184896286],[-71.28585152371471,44.08455069593508]]]}"
00000000000000000231,73.61666666666667,124.28214285714286,31.0,9257.477380952383,269.5464285714286,-122.08333333333333,391.62976190476195,168.08571428571432,-37.56666666666667,189.5166666666667,-50.87023809523809,1149.9214285714288,103.98333333333336,81.36190476190477,7.0,304.6071428571429,259.2321428571429,304.1904761904762,265.26190476190476,0,562,Aedes communis,2017.76470588235,"{""type"":""Polygon"",""coordinates"":[[[-72.24034885881113,42.44944738974806],[-72.24758404693375,42.44769238340338],[-72.25199666009799,42.44311204846016],[-72.2518661268248,42.437493084180645],[-72.24724441204532,42.43302687324403],[-72.23993426271709,42.431454861502594],[-72.23278574530741,42.43338992399488],[-72.22858597506374,42.438077638580346],[-72.22897327635019,42.44369015558773],[-72.23379765381256,42.44803855375376],[-72.24034885881113,42.44944738974806]]]}"
00000000000000000235,72.4551282051282,123.575641025641,43.429487179487175,5712.830769230769,235.80384615384614,-44.830769230769235,280.63461538461536,11.737179487179485,149.18846153846152,150.51538461538462,11.188461538461539,829.8538461538461,155.47435897435898,5.517948717948718,78.54871794871794,421.0320512820512,22.52179487179487,37.89871794871795,417.41025641025647,0,566,Aedes communis,2022.63636363636,"{""type"":""Polygon"",""coordinates"":[[[-119.01084759246581,36.98804743791284],[-119.01753129015896,36.986292471732206],[-119.02160769796183,36.981712200720295],[-119.02148728126721,36.976093234122345],[-119.0172178066131,36.971626957892106],[-119.01046458076112,36.97005490979927],[-119.00386068340573,36.97199001604876],[-118.99998102096538,36.97667779290912],[-119.00033897672431,36.98229030303897],[-119.00479574830152,36.986638634847644],[-119.01084759246581,36.98804743791284]]]}"
00000000000000000238,39.960308710033075,120.14553472987872,26.77728776185226,11105.475192943772,254.18302094818083,-190.03969128996692,444.2227122381478,161.80595369349504,-113.1267916207277,174.18302094818085,-113.1267916207277,816.3649393605293,110.2811466372657,22.0,44.65490628445424,313.14884233737604,87.0,308.6317530319736,87.0,0,569,Aedes communis,2020.48837209302,"{""type"":""Polygon"",""coordinates"":[[[-90.04385382502231,45.80265125002988],[-90.05151181928302,45.80089621540377],[-90.05618218237218,45.796315835445036],[-90.05604388642585,45.790696872799955],[-90.0511521246343,45.78623070783803],[-90.0434150151146,45.78465872169157],[-90.03584896939702,45.786593753374405],[-90.03140378554494,45.79128142411044],[-90.03181357784963,45.79689394595852],[-90.0369197793699,45.801242390848586],[-90.04385382502231,45.80265125002988]]]}"
0000000000000000023c,61.90604026845638,104.0,25.0,10623.453020134231,264.6778523489933,-147.37248322147656,412.0503355704699,181.30984340044748,-68.37248322147653,192.9060402684564,-82.37248322147651,932.7617449664432,97.0,60.78859060402686,13.0,270.32438478747207,194.78859060402687,266.32438478747207,210.78859060402684,0,573,Aedes communis,2004.77142857143,"{""type"":""Polygon"",""coordinates"":[[[-73.94184817968396,45.43745087375265],[-73.94945645899189,45.43569584236735],[-73.95409651529596,45.431115467566954],[-73.95395913248127,45.4254965047345],[-73.94909912362124,45.42103033450432],[-73.94141221687812,45.41945834542498],[-73.93389526494194,45.42139338063823],[-73.92947893760979,45.42608105639899],[-73.92988608573643,45.43169357769246],[-73.9349591497228,45.4360420172284],[-73.94184817968396,45.43745087375265]]]}"
00000000000000000249,57.69966254218223,132.92688413948258,31.0,9795.010123734535,265.5658042744657,-155.16647919010126,420.73228346456693,9.808773903262091,-60.38470191226098,179.7806524184477,-75.0517435320585,1196.2463442069743,120.38020247469068,84.80877390326208,10.0,333.59055118110234,260.89763779527556,310.2992125984252,281.32958380202473,0,586,Aedes communis,2019.38922155689,"{""type"":""Polygon"",""coordinates"":[[[-71.28585152371471,44.076247849773566],[-71.2932826661024,44.074492830108824],[-71.2978147370919,44.06991247396393],[-71.29768060698532,44.064293510454014],[-71.29293373565635,44.05982732117083],[-71.28542570536531,44.05825532148437],[-71.27808367839194,44.06019036946573],[-71.27377016838102,44.06487806339876],[-71.2741678942947,44.07049058268624],[-71.27912288693535,44.0748390028586],[-71.28585152371471,44.076247849773566]]]}"
0000000000000000024f,70.71170212765958,151.2691489361702,37.0,8532.929787234041,292.4234042553191,-114.28829787234042,406.7117021276595,157.71170212765958,-39.0,181.71170212765958,-39.0,293.2882978723404,53.0,7.0,59.0,135.0,27.0,116.0,27.0,0,592,Aedes communis,2011.34615384615,"{""type"":""Polygon"",""coordinates"":[[[-111.5657496504894,46.17614555426651],[-111.57345949143193,46.17439051628172],[-111.57816146073851,46.16981013097711],[-111.5780222123943,46.164191168526244],[-111.57309733616489,46.15972500902409],[-111.56530787141058,46.158153025917166],[-111.557690626995,46.16008805394124],[-111.55321534929203,46.16477571946986],[-111.55362789903646,46.170388241892695],[-111.55876865891243,46.174736692331564],[-111.5657496504894,46.17614555426651]]]}"
00000000000000000253,40.22612513721185,120.0,26.703622392974754,11112.3710208562,254.29088913282106,-189.3809001097695,443.6717892425905,162.2908891328211,-112.96706915477496,174.7321624588364,-112.96706915477496,816.497255762898,110.0,22.0,44.049396267837544,312.95060373216245,87.0,308.31613611416026,87.0,0,596,Aedes communis,2018.78260869565,"{""type"":""Polygon"",""coordinates"":[[[-90.06044614004219,45.810949637090346],[-90.06810527514179,45.80919460239008],[-90.07277633369795,45.80461422231336],[-90.07263801679622,45.79899525967256],[-90.06774552635136,45.79452909483115],[-90.06000726480045,45.79295710875178],[-90.0524400925003,45.79489214035386],[-90.0479942464604,45.79957981097496],[-90.04840409944134,45.805192332835716],[-90.05351106138762,45.80954077784827],[-90.06044614004219,45.810949637090346]]]}"
0000000000000000025e,37.506024096385545,123.0,28.0,10899.207009857611,253.0,-185.0,438.0,159.0,-94.0,170.1763417305586,-111.3187294633078,839.4654983570646,108.27929901423879,28.0,37.31872946330778,299.84446878422784,110.40197152245345,298.84446878422784,112.40197152245345,0,607,Aedes communis,2019.20689655172,"{""type"":""Polygon"",""coordinates"":[[[-89.5043471885659,46.225949253932455],[-89.51206402096331,46.22419421549636],[-89.51677025231811,46.219613829473424],[-89.51663087553548,46.21399486704864],[-89.51170153387122,46.20952870828014],[-89.50390500909934,46.207956725581624],[-89.49628086062268,46.209891753114064],[-89.49180152480534,46.214579417942964],[-89.49221444637746,46.22019194044303],[-89.49735986639429,46.224540391627485],[-89.5043471885659,46.225949253932455]]]}"
00000000000000000263,-113.82065775950666,115.0,22.0,14612.873072970193,166.21891058581707,-352.84737923946557,519.0662898252825,81.48355601233298,-231.09095580678317,81.48355601233298,-289.05498458376155,224.9815005138746,45.46197327852004,8.0,63.748201438848916,112.74820143884891,26.286228160328875,112.74820143884891,31.0,0,612,Aedes communis,2020.25925925926,"{""type"":""Polygon"",""coordinates"":[[[-149.58804950491495,68.64424478687059],[-149.60270903910416,68.64248937194913],[-149.6116465307283,68.63790838680468],[-149.61137832954435,68.63228944628968],[-149.60201501945556,68.62782389940429],[-149.58720986421648,68.62625225728415],[-149.57273182608162,68.62818687484786],[-149.56422277382134,68.63287395605545],[-149.56500357937992,68.63848654282629],[-149.57477568738082,68.64283561589487],[-149.58804950491495,68.64424478687059]]]}"
00000000000000000264,56.24700761697496,110.0,28.0,9406.120783460281,253.8030467899891,-131.44069640914034,385.2437431991294,-35.440696409140365,114.87812840043523,175.02829162132753,-67.9956474428727,1141.8095756256798,115.00108813928178,79.0,12.0,340.50707290533177,257.24047878128397,266.2535364526659,323.2883569096844,0,613,Aedes communis,2002.05882352941,"{""type"":""Polygon"",""coordinates"":[[[-64.80354930389517,46.09314830635872],[-64.81124753467648,46.09139326912422],[-64.8159424263296,46.086812885013806],[-64.81580339126835,46.081193922519546],[-64.81088593043786,46.07672776179776],[-64.80310818970946,46.07515577801184],[-64.79550241033455,46.07709080685322],[-64.79103387162446,46.08177847354512],[-64.79144580389888,46.087390995839556],[-64.79657882504058,46.0917394450389],[-64.80354930389517,46.09314830635872]]]}"
00000000000000000265,-16.318007662835246,128.90804597701148,37.971902937420175,7410.955300127715,168.40996168582376,-167.30523627075348,335.71519795657724,-38.63601532567049,-6.5542784163473815,82.41507024265644,-103.39208173690932,766.3639846743293,82.89527458492977,45.62068965517241,16.0,233.0855683269476,157.84035759897827,195.3141762452107,180.12388250319287,0,614,Aedes communis,2018.55871886121,"{""type"":""Polygon"",""coordinates"":[[[-105.58145321362183,40.06734655688569],[-105.58842922835429,40.065591568848],[-105.59268384233079,40.06101126304468],[-105.5925580643166,40.055392297708025],[-105.58810188483241,40.05092605701056],[-105.58105346053684,40.049354028700336],[-105.57416088625276,40.05128911113695],[-105.57011155086434,40.05597685410737],[-105.57048506221211,40.06158936798039],[-105.57513668370062,40.065937735900654],[-105.58145321362183,40.06734655688569]]]}"
00000000000000000267,67.29621125143515,121.34787600459245,31.0,9242.204362801378,261.23880597014926,-127.31687715269808,388.5556831228474,182.94833524684273,-44.52812858783008,182.94833524684273,-57.087256027554545,1147.4259471871414,105.73938002296215,81.6521239954076,7.326061997703789,304.67164179104486,260.13088404133185,304.67164179104486,265.1308840413318,0,616,Aedes communis,2020.03401360544,"{""type"":""Polygon"",""coordinates"":[[[-72.17394838502426,42.54905032997889],[-72.1811951066118,42.5472953228388],[-72.18561475084985,42.54271498662951],[-72.18548400591287,42.53709602239595],[-72.18085492466653,42.532629812752376],[-72.17353312840733,42.53105780173082],[-72.16637322136205,42.53299286335657],[-72.16216675662669,42.537680576708766],[-72.16255467152574,42.54329309385232],[-72.16738673675746,42.54764149333248],[-72.17394838502426,42.54905032997889]]]}"
0000000000000000026c,37.353326063249725,123.0,28.0,10889.522355507088,253.0,-184.85169029443838,437.85169029443836,158.75899672846236,-94.19629225736097,170.0,-111.22028353326064,840.0577971646674,108.0,28.0,37.023991275899675,299.196292257361,110.97600872410034,298.0,112.97600872410034,0,621,Aedes communis,2018.15789473684,"{""type"":""Polygon"",""coordinates"":[[[-89.49604880150544,46.234247640992905],[-89.50376680063192,46.23249260248153],[-89.50847374323419,46.227912216338765],[-89.50833434501763,46.222293253918345],[-89.50340425816479,46.217827095272206],[-89.49560655522245,46.21625511264183],[-89.48798125460127,46.21819014009226],[-89.48350124156866,46.22287780480445],[-89.48391422519089,46.228490327317395],[-89.48906042288861,46.232838778626224],[-89.49604880150544,46.234247640992905]]]}"
0000000000000000026f,-41.42857142857143,101.20094842916421,20.0,14751.774155305275,213.7332542975697,-282.9905157083581,496.72377000592775,142.4742145820984,-123.94427978660349,142.4742145820984,-232.41671606401897,310.6816834617665,50.41138114997035,7.630705394190872,50.96087729697689,139.69176052163607,36.98340248962656,139.69176052163607,58.16419679905159,0,624,Aedes communis,2020.16666666667,"{""type"":""Polygon"",""coordinates"":[[[-147.51304696160338,65.16654728427761],[-147.5257580939161,65.16479196799642],[-147.53350835025566,65.16021113980075],[-147.53327657463547,65.15459219351847],[-147.52515754506493,65.15012648634199],[-147.5123188359628,65.1485547550148],[-147.4997638446835,65.15048947996159],[-147.49238567201334,65.15517671406086],[-147.49306352146266,65.16078928402239],[-147.50153739762914,65.16513819417509],[-147.51304696160338,65.16654728427761]]]}"
00000000000000000271,47.0806282722513,155.34136125654453,38.0,8091.362303664923,270.9958115183246,-131.52774869109948,402.5235602094241,122.73193717277486,0.0,151.99581151832462,-55.91937172774869,383.6858638743455,50.97801047120418,23.0,27.165445026178006,129.13089005235602,75.96544502617802,108.30575916230367,92.16439790575915,0,626,Aedes communis,2009.06666666667,"{""type"":""Polygon"",""coordinates"":[[[-113.0099499223763,46.923147540042926],[-113.01776660149415,46.921392495201644],[-113.02253370003466,46.91681209898382],[-113.02239248875735,46.91119313692947],[-113.01739937515765,46.90672698857308],[-113.00950202489602,46.90515501167106],[-113.00177927816034,46.90709003222608],[-112.99724198741205,46.91177768712413],[-112.99766021890258,46.91739021072023],[-113.00287219138589,46.92173867248656],[-113.0099499223763,46.923147540042926]]]}"
0000000000000000027a,56.32974137931035,109.0,28.0,9364.772629310346,252.1303879310345,-129.60991379310346,381.74030172413796,-34.414870689655174,135.0290948275862,174.1303879310345,-67.25969827586206,1142.2230603448277,115.39008620689656,78.78448275862068,12.130387931034484,340.1702586206896,257.5237068965517,265.73922413793105,323.1950431034483,0,635,Aedes communis,2002.1199951171875,"{""type"":""Polygon"",""coordinates"":[[[-64.72055205598737,46.08484991929827],[-64.7282491287499,46.08309488213865],[-64.73294331446459,46.07851449814745],[-64.73280430067625,46.07289553564885],[-64.72788757947134,46.068429374805326],[-64.72011100811935,46.06685739095163],[-64.71250637228914,46.0687924198746],[-64.7080385057386,46.0734800866826],[-64.70845037642508,46.07909260896423],[-64.713582625691,46.083441058039845],[-64.72055205598737,46.08484991929827]]]}"
0000000000000000027b,-40.12211025489032,101.98103141671605,20.0,14805.529934795491,215.6307053941909,-283.85536455246,499.4860699466508,144.479549496147,-122.33669235328986,144.479549496147,-231.93953764078242,312.86484884410197,50.045050385299334,7.989330171902786,49.32898636633077,138.24481327800828,37.79371665678719,138.24481327800828,59.68168346176643,0,636,Aedes communis,2020.56923076923,"{""type"":""Polygon"",""coordinates"":[[[-147.488151800422,65.16654728427761],[-147.50086293273472,65.16479196799642],[-147.50861318907428,65.16021113980075],[-147.50838141345406,65.15459219351847],[-147.50026238388355,65.15012648634199],[-147.48742367478138,65.1485547550148],[-147.4748686835021,65.15048947996159],[-147.46749051083196,65.15517671406086],[-147.46816836028128,65.16078928402239],[-147.47664223644776,65.16513819417509],[-147.488151800422,65.16654728427761]]]}"
00000000000000000282,74.34666666666665,124.98303030303028,31.0,9278.541818181817,271.42787878787874,-122.83636363636364,394.2642424242424,168.70181818181817,-37.626666666666665,190.34666666666666,-50.75515151515152,1139.6230303030302,103.01696969696968,80.28,7.3551515151515146,302.88,256.15999999999997,302.0618181818182,262.9854545454545,0,643,Aedes communis,2020.1500244140625,"{""type"":""Polygon"",""coordinates"":[[[-72.24034885881113,42.46604862297004],[-72.24758596519543,42.46429361649297],[-72.25199974777775,42.459713281339],[-72.25186917930067,42.45409431706714],[-72.24724623932025,42.44962810634576],[-72.23993415285798,42.44805609472415],[-72.23278374110802,42.44999115707219],[-72.22858285742728,42.45467887145237],[-72.22897026077096,42.460291388482425],[-72.2337959168739,42.46463978686721],[-72.24034885881113,42.46604862297004]]]}"
00000000000000000294,64.01128205128205,126.03794871794872,34.03794871794871,7976.224615384614,270.29128205128205,-91.76820512820512,362.0594871794871,142.81128205128206,19.5425641025641,168.01128205128205,-37.909743589743584,485.66256410256403,65.0974358974359,29.964102564102564,25.09538461538461,157.09641025641022,94.4225641025641,139.13435897435897,116.50564102564103,0,661,Aedes communis,2008.55882352941,"{""type"":""Polygon"",""coordinates"":[[[-114.25495323200364,48.12664999616586],[-114.26295132605367,48.12489493986553],[-114.2678290153185,48.120314525408936],[-114.2676844697399,48.1146955640175],[-114.26257548701548,48.110229434288485],[-114.25449494538829,48.10865746775638],[-114.2465930539044,48.1105924758288],[-114.2419504629426,48.11528011296046],[-114.24237834099931,48.12089263851715],[-114.24771123408786,48.12524111921459],[-114.25495323200364,48.12664999616586]]]}"
00000000000000000297,-75.0,89.08527131782945,17.08527131782946,14084.817829457366,173.0,-326.0,499.0,94.53178294573644,-250.06821705426356,97.66589147286824,-258.4178294573644,419.28914728682173,61.0,15.0,42.7108527131783,164.2891472868217,49.0,156.2891472868217,52.0,0,664,Aedes communis,2007.44444444444,"{""type"":""Polygon"",""coordinates"":[[[-94.16065198610042,58.66764829033711],[-94.17091836403182,58.66589310295041],[-94.17717868458516,58.66131247986611],[-94.17699230900247,58.655693526076384],[-94.1704346166415,58.65122760941974],[-94.16006381581956,58.64965576149732],[-94.1499222471499,58.651590626794956],[-94.14396306776443,58.65627806069985],[-94.14451141181883,58.661890608664535],[-94.15135610587143,58.66623930591202],[-94.16065198610042,58.66764829033711]]]}"
0000000000000000029e,-49.63083284111047,99.69108092144121,20.0,14605.500295333728,206.27643236857654,-285.46544595392794,491.7418783225044,134.04902539870054,-132.75782634376847,134.04902539870054,-236.90431187241586,303.42055522740696,51.988186650915544,7.06497341996456,55.70112226816302,144.08446544595395,34.838747784997054,144.08446544595395,53.31246308328412,0,671,Aedes communis,2019.90625,"{""type"":""Polygon"",""coordinates"":[[[-147.488151800422,65.19144690456005],[-147.50087488093683,65.18969158766554],[-147.5086324183203,65.18511075849393],[-147.50840041998777,65.17949181224743],[-147.50027375993562,65.17502610606768],[-147.48742299086732,65.17345437529524],[-147.47485620582572,65.17538909957426],[-147.467471098201,65.18007633272283],[-147.46814957970517,65.18568890278895],[-147.4766314175234,65.19003781395467],[-147.488151800422,65.19144690456005]]]}"
000000000000000002a5,28.719088937093275,166.1811279826464,38.856832971800436,8781.590021691973,261.55856832971796,-163.43058568329718,424.9891540130152,116.61496746203903,-24.808026030368765,141.32321041214752,-85.19522776572668,429.819956616052,55.85140997830803,21.400216919739698,27.620390455531457,151.1475054229935,78.93926247288503,135.70173535791756,83.07917570498915,0,678,Aedes communis,2019.46666666667,"{""type"":""Polygon"",""coordinates"":[[[-110.40374804787088,44.93114670374021],[-110.41128896461295,44.929391676779154],[-110.41588795581467,44.92481130902079],[-110.41575181010684,44.91919234593258],[-110.41093482574776,44.914726168510335],[-110.40331594283691,44.91315417542706],[-110.39586551205468,44.91508921545996],[-110.39148828462615,44.919776898080336],[-110.39189184978166,44.92538941861662],[-110.39692001308336,44.92973785084325],[-110.40374804787088,44.93114670374021]]]}"
000000000000000002b2,-33.878002528445,109.99241466498101,23.0,12995.400758533502,206.8160556257901,-257.1782553729456,463.9943109987357,130.68773704171934,-103.5379266750948,130.68773704171934,-196.59228824273072,295.1403286978508,65.0,6.0,80.00758533501896,171.5233881163085,21.690265486725664,171.5233881163085,29.282553729456385,0,691,Aedes communis,2019.82142857143,"{""type"":""Polygon"",""coordinates"":[[[-145.73684877988322,63.88005203934792],[-145.74897472004014,63.878296753265985],[-145.7563683613325,63.87371597312424],[-145.7561474836573,63.868097025080104],[-145.74840217796023,63.863631268826225],[-145.73615415163627,63.862059510184224],[-145.7241768041642,63.86399426801116],[-145.71713828847413,63.8686815489217],[-145.7177851710368,63.87429411373273],[-145.72586909859703,63.87864297400508],[-145.73684877988322,63.88005203934792]]]}"
000000000000000002c0,71.21268163804493,123.70013210039629,43.393659180977544,5717.9141347424065,235.42140026420083,-45.825627476882445,281.24702774108323,10.483487450462352,148.42140026420083,149.41479524438574,10.379128137384413,811.5719947159843,151.4676354029062,5.895640686922062,77.76221928665787,410.50726552179657,23.392338177014537,38.49669749009247,406.98414795244383,0,705,Aedes communis,2020.5799560546875,"{""type"":""Polygon"",""coordinates"":[[[-119.00254920540534,37.01294705819527],[-119.00923509213287,37.011192091845174],[-119.01331283444833,37.00661182056349],[-119.01319237761054,37.00099285397532],[-119.00892150480432,36.9965265780206],[-119.00216606833123,36.99495453008115],[-118.99556000919203,36.99688963614599],[-118.99167907614479,37.00157741274358],[-118.99203714839844,37.00718992290247],[-118.99649537912546,37.01153825499113],[-119.00254920540534,37.01294705819527]]]}"
000000000000000002cb,-29.849271690943635,107.2520582647245,23.0,12982.892336922105,208.43318556048135,-251.8644711842939,460.29765674477517,134.90056998100064,-99.84927169094364,134.90056998100064,-192.80683977200763,297.92020265991135,65.0,6.0,80.58264724509183,173.2172260924636,21.0,173.2172260924636,28.820772640911972,0,716,Aedes communis,2021.85714285714,"{""type"":""Polygon"",""coordinates"":[[[-145.7534500131052,63.92984682081176],[-145.76559748704938,63.928091533612665],[-145.77300425128007,63.92351075169328],[-145.77278297292887,63.91789180371426],[-145.76502391492517,63.91342604927592],[-145.75275415219153,63.91185429164438],[-145.74075554814968,63.91378904825497],[-145.73370453380122,63.91847632743383],[-145.73435255624048,63.92408889243543],[-145.742450833311,63.928437754552995],[-145.7534500131052,63.92984682081176]]]}"
000000000000000002d0,-76.0,88.0,17.0,14075.189628482975,171.16176470588238,-326.18653250773997,497.34829721362235,94.0,-251.02476780185756,96.33204334365325,-259.0247678018576,418.4458204334366,61.22291021671827,15.0,43.0,164.22291021671825,49.0,156.2229102167183,52.0,0,721,Aedes communis,2009.800048828125,"{""type"":""Polygon"",""coordinates"":[[[-94.05275065880915,58.709149143841536],[-94.06302926801935,58.70739395578782],[-94.0692970435204,58.70281333164201],[-94.06911044163081,58.69719437789105],[-94.06254493757643,58.69272846231852],[-94.0521617882343,58.691156614999535],[-94.04200814372341,58.693091479570796],[-94.0360418649495,58.697778912441656],[-94.03659085780622,58.70339146052027],[-94.04344370339358,58.707740158869576],[-94.05275065880915,58.709149143841536]]]}"
000000000000000002e7,-34.6,110.6447949526814,23.0,13007.02523659306,206.8687697160883,-258.44164037854887,465.3104100946372,130.5652996845426,-104.04668769716086,130.5652996845426,-197.4416403785489,294.27318611987386,65.0,6.0,80.0,171.0,21.697791798107257,171.0,29.11735015772871,0,744,Aedes communis,2019.30555555556,"{""type"":""Polygon"",""coordinates"":[[[-145.73684877988322,63.86345080612596],[-145.74896755981752,63.86169552041557],[-145.7563568375828,63.8571147408651],[-145.75613609313092,63.85149579279928],[-145.74839536022958,63.847030035941565],[-145.73615456151222,63.845458276963456],[-145.72418428209406,63.84739303519497],[-145.71714992234672,63.85208031668149],[-145.7177964258817,63.85769288142914],[-145.72587558206655,63.86204174108775],[-145.73684877988322,63.86345080612596]]]}"
000000000000000002ea,-74.92382495948135,89.27066450567258,17.270664505672606,14090.363857374388,173.0,-326.0,499.0,94.75769854132902,-250.0,97.91896272285251,-258.39141004862233,419.48865478119933,61.0,15.0,42.51134521880065,164.48865478119933,49.0,156.48865478119933,52.0,0,747,Aedes communis,2007.44444444444,"{""type"":""Polygon"",""coordinates"":[[[-94.16895483226195,58.66764829033711],[-94.17922121019335,58.66589310295041],[-94.18548153074669,58.66131247986611],[-94.185295155164,58.655693526076384],[-94.17873746280301,58.65122760941974],[-94.16836666198107,58.64965576149731],[-94.15822509331143,58.651590626794956],[-94.15226591392596,58.65627806069985],[-94.15281425798035,58.661890608664535],[-94.15965895203297,58.66623930591202],[-94.16895483226195,58.66764829033711]]]}"
000000000000000002f7,-29.26636999364272,107.13731722822632,23.0,12972.639542275905,208.87221869040053,-251.1404958677687,460.0127145581691,135.14113159567708,-99.26636999364274,135.14113159567708,-192.26636999364274,298.65162110616654,65.0,6.0,80.27654164017801,173.8270820089002,21.0,173.8270820089002,28.66052129688493,0,760,Aedes communis,2020.96296296296,"{""type"":""Polygon"",""coordinates"":[[[-145.7534500131052,63.938149666973274],[-145.765601085956,63.93639437958752],[-145.77301004339978,63.931813597371104],[-145.77278869808174,63.926194649402966],[-145.7650273416781,63.92172889526798],[-145.7527539461782,63.92015713780528],[-145.74075178956468,63.922091894212635],[-145.7336986863361,63.92677917310214],[-145.7343468992784,63.93239173813558],[-145.7424475745572,63.93674060056147],[-145.7534500131052,63.938149666973274]]]}"
00000000000000000306,39.87348734873488,120.18481848184818,26.682068206820684,11102.479647964798,254.19141914191425,-190.12651265126516,444.31793179317935,161.7975797579758,-113.12651265126513,174.20572057205723,-113.12651265126513,816.5126512651264,110.2024202420242,22.0,44.387238723872386,313.2200220022002,87.0,308.62376237623766,87.0,0,775,Aedes communis,2019.48387096774,"{""type"":""Polygon"",""coordinates"":[[[-90.04385382502231,45.79434840386836],[-90.05151067833188,45.792593369316386],[-90.05618034588561,45.78801298947568],[-90.0560420708967,45.78239402682631],[-90.05115103783011,45.77792786174385],[-90.04341508045508,45.776355875530285],[-90.03585016143096,45.77829090729391],[-90.03140563983183,45.7829785781449],[-90.03181537145424,45.78859109998029],[-90.03692081247368,45.79293954474786],[-90.04385382502231,45.79434840386836]]]}"
00000000000000000317,55.26225769669329,116.85176738882558,28.39908779931585,9832.5929304447,255.40478905359183,-148.35119726339798,403.7559863169898,177.14253135689856,-65.0205245153934,177.14253135689856,-77.56328392246296,1048.8483466362602,115.73546180159636,58.478905359179016,18.22805017103763,315.29988597491456,193.26681870011407,315.29988597491456,204.7890535917902,0,792,Aedes communis,1999.0,"{""type"":""Polygon"",""coordinates"":[[[-72.84625150995335,44.17585079000439],[-72.85369519223771,44.1740957695005],[-72.85823490777004,44.16951541201993],[-72.85810054743861,44.16389644855851],[-72.85334566685432,44.15943026063947],[-72.84582497345211,44.15785826171243],[-72.83847056310599,44.15979330877964],[-72.83414977443654,44.16448100141159],[-72.83454816741205,44.170093520842705],[-72.83951151860339,44.17444194240144],[-72.84625150995335,44.17585079000439]]]}"
0000000000000000031d,44.40660592255126,117.1469248291572,29.0,9671.933940774486,242.08769931662871,-156.32004555808658,398.4077448747152,164.04783599088842,-73.37699316628702,164.04783599088842,-85.8997722095672,1103.7665148063782,116.05808656036446,67.43280182232347,14.375854214123008,321.68678815489756,219.3018223234624,321.68678815489756,231.89863325740322,0,798,Aedes communis,2000.0,"{""type"":""Polygon"",""coordinates"":[[[-72.32335056581996,44.07624784977356],[-72.33078170820765,44.074492830108824],[-72.33531377919714,44.06991247396393],[-72.33517964909058,44.064293510454014],[-72.33043277776159,44.05982732117083],[-72.32292474747055,44.05825532148437],[-72.31558272049719,44.06019036946573],[-72.31126921048627,44.06487806339876],[-72.31166693639996,44.07049058268624],[-72.3166219290406,44.0748390028586],[-72.32335056581996,44.07624784977356]]]}"
00000000000000000326,-29.094554159186114,107.32136445242368,21.02154398563734,14283.307001795332,223.5607420706164,-269.08617594254935,492.6469180131658,148.76540993417115,-105.87612208258527,148.76540993417115,-213.05984440454816,309.0257330939557,53.29503291442249,8.97307001795332,53.439257929383615,140.77498503889885,34.52902453620587,140.77498503889885,51.56074207061639,0,807,Aedes communis,2024.68421052632,"{""type"":""Polygon"",""coordinates"":[[[-147.80354847703327,64.89265146117074],[-147.81612980079268,64.890896151561],[-147.82380095343294,64.88631533398097],[-147.82357159689735,64.8806963873093],[-147.81553546711152,64.87623066929109],[-147.8028277816786,64.87465893192983],[-147.79040092190456,64.87659366414013],[-147.78309809252823,64.88128090858055],[-147.7837690746081,64.88689347740443],[-147.79215645280956,64.89124237653797],[-147.80354847703327,64.89265146117074]]]}"
00000000000000000329,19.77705627705628,161.96861471861467,38.16883116883117,8657.295454545454,248.65692640692637,-167.25865800865802,415.9155844155844,105.5779220779221,-36.332251082251084,131.1277056277056,-91.50324675324676,481.5930735930736,60.088744588744596,26.872294372294373,23.41774891774892,160.53679653679654,94.25865800865803,145.9577922077922,101.84956709956708,0,810,Aedes communis,2020.73333333333,"{""type"":""Polygon"",""coordinates"":[[[-110.45355174753682,44.956046324022644],[-110.46109593547637,44.954291296845845],[-110.4656969208465,44.94971092874407],[-110.46556071506777,44.94409196566833],[-110.4607416413923,44.939625788596814],[-110.45311945516491,44.93805379570878],[-110.44566579403825,44.939988835506654],[-110.4412866678767,44.94467651779251],[-110.44169040702961,44.950289038365725],[-110.4467207507593,44.9546374709488],[-110.45355174753682,44.956046324022644]]]}"
0000000000000000032c,-117.01326530612243,115.07091836734693,22.0,14511.97704081633,162.04999999999998,-354.0801020408164,516.1301020408163,77.11122448979592,-233.82551020408155,77.11122448979592,-290.08010204081637,224.10561224489797,45.0,8.0,64.0,113.01683673469387,27.0,113.01683673469387,31.0,0,813,Aedes communis,2022.2249755859375,"{""type"":""Polygon"",""coordinates"":[[[-149.3722513094334,68.66914886625408],[-149.3869271578397,68.66739345051657],[-149.39587458957163,68.66281246407374],[-149.3956060824745,68.65719352360652],[-149.38623235410145,68.65272797804717],[-149.37141073510142,68.65115633666497],[-149.35691659650166,68.65309095334037],[-149.34839807531424,68.65777803328314],[-149.34917974197057,68.66339062019296],[-149.358962719547,68.6677396946093],[-149.3722513094334,68.66914886625408]]]}"
0000000000000000032e,56.650273224043715,100.7639344262295,26.0,9563.143169398907,246.01967213114753,-133.59344262295082,379.6131147540984,-39.82950819672131,-18.106010928961748,175.6502732240437,-72.34972677595628,1124.8907103825136,114.10601092896174,83.73224043715847,10.0,325.3180327868852,255.81857923497265,268.3180327868852,299.3180327868852,0,815,Aedes communis,2000.0,"{""type"":""Polygon"",""coordinates"":[[[-66.48014900448554,45.777747170646386],[-66.48780357800668,45.77599213624261],[-66.49247185577796,45.77141175663779],[-66.49233362266489,45.76579279397985],[-66.48744404569821,45.76132662865647],[-66.47971039047817,45.7597546423088],[-66.47214772275387,45.76168967423385],[-66.46770452443373,45.766377345314616],[-66.46811413480383,45.77198986712465],[-66.47321805623045,45.776338311647386],[-66.48014900448554,45.777747170646386]]]}"
00000000000000000332,24.825376884422116,155.31783919597993,42.0,7343.9560301507545,224.355527638191,-141.40577889447238,365.76130653266335,97.67085427135679,-46.38567839195981,121.6708542713568,-65.09924623115577,534.1268844221106,58.91834170854272,31.73241206030152,22.2927135678392,165.63819095477388,102.70477386934675,163.2562814070352,102.84673366834173,0,819,Aedes communis,2021.55555555556,"{""type"":""Polygon"",""coordinates"":[[[-105.53994790101636,40.200147504459416],[-105.54693756017201,40.19839251543547],[-105.55120049220328,40.193812208062276],[-105.55107446389349,40.18819324278255],[-105.54660956963768,40.183727003688425],[-105.53954736650222,40.18215497627083],[-105.53264131777702,40.184090057632964],[-105.52858406260243,40.18877779907419],[-105.5289582999864,40.19439031311608],[-105.53361901641007,40.19873868266579],[-105.53994790101636,40.200147504459416]]]}"
0000000000000000015d,55.31249999999999,109.0,28.0,9415.26293103448,252.0,-131.68749999999997,383.6874999999999,-36.47737068965517,155.45150862068962,174.0,-68.68749999999999,1153.8836206896551,116.68749999999999,79.0,12.477370689655169,343.85237068965506,258.68749999999994,267.6896551724137,327.06249999999994,0,350,Aedes communis,2002.0,"{""type"":""Polygon"",""coordinates"":[[[-64.72885044304783,46.12635077280267],[-64.73655331225442,46.1245957352683],[-64.74125103153177,46.12001535068059],[-64.74111191126164,46.11439638820366],[-64.73619148787317,46.10993022796934],[-64.72840906322776,46.108358244454806],[-64.72079870340421,46.11029327296952],[-64.71632747237015,46.11498093919648],[-64.71673965133338,46.12059346154224],[-64.72187576421051,46.124941911236995],[-64.72885044304783,46.12635077280267]]]}"
000000000000000001ca,53.76060935799783,109.65505984766051,27.0,9927.497279651796,253.0,-146.1512513601741,399.1512513601741,9.0,-22.151251360174104,177.15125136017411,-80.15125136017411,1072.1088139281828,109.0,77.0,11.0,307.40043525571275,234.0,263.1512513601741,276.0,0,459,Aedes communis,2002.0,"{""type"":""Polygon"",""coordinates"":[[[-66.68765327200767,45.99354982522896],[-66.69533763766957,45.99179478889183],[-66.70002407702113,45.98721440620975],[-66.69988529665963,45.98159544366359],[-66.69497669146969,45.977129281483045],[-66.68721295185323,45.97555729688502],[-66.67962086430347,45.977492326703974],[-66.67516037345301,45.982179994787195],[-66.67557156832264,45.98779251692807],[-66.68069534768567,45.99214096464487],[-66.68765327200767,45.99354982522896]]]}"
00000000000000000278,56.364130434782616,109.54565217391303,28.0,9385.40760869565,253.37934782608696,-130.64891304347827,384.02826086956526,-35.26521739130435,118.54673913043477,174.82065217391306,-67.63152173913043,1142.7576086956522,115.61195652173912,78.71195652173911,12.546739130434782,341.12282608695654,257.2228260869565,265.8684782608696,323.8445652173913,0,633,Aedes communis,2002.0,"{""type"":""Polygon"",""coordinates"":[[[-64.78694807067318,46.0765515322378],[-64.79464398592667,46.07479649515305],[-64.79933746601365,46.07021611128101],[-64.7991984734888,46.06459714877809],[-64.79428249158393,46.06013098781286],[-64.78650708909366,46.05855900389141],[-64.77890359630487,46.06049403289593],[-64.774436401618,46.065181699820016],[-64.77484821074361,46.070794222088836],[-64.77997968847346,46.07514267104076],[-64.78694807067318,46.0765515322378]]]}"
0000000000000000027d,54.07926167209556,110.0,28.0,9490.163952225843,253.04885993485343,-135.30510314875139,388.35396308360487,-39.028230184581986,127.83604777415853,174.04885993485345,-71.73289902280132,1154.7676438653639,116.71009771986972,80.02931596091206,12.0,344.5222584147666,259.8121606948969,269.028230184582,327.29641693811084,0,638,Aedes communis,2002.0,"{""type"":""Polygon"",""coordinates"":[[[-64.8782481647425,46.134649159863145],[-64.88595219452138,46.13289412225375],[-64.89065062129355,46.12831373754666],[-64.89051147970329,46.12269477507408],[-64.8855903150584,46.11822861496169],[-64.87780671845853,46.11665663151503],[-64.87019521256916,46.118591659948045],[-64.8657233078934,46.1232793260587],[-64.86613554858008,46.1288918484173],[-64.87127243503481,46.133240298235975],[-64.8782481647425,46.134649159863145]]]}"
000000000000000002ba,52.50490730643401,106.0,27.0,9744.752453653215,246.89531079607409,-142.93129770992368,389.82660850599774,9.039258451472193,-22.71973827699018,173.80261723009812,-78.89967284623772,1107.6717557251907,112.58342420937836,80.25081788440566,11.0,319.2911668484187,243.95856052344598,266.6215921483097,286.83424209378404,0,699,Aedes communis,2002.0,"{""type"":""Polygon"",""coordinates"":[[[-66.73744805347147,45.844152103534306],[-66.74511175816463,45.84239706853722],[-66.74978560239097,45.837816687988024],[-66.74964720155248,45.832197725364395],[-66.74475179251044,45.8277315610055],[-66.73700891653644,45.82615957519477],[-66.72943723174691,45.82809460647349],[-66.72498873333507,45.83278227663436],[-66.72539882935219,45.83839479854592],[-66.7305088371599,45.84274324404886],[-66.73744805347147,45.844152103534306]]]}"
0000000000000000011a,37.028753993610216,110.23003194888176,26.0,10499.935037273694,238.552715654952,-176.90521831735887,415.45793397231085,155.12247071352502,-41.97124600638977,165.86261980830668,-105.90521831735886,984.525026624068,104.56123535676248,62.72523961661341,15.642172523961658,292.28434504792324,196.69648562300316,290.79020234291795,222.05537806176778,0,283,Aedes communis,2003.0,"{""type"":""Polygon"",""coordinates"":[[[-67.74175354733488,47.06424687467712],[-67.74959089072863,47.06249182851928],[-67.75437058629514,47.05791143020594],[-67.7542289952957,47.05229246822774],[-67.74922268347122,47.04782632201152],[-67.74130446646035,47.046254346300934],[-67.73356131391756,47.04818936542177],[-67.72901202882184,47.05287701827859],[-67.72943135919492,47.058489542099956],[-67.73465710533462,47.062838006041346],[-67.74175354733488,47.06424687467712]]]}"
000000000000000001cb,35.26906779661017,110.14830508474577,26.0,10515.26059322034,238.04025423728817,-178.8792372881356,416.9194915254238,154.04025423728814,-43.73093220338983,164.77966101694915,-107.3177966101695,985.9025423728814,105.10805084745763,62.62288135593222,16.0,295.2584745762713,194.9449152542373,292.2076271186441,219.90042372881356,0,460,Aedes communis,2003.0,"{""type"":""Polygon"",""coordinates"":[[[-67.78324994173825,47.080848107899094],[-67.79108972673069,47.079093061585894],[-67.79587091070455,47.07451266302527],[-67.7957292748376,47.06889370105606],[-67.79072140357005,47.06442755509238],[-67.78280072103928,47.0628555795224],[-67.77505515743931,47.064790598474005],[-67.77050445514507,47.06947825108995],[-67.7709239153559,47.07509077493789],[-67.77615128892847,47.07943923913595],[-67.78324994173825,47.080848107899094]]]}"
00000000000000000222,60.59226519337017,103.8839779005525,28.0,8999.992265193368,241.77569060773473,-120.70828729281764,362.4839779005524,23.04751381215469,172.20110497237567,172.20110497237567,-60.21878453038673,1088.124861878453,119.81878453038674,74.6088397790055,14.36685082872928,327.2640883977899,235.0364640883978,235.0364640883978,280.20220994475136,0,547,Aedes communis,2003.0,"{""type"":""Polygon"",""coordinates"":[[[-67.27694577172579,45.20504698594812],[-67.28452290795242,45.203291956603415],[-67.28914397904568,45.19871158505101],[-67.28900716819389,45.193092622100586],[-67.28416705042787,45.188626448553215],[-67.27651159244374,45.18705445762714],[-67.26902539455018,45.18898949506336],[-67.26462714389518,45.19367717398797],[-67.26503263556612,45.199289694932204],[-67.27008494107211,45.20363813109689],[-67.27694577172579,45.20504698594812]]]}"
000000000000000002d4,44.0,89.0,23.0,9620.594339622641,230.98427672955978,-142.0,372.9842767295597,-49.01572327044025,-34.64884696016772,166.0,-82.01572327044025,1108.0765199161424,119.0,76.0,12.076519916142555,325.07651991614256,250.0,264.0,297.06079664570234,0,725,Aedes communis,2003.0,"{""type"":""Polygon"",""coordinates"":[[[-64.70395082276539,47.7365499996062],[-64.71188881329233,47.734794947078065],[-64.71672986352804,47.730214538625454],[-64.71658642278393,47.72459557701576],[-64.71151582794081,47.72012944115484],[-64.70349597809631,47.7185574712091],[-64.69565343775056,47.72049248339062],[-64.69104573317539,47.72518012637078],[-64.69147041546007,47.73079265128209],[-64.69676324717247,47.73514112574763],[-64.70395082276539,47.7365499996062]]]}"
000000000000000002f1,59.49616648411829,100.03066812705366,28.0,8936.63417305586,237.184008762322,-118.9813800657174,356.1653888280394,22.830230010952903,170.15334063526834,170.15334063526834,-60.667031763417306,1095.8707557502737,119.8258488499452,74.55421686746988,14.0,328.89266155531215,237.10076670317633,237.10076670317633,284.1511500547645,0,754,Aedes communis,2003.0,"{""type"":""Polygon"",""coordinates"":[[[-67.20224691087846,45.23824945239209],[-67.20982847312334,45.23649442275686],[-67.21445224237456,45.23191405074206],[-67.21431535023854,45.226295087808424],[-67.2094724055729,45.221828914733315],[-67.20181247812384,45.22025692407015],[-67.19432190949789,45.22219196118988],[-67.1899210898065,45.22687963966408],[-67.19032681689357,45.23249216065804],[-67.19538207257231,45.23684059730266],[-67.20224691087846,45.23824945239209]]]}"
00000000000000000269,62.82850779510021,104.15924276169264,25.0,10638.059020044542,265.18596881959905,-146.8763919821826,412.06236080178167,182.07015590200444,-67.99220489977728,193.76614699331847,-81.326280623608,927.2015590200444,97.10801781737192,60.0,13.781737193763918,270.1024498886414,192.2293986636971,266.04008908685967,207.93763919821825,0,618,Aedes communis,2005.0,"{""type"":""Polygon"",""coordinates"":[[[-73.94184817968396,45.37934878702627],[-73.94944863736451,45.377593756152685],[-73.9540839255101,45.3730133821668],[-73.9539466863485,45.36739441930476],[-73.9490916731629,45.36292824824273],[-73.94141266481215,45.36135625870026],[-73.93390343678976,45.363291294470976],[-73.92949164943946,45.367978971025146],[-73.929898381549,45.37359149223103],[-73.93496623201752,45.37793993092155],[-73.94184817968396,45.37934878702627]]]}"
00000000000000000307,9.673913043478262,86.8664596273292,27.866459627329192,8212.534161490681,171.65527950310562,-136.96894409937886,308.6242236024844,109.70962732919253,-79.19487577639751,115.67468944099377,-93.18788819875778,528.5745341614906,80.77562111801244,22.344720496894414,40.31599378881988,212.83307453416148,79.38276397515529,179.8330745341615,87.58928571428572,0,776,Aedes communis,2007.0,"{""type"":""Polygon"",""coordinates"":[[[-156.53515058214148,58.675951136498625],[-156.54541940435627,58.674195948978614],[-156.55168121469754,58.66961532568214],[-156.5514947938906,58.66399637190016],[-156.5449355404505,58.6595304554602],[-156.5345622719147,58.65795860765839],[-156.52441829002305,58.65989347281085],[-156.51845769190467,58.66458090650907],[-156.5190061656156,58.67019345449652],[-156.52585248866114,58.674542151964225],[-156.53515058214148,58.675951136498625]]]}"
00000000000000000132,-59.043355855855864,116.80686936936937,22.0,15083.638513513513,213.19876126126127,-309.81756756756755,523.0163288288288,103.94313063063065,-153.6903153153153,134.6345720720721,-245.59009009009014,336.3406531531532,63.04898648648649,11.0,54.04898648648649,155.06418918918916,40.27646396396398,149.04898648648648,54.27646396396397,0,307,Aedes communis,2008.0,"{""type"":""Polygon"",""coordinates"":[[[-151.87055185664755,66.43645021418739],[-151.88390573299722,66.43469486507769],[-151.8920476576803,66.43011398464603],[-151.89180388987518,66.42449504028102],[-151.8832743875681,66.42002938645301],[-151.86978694160354,66.41845768481687],[-151.85659753253054,66.42039237402308],[-151.8488463003948,66.4250795572369],[-151.84955813855615,66.4306921327951],[-151.85846029682708,66.43504109716947],[-151.87055185664755,66.43645021418739]]]}"
00000000000000000171,-76.0,88.81877022653724,17.0,14084.745954692557,172.0,-326.0097087378641,498.0097087378641,94.0,-251.69579288025892,96.61003236245955,-259.0,417.0,61.0,15.0,43.0,164.0,49.0,155.0,52.0,0,370,Aedes communis,2008.0,"{""type"":""Polygon"",""coordinates"":[[[-94.14405075287844,58.75064999734595],[-94.15434162795223,58.74889480862365],[-94.16061687947348,58.74431418341382],[-94.1604300506288,58.73869522970171],[-94.15385671279505,58.73422931521587],[-94.14346118003039,58.73265746850177],[-94.13329542554608,58.734592332344896],[-94.12732202731034,58.73927976417927],[-94.12787167079519,58.74489231237207],[-94.13473269096013,58.74924101182584],[-94.14405075287844,58.75064999734595]]]}"
000000000000000002cd,-29.49220623501199,112.0,22.0,14086.253597122302,223.0,-269.1348920863309,492.1348920863309,146.29856115107916,-105.22182254196645,146.29856115107916,-209.62649880095927,304.02338129496405,55.0,8.0,58.97362110311751,147.9736211031175,31.0,147.9736211031175,46.13489208633094,0,718,Aedes communis,2008.0,"{""type"":""Polygon"",""coordinates"":[[[-148.09404999246317,64.75984605449597],[-148.10656942724867,64.75809074807225],[-148.1142028652457,64.75350993556191],[-148.1139746617225,64.74789098870433],[-148.1059780562491,64.74342526550845],[-148.09333283968988,64.74185352526551],[-148.08096706985543,64.74378826094463],[-148.07370016201466,64.74847551032363],[-148.0743678695752,64.75408807860418],[-148.08271400779012,64.75843697247537],[-148.09404999246317,64.75984605449597]]]}"
000000000000000002a8,12.38071693448702,157.9171817058096,40.96044499381952,7700.363411619283,215.50061804697157,-164.60074165636587,380.10135970333744,-4.135970333745365,23.342398022249686,112.27935723114958,-83.29666254635352,578.903584672435,57.64029666254634,35.259579728059336,13.045735475896164,163.0729295426452,123.44993819530282,151.88751545117427,140.49320148331273,0,681,Aedes communis,2009.0,"{""type"":""Polygon"",""coordinates"":[[[-105.87195026995066,39.90965044813058],[-105.87891019992654,39.907895461259045],[-105.88315500814163,39.90331515731195],[-105.88302952518266,39.897696191907976],[-105.87858361912666,39.893229949314744],[-105.87155143805572,39.89165791994906],[-105.86467474815444,39.89359300365616],[-105.86063474902288,39.89828074843472],[-105.86100740447476,39.90389326210805],[-105.86564830437538,39.90824162810164],[-105.87195026995066,39.90965044813058]]]}"
00000000000000000275,-76.0,89.0,17.0,14085.065318818042,171.16407465007777,-327.0,498.1640746500778,93.16407465007777,-251.0,97.0,-259.99300155521,420.00155520995344,62.0,15.0,43.0,166.00155520995335,49.0,158.0,52.0,0,630,Aedes communis,2010.0,"{""type"":""Polygon"",""coordinates"":[[[-93.78714876366169,58.64274867005467],[-93.79740781963187,58.640993483067405],[-93.80366367745656,58.63641286061876],[-93.80347743734312,58.63079390680582],[-93.79692442126573,58.62632798949997],[-93.78656101259539,58.624756141216174],[-93.77642667284425,58.626691006948825],[-93.77047174333744,58.63137844147293],[-93.77101969899773,58.636990989369394],[-93.77785951332694,58.641339685957064],[-93.78714876366169,58.64274867005467]]]}"
000000000000000002cf,-75.1674418604651,89.0,17.0,14102.99379844961,172.83255813953488,-326.45038759689925,499.282945736434,94.26589147286822,-250.84418604651165,97.26589147286819,-259.24341085271317,419.0,61.0,15.0,43.0,164.0,49.0,156.0,52.0,0,720,Aedes communis,2010.0,"{""type"":""Polygon"",""coordinates"":[[[-94.14405075287844,58.675951136498625],[-94.15431957509321,58.6741959489786],[-94.16058138543448,58.66961532568214],[-94.16039496462757,58.66399637190016],[-94.15383571118744,58.6595304554602],[-94.14346244265164,58.65795860765839],[-94.13331846076001,58.65989347281085],[-94.12735786264163,58.66458090650907],[-94.12790633635257,58.67019345449652],[-94.13475265939813,58.674542151964225],[-94.14405075287844,58.675951136498625]]]}"
00000000000000000179,20.6009900990099,104.60099009900989,21.0,12972.474257425743,249.88217821782177,-235.3990099009901,485.2811881188118,176.34851485148516,-150.53564356435643,176.34851485148516,-158.3990099009901,536.3287128712872,85.0,17.0,51.154455445544556,233.68811881188117,63.281188118811876,233.68811881188117,63.281188118811876,0,378,Aedes communis,2011.0,"{""type"":""Polygon"",""coordinates"":[[[-95.59654941182579,50.11034798630706],[-95.60487392876335,50.10859290989456],[-95.60995060251062,50.104012463427],[-95.60980005358302,50.09839350319969],[-95.60448258662007,50.09392740616366],[-95.5960724322758,50.092355457831545],[-95.58784820883172,50.09429044399604],[-95.58301614975635,50.09897804994572],[-95.58346138094367,50.104590578942826],[-95.58901184557705,50.108939092866464],[-95.59654941182579,50.11034798630706]]]}"
000000000000000002c8,-60.0,93.0,17.0,15155.210013003898,198.0,-325.14629388816644,523.1462938881665,112.0,-175.85370611183356,129.0,-257.0,281.0,41.0,11.0,42.0,111.0,36.0,102.0,47.0,0,713,Aedes communis,2011.0,"{""type"":""Polygon"",""coordinates"":[[[-113.39174707277442,62.518849015368815],[-113.40331583998162,62.51709375836787],[-113.41036992604937,62.51251302450212],[-113.41015940648272,62.506894074763025],[-113.40276993524674,62.50242827124754],[-113.39108433994781,62.50085648630054],[-113.37965700703633,62.502791275792],[-113.3729418868374,62.507478601781614],[-113.37355926620475,62.513091161631],[-113.38127190256755,62.51743997386879],[-113.39174707277442,62.518849015368815]]]}"
00000000000000000116,26.327272727272728,128.20363636363635,32.0,8820.484545454548,221.01000000000002,-173.27545454545455,394.2854545454546,134.41000000000003,-22.004545454545454,134.41000000000003,-91.3790909090909,488.5900000000001,71.4,22.464545454545455,43.004545454545465,205.36454545454546,70.53272727272727,205.36454545454546,87.28,0,279,Aedes communis,2012.0,"{""type"":""Polygon"",""coordinates"":[[[-117.94844893007811,53.19794995144142],[-117.95736064340315,53.19619484015859],[-117.96279525576898,53.191614338192274],[-117.9626338942391,53.18599537998518],[-117.95694139204561,53.18152933963032],[-117.94793832553148,53.17995742285143],[-117.93913428581423,53.18189237103422],[-117.93396139691598,53.18657992292214],[-117.93443783034378,53.19219245788213],[-117.94037967068645,53.19654102941171],[-117.94844893007811,53.19794995144142]]]}"
00000000000000000119,19.05545454545455,125.57545454545456,32.0,8625.666363636365,210.25909090909093,-173.67,383.9290909090909,125.0890909090909,-29.736363636363645,125.0890909090909,-95.41454545454545,499.6463636363637,74.47999999999999,22.690000000000005,44.05545454545455,211.96363636363637,72.49636363636365,211.96363636363637,87.32818181818182,0,282,Aedes communis,2012.0,"{""type"":""Polygon"",""coordinates"":[[[-117.90695253567475,53.19794995144142],[-117.91586424899975,53.19619484015859],[-117.92129886136564,53.191614338192274],[-117.92113749983571,53.18599537998518],[-117.91544499764224,53.18152933963033],[-117.90644193112809,53.17995742285143],[-117.89763789141087,53.18189237103422],[-117.89246500251264,53.186579922922135],[-117.8929414359404,53.19219245788213],[-117.89888327628312,53.19654102941171],[-117.90695253567475,53.19794995144142]]]}"
000000000000000001f3,26.385155466399194,132.11735205616847,35.985957873620855,7744.318956870611,224.2547642928786,-141.58475426278838,365.839518555667,63.98094282848545,-19.199598796389168,126.26880641925776,-71.36810431293881,587.5907723169508,80.69408224674022,34.54764292878636,26.452357071213637,196.6018054162487,117.69207622868605,175.66900702106318,125.27883650952857,0,500,Aedes communis,2012.0,"{""type"":""Polygon"",""coordinates"":[[[-113.78185152843514,49.07284894420181],[-113.79000085018411,49.07109387850867],[-113.79497072703411,49.066513449102196],[-113.79482340081178,49.06089448825433],[-113.7896178297482,49.05642837379372],[-113.7813845815471,49.05485641576148],[-113.77333335663761,49.05679141360233],[-113.7686029873857,49.061479036171285],[-113.76903890560193,49.06709156333483],[-113.77447259737752,49.07144005954968],[-113.78185152843514,49.07284894420181]]]}"
00000000000000000224,4.134928229665071,122.1837320574163,31.938755980861245,8231.747368421054,202.26507177033497,-176.59712918660293,378.8622009569378,107.55119617224882,-45.26028708133971,107.55119617224882,-101.66794258373206,600.9885167464115,75.28516746411485,31.34736842105263,24.573205741626797,196.7129186602871,106.90813397129186,196.7129186602871,140.99043062200957,0,549,Aedes communis,2012.0,"{""type"":""Polygon"",""coordinates"":[[[-116.15564505603497,51.413448923559756],[-116.16420466581388,51.41169383300632],[-116.16942464737728,51.407113364032135],[-116.16926977155853,51.4014944046238],[-116.16380215310531,51.39702833057391],[-116.15515461399546,51.39545639503782],[-116.14669824913322,51.3973913657993],[-116.14172973358639,51.402078949825146],[-116.14218745926537,51.40769148124069],[-116.14789461857175,51.412040018525445],[-116.15564505603497,51.413448923559756]]]}"
00000000000000000290,5.57511961722488,123.35885167464114,32.0,8238.485167464114,204.26889952153107,-175.4095693779904,379.6784688995215,92.75693779904304,-44.05454545454545,109.20765550239234,-100.53779904306218,586.1999999999999,74.64114832535884,30.081339712918655,25.18851674641148,193.39234449760764,103.86889952153108,193.3894736842105,135.47081339712918,0,657,Aedes communis,2012.0,"{""type"":""Polygon"",""coordinates"":[[[-116.06434496196567,51.35535129593442],[-116.07289371289052,51.35359620602846],[-116.07810707516794,51.349015738084844],[-116.0779523992676,51.34339677863898],[-116.07249171624235,51.3389307035366],[-116.06385514174735,51.3373587674146],[-116.05540949931769,51.33929373888136],[-116.05044728664161,51.343981323911066],[-116.0509044352687,51.349593855215886],[-116.05660435694969,51.353942391430955],[-116.06434496196567,51.35535129593442]]]}"
0000000000000000014c,62.88628762541806,83.5351170568562,28.0,7346.516164994426,210.4102564102564,-83.0,293.4102564102564,-3.0,128.41025641025644,152.7614269788183,-32.735785953177256,1330.1204013377924,148.37346711259752,85.0,19.0,430.4871794871795,267.0,274.860646599777,404.48717948717945,0,333,Aedes communis,2013.0,"{""type"":""Polygon"",""coordinates"":[[[-65.17704806723285,44.35014813198147],[-65.18451384990769,44.34839311000229],[-65.18906703821646,44.343812750173505],[-65.18893227212041,44.33819378679735],[-65.1841632759795,44.33372760127656],[-65.17662026505803,44.332155603684676],[-65.16924403020379,44.33409064914472],[-65.1649104135833,44.338778339489274],[-65.16530998217684,44.3443908591729],[-65.17028806451778,44.34873928316898],[-65.17704806723285,44.35014813198147]]]}"
00000000000000000129,-75.64788732394366,89.0,17.0,14130.882990249187,172.0,-327.0,499.0,94.35211267605634,-251.0,97.35211267605634,-260.0,412.0,61.0,14.0,45.0,165.0,46.0,156.0,50.0,0,298,Aedes communis,2014.0,"{""type"":""Polygon"",""coordinates"":[[[-93.4551463947274,58.734048764123976],[-93.46543235903317,58.732293575669324],[-93.4717046174516,58.72771295088542],[-93.47151787947179,58.722093997157764],[-93.46494767797408,58.7176280822369],[-93.45455710304172,58.71605623528067],[-93.44439619691157,58.71799109941528],[-93.43842564902747,58.72267853166458],[-93.43897503202751,58.728291079811655],[-93.44583277941476,58.73263977882329],[-93.4551463947274,58.734048764123976]]]}"
00000000000000000140,-75.45362431800467,89.0,17.0,14132.56897895557,172.0,-327.0,499.0,94.54637568199533,-251.0,97.54637568199534,-260.0,412.0,61.0,14.0,45.0,165.0,46.0,156.0,50.0,0,321,Aedes communis,2014.0,"{""type"":""Polygon"",""coordinates"":[[[-93.46344924088889,58.72575037706352],[-93.47373275255022,58.72399518874254],[-93.4800035160866,58.719414564171416],[-93.47981682348804,58.71379561043599],[-93.47324818840882,58.709329695297846],[-93.46286008962764,58.707757848220666],[-93.45270160497061,58.70969271250085],[-93.44673248067225,58.714380144957396],[-93.44728173357471,58.71999269308165],[-93.45413784639848,58.72434139187246],[-93.46344924088889,58.72575037706352]]]}"
0000000000000000017d,-75.82604055496265,89.0,17.0,14123.778014941301,172.0,-327.0,499.0,94.17395944503735,-251.0,97.17395944503734,-260.0,412.0,61.0,14.0,45.0,165.0,46.0,156.0,50.0,0,382,Aedes communis,2014.0,"{""type"":""Polygon"",""coordinates"":[[[-93.46344924088889,58.734048764123976],[-93.47373520519467,58.73229357566931],[-93.4800074636131,58.72771295088542],[-93.4798207256333,58.722093997157764],[-93.4732505241356,58.7176280822369],[-93.46285994920324,58.71605623528067],[-93.45269904307308,58.71799109941528],[-93.44672849518898,58.72267853166456],[-93.44727787818903,58.728291079811655],[-93.45413562557627,58.73263977882329],[-93.46344924088889,58.734048764123976]]]}"
000000000000000001a0,-75.03241895261846,89.0,17.0,14148.749792186198,172.0,-327.0,499.0,94.96758104738154,-251.0,97.96758104738154,-260.0,412.0,61.0,14.0,45.0,165.0,46.0,156.0,50.0,0,417,Aedes communis,2014.0,"{""type"":""Polygon"",""coordinates"":[[[-93.44685246676796,58.72575037706352],[-93.45713597842929,58.72399518874254],[-93.46340674196567,58.719414564171416],[-93.46322004936711,58.713795610436],[-93.45665141428789,58.709329695297846],[-93.44626331550671,58.707757848220666],[-93.43610483084967,58.70969271250085],[-93.43013570655133,58.714380144957396],[-93.43068495945379,58.71999269308166],[-93.43754107227755,58.72434139187246],[-93.44685246676796,58.72575037706352]]]}"
00000000000000000262,-29.515021459227462,135.53576537911297,29.0,11438.758941344777,197.86051502145924,-265.02718168812584,462.887696709585,95.22961373390558,-21.814735336194566,109.02145922746782,-182.9420600858369,343.43204577968527,41.990701001430615,11.0,34.15951359084406,116.20958512160229,42.18812589413447,111.83333333333331,84.34907010014305,0,611,Aedes communis,2014.0,"{""type"":""Polygon"",""coordinates"":[[[-137.42854913777865,60.72604960042672],[-137.4394666480987,60.72429437790806],[-137.44612382334284,60.71971369891512],[-137.44592538877197,60.71409474716842],[-137.43895184369717,60.709628887611345],[-137.42792368854472,60.70805707147159],[-137.41713928045974,60.70999189851112],[-137.41080216587608,60.714679277954],[-137.4113850367774,60.72029183191781],[-137.41866366934622,60.72464058719786],[-137.42854913777865,60.72604960042672]]]}"
0000000000000000029a,20.90861618798956,111.31853785900783,30.0,8214.041775456919,204.9538729329852,-158.2793733681462,363.23324630113143,-29.892950391644913,-23.0,122.7780678851175,-87.54046997389032,502.5300261096606,54.04177545691906,18.04177545691906,27.62837249782419,158.2828546562228,73.8076588337685,146.0670147954743,133.34464751958225,0,667,Aedes communis,2014.0,"{""type"":""Polygon"",""coordinates"":[[[-126.9373456250712,54.774946711800986],[-126.94660128636818,54.77319158070884],[-126.95224555298026,54.76861104721542],[-126.95207784973928,54.76299209015704],[-126.94616567425156,54.75852608200096],[-126.93681532568355,54.75695418314597],[-126.92767167395498,54.75888910975311],[-126.9222991459727,54.763576630930096],[-126.92279384727144,54.76918916927633],[-126.92896492822155,54.773537773530215],[-126.9373456250712,54.774946711800986]]]}"
000000000000000001b3,-32.032775453277544,119.39121338912132,26.995815899581586,11314.666666666666,182.4679218967922,-257.2440725244073,439.71199442119945,105.30334728033473,-95.89609483960948,105.30334728033473,-186.02161785216177,361.61785216178515,56.91004184100417,13.0,42.49023709902371,147.06415620641562,46.61645746164574,147.06415620641562,65.78521617852162,0,436,Aedes communis,2017.0,"{""type"":""Polygon"",""coordinates"":[[[-138.2336487511804,61.01654665675555],[-138.24466604138624,61.01479142891503],[-138.25138402912253,61.01021074145312],[-138.25118374453803,61.00459179001613],[-138.2441464744985,61.00012593910841],[-138.23301758951834,60.99855412778296],[-138.22213467567045,61.00048894902729],[-138.21573964625134,61.00517632022032],[-138.21632780586532,61.01078887509266],[-138.223672933853,61.01513763916345],[-138.2336487511804,61.01654665675555]]]}"
00000000000000000216,-34.63503140265178,119.91207257501743,27.0,11271.70690858339,179.85484996510817,-259.17445917655266,439.0293091416609,102.09979064898815,-98.84647592463362,102.09979064898815,-187.61898115840893,354.2770411723657,56.461967899511514,13.0,42.94905792044662,145.9267271458479,46.174459176552695,145.9267271458479,64.12002791346826,0,535,Aedes communis,2017.0,"{""type"":""Polygon"",""coordinates"":[[[-138.20874913089796,61.01654665675554],[-138.2197664211038,61.01479142891503],[-138.2264844088401,61.01021074145312],[-138.22628412425559,61.004591790016114],[-138.21924685421607,61.00012593910841],[-138.2081179692359,60.99855412778296],[-138.197235055388,61.00048894902729],[-138.1908400259689,61.00517632022032],[-138.19142818558288,61.01078887509266],[-138.19877331357057,61.01513763916345],[-138.20874913089796,61.01654665675554]]]}"
00000000000000000226,-27.0,116.0,26.0,11291.40266106443,183.9852941176471,-250.0266106442577,434.0119047619049,109.64495798319332,-90.86624649859945,109.64495798319332,-181.76610644257707,392.69957983193274,60.99229691876751,14.992997198879552,41.75840336134455,157.2857142857143,51.16246498599442,157.2857142857143,69.86764705882355,0,551,Aedes communis,2017.0,"{""type"":""Polygon"",""coordinates"":[[[-138.41624893931902,61.03314788997751],[-138.42727199542432,61.03139266182995],[-138.43399349726866,61.02681197387936],[-138.43379310576188,61.02119302246023],[-138.42675215330382,61.01672717205159],[-138.41561744755933,61.015155361003934],[-138.40472884146558,61.01709018191388],[-138.39833046537012,61.021777552630894],[-138.3989189305807,61.02739010755564],[-138.4062679010726,61.03173887213365],[-138.41624893931902,61.03314788997751]]]}"
0000000000000000018c,-105.92654155495978,83.0,17.0,14115.19302949062,150.41447721179625,-320.3297587131368,470.744235924933,73.05683646112601,-269.2117962466488,79.07399463806972,-269.2117962466488,239.05522788203754,40.0,9.0,55.94423592493298,110.05576407506702,28.999463806970514,88.02788203753352,28.999463806970514,0,397,Aedes communis,2019.0,"{""type"":""Polygon"",""coordinates"":[[[-115.27584658178586,67.78935039200499],[-115.28996885206931,67.78759500403892],[-115.29857898645598,67.78301406178223],[-115.29832085115608,67.7773951196893],[-115.28930064081315,67.77292952900292],[-115.27503768863568,67.77135786250699],[-115.26108988855468,67.77329250941312],[-115.25289267005482,67.77797963240006],[-115.25364510873995,67.78359221457951],[-115.26305925077575,67.78794124312951],[-115.27584658178586,67.78935039200499]]]}"
000000000000000001ab,-20.48469387755102,116.01020408163265,26.0,11030.959912536442,192.5167638483965,-249.13921282798833,441.6559766763849,100.45553935860059,-58.64577259475219,113.51530612244899,-169.03061224489795,421.3819241982507,52.0,16.0,28.383381924198254,144.0,68.0058309037901,128.0,97.28498542274055,0,428,Aedes communis,2019.0,"{""type"":""Polygon"",""coordinates"":[[[-132.10824406147654,60.00394723493272],[-132.11892237007172,60.00219202523555],[-132.12543375800448,59.99761136664633],[-132.1252397561953,59.99199241415375],[-132.1184189791777,59.98752653375832],[-132.10763230685026,59.98595470601968],[-132.0970840496265,59.98788954702128],[-132.09088577410844,59.992576946339994],[-132.09145596402334,59.998189498114705],[-132.09857518583058,60.00253823221586],[-132.10824406147654,60.00394723493272]]]}"
00000000000000000247,-25.321428571428566,122.682944606414,23.0,13796.042274052477,216.850583090379,-301.1596209912536,518.0102040816327,137.85058309037902,-91.14941690962098,137.85058309037902,-214.20772594752188,443.34766763848404,59.0,16.0,30.37172011661808,154.1690962099125,64.81268221574344,154.1690962099125,97.81268221574344,0,584,Aedes communis,2019.0,"{""type"":""Polygon"",""coordinates"":[[[-128.92105253341452,60.070352167820644],[-128.93175233007915,60.06859695696789],[-128.93827681454735,60.0640162965397],[-128.93808241466292,60.058397344114326],[-128.9312479140879,60.05393146559704],[-128.92043954855484,60.052359638903816],[-128.9098700771217,60.054294478647],[-128.90365932934446,60.05898187617433],[-128.90423065856052,60.064594428146364],[-128.91136420071936,60.068943164156366],[-128.92105253341452,60.070352167820644]]]}"
000000000000000002a2,-28.01322556943424,121.98677443056576,23.0,13911.9015429831,215.63703159441587,-306.23732549595877,521.8743570903745,136.68258633357823,-95.01322556943423,136.68258633357823,-218.0345334313005,433.78177810433505,60.01322556943423,15.0,33.01322556943424,156.78177810433502,62.0,156.78177810433502,93.0,0,675,Aedes communis,2019.0,"{""type"":""Polygon"",""coordinates"":[[[-128.81315120612322,60.10355017516355],[-128.82386178323836,60.10179496373132],[-128.8303928381609,60.09721430238098],[-128.8301982385545,60.09159534998933],[-128.82335685294595,60.08712947241383],[-128.81253760406295,60.08555764624482],[-128.8019574895888,60.08749248535699],[-128.79574048454597,60.09217988198603],[-128.79631238533318,60.097792434057],[-128.8034531119293,60.10214117102417],[-128.81315120612322,60.10355017516355]]]}"
000000000000000001b0,-18.339784946236556,113.98279569892472,25.012186379928316,11204.868817204302,200.36845878136202,-240.9763440860215,441.3448028673834,109.25448028673834,-63.33620071684588,118.55340501792115,-168.81290322580642,276.26236559139784,40.0,8.792831541218636,39.98136200716846,108.85304659498208,36.843010752688166,108.18996415770611,56.055197132616485,0,433,Aedes communis,2020.0,"{""type"":""Polygon"",""coordinates"":[[[-135.3286514332857,60.8837457091818],[-135.33962284867033,60.88199048378622],[-135.34631287730008,60.87740980021503],[-135.3461134433474,60.87179084863573],[-135.33910547149335,60.86732499375442],[-135.32802289796356,60.865753180217254],[-135.31718527303644,60.86768800412394],[-135.31081687054882,60.872375379107034],[-135.31140259869608,60.877987933561975],[-135.3187171547877,60.882336693594226],[-135.3286514332857,60.8837457091818]]]}"
000000000000000002c5,-32.31809523809524,108.1225396825397,23.0,12998.126349206348,207.1720634920635,-254.73587301587307,461.9079365079365,132.5288888888889,-102.16825396825399,132.5288888888889,-195.14031746031748,293.8444444444445,65.0,6.0,80.99619047619048,172.0,21.0,172.0,28.801269841269846,0,710,Aedes communis,2020.5,"{""type"":""Polygon"",""coordinates"":[[[-145.77834963338765,63.896648813468865],[-145.79048274132535,63.894893527015],[-145.79788075074845,63.89031274628147],[-145.79765973970632,63.884693798259],[-145.7899098563874,63.880228042609545],[-145.7776545948324,63.87865628430393],[-145.76567017185008,63.88059104172593],[-145.75862749583058,63.885278322059975],[-145.759274757818,63.89089088693446],[-145.767363461788,63.8952397478211],[-145.77834963338765,63.896648813468865]]]}"
000000000000000001dc,37.56810982048574,105.05174234424501,24.0,10684.360084477297,244.50369588173177,-181.76029567053854,426.2639915522703,167.70116156283,-108.15100316789862,167.70116156283,-108.15100316789862,746.5723336853221,99.71594508975714,18.730728616684267,46.12882787750791,293.4984160506864,75.16261879619852,293.4984160506864,75.16261879619852,0,477,Aedes communis,2021.0,"{""type"":""Polygon"",""coordinates"":[[[-92.10225067601084,46.82354905891315],[-92.11005286264721,46.821794014997046],[-92.11481112650304,46.817213620251735],[-92.11467018152497,46.81159465814388],[-92.10968632424228,46.807128508283576],[-92.10180360848193,46.80555653054433],[-92.09409517297377,46.80749155210715],[-92.08956629422485,46.8121792084396],[-92.08998375502387,46.817791731877385],[-92.09518606761698,46.8221401921153],[-92.10225067601084,46.82354905891315]]]}"
000000000000000001a8,12.717689530685922,92.84259927797835,29.0,8039.9992779783415,168.72779783393503,-144.9212996389892,313.64909747292415,71.971119133574,9.049819494584838,113.97111913357404,-89.23104693140796,516.0173285198556,88.71768953068592,20.96606498194946,47.35306859205777,226.61877256317692,69.77184115523467,144.10830324909747,101.6606498194946,0,425,Aedes communis,2022.0,"{""type"":""Polygon"",""coordinates"":[[[-151.08204455826566,60.46875055144076],[-151.0928754194493,60.466995333556035],[-151.09947978457626,60.462414661937345],[-151.09928295611087,60.45679570992103],[-151.0923647500921,60.45232984283262],[-151.08142406976802,60.45075802250086],[-151.07072520508203,60.45269285458648],[-151.0644383839411,60.45738024121284],[-151.0650166616334,60.46299279438551],[-151.07223754905436,60.46734154201115],[-151.08204455826566,60.46875055144076]]]}"
00000000000000000113,45.279288702928866,131.42154811715483,27.0,12127.132845188284,283.8232217573222,-196.85564853556485,480.6788702928871,169.8232217573222,-119.54707112970712,194.58263598326363,-119.54707112970712,430.0,88.0,7.0,71.0,211.0,25.0,209.0,25.0,0,276,Aedes excrucians,2021.50757575758,"{""type"":""Polygon"",""coordinates"":[[[-99.24025032843646,47.13895019462549],[-99.24809867588148,47.13719514776779],[-99.25288507955555,47.132614748340515],[-99.25274328634032,47.126995786402794],[-99.24772994625597,47.122529641324235],[-99.23980061738675,47.12095766624701],[-99.23204659844373,47.12289268460547],[-99.22749092617035,47.12758033637721],[-99.2279108417074,47.13319286031831],[-99.2331439225295,47.13754132541593],[-99.24025032843646,47.13895019462549]]]}"
00000000000000000135,94.0,112.6874251497006,30.95688622754491,8698.453892215568,278.83353293413177,-83.0,361.8335329341317,6.0,181.47904191616766,205.0,-20.0,1193.1580838323355,120.25149700598803,85.95688622754493,9.0,332.84311377245507,265.12335329341323,271.837125748503,310.5149700598802,0,310,Aedes excrucians,2019.6400146484375,"{""type"":""Polygon"",""coordinates"":[[[-71.19455142964541,42.10915109285434],[-71.20174765222963,42.10739608920823],[-71.20613651104907,42.10281575856038],[-71.20600669284332,42.097196794125004],[-71.20140986550649,42.092730578801486],[-71.19413906511588,42.091158564617736],[-71.18702902737402,42.0930936300499],[-71.18285187431485,42.09778134881947],[-71.1832371024901,42.10339386536487],[-71.18803550698034,42.10774225907251],[-71.19455142964541,42.10915109285434]]]}"
00000000000000000191,-76.86511627906978,88.6031007751938,17.0,14135.333333333336,170.74031007751935,-328.0,498.7403100775194,93.81007751937985,-253.0,96.81007751937983,-260.8651162790698,415.5565891472869,61.0,14.0,44.0,164.31782945736438,47.979069767441864,155.57751937984497,51.0,0,402,Aedes excrucians,2006.66666666667,"{""type"":""Polygon"",""coordinates"":[[[-93.81204838394413,58.74234715118444],[-93.82233680228045,58.740591962596014],[-93.82861055642549,58.736011337599265],[-93.82842377303845,58.73039238387938],[-93.8218520042371,58.72592646917592],[-93.81145895175474,58.72435462234069],[-93.80129562278353,58.72628948632964],[-93.7953236505092,58.73097691837158],[-93.79587316368003,58.7365894665415],[-93.80273254655422,58.74093816577409],[-93.81204838394413,58.74234715118444]]]}"
000000000000000001b9,97.2375296912114,106.25890736342042,29.280285035629454,8621.636579572447,278.26128266033254,-76.09619952494062,354.3574821852731,10.0,183.28266033254158,207.40736342042757,-15.741092636579573,1172.8242280285035,118.03444180522567,81.02137767220901,10.0,329.83135391923986,254.95130641330167,259.04038004750595,311.5593824228029,0,442,Aedes excrucians,2019.45238095238,"{""type"":""Polygon"",""coordinates"":[[[-70.99535446738588,42.20044672782259],[-71.00256107756663,42.198691723455354],[-71.00695626892306,42.19411139165969],[-71.00682626009666,42.18849242726595],[-71.00222279815978,42.18402621311472],[-70.99494150795601,42.18245419958363],[-70.98782121213507,42.18438926423018],[-70.98363802969168,42.18907698188165],[-70.98402381053089,42.19468949855051],[-70.98882913900864,42.199037893449535],[-70.99535446738588,42.20044672782259]]]}"
000000000000000001f4,44.573080967402724,131.20504731861197,27.0,12079.516298633014,282.5320715036803,-196.97160883280753,479.5036803364879,169.05678233438488,-118.97160883280755,193.39432176656146,-118.97160883280755,445.1819137749736,88.97160883280756,8.176656151419557,67.02839116719242,214.46792849631964,29.176656151419554,213.46792849631964,29.176656151419554,0,501,Aedes excrucians,2021.36170212766,"{""type"":""Polygon"",""coordinates"":[[[-99.10745383996378,47.1721482019684],[-99.11530709179932,47.170393154799044],[-99.12009648520528,47.16581275487573],[-99.11995460186286,47.16019379295604],[-99.11493812935706,47.155727648384094],[-99.10700384805176,47.154155673588896],[-99.09924498607062,47.15609069160786],[-99.0946864670991,47.160778342896414],[-99.09510664343577,47.16639086689085],[-99.10034299324778,47.170739332503324],[-99.10745383996378,47.1721482019684]]]}"
00000000000000000218,95.03667481662592,109.0366748166259,30.0,8651.19804400978,277.9975550122249,-79.37775061124694,357.37530562347183,7.722493887530562,181.88141809290954,205.8447432762836,-17.965770171149146,1189.0635696821516,119.49511002444987,84.0,10.0,332.46088019559903,261.0,267.1161369193154,312.30195599022005,0,537,Aedes excrucians,2019.76666666667,"{""type"":""Polygon"",""coordinates"":[[[-71.07834725619261,42.12574786697526],[-71.08554536356756,42.12399286319821],[-71.0899353714025,42.11941253234195],[-71.08980551860962,42.11379356791412],[-71.08520748744922,42.109327352803476],[-71.07793478372061,42.10775533873823],[-71.07082288468806,42.10969040402774],[-71.06664463761952,42.114378122594296],[-71.06702996607387,42.11999063916211],[-71.07182962689609,42.12433903308608],[-71.07834725619261,42.12574786697526]]]}"
0000000000000000021c,96.93675417661099,107.9474940334129,30.0,8616.307875894989,278.6957040572793,-77.02028639618139,355.7159904534606,9.737470167064439,182.93794749403344,206.93794749403344,-16.020286396181383,1175.7816229116945,118.0525059665871,82.0,10.0,329.645584725537,256.3042959427208,261.31503579952266,310.9534606205251,0,541,Aedes excrucians,2019.48888888889,"{""type"":""Polygon"",""coordinates"":[[[-71.02024962856727,42.15894587431817],[-71.02745151080828,42.157190870278995],[-71.03184381989553,42.152610539005515],[-71.03171389783104,42.14699157459283],[-71.02711345564833,42.14252535990829],[-71.01983693990768,42.14095334608029],[-71.01272131307559,42.14288841108422],[-71.008540874921,42.14757612924436],[-71.00892640421434,42.153188645857064],[-71.01372858122275,42.15753704021409],[-71.02024962856727,42.15894587431817]]]}"
000000000000000002e2,45.332631578947364,131.25894736842105,27.0,12069.795789473685,283.25894736842105,-196.38526315789474,479.6442105263158,169.46947368421053,-118.0463157894737,194.0,-118.0463157894737,447.62210526315783,89.0,9.0,67.0,215.0463157894737,30.0,214.0,30.0,0,739,Aedes excrucians,2019.42857142857,"{""type"":""Polygon"",""coordinates"":[[[-99.04934729413634,47.12234896140351],[-99.05719319234105,47.120593914701516],[-99.06197810295018,47.11601351552206],[-99.06183635474385,47.11039455357533],[-99.056824578983,47.10592840824366],[-99.04889772334859,47.10435643302554],[-99.04114612300728,47.106291451553616],[-99.03659187236782,47.11097910356675],[-99.03701165766178,47.11659162748122],[-99.04224310595824,47.120940092321604],[-99.04934729413634,47.12234896140351]]]}"
0000000000000000030e,93.71208530805688,114.07227488151659,31.0,8719.27606635071,279.1078199052133,-84.66587677725121,363.77369668246445,4.67654028436019,180.73578199052136,204.83056872037918,-21.26421800947868,1198.851895734597,121.28791469194313,86.62559241706163,9.0,333.9917061611375,267.25118483412325,273.9845971563981,309.5959715639811,0,783,Aedes excrucians,2019.47368421053,"{""type"":""Polygon"",""coordinates"":[[[-71.25264905727076,42.09254985963236],[-71.25984339614878,42.09079485611716],[-71.2642311066138,42.08621452567768],[-71.26410132297516,42.08059556123474],[-71.25950569876923,42.07612934569841],[-71.25223680062162,42.0745573313962],[-71.24512862309962,42.07649239697096],[-71.2409525634203,42.08118011594351],[-71.241337691374,42.0867926324665],[-71.24613484025512,42.09114102595786],[-71.25264905727076,42.09254985963236]]]}"
00000000000000000240,57.0,109.99348534201955,28.0,9366.480998914227,253.13572204125956,-130.12595005428884,383.2616720955483,-34.135722041259505,128.7785016286645,175.0,-66.7969598262758,1135.2019543973943,115.0,78.06731813246472,12.932681867535289,339.0,255.13463626492947,264.0673181324647,322.0,0,577,Aedes excrucians,2002.0,"{""type"":""Polygon"",""coordinates"":[[[-64.7703468374512,46.101446693419184],[-64.77804622676135,46.099691656109755],[-64.78274182466374,46.09511127188011],[-64.78260276832015,46.08949230939018],[-64.77768456753834,46.08502614879018],[-64.7699056569186,46.08345416507204],[-64.76229873349541,46.08538919383182],[-64.75782952232974,46.090076860407564],[-64.75824151621916,46.09568938271483],[-64.76337530957657,46.100037832037934],[-64.7703468374512,46.101446693419184]]]}"
000000000000000002a3,-76.89103554868625,88.0,17.0,14105.014683153016,170.48145285935087,-327.9435857805255,498.42503863987645,93.42503863987635,-252.89103554868626,96.26197836166924,-259.94358578052555,415.6715610510047,61.0,14.727975270479137,43.272024729520865,164.0,48.671561051004645,155.0,51.727975270479135,0,676,Aedes excrucians,2009.0,"{""type"":""Polygon"",""coordinates"":[[[-93.91165132417495,58.75894838440643],[-93.92194465605547,58.75719319555022],[-93.92822140499482,58.75261257012735],[-93.9280345306909,58.746993616423026],[-93.92145962378062,58.742527702154774],[-93.9110616106643,58.7409558555618],[-93.90089343059908,58.74289071925914],[-93.89491860636178,58.74757815088596],[-93.89546838016396,58.75319069910162],[-93.90233103766556,58.757539398776544],[-93.91165132417495,58.75894838440643]]]}"
0000000000000000031b,-76.0,89.0,17.0,14090.389751552793,171.35093167701865,-327.0,498.35093167701865,93.35093167701864,-251.0,97.0,-259.9922360248447,419.94565217391306,62.0,15.0,43.05434782608695,166.0,49.0,158.0,52.0,0,796,Aedes excrucians,2010.0,"{""type"":""Polygon"",""coordinates"":[[[-93.77884591750018,58.64274867005469],[-93.78910497347036,58.64099348306741],[-93.79536083129504,58.636412860618776],[-93.7951745911816,58.63079390680583],[-93.78862157510423,58.62632798949997],[-93.77825816643387,58.624756141216174],[-93.76812382668274,58.626691006948825],[-93.76216889717593,58.63137844147293],[-93.76271685283622,58.636990989369394],[-93.76955666716543,58.64133968595708],[-93.77884591750018,58.64274867005469]]]}"
00000000000000000182,42.98953974895398,130.85251046025104,27.0,12073.414225941422,280.08995815899584,-198.0,478.0899581589957,166.98953974895397,-121.13598326359836,191.25209205020923,-121.13598326359836,443.11192468619254,89.0,8.0,68.7050209205021,214.0,29.0,212.01359832635987,29.0,0,387,Aedes excrucians,2020.5,"{""type"":""Polygon"",""coordinates"":[[[-99.18215270081113,47.22195190163433],[-99.19001332667982,47.22019685399672],[-99.19480721531792,47.21561645332809],[-99.194665196462,47.20999749143549],[-99.18964401418097,47.205531347624735],[-99.18170228660668,47.20395937325329],[-99.17393614284245,47.20589439076217],[-99.16937334369676,47.2105820413247],[-99.1697939121585,47.216194565399256],[-99.1750351770833,47.22054303178535],[-99.18215270081113,47.22195190163433]]]}"
000000000000000002fe,89.0,106.0,28.0,9586.657317073172,281.0804878048781,-93.40121951219514,374.48170731707313,207.7536585365854,-26.0,207.7536585365854,-39.40121951219513,821.9817073170732,86.98414634146343,44.0,20.0,246.9841463414634,151.0,246.9841463414634,155.0,0,767,Aedes excrucians,2025.0,"{""type"":""Polygon"",""coordinates"":[[[-83.70265093983694,42.208749573984115],[-83.70985849710982,42.20699456955119],[-83.71425426583698,42.20241423765097],[-83.71412423963051,42.19679527326103],[-83.7095201727821,42.19232905921658],[-83.70223792616687,42.19075704574493],[-83.69511669506288,42.192692110319925],[-83.69093296288864,42.197379827869554],[-83.69131879411698,42.20299234454966],[-83.69612475389118,42.20734073955721],[-83.70265093983694,42.208749573984115]]]}"
00000000000000000323,88.9501822600243,105.6877278250304,28.0,9597.623329283113,280.95018226002435,-93.36573511543135,374.31591737545574,207.95261239368168,-26.0498177399757,207.95261239368168,-39.87970838396112,816.6938031591739,86.00243013365736,44.0,19.356014580801947,245.18590522478738,151.0498177399757,245.18590522478738,154.0498177399757,0,804,Aedes excrucians,2025.0,"{""type"":""Polygon"",""coordinates"":[[[-83.71095378599847,42.250245968387475],[-83.71816608270204,42.24849096362601],[-83.7225647407028,42.24391063120283],[-83.72243462752266,42.23829166683187],[-83.71782753358097,42.23382545332151],[-83.71054050090012,42.23225344014722],[-83.70341458946103,42.234188504364276],[-83.69922810632825,42.2388762214045],[-83.69961418971286,42.24448873814085],[-83.70442330861519,42.248837133691204],[-83.71095378599847,42.250245968387475]]]}"
000000000000000001a9,54.244397011739586,133.94236926360728,28.0,11491.944503735323,286.46211312700103,-181.69156883671286,468.15368196371395,171.8068303094984,-100.1462113127001,196.90394877267875,-100.1462113127001,418.42796157950903,79.66595517609392,10.0,64.90394877267875,200.66595517609392,31.0,191.66595517609392,31.0,0,426,Aedes fitchii,2021.625,"{""type"":""Polygon"",""coordinates"":[[[-100.91684556992578,46.81525067185269],[-100.92464655255962,46.813495628013506],[-100.9294040824495,46.80891523339066],[-100.92926315959454,46.80329627127835],[-100.9242800713058,46.798830121292994],[-100.9163985713474,46.79725814348412],[-100.90869132478424,46.799193165130745],[-100.90416314488525,46.80388082158247],[-100.9045805416565,46.809493345007084],[-100.9097820517275,46.81384180511792],[-100.91684556992578,46.81525067185269]]]}"
000000000000000001dd,85.56209850107066,105.97216274089936,39.0,5623.580299785868,244.60171306209853,-21.537473233404715,266.1391862955032,22.462526766595296,158.43468950749462,159.08779443254824,16.738758029978587,2512.8704496788014,435.80728051391867,24.02890792291221,68.9710920770878,1233.8875802997861,136.8865096359743,152.8865096359743,1167.9057815845827,0,478,Aedes fitchii,2019.57692307692,"{""type"":""Polygon"",""coordinates"":[[[-121.9905482303089,45.82755087031232],[-121.9982096492023,45.82579583546368],[-122.00288209998223,45.82121545515081],[-122.00274374113064,45.81559649251858],[-121.99784979202776,45.811130327918356],[-121.99010922427796,45.80955834197327],[-121.98253979672339,45.81149337341372],[-121.97809262507964,45.81618104380477],[-121.97850259952546,45.821793565690925],[-121.983611083734,45.82614201094861],[-121.9905482303089,45.82755087031232]]]}"
0000000000000000020c,94.16171224732463,115.35196195005943,31.0,8723.98929845422,279.4684898929845,-85.41736028537454,364.885850178359,5.248513674197383,181.28418549346017,205.2104637336504,-20.751486325802613,1201.7788347205706,121.46373365041616,87.06777645659929,9.0,333.6432818073721,269.11414982164086,275.84661117717,307.8953626634958,0,525,Aedes fitchii,2019.84210526316,"{""type"":""Polygon"",""coordinates"":[[[-71.33564630517854,42.00954815262352],[-71.34283124984172,42.007793149761795],[-71.34721323335685,42.003212820362464],[-71.34708362210581,41.997593855881775],[-71.34249399802397,41.99312763928314],[-71.33523458653892,41.991555624389505],[-71.32813568610612,41.993490690676175],[-71.32396507921209,41.998178410661914],[-71.32434970735002,42.003790927073034],[-71.32914059439234,42.00813931948478],[-71.33564630517854,42.00954815262352]]]}"
0000000000000000021a,47.65445026178011,133.21465968586386,27.0,12092.670157068062,286.2471204188482,-195.4115183246073,481.6586387434555,171.98010471204194,-116.70680628272252,195.97277486910994,-116.70680628272252,442.9068062827226,88.04607329842933,9.0,67.2041884816754,212.27748691099478,30.76858638743455,211.48586387434554,30.76858638743455,0,539,Aedes fitchii,2021.29411764706,"{""type"":""Polygon"",""coordinates"":[[[-99.04934729413634,47.18045104812992],[-99.05720177393425,47.17869600088256],[-99.06199191590981,47.17411560083509],[-99.06185001000114,47.16849663891991],[-99.05683275319902,47.16403049447475],[-99.04889723190196,47.16245851975015],[-99.04113715732014,47.164393537684155],[-99.03657792559173,47.16908118885176],[-99.0369981672273,47.174693712859536],[-99.04223533552958,47.17904217860089],[-99.04934729413634,47.18045104812992]]]}"
00000000000000000221,72.22276741903828,97.61432777232581,28.01570166830226,7765.308145240433,262.12953876349366,-81.79882237487735,343.92836113837103,-22.36015701668303,168.97644749754662,168.97644749754662,-29.633954857703635,994.5279685966636,154.15505397448482,32.89695780176644,56.35623159960747,455.02158979391567,115.63886162904811,115.63886162904811,395.34543670264975,0,546,Aedes fitchii,2018.16666666667,"{""type"":""Polygon"",""coordinates"":[[[-122.78735391575124,50.3427518741116],[-122.7957190947212,50.3409967952342],[-122.80082055538017,50.33641634484347],[-122.80066925826284,50.330797384758874],[-122.79532582080873,50.3263312917296],[-122.78687460768701,50.324759345628],[-122.77861023238285,50.32669432910756],[-122.77375457156352,50.331381931235654],[-122.7742019640249,50.33699446065436],[-122.77977953096502,50.341342978650104],[-122.78735391575124,50.3427518741116]]]}"
00000000000000000237,89.66584158415843,149.21039603960395,36.0,8878.732673267328,316.35643564356434,-95.04084158415841,411.3972772277228,76.65594059405942,162.64975247524754,207.7128712871287,-21.448019801980198,328.6287128712871,36.43440594059406,21.475247524752472,18.548267326732674,105.44430693069307,68.57549504950497,68.77227722772278,69.59900990099011,0,568,Aedes fitchii,2022.9375,"{""type"":""Polygon"",""coordinates"":[[[-112.45385097089998,40.18354627123744],[-112.46083891941568,40.18179128233699],[-112.4651008085891,40.177210975160385],[-112.46497481165986,40.171592009873535],[-112.46051100999955,40.16712577057863],[-112.4534505343558,40.165553743049266],[-112.44654617495898,40.167488824545934],[-112.44248991271037,40.172176566178656],[-112.44286405906942,40.177789080199396],[-112.44752363523554,40.182137449545074],[-112.45385097089998,40.18354627123744]]]}"
0000000000000000025a,45.092631578947376,131.0494736842105,27.0,12070.50947368421,283.0494736842105,-196.5673684210526,479.6168421052631,169.36105263157896,-118.05789473684212,194.0,-118.05789473684212,447.5978947368421,89.0,9.0,67.0,215.04421052631582,30.0,214.0,30.0,0,603,Aedes fitchii,2021.6875,"{""type"":""Polygon"",""coordinates"":[[[-99.0576456811968,47.12234896140352],[-99.0654915794015,47.120593914701516],[-99.07027649001064,47.11601351552206],[-99.07013474180431,47.11039455357533],[-99.06512296604346,47.10592840824367],[-99.05719611040905,47.10435643302555],[-99.04944451006774,47.106291451553616],[-99.04489025942827,47.11097910356675],[-99.04531004472224,47.11659162748122],[-99.0505414930187,47.12094009232161],[-99.0576456811968,47.12234896140352]]]}"
00000000000000000287,93.99403341288784,112.67541766109788,30.7291169451074,8702.287589498806,279.17541766109787,-83.00596658711218,362.18138424821007,5.875894988066827,181.88663484486875,204.99403341288786,-20.005966587112173,1191.2899761336519,120.05966587112172,85.62291169451075,9.14200477326969,332.22673031026255,264.30548926014325,271.10381861575183,310.02505966587114,0,648,Aedes fitchii,2019.48571428571,"{""type"":""Polygon"",""coordinates"":[[[-71.19455142964541,42.117449479914804],[-71.2017485944261,42.11569447620324],[-71.20613802763206,42.1111141454512],[-71.20600819213642,42.10549518101959],[-71.20141076301483,42.101028965802485],[-71.19413901115604,42.099456951678],[-71.1870280429652,42.10139201703883],[-71.1828503430168,42.106079735706906],[-71.18323562132103,42.11169225226352],[-71.18803465384471,42.116040646079306],[-71.19455142964541,42.117449479914804]]]}"
0000000000000000028b,127.05305039787798,147.01591511936337,44.0,6485.95623342175,315.80238726790446,-12.709549071618035,328.51193633952255,59.30769230769231,213.54641909814322,213.8183023872679,52.785145888594165,810.1445623342174,153.96684350132625,2.9827586206896552,82.23474801061006,417.6962864721485,13.982758620689655,24.74933687002652,414.67374005305044,0,652,Aedes fitchii,2021.66666666667,"{""type"":""Polygon"",""coordinates"":[[[-119.25154986733082,37.03785113757877],[-119.25823794618337,37.03609617105906],[-119.26231702489554,37.03151589950739],[-119.26219652785788,37.025896932929],[-119.25792425492547,37.021430657250015],[-119.25116660471025,37.01985860946408],[-119.24455838073521,37.02179371534413],[-119.24067617528718,37.02648149167873],[-119.24103436419995,37.032094001866675],[-119.24549405613685,37.03644233423557],[-119.25154986733082,37.03785113757877]]]}"
000000000000000002aa,63.58977035490606,146.68371607515658,30.68371607515658,11047.585594989561,303.589770354906,-169.11482254697287,472.7045929018789,175.8288100208768,-84.38726513569937,202.37369519832984,-84.38726513569937,298.1951983298539,58.0,7.0,68.52505219206681,151.5250521920668,26.0,133.67014613778704,26.0,0,683,Aedes fitchii,2017.66666666667,"{""type"":""Polygon"",""coordinates"":[[[-106.76834997742174,47.96064658214817],[-106.77632233889963,47.95889152746004],[-106.78118434163915,47.954311115569446],[-106.78104026910205,47.94869215408473],[-106.77594772166395,47.944226021735034],[-106.7678931644305,47.942654053743986],[-106.76001668336221,47.94458906357258],[-106.7553890285692,47.94927670320381],[-106.7558155384176,47.95488922848467],[-106.76113127974395,47.95923770651869],[-106.76834997742174,47.96064658214817]]]}"
000000000000000002bd,63.12053115423902,125.01736465781408,34.029622063329924,7897.818181818181,268.2696629213483,-90.5097037793667,358.77936670071495,129.35648621041878,18.058222676200202,166.59039836567925,-37.33707865168539,504.26251276813065,65.97650663942797,31.40143003064351,23.89172625127681,159.729315628192,99.26455566905003,141.25638406537283,123.2543411644535,0,702,Aedes fitchii,2016.33333333333,"{""type"":""Polygon"",""coordinates"":[[[-114.23835199878167,48.09344752972191],[-114.24634492738826,48.09169247374485],[-114.25121946781098,48.08711205980282],[-114.25107501719113,48.08149309839267],[-114.24596933361322,48.077026968138135],[-114.23789400797489,48.07545500131348],[-114.22999721726225,48.07739000973807],[-114.22535762452111,48.08207764737095],[-114.2257852279323,48.08769017287233],[-114.23111467805333,48.09203865303569],[-114.23835199878167,48.09344752972191]]]}"
000000000000000002d5,53.34685165421558,133.94236926360725,28.0,11487.896478121664,285.4994663820704,-182.15688367129135,467.6563500533618,170.49946638207044,-101.26787620064034,196.0042689434365,-101.26787620064034,420.6627534685166,80.00213447171824,10.0,64.12273212379935,201.44290288153678,31.0,192.00426894343647,31.0,0,726,Aedes fitchii,2020.76923076923,"{""type"":""Polygon"",""coordinates"":[[[-100.91684556992578,46.79864943863071],[-100.92464414551337,46.79689439494535],[-100.92940020805572,46.79231400056734],[-100.92925932942917,46.78669503844614],[-100.92427777851601,46.782228888210724],[-100.91639870919356,46.78065691026265],[-100.90869383957394,46.78259193207683],[-100.9041670568182,46.787279588767056],[-100.90458432558474,46.79289211216536],[-100.90978423125048,46.797240572022055],[-100.91684556992578,46.79864943863071]]]}"
00000000000000000301,56.610991379310356,109.61099137931035,28.0,9363.834051724138,253.08405172413796,-130.14655172413794,383.2306034482759,-34.625,128.86853448275863,174.61099137931035,-66.87500000000001,1139.7683189655172,115.38793103448276,78.38900862068968,12.662715517241377,340.21767241379314,256.21875,265.1659482758621,323.1659482758622,0,770,Aedes fitchii,2002.0,"{""type"":""Polygon"",""coordinates"":[[[-64.7703468374512,46.084849919298264],[-64.77804391021373,46.083094882138646],[-64.78273809592844,46.07851449814744],[-64.7825990821401,46.07289553564885],[-64.77768236093519,46.06842937480532],[-64.76990578958319,46.066857390951625],[-64.76230115375299,46.0687924198746],[-64.75783328720244,46.0734800866826],[-64.75824515788894,46.07909260896423],[-64.76337740715483,46.08344105803984],[-64.7703468374512,46.084849919298264]]]}"
0000000000000000019f,-52.223017292784725,107.64341085271316,21.0,14644.90936195587,202.06261180679783,-298.9743589743589,501.0369707811567,107.54502087060224,-208.53249850924263,133.27370304114487,-237.52415026833629,391.0166964818126,82.8622540250447,17.0,59.31246273106737,186.89206917113887,56.18843172331544,179.4382826475849,58.18843172331543,0,416,Aedes fitchii,2010.0,"{""type"":""Polygon"",""coordinates"":[[[-154.83364680216764,64.92584500941258],[-154.84624370083068,64.92408969900157],[-154.85392434466345,64.91950888014658],[-154.8536946979279,64.9138899335217],[-154.84564862151058,64.90942421680559],[-154.83292521529484,64.90785248016904],[-154.8204829817554,64.90978721150697],[-154.81317111241194,64.9144744547054],[-154.81384291851717,64.92008702366591],[-154.82224067509776,64.92443592412289],[-154.83364680216764,64.92584500941258]]]}"
000000000000000002ec,51.0,154.64369034994698,38.0,8314.507953340402,273.80593849416755,-129.16224814422057,402.9681866383881,134.76882290562037,-55.06998939554612,159.41569459172848,-55.06998939554612,281.51537645811237,47.51537645811241,9.0,50.51537645811241,122.5153764581124,37.0,107.5153764581124,37.0,0,749,Aedes fitchii,2010.0,"{""type"":""Polygon"",""coordinates"":[[[-112.73605409926942,46.325552194163265],[-112.74378496960583,46.323797154822145],[-112.74849975859811,46.31921676735869],[-112.7483601239213,46.31359780498625],[-112.74342181624183,46.30913164768895],[-112.73561111587657,46.307559665809464],[-112.72797310494641,46.30949469235602],[-112.7234856209597,46.31418235578171],[-112.72389928910705,46.31979487843664],[-112.72905406608051,46.324143331116304],[-112.73605409926942,46.325552194163265]]]}"
000000000000000002ee,56.135254988913516,84.0609756097561,24.0,9009.08647450111,227.06097560975607,-115.91463414634146,342.97560975609764,99.07427937915743,34.06097560975609,167.0,-61.03658536585367,829.6241685144125,85.0,53.487804878048784,15.0,236.20509977827052,169.42682926829272,207.55986696230602,216.63192904656322,0,751,Aedes fitchii,2012.0,"{""type"":""Polygon"",""coordinates"":[[[-81.65254801680783,45.25485068561406],[-81.6601317949568,45.25309565583346],[-81.66475691505157,45.24851528358726],[-81.66461998221996,45.242896320662034],[-81.65977562225557,45.238430147823244],[-81.65211345715116,45.23685815729165],[-81.64462070030068,45.23879319425302],[-81.64021859441077,45.2434808725018],[-81.64062443935956,45.24909339352064],[-81.64568117205411,45.25344183040545],[-81.65254801680783,45.25485068561406]]]}"
000000000000000002b3,49.54949494949494,145.81616161616157,37.0,8176.058585858585,270.15252525252515,-119.25454545454544,389.40707070707066,-49.07474747474747,106.95353535353533,155.15656565656565,-55.832323232323226,549.6585858585858,65.83838383838383,34.204040404040406,23.258585858585857,168.7313131313131,109.4121212121212,140.4181818181818,160.72727272727272,0,692,Aedes fitchii,2013.0,"{""type"":""Polygon"",""coordinates"":[[[-114.65335161562375,48.624646860915746],[-114.66142832157065,48.62289179971574],[-114.6663539323337,48.61831137746067],[-114.66620794144238,48.612692416352765],[-114.66104874967675,48.60822629458838],[-114.65288882717043,48.60665433249017],[-114.64490930826673,48.608589335225375],[-114.64022108796901,48.61327696476052],[-114.64065314564132,48.61888949115543],[-114.64603843648007,48.62323797994739],[-114.65335161562375,48.624646860915746]]]}"
00000000000000000241,65.69502074688796,145.0,37.0,8164.601659751037,275.7240663900415,-114.0,389.72406639004146,147.47302904564316,-37.0,172.6929460580913,-37.0,477.4730290456431,89.33817427385891,16.0,54.69502074688796,211.64315352697093,62.38278008298755,166.30497925311204,62.38278008298755,0,578,Aedes fitchii,2016.0,"{""type"":""Polygon"",""coordinates"":[[[-110.50335098810169,47.27174668309816],[-110.5112190064894,47.269991634991484],[-110.5160174016266,47.26541123357627],[-110.515875246915,47.25979227171079],[-110.51084934305251,47.25532612866253],[-110.50290015054645,47.25375415471558],[-110.49512670674847,47.25568917171349],[-110.49055961669892,47.26037682154878],[-110.49098057826613,47.265989345703595],[-110.49622677062347,47.270337812864604],[-110.50335098810169,47.27174668309816]]]}"
00000000000000000313,22.096739130434788,154.87282608695654,38.0,8592.921739130436,248.3413043478261,-157.96956521739133,406.31086956521744,107.42065217391306,-34.99456521739131,133.6663043478261,-86.37391304347827,492.13478260869573,61.167391304347824,28.257608695652173,22.011956521739133,161.80978260869566,99.15760869565219,146.67826086956524,106.34782608695653,0,788,Aedes fitchii,2018.0,"{""type"":""Polygon"",""coordinates"":[[[-110.60294946923146,44.964349170184164],[-110.61049474890865,44.962594142935394],[-110.61509639981745,44.95801377471903],[-110.61496017399043,44.952394811647444],[-110.6101404030213,44.94792863469295],[-110.60251711433695,44.94635664187007],[-110.59506237510719,44.948291681589524],[-110.59068261525773,44.952979363763774],[-110.59108641248088,44.95859188434931],[-110.59611748391198,44.962940317051306],[-110.60294946923146,44.964349170184164]]]}"
00000000000000000174,68.71119842829077,97.97053045186641,28.173870333988212,7705.130648330059,256.9941060903733,-84.41748526522595,341.4115913555992,-24.981335952848728,165.31827111984282,165.31827111984282,-32.22593320235757,951.9243614931237,147.1630648330059,32.90962671905697,55.048133595284874,432.9577603143418,114.77799607072691,114.77799607072691,378.36640471512766,0,373,Aedes fitchii,2019.0,"{""type"":""Polygon"",""coordinates"":[[[-122.74584860314577,50.3427518741116],[-122.75421378211574,50.34099679523419],[-122.7593152427747,50.33641634484347],[-122.75916394565738,50.330797384758874],[-122.75382050820326,50.3263312917296],[-122.74536929508155,50.324759345628],[-122.73710491977738,50.32669432910756],[-122.73224925895802,50.331381931235654],[-122.73269665141943,50.33699446065436],[-122.73827421835958,50.34134297865011],[-122.74584860314577,50.3427518741116]]]}"
0000000000000000031f,98.00359712230215,104.98441247002398,29.0,8579.328537170264,277.43884892086334,-74.05755395683452,351.4964028776979,11.143884892086334,183.43884892086328,207.45443645083932,-14.057553956834536,1176.2781774580337,119.13908872901678,80.85611510791367,10.88369304556355,332.7122302158274,255.4208633093525,257.82973621103116,313.67745803357315,0,800,Aedes fitchii,2020.0,"{""type"":""Polygon"",""coordinates"":[[[-70.93724792155842,42.22535080720609],[-70.94445737370765,42.22359580264178],[-70.94885429759815,42.21901547053242],[-70.94872423661874,42.21339650615008],[-70.94411895950523,42.20893029231922],[-70.93683479936834,42.20735827896648],[-70.92971169701494,42.20929334339833],[-70.92552686497729,42.213981060744246],[-70.92591279702056,42.219593577446844],[-70.93072001984889,42.22394197267146],[-70.93724792155842,42.22535080720609]]]}"
00000000000000000115,88.81883194278905,105.96185935637664,28.0,9589.18831942789,280.0345649582837,-94.35280095351608,374.38736591179975,207.05244338498213,-26.390941597139456,207.05244338498213,-40.0,822.0381406436235,87.0,44.0,20.0,247.0,151.0,247.0,155.0,0,278,Aedes fitchii,2025.0,"{""type"":""Polygon"",""coordinates"":[[[-83.71925217305893,42.217047961044564],[-83.72646067731532,42.21529295654597],[-83.73085702334701,42.210712624541216],[-83.73072697976244,42.20509366015508],[-83.72612230807185,42.200627446217375],[-83.71883910515488,42.19905543280517],[-83.71171693887516,42.20099049730862],[-83.70753265703311,42.205678214756425],[-83.70791853864475,42.211290731447775],[-83.71272512964296,42.21563912656382],[-83.71925217305893,42.217047961044564]]]}"
0000000000000000010b,87.24703891708967,55.0,35.0,3730.108291032149,177.69373942470384,22.033840947546526,155.65989847715733,62.49915397631133,135.28595600676817,135.28595600676817,42.247038917089675,1667.6971235194583,234.72250423011843,54.0,48.25211505922166,693.4145516074449,193.994923857868,209.63959390862942,600.9441624365481,1,268,Aedes sierrensis,1983.0,"{""type"":""Polygon"",""coordinates"":[[[-126.9629988334317,50.56699560698835],[-126.97140375676872,50.56524052570959],[-126.97652944487989,50.56066007149692],[-126.97637741637922,50.55504111155138],[-126.97100859455908,50.5505750224255],[-126.96251724941166,50.54900307849686],[-126.95421362852387,50.550938059360746],[-126.94933489861351,50.555625657765866],[-126.94978440349,50.56123818759526],[-126.95538846103015,50.56558670955807],[-126.9629988334317,50.56699560698835]]]}"
0000000000000000010c,94.82467532467533,85.0,37.0,5066.13961038961,224.82467532467535,-2.175324675324675,227.0,37.91233766233766,161.82467532467533,161.82467532467533,33.701298701298704,1107.6493506493507,183.47402597402598,26.0,61.0,526.7012987012987,94.21103896103897,94.21103896103897,473.7012987012987,1,269,Aedes sierrensis,1981.0,"{""type"":""Polygon"",""coordinates"":[[[-123.58300023491971,49.006002560309604],[-123.59113861209725,49.00424749529171],[-123.59610181722611,48.99966706695997],[-123.5959546922794,48.99404810607302],[-123.590756111447,48.98958199051477],[-123.58253391478456,48.98801003187149],[-123.57449349729767,48.98994503044788],[-123.56976948068716,48.99463265406373],[-123.5702048170635,49.00024518111177],[-123.57563121391668,49.00459367621107],[-123.58300023491971,49.006002560309604]]]}"
0000000000000000010d,84.81132075471699,51.90566037735848,32.0,3714.4150943396226,175.81132075471697,18.0,157.81132075471697,67.90566037735849,130.81132075471697,136.81132075471697,42.90566037735849,2595.433962264151,358.811320754717,84.0,41.0,984.6226415094341,298.0,386.9056603773585,863.811320754717,1,270,Aedes sierrensis,1981.0,"{""type"":""Polygon"",""coordinates"":[[[-131.442995234414,52.58499746153371],[-131.451781818973,52.583242357561],[-131.45714015754456,52.57866186722912],[-131.45698110160333,52.57304290859832],[-131.45136851726224,52.568576856361155],[-131.44249179503993,52.56700493296772],[-131.43381130908853,52.56893988911267],[-131.42871104929495,52.57362745233381],[-131.42918083522727,52.579239986043966],[-131.43503927636235,52.583588545497356],[-131.442995234414,52.58499746153371]]]}"
0000000000000000010e,82.96432552954292,52.0,32.00780379041249,3772.9375696767,174.99442586399107,15.41583054626533,159.57859531772576,65.36343366778149,129.68004459308807,135.62764771460425,40.36343366778149,2622.5551839464883,363.958751393534,84.08695652173913,41.27982162764771,999.6711259754737,297.1761426978818,386.5039018952062,877.5117056856188,1,271,Aedes sierrensis,1981.0,"{""type"":""Polygon"",""coordinates"":[[[-131.4660041958498,52.67400111856048],[-131.4748086688655,52.67224601353906],[-131.48017791160947,52.6676655215381],[-131.48001852611003,52.66204656296807],[-131.47439451666924,52.65758051243556],[-131.46549973213467,52.656008589991046],[-131.45680158281067,52.65794354499374],[-131.4516909399284,52.66263110658901],[-131.45216167624153,52.66824364047848],[-131.45803204019657,52.672592201664315],[-131.4660041958498,52.67400111856048]]]}"
0000000000000000010f,80.49503311258277,54.0,32.003311258278146,3909.9072847682114,176.48013245033113,11.501655629139073,164.97847682119203,61.716887417218544,129.48013245033115,134.82615894039736,36.48675496688742,2872.3509933774835,403.3824503311258,87.56456953642385,43.0,1105.887417218543,308.7086092715232,406.6672185430464,978.3162251655629,1,272,Aedes sierrensis,1981.0,"{""type"":""Polygon"",""coordinates"":[[[-131.61700273482262,52.77499975742103],[-131.62582762139263,52.773244651204365],[-131.63120930750267,52.768664157301124],[-131.63104954590506,52.76304519880038],[-131.6254124986262,52.75857915021067],[-131.6164971021747,52.75700722884766],[-131.60777879618485,52.758942182548516],[-131.60265630456007,52.763629742290746],[-131.60312812538658,52.769242276384574],[-131.60901209514716,52.77359083954492],[-131.61700273482262,52.77499975742103]]]}"
00000000000000000110,78.0889328063241,53.9604743083004,32.0,3989.5671936758895,173.54545454545453,7.664031620553359,165.88142292490116,58.3399209486166,128.300395256917,133.33399209486166,33.3794466403162,2440.782608695652,342.7826086956522,79.2905138339921,42.9604743083004,946.8083003952569,274.3616600790514,358.3162055335968,826.2628458498024,1,273,Aedes sierrensis,1981.0,"{""type"":""Polygon"",""coordinates"":[[[-131.61199962344065,52.97699703514213],[-131.6208657053905,52.97524192651828],[-131.62627250266286,52.97066142878387],[-131.6261119820183,52.96504247042264],[-131.6204486238707,52.96057642574572],[-131.61149163184587,52.959004506560866],[-131.60273264899135,52.96093945763981],[-131.59758624612917,52.96562701365006],[-131.59806025547834,52.97123954815545],[-131.6039716822569,52.975588115292446],[-131.61199962344065,52.97699703514213]]]}"
00000000000000000107,61.091836734693885,129.0,34.3795918367347,8081.360204081634,270.49795918367346,-98.17346938775512,368.6714285714286,143.6173469387755,16.20204081632653,165.61734693877554,-42.83979591836735,478.03367346938774,64.64489795918367,28.683673469387752,25.85918367346939,154.59387755102043,92.48163265306124,137.64489795918368,117.63673469387756,1,264,Aedes sierrensis,2005.0,"{""type"":""Polygon"",""coordinates"":[[[-114.30699985949947,48.217798480799345],[-114.3150121821257,48.21604342360937],[-114.31989854509155,48.21146300773677],[-114.31975373793603,48.20584404639681],[-114.31463566748282,48.20137791811397],[-114.30654075805934,48.19980595238694],[-114.29862481615349,48.20174095949026],[-114.29397396638305,48.2064285952426],[-114.29440260096335,48.21204112095149],[-114.2997449779426,48.216389603118685],[-114.30699985949947,48.217798480799345]]]}"
00000000000000000109,60.41777323799795,129.876404494382,34.030643513789585,8160.923391215527,270.5903983656793,-101.58222676200204,372.1726251276813,143.74463738508683,14.995914198161387,165.7446373850868,-45.0040858018386,482.1991828396323,65.0,29.0,25.0,154.5331971399387,93.25536261491318,138.0,120.38304392236975,1,266,Aedes sierrensis,2005.0,"{""type"":""Polygon"",""coordinates"":[[[-114.27600018897591,48.27800080412192],[-114.28402194832296,48.2762457463426],[-114.28891406388362,48.27166532953199],[-114.28876908323905,48.266046368226135],[-114.28364498559523,48.26158024090129],[-114.27554054712569,48.260008275707584],[-114.26761528666326,48.26194328216893],[-114.26295895946029,48.26663091700754],[-114.26338809577906,48.272243442817256],[-114.26873676269008,48.27659192595808],[-114.27600018897591,48.27800080412192]]]}"
0000000000000000010a,74.61661341853035,148.00638977635782,37.0,8360.516506922257,294.65601703940365,-102.18317358892439,396.839190628328,113.61128860489885,-29.176783812566562,186.51011714589993,-29.176783812566562,371.7848775292865,69.23855165069223,11.0,57.24494142705006,169.0170394036209,38.0,127.01597444089458,38.0,1,267,Aedes sierrensis,2005.0,"{""type"":""Polygon"",""coordinates"":[[[-109.97100120883607,45.84650204978947],[-109.97866523725209,45.84474701477136],[-109.98333927882317,45.84016663418871],[-109.98320087203831,45.83454767156629],[-109.97830525623462,45.83008150724157],[-109.97056205336193,45.82850952144987],[-109.96299004889501,45.830444552705686],[-109.95854136258166,45.83513222283397],[-109.9589514758161,45.840744744749124],[-109.9640616994012,45.845093190286796],[-109.97100120883607,45.84650204978947]]]}"
00000000000000000105,62.47745901639343,128.0,34.15266393442622,8059.214139344263,270.2100409836065,-96.48258196721311,366.6926229508196,145.0,17.364754098360656,167.0,-40.99692622950819,482.41700819672127,65.0030737704918,29.789959016393436,25.210040983606557,155.8934426229508,93.33196721311475,138.33811475409834,117.0,1,262,Aedes sierrensis,2007.0,"{""type"":""Polygon"",""coordinates"":[[[-114.26000093439615,48.21299602896479],[-114.26801250557439,48.211240971821766],[-114.27289841045982,48.206660556023905],[-114.2727536171191,48.20104159468123],[-114.26763602661234,48.19657546632205],[-114.25954187598899,48.19500350055254],[-114.25162667612197,48.19693850770701],[-114.24697626252059,48.20162614353213],[-114.24740485714716,48.20723866923299],[-114.25274673325775,48.211587151322625],[-114.26000093439615,48.21299602896479]]]}"
00000000000000000106,54.370786516853926,133.2829417773238,35.0,8126.470888661899,266.876404494382,-108.23595505617976,375.11235955056173,137.82737487231867,9.733401430030643,159.42900919305413,-50.12359550561798,523.5393258426966,66.89581205311542,31.123595505617974,24.0,158.68947906026557,105.43105209397343,141.6894790602656,142.67926455566905,1,263,Aedes sierrensis,2007.0,"{""type"":""Polygon"",""coordinates"":[[[-114.34100496413303,48.34329987994858],[-114.34903699431877,48.34154482152846],[-114.35393537094585,48.336964403697905],[-114.35379020147266,48.33134544242913],[-114.34865954389221,48.32687931614595],[-114.34054473410603,48.32530735153213],[-114.33260933142127,48.32724235729545],[-114.3279470426324,48.33192999114055],[-114.3283767250336,48.33754251705989],[-114.33373223784402,48.34189100125937],[-114.34100496413303,48.34329987994858]]]}"
00000000000000000108,59.44683026584867,130.09100204498978,34.091002044989764,8146.955010224949,269.6124744376278,-102.65337423312883,372.2658486707566,142.70347648261756,14.346625766871163,164.57259713701433,-45.56237218813906,482.53783231083844,65.0,28.648261758691206,25.360940695296527,154.19018404907973,93.64314928425357,138.0,121.579754601227,1,265,Aedes sierrensis,2007.0,"{""type"":""Polygon"",""coordinates"":[[[-114.29100060491969,48.28839942777856],[-114.2990239974016,48.2866443698973],[-114.3039171085157,48.28206395292445],[-114.30377209784638,48.27644499162448],[-114.29864695712688,48.271978864465346],[-114.29054086954523,48.270406899363884],[-114.28261399639831,48.272341905714185],[-114.27795672126167,48.27702954039476],[-114.27838594441168,48.28264206622191],[-114.28373569986863,48.28699054953114],[-114.29100060491969,48.28839942777856]]]}"
00000000000000000104,123.38199181446113,137.03956343792635,46.61800818553889,5781.809004092769,291.53615279672584,0.13642564802182808,291.39972714870396,62.55252387448841,188.92905866302866,203.0218281036835,60.0818553888131,735.7762619372442,129.0054570259209,3.1664392905866303,79.69713506139155,382.83219645293315,31.84174624829468,49.20463847203274,365.35197817189635,1,261,Aedes sierrensis,2008.0,"{""type"":""Polygon"",""coordinates"":[[[-116.90862223722297,33.346076652510924],[-116.91501308339764,33.34432171000823],[-116.91891095845016,33.33974147668703],[-116.91879591199209,33.334122508723766],[-116.91471348377263,33.32965619399961],[-116.90825599760187,33.32808412447511],[-116.90194130640042,33.330019256522455],[-116.89823162721348,33.334707070096805],[-116.89857399800731,33.34031957617051],[-116.90283556274159,33.3446678688584],[-116.90862223722297,33.346076652510924]]]}"
00000000000000000102,104.76522702104097,142.6423034330011,36.6423034330011,8339.81284606866,326.9789590254706,-58.988925802879294,385.9678848283499,5.011074197120708,207.04983388704318,213.765227021041,-2.009966777408638,325.7630121816167,41.24916943521595,8.0,37.273532668881494,119.48726467331117,37.23477297895902,42.99335548172757,109.70764119601328,1,259,Aedes sierrensis,2009.0,"{""type"":""Polygon"",""coordinates"":[[[-116.24099670929897,43.65679805008012],[-116.24837574717611,43.65504303391852],[-116.25287605428025,43.650462683349566],[-116.25274288071574,43.64484371963721],[-116.24802928865105,43.640377524659286],[-116.2405738749482,43.63880552180243],[-116.23328330221585,43.640740573600084],[-116.22900003575576,43.64542827296461],[-116.22939498989324,43.65104079165247],[-116.23431525188083,43.65538920603726],[-116.24099670929897,43.65679805008012]]]}"
00000000000000000103,104.95232815964523,138.03325942350335,36.0,8380.454545454544,326.23392461197346,-56.36585365853658,382.59977827051006,6.7361419068736135,209.37250554323725,215.20066518847008,-1.2638580931263859,347.719512195122,45.30820399113082,8.0,40.4988913525499,131.26829268292684,37.79046563192905,43.35033259423503,119.68625277161863,1,260,Aedes sierrensis,2009.0,"{""type"":""Polygon"",""coordinates"":[[[-116.09600012034406,43.55699890940296],[-116.10336692643455,43.55524389406762],[-116.10785977679998,43.55066354481388],[-116.10772682777339,43.54504458105378],[-116.1030210481813,43.54057838473263],[-116.09557798650303,43.539006381127976],[-116.08829949292706,43.54094143382577],[-116.08402332628849,43.54562913447143],[-116.08441762972224,43.551241653017854],[-116.08932973850935,43.555590066037546],[-116.09600012034406,43.55699890940296]]]}"
000000000000000000ff,91.50984936268829,70.74739281575897,41.962920046349936,3511.2885283893397,184.5086906141367,17.969872537659324,166.53881807647738,57.008111239860945,135.90034762456546,138.50869061413673,51.07531865585168,3221.2699884125136,441.0046349942062,76.79490150637312,51.0,1299.275782155272,286.48203939745076,322.0115874855156,1225.2769409038237,1,256,Aedes sierrensis,2010.0,"{""type"":""Polygon"",""coordinates"":[[[-125.8399965286266,49.088999808217395],[-125.84814850079361,49.08724474236083],[-125.85311999331603,49.08266431269426],[-125.85297261835042,49.07704535185586],[-125.84776535448121,49.07257923766089],[-125.83952942995957,49.07100727977654],[-125.83147558784641,49.072942277439374],[-125.82674368019214,49.07762989975496],[-125.82717973931008,49.08324242694646],[-125.83261519767717,49.087590923431286],[-125.8399965286266,49.088999808217395]]]}"
00000000000000000100,92.07762096774196,74.0,42.0,3593.4616935483878,188.08870967741936,14.342741935483872,173.74596774193546,54.07762096774194,137.0887096774194,139.37802419354844,49.27217741935485,2988.1421370967746,432.1814516129033,70.27822580645162,53.0,1228.7167338709678,259.38608870967744,306.53528225806457,1168.8659274193546,1,257,Aedes sierrensis,2010.0,"{""type"":""Polygon"",""coordinates"":[[[-125.5500033507168,49.03899544900405],[-125.55814712466584,49.03724038365311],[-125.56311361962304,49.032659954791285],[-125.56296639542795,49.02704099392361],[-125.55776436771025,49.02257487890675],[-125.54953672152953,49.02100292056485],[-125.54149097489814,49.02293791877845],[-125.53676382579818,49.027625541877946],[-125.53719944908067,49.03323806898295],[-125.54262944306289,49.03758656463248],[-125.5500033507168,49.03899544900405]]]}"
00000000000000000101,92.05309734513276,72.18141592920354,42.514380530973455,3482.4137168141597,184.27323008849558,16.386061946902657,167.88716814159292,55.832964601769916,135.17809734513276,138.61504424778764,50.832964601769916,3088.742256637168,444.81637168141594,73.0,52.74446902654868,1263.4081858407078,269.8108407079646,319.3484513274337,1205.2068584070798,1,258,Aedes sierrensis,2010.0,"{""type"":""Polygon"",""coordinates"":[[[-125.59300246217519,48.98399689661085],[-125.6011372452765,48.982241831814854],[-125.60609825948494,48.97766140383628],[-125.60595120063365,48.972042442936484],[-125.60075491531616,48.96757632701754],[-125.59253634785887,48.966004368173465],[-125.584499479412,48.96793936699156],[-125.57977754893874,48.97262699095144],[-125.580212694244,48.97823951796151],[-125.5856366955244,48.98258801269425],[-125.59300246217519,48.98399689661085]]]}"
000000000000000000fd,97.0,90.27043390514632,37.0,5302.109989909183,232.5277497477296,-10.19071644803229,242.71846619576186,34.486377396569125,165.0,165.0,30.051463168516648,1521.5953582240163,221.82845610494448,45.24217961654894,47.19071644803229,632.9051463168515,167.38042381432896,167.38042381432896,580.8153380423814,1,254,Aedes sierrensis,2011.0,"{""type"":""Polygon"",""coordinates"":[[[-122.57599698491899,49.18199881978805],[-122.5841642648278,49.18024375298843],[-122.58914508881463,49.17566332182085],[-122.58899743232115,49.17004436103703],[-122.5837803914934,49.16557824837504],[-122.57552900963857,49.1640062913441],[-122.5674600516266,49.16594128797967],[-122.56271925878346,49.17062890883312],[-122.56315613168577,49.17624143618594],[-122.56860179316546,49.180589934228756],[-122.57599698491899,49.18199881978805]]]}"
000000000000000000fe,61.82172131147541,128.93954918032787,34.0,8103.366803278688,271.0,-98.20594262295081,369.20594262295083,144.76536885245903,16.572745901639344,166.765368852459,-42.205942622950815,478.4108606557377,65.0,29.09426229508196,25.905737704918028,155.0,92.12807377049181,138.0,117.06762295081968,1,255,Aedes sierrensis,2011.0,"{""type"":""Polygon"",""coordinates"":[[[-114.27400251170397,48.2299004810584],[-114.28201672882626,48.228145423750064],[-114.28690424667116,48.22356500768908],[-114.28675940468666,48.21794604635597],[-114.28164012422735,48.21347991826552],[-114.27354330177222,48.21190795264561],[-114.26562548909217,48.21384295962],[-114.26097353968396,48.218530595188824],[-114.26140227499256,48.224143120917965],[-114.26674591472543,48.2284916032807],[-114.27400251170397,48.2299004810584]]]}"
000000000000000000fa,137.7687338501292,152.74289405684755,51.52713178294574,4959.0581395348845,308.94444444444446,16.251937984496124,292.6925064599483,77.78940568475451,200.5258397932817,201.0232558139535,77.78940568475451,1135.812661498708,245.49870801033592,2.0,90.52196382428943,624.7002583979329,11.749354005167959,20.741602067183464,624.7002583979329,1,251,Aedes sierrensis,2013.0,"{""type"":""Polygon"",""coordinates"":[[[-122.69238844061601,38.592026218746796],[-122.69921881444893,38.5902712414148],[-122.7033846410727,38.585690952652385],[-122.70326153443537,38.58007198669783],[-122.69889837670472,38.57560572859634],[-122.6919970285543,38.5740336905966],[-122.6852482812269,38.57596878469675],[-122.68128348184771,38.58065654426656],[-122.68164924316812,38.586269056306286],[-122.6862037848887,38.590617406538996],[-122.69238844061601,38.592026218746796]]]}"
000000000000000000fb,104.0,147.0,37.0,8333.938956714761,326.3884572697003,-62.695893451720316,389.08435072142066,3.3041065482796896,204.46059933407324,212.46059933407327,-3.695893451720311,307.39400665926746,38.61154273029966,7.0,37.61154273029966,112.78246392896783,36.0,41.0,103.17092119866814,1,252,Aedes sierrensis,2013.0,"{""type"":""Polygon"",""coordinates"":[[[-116.39199970737285,43.69449974948701],[-116.39938338253606,43.69274473301253],[-116.40388651662012,43.6881643819456],[-116.40375325792786,43.682545418251316],[-116.3990367040174,43.678079223781985],[-116.39157660744664,43.67650722120829],[-116.38428145529538,43.6784422726651],[-116.37999549716787,43.68312997154453],[-116.38039069799703,43.688742490285954],[-116.38531405100565,43.693090905187645],[-116.39199970737285,43.69449974948701]]]}"
000000000000000000fc,109.0,127.49017199017202,31.96805896805897,9163.001228501229,330.49385749385755,-66.4938574938575,396.98771498771504,98.99140049140051,230.48280098280105,230.48280098280105,-7.0,422.70270270270277,55.02088452088452,19.52579852579853,27.756756756756754,149.25429975429975,70.49385749385749,70.49385749385749,94.22113022113022,1,253,Aedes sierrensis,2013.0,"{""type"":""Polygon"",""coordinates"":[[[-112.02900119983083,40.85499770786532],[-112.03605948709776,40.853242713920835],[-112.0403642568452,40.8486623987154],[-112.04023696953205,40.843043433719764],[-112.03572824212654,40.83857720262478],[-112.02859673492736,40.83700517966058],[-112.02162291318216,40.83894025566203],[-112.01752582342641,40.84362798947393],[-112.01790371251285,40.84924050435833],[-112.02261017417777,40.85358888203751],[-112.02900119983083,40.85499770786532]]]}"
000000000000000000ee,107.10199004975125,136.68407960199005,33.39303482587066,9081.281094527363,332.9266169154229,-70.57338308457712,403.49999999999994,97.60696517412936,227.6019900497512,227.6019900497512,-7.971393034825872,422.81716417910445,54.5547263681592,20.0,26.90049751243781,148.455223880597,70.0,70.0,99.36194029850746,1,239,Aedes sierrensis,2014.0,"{""type"":""Polygon"",""coordinates"":[[[-111.92299499048727,40.78129768565396],[-111.93004544067608,40.77954269226809],[-111.9343454327157,40.77496237795182],[-111.93421828918287,40.769343412923924],[-111.92971456736026,40.764877180920834],[-111.92259097441912,40.76330515745106],[-111.91562489209304,40.76524023406108],[-111.91153235129957,40.76992796873911],[-111.91190982338213,40.77554048352786],[-111.91661106111367,40.77988886028415],[-111.92299499048727,40.78129768565396]]]}"
000000000000000000ef,96.19658119658122,82.27350427350429,40.27350427350427,4379.882051282052,214.1965811965812,11.675213675213676,202.52136752136752,48.6923076923077,153.54871794871795,153.54871794871795,42.69230769230769,873.8153846153846,142.8034188034188,21.904273504273505,57.46495726495727,406.634188034188,81.15042735042735,81.15042735042735,359.0170940170941,1,240,Aedes sierrensis,2014.0,"{""type"":""Polygon"",""coordinates"":[[[-123.2320020954977,48.76600036430998],[-123.24010150938938,48.76424530170161],[-123.2450409627797,48.759664877204926],[-123.24489455433921,48.75404591617852],[-123.23972085913212,48.74957979670351],[-123.2315380066427,48.74800783587979],[-123.22353606425729,48.74994283708085],[-123.21883466340869,48.75463046443243],[-123.21926792835373,48.76024299106829],[-123.224668354841,48.76459148218696],[-123.2320020954977,48.76600036430998]]]}"
000000000000000000f0,95.38453713123093,82.9735503560529,39.293997965412004,4500.113936927773,215.18107833163785,7.527975584944049,207.65310274669378,45.87182095625636,154.2146490335707,154.2146490335707,40.32451678535097,943.6632756866734,155.04374364191253,22.42624618514751,59.80671414038657,447.7924720244151,81.5055951169888,81.5055951169888,396.3214649033571,1,241,Aedes sierrensis,2014.0,"{""type"":""Polygon"",""coordinates"":[[[-123.30100222519873,48.789999246179626],[-123.30910551201622,48.78824418333135],[-123.31404732631694,48.78366375845284],[-123.3139008466594,48.778044797440316],[-123.30872467783615,48.77357867835528],[-123.30053791455555,48.77200671774865],[-123.29253214776445,48.7739417186884],[-123.28782849892326,48.77862934566803],[-123.28826196977064,48.78424187234492],[-123.29366497769816,48.788590363859925],[-123.30100222519873,48.789999246179626]]]}"
000000000000000000f1,97.05586592178773,83.38826815642459,39.40083798882681,4511.689944134079,217.1969273743017,9.05586592178771,208.14106145251395,47.05586592178771,156.56564245810057,156.56564245810057,41.88966480446928,944.7625698324024,155.46787709497207,22.57960893854749,59.57402234636873,446.2541899441341,82.49441340782124,82.49441340782124,394.2849162011173,1,242,Aedes sierrensis,2014.0,"{""type"":""Polygon"",""coordinates"":[[[-123.30999623202355,48.80299752575042],[-123.31810161863655,48.801242462772116],[-123.32304471295868,48.796662037686644],[-123.3228981946889,48.79104307668164],[-123.31772068473806,48.786576957807966],[-123.30953180113286,48.785004997319014],[-123.301523960853,48.786939998117106],[-123.29681909321113,48.79162762489515],[-123.2972526756929,48.79724015159428],[-123.3026570832072,48.801588643324095],[-123.30999623202355,48.80299752575042]]]}"
000000000000000000f2,91.10144927536231,74.30434782608695,42.30434782608695,3587.652173913043,187.10144927536228,14.101449275362315,173.0,54.10144927536231,136.10144927536228,139.40579710144925,50.0,3200.507246376811,439.7971014492754,75.89855072463767,52.0,1292.8985507246377,283.0,318.7971014492753,1221.0,1,243,Aedes sierrensis,2014.0,"{""type"":""Polygon"",""coordinates"":[[[-125.75299946707389,49.079996883190475],[-125.76114996153426,49.07824181742503],[-125.76612055325921,49.07366138790346],[-125.76597320546983,49.06804242705978],[-125.76076688540273,49.06357631271672],[-125.75253245302927,49.06200435474992],[-125.74448007010446,49.063939352512],[-125.73974902016671,49.068626974968836],[-125.74018500072675,49.07423950214475],[-125.74561947415343,49.07858799847906],[-125.75299946707389,49.079996883190475]]]}"
000000000000000000f3,90.34494015233949,74.0,42.11099020674646,3592.1001088139283,186.0,13.110990206746461,172.88900979325354,53.24265505984766,135.2132752992383,138.8422198041349,48.3449401523395,3136.2089227421106,440.23177366702936,74.10119695321,52.0,1275.1044613710553,275.1545157780196,316.2687704026115,1208.60718171926,1,244,Aedes sierrensis,2014.0,"{""type"":""Polygon"",""coordinates"":[[[-125.68399933737287,49.05299702631188],[-125.69214540459345,49.05124196081946],[-125.69711329751009,49.04666153173247],[-125.69696603114059,49.04104257087298],[-125.69176253872435,49.03657645608609],[-125.68353257685892,49.03500449787221],[-125.67548456569367,49.03693949593171],[-125.67075608549256,49.04162711881186],[-125.67119183069077,49.04723964594106],[-125.67662335321498,49.05158814182431],[-125.68399933737287,49.05299702631188]]]}"
000000000000000000f4,91.69797225186765,73.00853788687299,42.44076840981857,3507.625400213447,184.9775880469584,15.399146211312695,169.57844183564566,55.19957310565634,135.1771611526147,138.3617929562433,50.68516542155816,3132.8207043756665,443.1344717182497,74.0,52.0,1275.2924226254001,274.3639274279615,318.84525080042687,1212.1963713980788,1,245,Aedes sierrensis,2014.0,"{""type"":""Polygon"",""coordinates"":[[[-125.65599618275718,49.02199735578831],[-125.66413717503322,49.02024229060902],[-125.66910197430515,49.01566186202039],[-125.66895480126611,49.010042901142775],[-125.66375455018607,49.0055767858469],[-125.6555297128655,49.00400482734968],[-125.64748671304967,49.00593982575025],[-125.64276117853748,49.01062744911586],[-125.64319665393933,49.0162399761915],[-125.6486247938434,49.02058847155746],[-125.65599618275718,49.02199735578831]]]}"
000000000000000000f5,90.41942857142857,74.0,42.093714285714285,3588.4582857142855,186.0,13.093714285714283,172.9062857142857,53.410285714285706,135.07085714285714,138.84114285714284,48.416000000000004,3134.0479999999993,440.42742857142855,74.01942857142856,52.0,1274.6765714285714,274.864,316.2125714285714,1208.3531428571428,1,246,Aedes sierrensis,2014.0,"{""type"":""Polygon"",""coordinates"":[[[-125.68123023561867,49.05042858410509],[-125.68937588202954,49.04867351863863],[-125.69434351842405,49.04409308959295],[-125.69419625979347,49.03847412873195],[-125.68899303614582,49.03400801390286],[-125.68076349920285,49.03243605566551],[-125.672715903574,49.034371053753276],[-125.66798766762669,49.03905867667368],[-125.66842339045371,49.044671203798444],[-125.67385463249416,49.0490196996388],[-125.68123023561867,49.05042858410509]]]}"
000000000000000000f6,96.74509803921568,82.58204334365323,39.896800825593395,4444.8895768833845,215.43343653250776,10.153766769865841,205.27966976264187,48.085655314757474,155.15583075335397,155.15583075335397,42.09081527347781,905.3395252837977,149.3395252837977,22.0,58.909184726522184,426.2301341589267,80.36429308565532,80.36429308565532,375.79669762641896,1,247,Aedes sierrensis,2014.0,"{""type"":""Polygon"",""coordinates"":[[[-123.2738017087727,48.77563648168648],[-123.28190267711982,48.77388141898181],[-123.28684307809615,48.76930099433186],[-123.28669664107174,48.76368203331103],[-123.28152195304257,48.75921591399255],[-123.27333753089974,48.75764395325597],[-123.26533405353302,48.759578954352136],[-123.2606317504197,48.764266581554416],[-123.26106509800677,48.76987910820674],[-123.2664665605929,48.774227599484504],[-123.2738017087727,48.77563648168648]]]}"
000000000000000000f7,62.180327868852466,128.54508196721315,34.545081967213115,8069.825819672132,270.9077868852459,-96.78586065573771,367.69364754098353,144.94159836065575,17.231557377049185,166.9077868852459,-41.474385245901644,476.2581967213115,64.7407786885246,29.0,25.78176229508197,154.74077868852459,92.0,137.7407786885246,115.9334016393443,1,248,Aedes sierrensis,2014.0,"{""type"":""Polygon"",""coordinates"":[[[-114.29299828219163,48.20389946281575],[-114.3010084305549,48.20214440576164],[-114.30589346809653,48.197563990105294],[-114.30574870091309,48.19194502875747],[-114.30063201915188,48.18747890025378],[-114.29253930526448,48.18590693440379],[-114.28462551039696,48.187841941655115],[-114.27997592265167,48.192529577618096],[-114.28040444162853,48.198142103303745],[-114.28574536937876,48.20249058524649],[-114.29299828219163,48.20389946281575]]]}"
000000000000000000f8,71.0,137.28033472803347,36.0,8199.189330543933,289.1767782426778,-89.41108786610879,378.5878661087866,113.13807531380753,26.893305439330543,177.52928870292888,-34.0,344.00627615062757,47.95606694560671,19.0,29.9560669456067,119.09414225941423,67.0,100.91213389121337,75.9560669456067,1,249,Aedes sierrensis,2014.0,"{""type"":""Polygon"",""coordinates"":[[[-114.15399918415362,46.923299149478744],[-114.16181588539108,46.92154410463604],[-114.1665829974158,46.91696370841597],[-114.16644178573203,46.911344746361706],[-114.16144865800457,46.90687859800761],[-114.15355128540659,46.905306621106874],[-114.14582851682798,46.90724164166035],[-114.1412912132406,46.91192929655622],[-114.14170944590744,46.91754182015256],[-114.14692143313444,46.921890281921215],[-114.15399918415362,46.923299149478744]]]}"
000000000000000000f9,59.98574338085538,129.37067209775967,34.078411405295306,8151.163951120163,269.98167006109975,-101.80549898167007,371.78716904276985,143.26680244399185,14.176171079429734,165.29226069246434,-45.090631364562114,504.93482688391026,66.62423625254581,30.863543788187364,23.985743380855393,158.48981670061096,98.31466395112014,141.48778004073318,128.23116089613032,1,250,Aedes sierrensis,2014.0,"{""type"":""Polygon"",""coordinates"":[[[-114.23200223888155,48.31110071124165],[-114.2400291998982,48.30934565313771],[-114.24492448637852,48.30476523581043],[-114.24477941010224,48.29914627452335],[-114.23965199017621,48.29468014772618],[-114.23154229914893,48.293108182826245],[-114.2236119021537,48.29504318893398],[-114.21895255570357,48.2997308232693],[-114.21938196858662,48.30534334913455],[-114.22473410260609,48.309691832811666],[-114.23200223888155,48.31110071124165]]]}"
000000000000000000d3,180.65194109772426,155.88085676037483,54.70013386880858,4420.303882195448,332.3614457831326,49.957161981258366,282.40428380187416,133.77376171352074,214.5167336010709,241.045515394913,127.89558232931729,261.0294511378849,43.29852744310576,5.0,63.19410977242303,125.26238286479251,20.0,28.255689424364128,117.47523427041497,1,212,Aedes sierrensis,2015.0,"{""type"":""Polygon"",""coordinates"":[[[-117.56800288729919,33.949299383920014],[-117.574438672679,33.94754443763851],[-117.57836394425892,33.94296419830213],[-117.57824807369539,33.93734523055669],[-117.57413694247795,33.932878921975906],[-117.56763407393886,33.931306855871796],[-117.56127500296206,33.93324198380193],[-117.55753923918482,33.937929791516986],[-117.55788400152929,33.9435422982381],[-117.56217552149727,33.94789059716939],[-117.56800288729919,33.949299383920014]]]}"
000000000000000000e7,109.0,125.00742574257427,31.0,9180.842821782178,329.17079207920796,-67.30816831683168,396.47896039603967,98.5730198019802,230.70792079207922,230.70792079207922,-8.0,406.46039603960395,53.0,20.0,27.826732673267326,143.490099009901,71.0,71.0,86.10767326732673,1,232,Aedes sierrensis,2015.0,"{""type"":""Polygon"",""coordinates"":[[[-112.05000356579257,40.811097857994135],[-112.05705718135589,40.809342864382536],[-112.06135910309885,40.80476254970698],[-112.06123190149377,40.79914358469211],[-112.0567261579298,40.794677353055974],[-112.04959936844104,40.793105329790485],[-112.0426301601843,40.7950404061546],[-112.03853578207735,40.79972814048264],[-112.03891342258687,40.805340655310054],[-112.04361677025102,40.80968903243926],[-112.05000356579257,40.811097857994135]]]}"
000000000000000000e8,109.0,128.25692695214104,32.0,9159.337531486146,331.0,-67.0,398.0,98.53022670025187,230.48110831234257,230.48110831234257,-7.0,418.65113350125944,54.55793450881611,20.0,27.637279596977333,147.55037783375317,71.0,71.0,93.10075566750629,1,233,Aedes sierrensis,2015.0,"{""type"":""Polygon"",""coordinates"":[[[-112.014999622523,40.83099882599567],[-112.02205535461391,40.82924383223322],[-112.02635856665285,40.82466351731754],[-112.02623132621758,40.81904455231139],[-112.02172423081635,40.81457832092047],[-112.01459530395637,40.813006297791524],[-112.00762400554646,40.81494137399129],[-112.0035283989199,40.81962910808544],[-112.00390615204793,40.82524162293867],[-112.00861091051837,40.82959000031711],[-112.014999622523,40.83099882599567]]]}"
000000000000000000e9,109.0,128.43995098039215,32.0,9160.078431372549,331.0,-67.0,398.0,98.50367647058826,230.5036764705883,230.5036764705883,-7.0,411.4325980392157,53.75367647058824,20.0,27.566176470588236,145.56862745098042,70.00490196078432,70.00490196078432,90.8455882352941,1,234,Aedes sierrensis,2015.0,"{""type"":""Polygon"",""coordinates"":[[[-112.0120031066151,40.80230005161568],[-112.0190557871812,40.80054505807075],[-112.02335713892302,40.7959647435013],[-112.0232299544715,40.79034577848259],[-112.01872480809517,40.78587954673807],[-112.01159896281153,40.78430752341226],[-112.00463067790093,40.786242599849],[-112.00053684250479,40.7909303342804],[-112.0009144332639,40.79654284909639],[-112.00561715769028,40.80089122611546],[-112.0120031066151,40.80230005161568]]]}"
000000000000000000ea,167.025956284153,163.0,50.0,5670.310109289618,353.1898907103825,31.12841530054645,322.061475409836,106.82923497267758,240.51092896174868,245.0136612021858,101.82786885245902,443.2459016393442,85.98497267759564,3.0,79.62978142076501,231.93852459016392,14.009562841530053,25.00956284153005,221.9385245901639,1,235,Aedes sierrensis,2015.0,"{""type"":""Polygon"",""coordinates"":[[[-117.03299548380568,33.963599720998424],[-117.03943235088876,33.96184477462669],[-117.04335828191347,33.95726453514668],[-117.04324239151376,33.95164556740644],[-117.03913056940445,33.94717925897235],[-117.03262660849451,33.94560719294991],[-117.02626646927962,33.947542320781736],[-117.02253007763666,33.952230128356874],[-117.02287489754694,33.95784263509345],[-117.02716713854869,33.962190934173826],[-117.03299548380568,33.963599720998424]]]}"
000000000000000000eb,167.0605652759085,163.0,50.0,5668.172274562585,353.1938088829072,31.23149394347241,321.9623149394347,106.9300134589502,240.52086137281296,245.01211305518166,101.88290713324359,442.7550471063257,85.9084791386272,3.0,79.67294751009422,231.74562584118436,14.026917900403769,25.02691790040377,221.71736204576047,1,236,Aedes sierrensis,2015.0,"{""type"":""Polygon"",""coordinates"":[[[-117.03199664516971,33.96269898258562],[-117.03843344409677,33.96094403621957],[-117.04235933357114,33.95636379674861],[-117.04224344442123,33.950744829008045],[-117.03813166584371,33.94627852056472],[-117.03162777376193,33.944706454537126],[-117.02526770185469,33.94664158237514],[-117.02153134977233,33.9513293899591],[-117.02187616605552,33.9569418966947],[-117.02616836162628,33.961290195765685],[-117.03199664516971,33.96269898258562]]]}"
000000000000000000ec,172.21610738255032,150.20536912751678,50.39060402684563,5078.004026845637,330.42147651006707,35.49261744966442,294.92885906040266,118.8738255033557,237.1489932885906,242.14899328859056,113.11409395973155,316.344966442953,60.63489932885905,2.0,83.31812080536912,173.4228187919463,10.06711409395973,19.067114093959727,165.3395973154362,1,237,Aedes sierrensis,2015.0,"{""type"":""Polygon"",""coordinates"":[[[-117.35099627543217,33.703397797226685],[-117.35741357949918,33.70164285249201],[-117.36132758421506,33.697062615617874],[-117.36121205256285,33.69144364778327],[-117.35711272549544,33.68697733668776],[-117.35062852052616,33.68540526918355],[-117.34428770080099,33.687340398799016],[-117.34056266434933,33.69202820891251],[-117.3409064431617,33.69764071536862],[-117.34518564399428,33.70198901174424],[-117.35099627543217,33.703397797226685]]]}"
000000000000000000ed,178.28532974427995,152.4872139973082,55.0,4290.465679676984,325.9044414535666,50.15477792732167,275.74966352624494,132.70928667563928,210.57738896366084,236.70794078061905,127.57738896366082,264.2059219380888,43.74831763122476,5.0,62.19246298788694,125.72812920592193,20.559892328398384,28.82907133243606,118.65545087483176,1,238,Aedes sierrensis,2015.0,"{""type"":""Polygon"",""coordinates"":[[[-117.60199907373062,33.902398559039874],[-117.60843131680853,33.90064361305409],[-117.61235442887526,33.89606337418843],[-117.61223862327036,33.890444406425935],[-117.6081297545472,33.88597809736441],[-117.60163046324367,33.88440603099263],[-117.59527489047356,33.88634115924496],[-117.59154118279628,33.89102896741854],[-117.5918857566274,33.89664147408898],[-117.59617491539402,33.9009897725317],[-117.60199907373062,33.902398559039874]]]}"
000000000000000000ce,178.94579945799458,152.84823848238483,55.0,4281.680216802169,326.4620596205962,50.214092140921416,276.2479674796748,133.77371273712737,211.2181571815718,237.50948509485096,128.0,261.62330623306235,43.69241192411924,5.0,63.03929539295394,125.50677506775067,20.0,28.205962059620596,117.9390243902439,1,207,Aedes sierrensis,2016.0,"{""type"":""Polygon"",""coordinates"":[[[-117.60299791236662,33.914299899751526],[-117.60943105354566,33.91254495369074],[-117.61335471312677,33.90796471470566],[-117.61323889105249,33.9023457469475],[-117.60912944870553,33.89787943800792],[-117.60262925044395,33.89630737170403],[-117.5962727907525,33.898242499874634],[-117.59253856177982,33.90293030793191],[-117.59288318340583,33.9085428146152],[-117.59717294082205,33.91289111318186],[-117.60299791236662,33.914299899751526]]]}"
000000000000000000e3,129.5926928281461,119.41542625169147,44.242219215155615,5393.127198917456,284.89309878213805,15.943166441136674,268.9499323410014,72.16508795669824,198.82273342354532,204.99052774018946,70.18538565629228,547.468200270636,105.67388362652233,0.7090663058186738,90.40460081190798,300.4830852503383,5.7090663058186735,14.757780784844385,290.8335588633288,1,228,Aedes sierrensis,2016.0,"{""type"":""Polygon"",""coordinates"":[[[-119.18215287763606,34.540295260240576],[-119.18863401006959,34.53854031020456],[-119.19258692683415,34.53396006489166],[-119.19247022470806,34.52834109736266],[-119.18833012999123,34.523874794885764],[-119.1817814671761,34.522302732180016],[-119.17537761361753,34.52423785601944],[-119.17161552851604,34.52892565791288],[-119.17196270413912,34.5345381652772],[-119.1762844512178,34.53888647041176],[-119.18215287763606,34.540295260240576]]]}"
000000000000000000e4,180.44214876033058,155.04820936639118,54.18870523415978,4394.338842975207,331.71900826446284,50.0,281.71900826446284,134.4077134986226,214.15289256198346,240.44214876033058,128.0,266.24931129476585,45.21625344352616,4.790633608815426,64.90495867768595,129.5936639118457,19.62947658402204,27.838842975206614,121.59366391184572,1,229,Aedes sierrensis,2016.0,"{""type"":""Polygon"",""coordinates"":[[[-117.58200000550596,33.951899039834174],[-117.58843598747156,33.95014409353627],[-117.5923613788972,33.945563854173784],[-117.5922455047287,33.93994488642929],[-117.58813424795044,33.93547857787517],[-117.58163118088682,33.9339065117859],[-117.57527191577135,33.935841639698154],[-117.57153603788751,33.94052944738778],[-117.57188081069384,33.94614195411171],[-117.57617246170051,33.950490253070114],[-117.58200000550596,33.951899039834174]]]}"
000000000000000000e5,179.82614555256066,154.73584905660377,54.59973045822102,4366.28706199461,330.40431266846366,49.82614555256065,280.57816711590306,133.87196765498652,213.50808625336924,239.7358490566038,127.82614555256065,261.5835579514825,43.443396226415096,5.0,63.44204851752021,125.1967654986523,20.347708894878707,28.59973045822103,117.44878706199461,1,230,Aedes sierrensis,2016.0,"{""type"":""Polygon"",""coordinates"":[[[-117.58200000550593,33.93909696070974],[-117.58843501962326,33.9373420144926],[-117.59235982101414,33.932761775258655],[-117.59224396459399,33.92714280750949],[-117.58813332598756,33.922676498824096],[-117.58163123631707,33.921104432661735],[-117.57527292700198,33.92303956066198],[-117.57153761089769,33.92772736847682],[-117.57188233219729,33.93333987518691],[-117.5761733380628,33.937688174011875],[-117.58200000550593,33.93909696070974]]]}"
000000000000000000e6,106.62638580931267,138.8148558758315,36.0,8376.557649667406,327.71064301552116,-55.18625277161864,382.8968957871397,7.813747228381376,210.62527716186256,216.52549889135258,-0.18625277161862527,330.8780487804878,41.82261640798226,8.0,38.547671840354774,121.8547671840355,37.111973392461216,43.0,111.01773835920179,1,231,Aedes sierrensis,2016.0,"{""type"":""Polygon"",""coordinates"":[[[-116.14200020681139,43.58159976991482],[-116.14937002223941,43.579844754376055],[-116.15386470715686,43.57526440479851],[-116.1537317028886,43.56964544105017],[-116.14902400122506,43.56517924505971],[-116.14157790062673,43.56360724163917],[-116.13429643526345,43.56554229411535],[-116.13001852188414,43.57022999444559],[-116.13041298540846,43.57584251302685],[-116.13532710009528,43.580190926382606],[-116.14200020681139,43.58159976991482]]]}"
00000000000000000055,161.17328042328046,155.90343915343917,44.71428571428571,6786.054232804232,362.5317460317461,16.96825396825397,345.5634920634921,91.17328042328042,249.1997354497354,249.1997354497354,78.18915343915344,490.47751322751327,89.48809523809523,0.37830687830687837,81.65211640211642,249.04365079365078,5.378306878306879,5.378306878306879,244.12433862433866,1,86,Aedes sierrensis,2017.0,"{""type"":""Polygon"",""coordinates"":[[[-119.72603389222589,37.10186599230203],[-119.73272761824965,37.10011102534583],[-119.73681013967627,37.095530753099375],[-119.73668953907877,37.08991178654616],[-119.73241365925716,37.08544551157678],[-119.725650306183,37.08387346418593],[-119.71903650533723,37.08580856959042],[-119.71515102203541,37.09049634524822],[-119.71550951147559,37.09610885551092],[-119.7199729676603,37.10045718860098],[-119.72603389222589,37.10186599230203]]]}"
000000000000000000ba,169.07960893854752,150.9664804469274,50.166201117318444,5169.0879888268155,331.3673184357542,34.7513966480447,296.6159217877095,114.56005586592183,235.08100558659217,240.39106145251398,109.07821229050282,354.090782122905,69.80446927374304,2.0,84.49301675977655,194.97206703910618,10.001396648044695,19.00279329608939,185.25000000000006,1,187,Aedes sierrensis,2017.0,"{""type"":""Polygon"",""coordinates"":[[[-117.24899879793567,33.67009723055956],[-117.25541361645041,33.66834228603366],[-117.25932610588572,33.66376204949191],[-117.25921061981401,33.65814308164525],[-117.255112880287,33.6536767702103],[-117.24863118538117,33.6521047025171],[-117.24229282026683,33.65403983236006],[-117.23856922653346,33.65872764279731],[-117.23891287307092,33.66434014921765],[-117.24319041710285,33.66868844524829],[-117.24899879793567,33.67009723055956]]]}"
000000000000000000be,179.0936639118457,158.4380165289256,52.98760330578513,4884.293388429753,343.6184573002755,45.553719008264466,298.064738292011,127.72176308539942,240.53994490358124,245.96831955922863,121.3526170798898,276.28650137741045,52.81542699724517,2.0,79.75206611570248,149.67906336088154,10.17906336088154,18.179063360881543,139.06336088154268,1,191,Aedes sierrensis,2017.0,"{""type"":""Polygon"",""coordinates"":[[[-117.35099627543217,33.96229766349081],[-117.35743304399364,33.9605427171273],[-117.36135891495607,33.955962477660364],[-117.36124302636301,33.95034350991965],[-117.3571312671802,33.9458772014722],[-117.35062740576345,33.94430513544233],[-117.34426736384378,33.946240263283094],[-117.3405310293869,33.95092807087099],[-117.34087584405408,33.956540577606155],[-117.34516801938399,33.96088887667295],[-117.35099627543217,33.96229766349081]]]}"
000000000000000000c9,220.2585949177878,121.25710014947683,45.01793721973093,5024.153961136024,345.9775784753363,80.31240657698056,265.66517189835577,254.1136023916293,151.61883408071748,279.24065769805685,151.61883408071748,619.8430493273544,146.97458893871448,15.113602391629296,72.64275037369208,308.11360239162934,52.110612855007474,219.72795216741406,52.110612855007474,1,202,Aedes sierrensis,2017.0,"{""type"":""Polygon"",""coordinates"":[[[-100.28471894548824,25.68646473615636],[-100.29064309508745,25.68470983769105],[-100.29425645972373,25.680129674471385],[-100.29414997683854,25.67451070397177],[-100.29036562980889,25.670044317652135],[-100.28437943377219,25.66847220826518],[-100.27852562123098,25.670407388295907],[-100.2750868318224,25.67509527015479],[-100.27540437166866,25.68070776868141],[-100.27935485320631,25.685055988608433],[-100.28471894548824,25.68646473615636]]]}"
000000000000000000ca,181.68758526603003,159.01909959072307,53.0,4794.994542974079,344.0,46.8130968622101,297.18690313778995,131.968622100955,232.5798090040928,247.0,124.968622100955,259.51705320600274,47.23738062755799,2.598908594815826,76.17871759890862,137.17462482946797,12.15143246930423,20.151432469304236,126.86221009549799,1,203,Aedes sierrensis,2017.0,"{""type"":""Polygon"",""coordinates"":[[[-117.40000179600959,33.96809895396135],[-117.40643900358086,33.966344007561226],[-117.41036514217932,33.961763768036015],[-117.41024924553574,33.9561448002974],[-117.40613720595411,33.951678491909476],[-117.39963290119805,33.950106425912736],[-117.39327242573341,33.95204155371363],[-117.38953583645687,33.95672936124475],[-117.38988067448716,33.962341867986176],[-117.39417314244905,33.96669016711347],[-117.40000179600959,33.96809895396135]]]}"
000000000000000000cb,123.92904953145917,138.28380187416334,46.73360107095047,5761.417670682731,292.72423025435074,0.428380187416332,292.2958500669344,63.50066934404285,193.44846050870152,203.19544846050871,60.59303882195449,727.3172690763053,127.68808567603747,3.0,79.29718875502009,378.54216867469887,31.21419009370817,48.4805890227577,360.6010709504685,1,204,Aedes sierrensis,2017.0,"{""type"":""Polygon"",""coordinates"":[[[-116.90854197340398,33.3531666231859],[-116.91493334002078,33.351411680639096],[-116.91883153235307,33.34683144724769],[-116.91871647635088,33.341212479286966],[-116.91463371572127,33.336746164634526],[-116.90817570397638,33.335174095149945],[-116.90186049881181,33.33710922714923],[-116.89815051753855,33.341797040655194],[-116.89849291602883,33.34740954673645],[-116.90275482767534,33.35175783949721],[-116.90854197340398,33.3531666231859]]]}"
000000000000000000cc,172.1988873435327,150.23783031988876,50.70792767732963,5063.815020862309,330.51182197496524,36.10987482614744,294.4019471488178,119.00417246175243,236.88873435326846,241.90264255910986,113.36856745479834,315.9485396383867,60.49095966620307,2.0,82.58553546592492,172.80806675938805,10.29624478442281,19.296244784422807,164.7413073713491,1,205,Aedes sierrensis,2017.0,"{""type"":""Polygon"",""coordinates"":[[[-117.35500500727922,33.70719695132422],[-117.36142259517506,33.705442006565704],[-117.36533677292306,33.70086176965365],[-117.36522123606595,33.695242801820406],[-117.36112172771499,33.69077649076364],[-117.35463723611788,33.689204423281],[-117.34829613609713,33.6911395528705],[-117.34457093489935,33.69582736294706],[-117.34491472881642,33.701439869407245],[-117.34919411884145,33.705788165822234],[-117.35500500727922,33.70719695132422]]]}"
000000000000000000cd,179.5951417004049,154.00000000000003,55.0,4317.439946018894,328.778677462888,50.1012145748988,278.6774628879893,134.07962213225375,212.71659919028343,238.59514170040487,128.0,267.0026990553307,45.325236167341444,4.978407557354926,64.33333333333334,129.64642375168697,19.689608636977063,27.71120107962214,121.62483130904184,1,206,Aedes sierrensis,2017.0,"{""type"":""Polygon"",""coordinates"":[[[-117.60099577599362,33.935699125707],[-117.60743053333452,33.933944179511286],[-117.6113551781853,33.929363940311454],[-117.6112393264739,33.92374497256106],[-117.60712885187252,33.91927866384083],[-117.60062702151075,33.91770659765906],[-117.59426896577573,33.919641725682666],[-117.59053379871523,33.924329533530724],[-117.59087850634975,33.929942040237144],[-117.59516934105513,33.93429033902672],[-117.60099577599362,33.935699125707]]]}"
000000000000000000cf,182.0,158.0,54.0,4575.667593880389,339.00834492350486,49.52712100139082,289.48122392211405,134.0,218.0,244.7357440890125,127.83727399165508,255.49513212795546,43.50904033379693,4.0,66.1808066759388,126.5799721835883,17.154381084840054,25.464534075104314,117.68984700973573,1,208,Aedes sierrensis,2017.0,"{""type"":""Polygon"",""coordinates"":[[[-117.49600178258918,33.973298265789666],[-117.50243938372284,33.97154331935672],[-117.50636576225094,33.96696307977926],[-117.50624985839023,33.96134411204255],[-117.50213756743742,33.95687780370799],[-117.49563286523774,33.95530573774094],[-117.4892720011098,33.95724086550607],[-117.48553518339322,33.96192867298631],[-117.48588004236805,33.96754117973337],[-117.4901727726678,33.97188947891488],[-117.49600178258918,33.973298265789666]]]}"
000000000000000000d0,177.88211382113818,150.91869918699183,55.0,4243.0027100271,323.9186991869919,50.88482384823848,273.0338753387534,133.18699186991867,211.85094850948508,235.94444444444443,127.64363143631438,272.05691056910564,46.289972899728994,5.0,65.27913279132792,132.4227642276423,19.5420054200542,27.542005420054195,124.53523035230349,1,209,Aedes sierrensis,2017.0,"{""type"":""Polygon"",""coordinates"":[[[-117.61900162604744,33.895197110838566],[-117.62543332594487,33.893442164898154],[-117.6293561068695,33.88886192610472],[-117.62924031122543,33.88324295833961],[-117.62513178943563,33.87877664920431],[-117.61863304666927,33.877204582791464],[-117.61227801031804,33.87913971109324],[-117.60854461792539,33.88382751933717],[-117.6088891628497,33.889440025999846],[-117.61317795954707,33.893788324367584],[-117.61900162604744,33.895197110838566]]]}"
000000000000000000d1,178.51944444444445,157.13888888888886,53.15833333333333,4731.79861111111,338.9083333333333,46.234722222222224,292.6736111111111,129.13749999999996,233.2541666666666,243.65972222222226,123.51388888888889,268.5958333333333,47.87916666666666,3.0,73.8125,139.20694444444445,14.0,22.0,129.48055555555553,1,210,Aedes sierrensis,2017.0,"{""type"":""Polygon"",""coordinates"":[[[-117.42600281425219,33.91719831543626],[-117.432436174232,33.9154433693572],[-117.43635996720185,33.91086313034305],[-117.43624414111518,33.90524416258594],[-117.43213455901858,33.900777853676054],[-117.42563413979845,33.89920578738871],[-117.41927746402986,33.9011409155394],[-117.4155431080561,33.90582872356835],[-117.4158877413262,33.91144123025477],[-117.420177644589,33.915789528851604],[-117.42600281425219,33.91719831543626]]]}"
000000000000000000d2,182.05068493150688,158.04246575342466,54.0,4645.3876712328765,341.4287671232876,50.219178082191775,291.20958904109585,134.0,222.5986301369863,246.0,127.95753424657534,265.96712328767126,46.6986301369863,3.176712328767123,70.57123287671233,135.913698630137,15.569863013698631,24.220547945205475,126.13561643835615,1,211,Aedes sierrensis,2017.0,"{""type"":""Polygon"",""coordinates"":[[[-117.48400234165436,33.99719904743614],[-117.49044175326136,33.995444100852296],[-117.49436923551842,33.99086386103462],[-117.49425329845742,33.98524489330661],[-117.49013985114193,33.98077858521737],[-117.48363332061417,33.97920651938692],[-117.47727066854989,33.98114164698764],[-117.47353279995899,33.98582945423388],[-117.47387775528323,33.99144196100679],[-117.47817169239494,33.99579026043764],[-117.48400234165436,33.99719904743614]]]}"
000000000000000000d4,170.49195710455766,150.4343163538874,50.23592493297588,5170.10053619303,331.2828418230563,34.45576407506703,296.8270777479893,116.13672922252012,236.84048257372655,241.39812332439672,110.16756032171583,338.6394101876676,66.18900804289545,2.0,83.58042895442361,186.3565683646113,10.0,19.0,177.60857908847188,1,213,Aedes sierrensis,2017.0,"{""type"":""Polygon"",""coordinates"":[[[-117.29099907075806,33.67989833467504],[-117.29741462040163,33.67814339008771],[-117.3013275555589,33.67356315344816],[-117.30121205607958,33.667944185605045],[-117.29711384957528,33.66347787426998],[-117.29063141633064,33.661905806632376],[-117.28429232918901,33.6638409364084],[-117.28056831107796,33.66852874675038],[-117.28091199652427,33.674141253181254],[-117.28519002790651,33.678489549313404],[-117.29099907075806,33.67989833467504]]]}"
000000000000000000d5,139.37694300518137,113.52331606217616,50.68134715025908,4046.7500000000014,264.779792746114,43.160621761658035,221.61917098445602,92.40284974093267,187.98056994818654,193.18652849740934,91.16709844559587,762.738341968912,154.22797927461144,1.8445595854922283,86.70595854922281,395.68393782383424,9.84455958549223,15.318652849740932,395.68393782383424,1,214,Aedes sierrensis,2017.0,"{""type"":""Polygon"",""coordinates"":[[[-122.21975940175919,37.88362221168901],[-122.22652355509783,37.881867239341865],[-122.23064901146573,37.87728695851422],[-122.23052711931085,37.871667992272016],[-122.22620625706216,37.867201726066696],[-122.21937178223754,37.86562968355519],[-122.2126884308692,37.86756478308627],[-122.20876206861884,37.872252550385234],[-122.20912430597458,37.877865061571256],[-122.21363470702886,37.88221340356811],[-122.21975940175919,37.88362221168901]]]}"
000000000000000000d6,119.33692722371968,160.93665768194074,48.0,6150.964959568732,305.6064690026954,-24.249326145552562,329.855795148248,54.559299191374656,196.95822102425876,201.55525606469007,47.69946091644204,686.6522911051212,122.14150943396226,3.0,77.8355795148248,349.39487870619945,29.485175202156334,48.959568733153645,342.0296495956874,1,215,Aedes sierrensis,2017.0,"{""type"":""Polygon"",""coordinates"":[[[-116.95863551463843,34.1052653614664],[-116.96508313896517,34.10351041419917],[-116.96901562798881,34.098930173293695],[-116.96889954032403,34.09331120560507],[-116.96478084748385,34.08884489862683],[-116.95826602324252,34.087272833414936],[-116.95189526069056,34.089207960271075],[-116.94815262509415,34.0938957664577],[-116.94849801748167,34.09950827334769],[-116.95279742896787,34.10385657390761],[-116.95863551463843,34.1052653614664]]]}"
000000000000000000d7,167.74697173620456,147.12920592193805,51.0,4960.654104979811,324.4683714670256,36.989232839838486,287.47913862718707,115.5921938088829,230.60834454912512,236.52220726783304,110.47106325706595,373.8748317631224,72.28129205921937,2.0,84.5343203230148,204.97981157469715,10.0,19.191117092866754,195.80484522207266,1,216,Aedes sierrensis,2017.0,"{""type"":""Polygon"",""coordinates"":[[[-117.39700528010164,33.70110136018417],[-117.40342241263129,33.69934641546389],[-117.40733631277193,33.694766178612696],[-117.40722078426542,33.68914721077725],[-117.40312156676016,33.68468089965833],[-117.39663753501982,33.683108832141066],[-117.39029688469665,33.68504396177224],[-117.38657194781243,33.68973177190807],[-117.38691571749601,33.695344278361716],[-117.39119480398648,33.69969257471353],[-117.39700528010164,33.70110136018417]]]}"
000000000000000000d8,178.1699164345404,155.2980501392758,54.0,4512.008356545962,332.4456824512535,48.128133704735376,284.3175487465181,130.81337047353762,217.7952646239555,240.0041782729805,125.29805013927576,272.941504178273,44.987465181058504,4.6434540389972145,63.82451253481895,131.28412256267413,20.144846796657383,28.922005571030645,123.32033426183845,1,217,Aedes sierrensis,2017.0,"{""type"":""Polygon"",""coordinates"":[[[-117.53999973268355,33.914897419292686],[-117.54643291896663,33.91314247322813],[-117.55035660604477,33.90856223423707],[-117.55024078314337,33.902943266479106],[-117.54613131198815,33.898476957545654],[-117.53963106817767,33.89690489124518],[-117.53327456394362,33.89884001941167],[-117.52954030879067,33.9035278274631],[-117.52988493281707,33.909140334147054],[-117.53417472029837,33.913488632719925],[-117.53999973268355,33.914897419292686]]]}"
000000000000000000d9,86.49301825993554,101.80988184747584,41.0,5083.448979591838,234.55209452201933,-11.366272824919442,245.91836734693874,30.38453276047261,151.51557465091298,153.49301825993552,25.40708915145005,2498.2653061224487,402.86788399570355,30.96348012889366,62.48012889366272,1168.1192266380235,167.8045112781955,177.5252416756176,1093.5435016111705,1,218,Aedes sierrensis,2017.0,"{""type"":""Polygon"",""coordinates"":[[[-122.36799775717994,45.77700250077046],[-122.37565222848507,45.77524746637332],[-122.38032044394443,45.77066708677908],[-122.38018221270889,45.76504812412076],[-122.37529270102753,45.76058195878658],[-122.3675591490263,45.75900997243289],[-122.35999658224071,45.76094500436518],[-122.35555344325077,45.76563267545627],[-122.35596304818445,45.77124519726515],[-122.36106690147898,45.7755936417769],[-122.36799775717994,45.77700250077046]]]}"
000000000000000000da,152.26902887139107,137.92125984251967,42.0,6681.61154855643,333.6902887139107,10.224409448818898,323.4658792650918,83.06692913385827,240.37270341207346,240.4790026246719,73.24671916010499,308.1692913385827,55.219160104986884,1.0,81.0,163.21916010498688,6.896325459317586,10.518372703412073,149.68241469816275,1,219,Aedes sierrensis,2017.0,"{""type"":""Polygon"",""coordinates"":[[[-118.6810034284414,35.03407381539391],[-118.68752347663411,35.03231886217989],[-118.69150011784446,35.027738611808225],[-118.691382702101,35.022119644462464],[-118.68721775159786,35.01765334715213],[-118.68062978921145,35.01608128732291],[-118.6741875042945,35.01801640769978],[-118.67040283086007,35.022704204665544],[-118.67075207751157,35.0283167125743],[-118.67509976478247,35.03266502295956],[-118.6810034284414,35.03407381539391]]]}"
000000000000000000db,159.03018372703414,142.20997375328082,42.792650918635175,6732.069553805774,342.12729658792654,12.776902887139109,329.35039370078744,89.75328083989503,247.3438320209974,247.40288713910763,78.53937007874016,308.5170603674541,56.015748031496074,1.0,81.53674540682415,164.8753280839895,6.0,6.3543307086614185,149.80577427821527,1,220,Aedes sierrensis,2017.0,"{""type"":""Polygon"",""coordinates"":[[[-118.70586291681433,35.01510925861359],[-118.71238145278475,35.01335430552235],[-118.71635717208989,35.00877405534611],[-118.7162397840767,35.003155087993264],[-118.71207579944131,34.99868879048335],[-118.70548936419188,34.99711673054302],[-118.69904857267413,34.99905185105365],[-118.69526477699678,35.003739648209745],[-118.69561394317036,35.009352156097485],[-118.69996062243469,35.013700466279914],[-118.70586291681433,35.01510925861359]]]}"
000000000000000000dc,89.07967032967032,139.21428571428572,45.0,5986.912087912087,262.14560439560444,-42.28983516483517,304.4354395604396,25.837912087912088,164.4436813186813,171.2513736263736,22.744505494505496,746.5453296703297,140.7445054945055,3.369505494505494,83.44505494505493,398.82142857142856,24.21291208791208,44.38049450549451,387.58653846153845,1,221,Aedes sierrensis,2017.0,"{""type"":""Polygon"",""coordinates"":[[[-117.71464042544176,34.39792954090721],[-117.72111051282157,34.39617459178046],[-117.7250566961254,34.391594347914946],[-117.7249401965392,34.385975380333534],[-117.7208071563804,34.3815090763784],[-117.71426964755017,34.379937012849645],[-117.7078767015608,34.38187213767974],[-117.70412102747001,34.38655994098305],[-117.70446761529605,34.392172448191616],[-117.70878200004171,34.39652075182387],[-117.71464042544176,34.39792954090721]]]}"
000000000000000000dd,88.76446700507614,77.82030456852793,39.42741116751269,4224.124873096446,200.78071065989843,5.51979695431472,195.26091370558376,41.61928934010152,143.0751269035533,143.59187817258882,37.619289340101524,1064.0355329949239,182.848730964467,20.741116751269033,66.64771573604061,530.3289340101522,73.88527918781725,92.75025380710659,477.84365482233505,1,222,Aedes sierrensis,2017.0,"{""type"":""Polygon"",""coordinates"":[[[-123.54660951122254,48.48748937161281],[-123.55466435142228,48.485734311771864],[-123.55957663293745,48.481153891679895],[-123.55943104408617,48.47553493049333],[-123.55428581786089,48.47106880651976],[-123.54614797494368,48.469496843191706],[-123.53819004791072,48.47143184740731],[-123.53351451932232,48.47611947904954],[-123.53394541447332,48.48173200521195],[-123.53931613100083,48.486080491758706],[-123.54660951122254,48.48748937161281]]]}"
000000000000000000de,178.79227696404791,153.051930758988,55.0,4287.882822902797,326.6431424766977,49.9081225033289,276.7350199733688,133.50599201065245,211.03195739014646,237.21304926764313,127.78428761651132,258.36351531291615,42.37816245006657,5.0,61.09853528628495,122.10918774966709,20.391478029294273,29.055925432756318,115.05326231691078,1,223,Aedes sierrensis,2017.0,"{""type"":""Polygon"",""coordinates"":[[[-117.59600158281374,33.90789663063877],[-117.60243424072246,33.90614168461833],[-117.60635760568482,33.90156144569751],[-117.60624179247274,33.89594247793702],[-117.60213265879409,33.89147616893182],[-117.59563294856872,33.88990410259141],[-117.58927696613175,33.89183923080598],[-117.58554301766935,33.896527038925825],[-117.58588761357682,33.902139545602225],[-117.59017704885828,33.90648784410218],[-117.59600158281374,33.90789663063877]]]}"
000000000000000000df,126.17131979695431,110.31979695431473,55.088832487309645,3343.0368020304563,236.7005076142132,39.1243654822335,197.5761421319797,89.002538071066,166.6776649746193,171.9314720812183,89.002538071066,898.8439086294416,175.74238578680203,2.0,85.41116751269035,463.5736040609137,13.0,17.361675126903553,463.5736040609137,1,224,Aedes sierrensis,2017.0,"{""type"":""Polygon"",""coordinates"":[[[-122.33339513300518,37.41021728924888],[-122.34011631276549,37.40846232017975],[-122.34421557095196,37.40388204456998],[-122.34409446689227,37.398263078138655],[-122.33980105217165,37.39379680660426],[-122.33300997464443,37.39222476112582],[-122.32636906183716,37.39415986422828],[-122.32246764324188,37.39884763660993],[-122.3228275936905,37.40446014723452],[-122.32730934977099,37.408808483815505],[-122.33339513300518,37.41021728924888]]]}"
000000000000000000e0,91.24625000000002,149.905,36.363749999999996,8756.55875,320.65749999999997,-88.20500000000001,408.86249999999995,80.6825,206.38125000000002,206.38125000000002,-19.76375,567.70875,68.46749999999999,22.608750000000004,28.728749999999998,191.445,82.20625000000001,82.20625000000001,151.2075,1,225,Aedes sierrensis,2017.0,"{""type"":""Polygon"",""coordinates"":[[[-111.82299964936372,40.76939634494231],[-111.83004883671849,40.767641351646525],[-111.83434805889807,40.763061037473655],[-111.83422093853325,40.757442072440554],[-111.82971802328942,40.75297584029101],[-111.82259570561904,40.751403816739696],[-111.81563087039093,40.75333889344787],[-111.81153906259826,40.758026628265576],[-111.81191646748638,40.763639143038915],[-111.81661686345495,40.76798751964636],[-111.82299964936372,40.76939634494231]]]}"
000000000000000000e1,105.10000000000004,141.55696202531647,34.0,9046.25189873418,332.7379746835444,-75.00759493670886,407.7455696202532,96.29620253164559,224.42025316455698,224.42025316455698,-9.900000000000002,429.6822784810127,54.46329113924052,20.0,26.01392405063292,148.13037974683544,71.0,71.0,104.44810126582279,1,226,Aedes sierrensis,2017.0,"{""type"":""Polygon"",""coordinates"":[[[-111.87699936312096,40.742200287617344],[-111.88404566757946,40.740445294527305],[-111.88834313226228,40.735864980681924],[-111.88821606478699,40.73024601563696],[-111.88371499086425,40.72577978315294],[-111.87659558448195,40.724207759415414],[-111.86963359622675,40.72614283634773],[-111.86554346178559,40.73083057148445],[-111.86592071327684,40.73644308622256],[-111.87061918760307,40.74079146249008],[-111.87699936312096,40.742200287617344]]]}"
000000000000000000e2,105.50430504305042,140.9630996309963,34.0,9050.484624846247,333.109471094711,-74.16236162361623,407.2718327183272,96.530135301353,224.9741697416974,224.9741697416974,-9.495694956949569,430.67404674046736,54.69495694956949,20.0,26.19926199261992,149.0811808118081,71.0,71.0,104.3751537515375,1,227,Aedes sierrensis,2017.0,"{""type"":""Polygon"",""coordinates"":[[[-111.88200247450293,40.758400201744514],[-111.88905049574508,40.75664520853194],[-111.89334900702879,40.75206489449152],[-111.89322190805746,40.74644592945362],[-111.8887197376159,40.7419796971688],[-111.88159859754239,40.74040767354218],[-111.87463491389609,40.742342750341],[-111.87054378296311,40.74703048528773],[-111.87092112580325,40.75264300004682],[-111.87562074448013,40.75699137651679],[-111.88200247450293,40.758400201744514]]]}"
0000000000000000002c,129.75797872340425,147.59574468085108,44.003989361702125,6517.1688829787245,318.7047872340426,-10.944148936170214,329.6489361702128,61.64760638297872,216.3922872340426,217.01196808510636,54.71808510638298,797.2034574468088,151.57712765957447,2.518617021276596,81.91755319148938,410.8577127659575,13.518617021276595,24.509308510638302,407.968085106383,1,45,Aedes sierrensis,2018.0,"{""type"":""Polygon"",""coordinates"":[[[-119.2430641980261,37.04340717749136],[-119.24975276630504,37.04165221093379],[-119.25383214338872,37.03707193932187],[-119.25371163737583,37.03145297274567],[-119.24943905184325,37.02698669712822],[-119.24268090737533,37.02541464937656],[-119.23607220006666,37.02734975521536],[-119.23218971053514,37.03203753149127],[-119.23254792549392,37.037650041685694],[-119.23700794366886,37.041998374117135],[-119.2430641980261,37.04340717749136]]]}"
0000000000000000002f,79.99892703862662,105.00643776824033,39.0,5593.821888412018,238.68884120171674,-25.9881974248927,264.67703862660943,17.5793991416309,152.58583690987123,153.47103004291847,12.373390557939915,2471.6888412017165,423.74141630901283,25.07081545064378,67.93884120171676,1206.7467811158797,140.20815450643778,156.20600858369102,1140.8476394849786,1,48,Aedes sierrensis,2018.0,"{""type"":""Polygon"",""coordinates"":[[[-121.9896564100982,45.84055806808523],[-121.9973196197636,45.83880303312028],[-122.00199316221608,45.83422265262227],[-122.00185477047054,45.82860368999677],[-121.9969596776025,45.82413752558562],[-121.98921730151261,45.822565539745796],[-121.98164610556466,45.82450057105954],[-121.97719789448641,45.82918824127026],[-121.97760796417528,45.83480076317631],[-121.98271764202237,45.83914920862614],[-121.9896564100982,45.84055806808523]]]}"
00000000000000000043,85.66271551724137,105.84267241379311,39.0,5620.438577586207,244.57327586206895,-21.415948275862068,265.98922413793105,22.584051724137932,158.4288793103448,158.92780172413796,16.740301724137932,2515.7230603448274,435.92780172413796,24.157327586206893,68.84267241379311,1234.4407327586207,137.35560344827587,153.35560344827584,1168.3965517241377,1,68,Aedes sierrensis,2018.0,"{""type"":""Polygon"",""coordinates"":[[[-121.99337975947783,45.82462570002127],[-122.0010407758167,45.82287066519878],[-122.00571298119536,45.818290284927514],[-122.00557462973809,45.81267132229379],[-122.00068093774658,45.80820515765106],[-121.99294077650053,45.8066331716823],[-121.98537174646997,45.80856820315123],[-121.98092480848472,45.813255873582825],[-121.98133476152044,45.81886839546451],[-121.98644297740636,45.82321684067898],[-121.99337975947783,45.82462570002127]]]}"
00000000000000000054,160.70588235294116,155.7058823529412,44.81830065359477,6778.57908496732,361.716339869281,16.637908496732027,345.078431372549,90.63921568627451,248.81960784313728,248.81960784313728,77.87581699346406,494.3830065359478,90.10065359477123,0.2366013071895425,82.33333333333333,251.12418300653596,5.2366013071895425,5.2366013071895425,246.72549019607845,1,85,Aedes sierrensis,2018.0,"{""type"":""Polygon"",""coordinates"":[[[-119.73523747680021,37.10543773224585],[-119.74193151843775,37.10368276526527],[-119.74601423227361,37.09910249298001],[-119.74589362588827,37.0934835264282],[-119.74161754448184,37.089017251498454],[-119.73485387268163,37.08744520412966],[-119.72823976015111,37.08938030950759],[-119.7243540936539,37.0940680851276],[-119.72471259989015,37.09968059539447],[-119.72917626645429,37.104028928524805],[-119.73523747680021,37.10543773224585]]]}"
00000000000000000094,104.99573105656349,94.8153681963714,40.0,4873.552828175026,238.06937033084316,4.6510138740661695,233.41835645677696,51.16221985058697,168.40875133404484,168.40875133404484,46.26467449306296,1072.8335112059767,168.90394877267877,20.463180362860193,60.22838847385272,502.93810032017075,87.26360725720384,87.6093916755603,456.07577374599794,1,149,Aedes sierrensis,2018.0,"{""type"":""Polygon"",""coordinates"":[[[-122.48984269346535,47.39959802850256],[-122.49772978380024,47.39784297918747],[-122.50253980523729,47.39326257584891],[-122.50239730002048,47.38764361405333],[-122.49735921496095,47.38317747296941],[-122.48939076370934,47.381605500116],[-122.48159848658469,47.38354051579758],[-122.47702032644047,47.38822816375932],[-122.47744230216783,47.393840688120896],[-122.48270120679148,47.39818915727826],[-122.48984269346535,47.39959802850256]]]}"
000000000000000000aa,126.9474375821288,146.84362680683313,44.15637319316689,6485.831800262814,315.34428383705654,-12.487516425755587,327.8318002628121,59.473061760841,213.25492772667545,213.50065703022344,52.852825229960594,818.0236530880422,155.07358738501975,2.7490144546649153,82.31668856767412,421.8935611038109,14.061760840998689,21.722733245729305,417.8922470433641,1,171,Aedes sierrensis,2018.0,"{""type"":""Polygon"",""coordinates"":[[[-119.26599735474399,37.037998287913524],[-119.27268544655715,37.036243321392824],[-119.27676453317054,37.031663049839565],[-119.2766440358952,37.026044083261226],[-119.27237175468476,37.021577807583874],[-119.26561409138118,37.020005759798856],[-119.25900585460687,37.0219408656778],[-119.25512364163593,37.02662864201085],[-119.25548183123846,37.03224115219897],[-119.2599415318145,37.03658948456951],[-119.26599735474399,37.037998287913524]]]}"
000000000000000000b1,172.95392953929542,132.09214092140923,52.75880758807589,4117.150406504066,301.3536585365854,52.933604336043366,248.420054200542,128.95392953929542,223.26693766937672,229.529810298103,123.95392953929542,290.57181571815727,55.86856368563687,2.0,82.7669376693767,157.84959349593498,8.0,15.520325203252037,148.57046070460706,1,178,Aedes sierrensis,2018.0,"{""type"":""Polygon"",""coordinates"":[[[-117.23846194214636,33.41693622735122],[-117.24485799801336,33.41518128440737],[-117.24875904907717,33.41060105038393],[-117.24864390708116,33.40498208244609],[-117.24455815139356,33.40051576843915],[-117.2380954041581,33.39894369931396],[-117.23177556811994,33.400878830880636],[-117.22806286501027,33.405566643770946],[-117.22840551304918,33.41117914992024],[-117.23267055041947,33.41552744333701],[-117.23846194214636,33.41693622735122]]]}"
000000000000000000b2,196.15315315315314,126.2222222222222,49.59309309309308,4488.932432432432,315.7192192192192,62.67117117117116,253.04804804804803,231.27627627627626,143.6021021021021,249.2447447447447,135.18618618618618,640.3858858858858,164.83333333333331,12.68168168168168,83.32282282282281,335.39789789789785,44.31381381381381,255.31681681681678,45.82582582582582,1,179,Aedes sierrensis,2018.0,"{""type"":""Polygon"",""coordinates"":[[[-100.21291404122462,25.636197289980867],[-100.21883569450138,25.634442391784138],[-100.22244753735835,25.629862228992035],[-100.22234110033196,25.624243258476962],[-100.21855834770116,25.619776871720656],[-100.21257467246842,25.618204762090567],[-100.20672332504631,25.620139942413957],[-100.20328598460135,25.62482782468932],[-100.20360339168465,25.63044032316989],[-100.20755220930273,25.63478854265314],[-100.21291404122462,25.636197289980867]]]}"
000000000000000000b3,138.47651933701658,104.40883977900553,55.89917127071824,2890.382596685083,237.0386740331492,52.41988950276244,184.6187845303868,106.57044198895028,170.3397790055249,178.7486187845304,106.57044198895028,541.1077348066299,114.04696132596686,0.0,98.20718232044199,316.69475138121555,1.9433701657458566,7.208563535911602,316.69475138121555,1,180,Aedes sierrensis,2018.0,"{""type"":""Polygon"",""coordinates"":[[[-119.79506969473535,34.039556048342824],[-119.80151232012369,34.037801101491326],[-119.80544176161632,34.03322086124762],[-119.80532576562133,34.027601893535035],[-119.80121026564001,34.023135585880915],[-119.79470048963671,34.02156352029272],[-119.78833466379642,34.02349864760182],[-119.78459492979262,34.02818645443306],[-119.78494005614729,34.03379896125183],[-119.78923613547775,34.038147261124884],[-119.79506969473535,34.039556048342824]]]}"
000000000000000000b4,143.0,115.59817945383618,51.34590377113135,4014.892067620287,265.76592977893375,42.49024707412225,223.27568270481146,92.73732119635893,189.5136540962289,194.45513654096234,92.73732119635893,670.141742522757,138.91547464239275,1.0,87.41742522756829,351.4291287386216,7.797139141742523,12.827048114434334,351.4291287386216,1,181,Aedes sierrensis,2018.0,"{""type"":""Polygon"",""coordinates"":[[[-122.1509777680098,37.936302031534424],[-122.1577467660354,37.93454705881991],[-122.16187517589077,37.92996677740748],[-122.16175319488705,37.92434781118647],[-122.15742923830305,37.919881545578384],[-122.15058987102589,37.91830950339939],[-122.14390173528935,37.92024460253022],[-122.13997256098092,37.92493236925956],[-122.14033505615245,37.930544880508506],[-122.14484868653695,37.934893223112326],[-122.1509777680098,37.936302031534424]]]}"
000000000000000000b5,133.93864229765015,118.69973890339426,57.608355091383814,3185.306788511749,242.70626631853787,38.03524804177545,204.67101827676242,95.11618798955614,171.57963446475196,176.19451697127937,95.11618798955614,748.331592689295,153.17493472584857,2.0,87.24543080939948,397.0718015665796,9.744125326370758,14.505221932114882,397.0718015665796,1,182,Aedes sierrensis,2018.0,"{""type"":""Polygon"",""coordinates"":[[[-122.2185420671716,37.26153748282383],[-122.22524995706605,37.25978251477567],[-122.2293411132856,37.25520224079104],[-122.22922025294422,37.249583274300825],[-122.2249353265562,37.24511700110664],[-122.21815766994183,37.24354495470413],[-122.21152988155126,37.24548005891892],[-122.20763617694817,37.250167832883605],[-122.20799542014987,37.25578034333334],[-122.212468317577,37.26012867822751],[-122.2185420671716,37.26153748282383]]]}"
000000000000000000b6,129.7642487046632,153.85492227979276,53.0,4793.633419689119,299.2137305699482,10.787564766839377,288.42616580310874,79.10492227979275,191.97409326424872,195.04533678756474,76.47279792746113,644.0038860103629,122.04922279792747,2.0,86.22668393782382,335.04015544041454,8.94559585492228,15.764248704663212,332.3639896373057,1,183,Aedes sierrensis,2018.0,"{""type"":""Polygon"",""coordinates"":[[[-121.49531600821214,36.771040826045834],[-121.50198074159921,36.76928586133751],[-121.50604558809027,36.76470559266917],[-121.50592551916635,36.75908662598629],[-121.50166815715289,36.754620347362525],[-121.49493408262332,36.753048297937106],[-121.48834891349684,36.75498340579066],[-121.48448025873111,36.759671184933886],[-121.48483720525661,36.765283694811565],[-121.48928133575025,36.76963202418772],[-121.49531600821214,36.771040826045834]]]}"
000000000000000000b7,104.0,146.1006637168142,37.08517699115045,8280.317477876108,324.29756637168146,-62.0,386.2975663716815,4.0,203.95796460176993,211.8727876106195,-3.0,290.174778761062,35.820796460177,7.0,35.36615044247788,104.06637168141593,35.128318584070804,40.52323008849559,94.15154867256638,1,184,Aedes sierrensis,2018.0,"{""type"":""Polygon"",""coordinates"":[[[-116.40499798694364,43.61879759090266],[-116.41237235990704,43.61704257505599],[-116.41686982318821,43.61246222498835],[-116.41673673525779,43.6068432612578],[-116.41202612268494,43.60237706576788],[-116.40457541975061,43.600805062626],[-116.39728945372143,43.602740114766746],[-116.39300889496506,43.60742781461959],[-116.39340360094022,43.61304033325354],[-116.39832075349076,43.617388747118014],[-116.40499798694364,43.61879759090266]]]}"
000000000000000000b8,97.10520487264672,145.78073089701,37.0,8280.912513842746,320.4008859357697,-67.14839424141749,387.54928017718714,-1.5027685492801768,198.64784053156146,205.3720930232558,-9.148394241417497,373.2990033222591,49.35658914728682,8.49390919158361,40.52934662236988,142.9966777408638,40.55149501661129,46.05204872646733,132.99667774086376,1,185,Aedes sierrensis,2018.0,"{""type"":""Polygon"",""coordinates"":[[[-116.25499828660676,43.733601606624674],[-116.2623867808176,43.7318465898253],[-116.2668928526862,43.727266238241214],[-116.26675950552867,43.72164727456571],[-116.2620398736811,43.717181080624556],[-116.25457491069582,43.71560907834489],[-116.24727499963363,43.71754412944775],[-116.24298624433708,43.722231827823435],[-116.24338170152625,43.72784434662048],[-116.24830826670984,43.73219276205893],[-116.25499828660676,43.733601606624674]]]}"
000000000000000000b9,103.76906077348066,144.0,37.0,8301.708287292819,325.2486187845304,-60.32486187845305,385.57348066298346,4.244198895027624,205.24419889502767,212.24861878453038,-2.772375690607735,317.028729281768,39.73259668508288,8.0,36.95690607734807,115.68950276243093,37.0,42.0,105.92375690607736,1,186,Aedes sierrensis,2018.0,"{""type"":""Polygon"",""coordinates"":[[[-116.29699855942917,43.6581982078109],[-116.3043777693636,43.65644319163768],[-116.30887818135724,43.65186284105024],[-116.30874500463423,43.64624387733856],[-116.30403130267617,43.641777682379505],[-116.29657571522475,43.64020567953317],[-116.28928497258214,43.642140731318165],[-116.2850016062531,43.646828430664684],[-116.28539656954356,43.652440949354535],[-116.29031694621737,43.65678936375852],[-116.29699855942917,43.6581982078109]]]}"
000000000000000000bb,144.7994505494505,128.2980769230769,52.44368131868131,4028.998626373626,277.6291208791208,34.85576923076922,242.77335164835156,101.58241758241756,194.67719780219775,200.4120879120879,98.83241758241758,607.6730769230769,128.72115384615384,0.0,96.92582417582415,358.42307692307685,2.0,10.217032967032965,342.1249999999999,1,188,Aedes sierrensis,2018.0,"{""type"":""Polygon"",""coordinates"":[[[-119.84034740683202,34.53028903747664],[-119.84682776042042,34.52853408750463],[-119.85078020237304,34.523953842293636],[-119.85066351452909,34.518334874760946],[-119.84652391726647,34.51386857217997],[-119.83997604097779,34.51229650941631],[-119.83357295656964,34.51423163332546],[-119.82981132354246,34.518919435318146],[-119.83015845771679,34.52453194267151],[-119.83447968563843,34.52888024770031],[-119.84034740683202,34.53028903747664]]]}"
000000000000000000bc,133.91062176165804,118.65932642487047,57.62176165803109,3183.7784974093265,242.62823834196894,38.04274611398964,204.58549222797927,95.11398963730569,171.52720207253884,176.15673575129537,95.11398963730569,748.1955958549224,153.14248704663214,2.0,87.24093264248705,396.97797927461147,9.735751295336787,14.50259067357513,396.97797927461147,1,189,Aedes sierrensis,2018.0,"{""type"":""Polygon"",""coordinates"":[[[-122.21887204064957,37.2616177466428],[-122.22557993769213,37.25986277859408],[-122.22967109826939,37.25528250460859],[-122.22955023779693,37.2496635381184],[-122.22526530684335,37.2451972649251],[-122.21848764301043,37.24362521852309],[-122.21185984756076,37.2455603227373],[-122.2079661388086,37.250248096701135],[-122.20832538239071,37.25586060715095],[-122.21279828458258,37.26020894204603],[-122.21887204064957,37.2616177466428]]]}"
000000000000000000bd,104.5215946843854,143.59025470653378,37.0,8316.04761904762,326.31672203765226,-59.42746400885936,385.74418604651163,4.8549280177187155,206.2081949058693,213.42746400885935,-2.4274640088593578,317.91029900332234,40.0,8.0,37.10299003322259,116.10299003322258,37.0,42.05094130675526,106.12403100775192,1,190,Aedes sierrensis,2018.0,"{""type"":""Polygon"",""coordinates"":[[[-116.27899716847642,43.65439905371336],[-116.28637591158368,43.652644037571655],[-116.29087603899033,43.64806368703437],[-116.29074287083694,43.64244472332087],[-116.28602946704251,43.63797852831059],[-116.27857435100704,43.63640652543574],[-116.27128406936625,43.63834157725506],[-116.2670009740025,43.64302927665043],[-116.26739591245892,43.648641795334896],[-116.2723159779652,43.65299020968682],[-116.27899716847642,43.65439905371336]]]}"
000000000000000000bf,86.83943089430893,78.61178861788619,39.0,4338.721544715447,201.64532520325207,2.2042682926829267,199.44105691056913,38.83943089430893,142.8160569105691,142.9542682926829,34.47764227642276,1067.596544715447,186.0558943089431,21.370934959349594,66.5701219512195,533.2154471544715,75.95833333333334,88.47560975609757,481.46849593495944,1,192,Aedes sierrensis,2018.0,"{""type"":""Polygon"",""coordinates"":[[[-123.50870715226824,48.533395816958034],[-123.51676929257124,48.53164075666302],[-123.52168602419415,48.52706033584837],[-123.52154030112023,48.52144137468809],[-123.51639041235586,48.5169752514526],[-123.50824519793785,48.51540328853543],[-123.50028006223413,48.51733829225643],[-123.49560029638864,48.5220259231947],[-123.4960315796619,48.52763844943479],[-123.50140716197409,48.531986936731656],[-123.50870715226824,48.533395816958034]]]}"
000000000000000000c0,108.0,134.7331701346389,33.0,9098.711138310893,333.0,-69.0,402.0,98.0,228.3708690330477,228.3708690330477,-7.0,427.8959608323133,55.110159118727054,20.0,27.64626682986536,150.78335373317015,70.0281517747858,70.0281517747858,100.41126070991433,1,193,Aedes sierrensis,2018.0,"{""type"":""Polygon"",""coordinates"":[[[-111.93699656779509,40.8213983814276],[-111.94405127858512,40.819643387737926],[-111.94835386800976,40.8150630729381],[-111.94822664631147,40.809444107927746],[-111.94372020322045,40.80497787641851],[-111.93659230771911,40.80340585322369],[-111.92962201788342,40.80534092950275],[-111.92552700406185,40.81002866370975],[-111.92590470284742,40.81564117855053],[-111.93060878055297,40.81998955580871],[-111.93699656779509,40.8213983814276]]]}"
000000000000000000c1,104.95515151515151,142.7927272727273,34.09939393939394,9040.047272727274,332.93939393939394,-75.85333333333332,408.79272727272723,96.14666666666666,224.14666666666668,224.14666666666668,-10.160000000000002,424.369696969697,53.75393939393939,19.384242424242423,26.0,145.6981818181818,70.07757575757576,70.07757575757576,103.7648484848485,1,194,Aedes sierrensis,2018.0,"{""type"":""Polygon"",""coordinates"":[[[-111.87299954947602,40.71939644483002],[-111.8800434396712,40.71764145191237],[-111.88433943254923,40.71306113834139],[-111.88421240936574,40.70744217328646],[-111.87971287744584,40.702975940522194],[-111.87259590910375,40.70140391662865],[-111.86563630502843,40.70333899374877],[-111.861547571925,40.70802672915279],[-111.86192469495478,40.71363924386139],[-111.86662156001356,40.71798761984409],[-111.87299954947602,40.71939644483002]]]}"
000000000000000000c2,103.31043256997457,143.89821882951654,34.73791348600509,9000.32697201018,331.2137404580153,-77.66921119592875,408.882951653944,93.82824427480917,221.5725190839695,221.5725190839695,-11.618320610687022,445.0814249363868,56.256997455470746,20.0,26.83206106870229,152.98982188295165,71.62468193384225,71.62468193384225,110.64122137404583,1,195,Aedes sierrensis,2018.0,"{""type"":""Polygon"",""coordinates"":[[[-111.85700029489627,40.73989939147377],[-111.86404635563112,40.73814439840113],[-111.86834367173297,40.73356408458345],[-111.86821660872901,40.727945119537466],[-111.86371569047385,40.72347888702516],[-111.85659653021548,40.7219068632719],[-111.84963478264696,40.723841940223174],[-111.84554478967301,40.72852967538687],[-111.84592202819589,40.73414219012199],[-111.85062034006405,40.73849056636077],[-111.85700029489627,40.73989939147377]]]}"
000000000000000000c3,107.97747183979978,134.95369211514395,33.0,9099.48936170213,333.0,-69.19524405506884,402.1952440550688,98.0,228.22653316645813,228.22653316645813,-7.211514392991241,422.9036295369212,54.88861076345433,20.0,27.0,148.90488110137673,70.0,70.0,98.99874843554444,1,196,Aedes sierrensis,2018.0,"{""type"":""Polygon"",""coordinates"":[[[-111.93499889052313,40.797399499557955],[-111.94205105045693,40.79564450605014],[-111.94635208480629,40.79106419153978],[-111.94622490990635,40.78544522651892],[-111.94172009606064,40.780978994714054],[-111.9345947765366,40.779406971354646],[-111.92762700577072,40.78134204783182],[-111.92353347257097,40.78602978232078],[-111.92391103562768,40.79164229713042],[-111.92861341301797,40.79599067408816],[-111.93499889052313,40.797399499557955]]]}"
000000000000000000c4,104.96871088861077,138.81977471839804,33.56821026282854,9028.759699624532,331.5744680851064,-73.4755944931164,405.0500625782228,94.64580725907386,224.4443053817272,224.4443053817272,-9.653316645807262,446.096370463079,56.91113892365458,20.055068836045056,27.32290362953692,155.45056320400502,71.39924906132666,71.39924906132666,108.66207759699626,1,197,Aedes sierrensis,2018.0,"{""type"":""Polygon"",""coordinates"":[[[-111.90399921999959,40.79479984364381],[-111.9110511037993,40.79304485015568],[-111.91535196980938,40.78846453567667],[-111.91522479997542,40.78284557065467],[-111.910720162498,40.7783793388178],[-111.90359512182745,40.776807315440564],[-111.89662762375472,40.7787423919392],[-111.89253425083454,40.7834301264587],[-111.89291179919839,40.789042641264956],[-111.89761399252694,40.79339101819016],[-111.90399921999959,40.79479984364381]]]}"
000000000000000000c5,161.46428571428572,156.16581632653063,44.82270408163266,6783.89030612245,363.0880102040816,17.121173469387756,345.9668367346939,91.41964285714288,249.34311224489798,249.34311224489798,78.46811224489797,479.81377551020415,87.5280612244898,0.006377551020408163,81.46811224489795,243.68494897959187,5.0063775510204085,5.0063775510204085,238.8954081632653,1,198,Aedes sierrensis,2018.0,"{""type"":""Polygon"",""coordinates"":[[[-119.73252634335971,37.095792696667246],[-119.7392195328499,37.09403772975249],[-119.74330172718673,37.089457457571996],[-119.7431811364284,37.083838491016394],[-119.73890559929467,37.07937221597964],[-119.73214278804492,37.07780016855128],[-119.72552951705353,37.07973527400092],[-119.72164434517819,37.08442304972298],[-119.72200280606546,37.09003555997858],[-119.72646590461179,37.09438389300016],[-119.73252634335971,37.095792696667246]]]}"
000000000000000000c6,108.0,129.04590570719603,32.0,9140.972704714639,330.25682382133994,-67.64888337468983,397.9057071960298,98.0,229.85856079404468,229.85856079404468,-7.74317617866005,408.2555831265509,53.0,20.0,27.115384615384617,144.0,70.0,70.0,89.90446650124069,1,199,Aedes sierrensis,2018.0,"{""type"":""Polygon"",""coordinates"":[[[-112.00599669749612,40.773998137229476],[-112.01304637305067,40.772243143898855],[-112.01734589285094,40.76766282967054],[-112.01721876352958,40.76204386463946],[-112.01271553646995,40.757577632546536],[-112.00559272579184,40.756005609026744],[-111.99862740844733,40.75794068569698],[-111.99453531728342,40.76262842046068],[-111.99491274814831,40.76824093523998],[-111.99961346953454,40.77258931190496],[-112.00599669749612,40.773998137229476]]]}"
000000000000000000c7,109.0,126.67044025157233,31.358490566037737,9155.9786163522,330.15220125786163,-66.35094339622641,396.503144654088,98.69056603773583,230.4314465408805,230.4314465408805,-7.038993710691824,416.5006289308175,54.27169811320755,20.0,27.677987421383648,146.90188679245284,70.95345911949686,70.95345911949686,91.5937106918239,1,200,Aedes sierrensis,2018.0,"{""type"":""Polygon"",""coordinates"":[[[-112.03199771573875,40.84000175102258],[-112.03905440601478,40.838246757191854],[-112.04335820219083,40.833666442167505],[-112.04323094417649,40.8280474771653],[-112.03872323677741,40.82358124588537],[-112.03159334229613,40.82200922281822],[-112.02462109764127,40.8239442989436],[-112.02052493484467,40.8286320329319],[-112.02090273895682,40.83424454779681],[-112.02560813612128,40.83859292528805],[-112.03199771573875,40.84000175102258]]]}"
000000000000000000c8,87.66345123258307,102.0192926045016,41.0,5095.04501607717,236.07717041800643,-10.538049303322616,246.6152197213291,31.299035369774916,152.93676312968918,155.1028938906752,26.42015005359057,2459.009646302251,395.36977491961414,30.767416934619508,61.98392282958199,1145.5680600214364,166.24330117899248,175.46838156484458,1072.9292604501607,1,201,Aedes sierrensis,2018.0,"{""type"":""Polygon"",""coordinates"":[[[-122.36371702016862,45.73871665912558],[-122.37136624164062,45.73696162506986],[-122.37603125674707,45.73238124601906],[-122.37589312194116,45.726762283340996],[-122.37100696332625,45.722296117451805],[-122.36327871266475,45.72072413078914],[-122.35572133011087,45.722659163093354],[-122.35128123833087,45.72734683471379],[-122.35169056404722,45.73295935646425],[-122.35679091806517,45.73730780041195],[-122.36371702016862,45.73871665912558]]]}"
00000000000000000026,70.44159178433888,123.49293966623877,43.233632862644406,5705.551989730422,234.4646983311938,-46.395378690629016,280.8600770218228,9.887034659820282,147.46469833119383,148.68934531450574,9.875481386392812,812.0898587933248,151.49293966623875,5.988446726572528,77.84338896020539,410.49037227214376,23.54557124518613,38.557124518613605,407.22849807445436,1,39,Aedes sierrensis,2019.0,"{""type"":""Polygon"",""coordinates"":[[[-119.00601838602495,37.01482879883983],[-119.01270443829411,37.01307383247692],[-119.0167822815296,37.00849356117485],[-119.01666182165607,37.00287459458742],[-119.01239084311717,36.99840831865352],[-119.00563523947001,36.996836270725666],[-118.99902901684995,36.99877137677655],[-118.99514798771543,37.00345915335428],[-118.99550606877878,37.00907166351535],[-118.99996440985124,37.01341999562519],[-119.00601838602495,37.01482879883983]]]}"
0000000000000000002b,158.67490247074124,154.7698309492848,44.31989596879064,6772.209362808844,358.9700910273082,14.586475942782837,344.38361508452545,88.54616384915474,246.67490247074122,246.67490247074122,76.58647594278283,533.4681404421326,97.34330299089727,1.0,81.79323797139142,270.1729518855656,6.206762028608583,6.206762028608583,267.1898569570871,1,44,Aedes sierrensis,2019.0,"{""type"":""Polygon"",""coordinates"":[[[-119.7453239633831,37.12351046881546],[-119.75201960285808,37.12175550171151],[-119.75610329079187,37.11717522922986],[-119.75598265510472,37.11155626268517],[-119.75170555314796,37.10708998795599],[-119.74494026775388,37.10551794069886],[-119.73832457727721,37.10745304594237],[-119.7344379833285,37.112140821371085],[-119.7347965745973,37.117753331659095],[-119.73926130623555,37.12210166499327],[-119.7453239633831,37.12351046881546]]]}"
0000000000000000002e,81.25778732545649,105.05263157894736,39.0,5591.845327604726,240.01933404940925,-24.74328678839957,264.76262083780875,19.011815252416756,154.0644468313641,154.73791621911923,13.40923737916219,2488.533834586466,427.17722878625136,24.992481203007515,68.05263157894736,1215.676691729323,140.3426423200859,156.10741138560684,1149.3963480128891,1,47,Aedes sierrensis,2019.0,"{""type"":""Polygon"",""coordinates"":[[[-121.99703176324064,45.83690606432246],[-122.00469446999028,45.83515102939017],[-122.00936770586033,45.83057064894414],[-122.00922932335267,45.82495168631676],[-122.00433455169663,45.82048552185252],[-121.99659268345621,45.81891353598313],[-121.98902198413919,45.82084856733245],[-121.984574064973,45.82553623759381],[-121.98498410791406,45.831148759494276],[-121.99009345054286,45.835497204890146],[-121.99703176324064,45.83690606432246]]]}"
00000000000000000044,122.95,146.31447368421053,44.56315789473684,6421.478947368421,310.1447368421052,-15.349999999999998,325.4947368421053,55.75526315789474,208.19736842105263,208.7394736842105,49.714473684210525,835.2394736842106,158.36052631578949,2.9355263157894735,82.0328947368421,430.7223684210527,15.10657894736842,23.894736842105264,426.25,1,69,Aedes sierrensis,2019.0,"{""type"":""Polygon"",""coordinates"":[[[-119.27300260249896,37.040999262922504],[-119.27969095865043,37.039244296381334],[-119.28377020641376,37.03466402479554],[-119.2836497042909,37.02904505821838],[-119.27937725424567,37.02457878257427],[-119.27261932399706,37.02300673480775],[-119.26601082617515,37.024941840664425],[-119.26212845977125,37.02962961696577],[-119.26248666344114,37.03524212715739],[-119.26694654021779,37.039590459561715],[-119.27300260249896,37.040999262922504]]]}"
00000000000000000052,161.32818532818533,155.8404118404118,44.512226512226505,6789.360360360361,362.83655083655077,17.0,345.83655083655077,91.32818532818531,249.43114543114544,249.43114543114544,78.32818532818533,488.47232947232936,89.16859716859716,0.28700128700128696,81.59459459459458,248.11583011583008,5.287001287001287,5.287001287001287,243.27541827541825,1,83,Aedes sierrensis,2019.0,"{""type"":""Polygon"",""coordinates"":[[[-119.72400054214552,37.09899879032468],[-119.73069401485179,37.09724382338804],[-119.7347763818471,37.09266355117273],[-119.73465578589506,37.087044584618376],[-119.73038006786918,37.08257830961719],[-119.72361697061052,37.081006262208625],[-119.71700341992876,37.08294136763443],[-119.71311808366299,37.08762914332257],[-119.71347655962228,37.09324165358193],[-119.71793984695258,37.09758998663965],[-119.72400054214552,37.09899879032468]]]}"
00000000000000000061,71.09342105263157,122.72894736842102,43.23026315789473,5698.351315789472,234.31578947368416,-45.34473684210525,279.6605263157894,10.74078947368421,147.96710526315786,149.20131578947365,10.40394736842105,834.6671052631577,155.9736842105263,5.682894736842103,78.33289473684209,423.1342105263157,22.7828947368421,38.09210526315789,420.92894736842095,1,98,Aedes sierrensis,2019.0,"{""type"":""Polygon"",""coordinates"":[[[-119.0169966928185,36.98299973552034],[-119.02367994707468,36.98124476937404],[-119.02775608454272,36.97666449841679],[-119.02763567597997,36.971045531816856],[-119.02336648455227,36.96657925553079],[-119.01661370651014,36.96500720740687],[-119.01001024707156,36.96694231369377],[-119.0061308420205,36.97163009060738],[-119.00648877418085,36.97724260073136],[-119.01094525017528,36.981590932483286],[-119.0169966928185,36.98299973552034]]]}"
0000000000000000009d,131.8869680851064,139.27925531914892,48.24202127659574,5297.265957446808,295.19946808510633,9.878989361702127,285.3204787234043,75.91090425531914,200.49734042553195,206.2885638297872,73.58643617021276,807.9215425531914,151.92154255319147,3.0,86.69015957446808,436.92420212765956,14.525265957446807,29.731382978723406,419.75930851063833,1,158,Aedes sierrensis,2019.0,"{""type"":""Polygon"",""coordinates"":[[[-117.46655387923224,33.684482290557966],[-117.47296977094486,33.682727345941906],[-117.47688291463949,33.6781471092566],[-117.47676740888728,33.67252814141515],[-117.47266898390096,33.6680618301268],[-117.466186205214,33.666489762515226],[-117.45984678026153,33.66842489225993],[-117.45612256359934,33.673112702557354],[-117.45646626724974,33.67872520899315],[-117.46074452664577,33.683073505172786],[-117.46655387923224,33.684482290557966]]]}"
0000000000000000009e,138.39818417639432,111.64332036316475,54.413748378728926,3331.4137483787295,242.6057068741894,40.163424124513625,202.44228274967574,96.26070038910507,177.8352788586252,181.28404669260703,96.26070038910507,589.8728923476007,118.810635538262,2.0,86.64072632944229,306.85214007782105,9.0,12.739299610894943,306.85214007782105,1,159,Aedes sierrensis,2019.0,"{""type"":""Polygon"",""coordinates"":[[[-122.23566501521685,37.41766398800814],[-122.24238686318249,37.415909018887774],[-122.24648652873024,37.41132874319644],[-122.24636541241651,37.40570977676808],[-122.24207157090837,37.40124350531698],[-122.23527981858696,37.399671459884914],[-122.2286382458931,37.401606562931555],[-122.22473643944356,37.40629433523375],[-122.22509642545201,37.411906845867115],[-122.22957862693949,37.41625518253276],[-122.23566501521685,37.41766398800814]]]}"
0000000000000000009f,137.24281984334203,96.65013054830288,54.25848563968669,2933.2480417754573,227.10443864229765,50.08616187989556,177.01827676240208,99.47127937336813,170.27284595300262,174.50130548302877,99.47127937336813,574.7206266318539,118.71801566579634,1.5731070496083552,86.95300261096605,300.3916449086162,8.14621409921671,11.06005221932115,300.3916449086162,1,160,Aedes sierrensis,2019.0,"{""type"":""Polygon"",""coordinates"":[[[-122.32127529634192,37.5417919840329],[-122.32800831889618,37.5400370140569],[-122.33211479686221,37.53545673700357],[-122.3319934756195,37.52983777062457],[-122.32769249682204,37.52537150056448],[-122.32088945972643,37.52379945590687],[-122.31423685156261,37.52573455802128],[-122.31032855891613,37.53042232899678],[-122.31068913960073,37.5360348397767],[-122.31517878975528,37.54038317785602],[-122.32127529634192,37.5417919840329]]]}"
000000000000000000a0,158.08996088657105,151.9582790091265,48.0,5858.08996088657,342.8435462842242,28.0,314.84354628422426,82.60625814863104,229.8852672750978,229.8852672750978,82.60625814863104,474.70664928292035,106.39113428943938,0.003911342894393742,89.43285528031292,266.28552803129077,5.795306388526728,5.795306388526728,266.28552803129077,1,161,Aedes sierrensis,2019.0,"{""type"":""Polygon"",""coordinates"":[[[-121.76205497412822,38.55032470569497],[-121.76888138488297,38.548569728659125],[-121.77304479548202,38.54398944036811],[-121.77292176152976,38.53837047439646],[-121.7685611350436,38.53390421581353],[-121.76166378903727,38.53233217754575],[-121.75491895543867,38.534267271968545],[-121.75095645639466,38.53895503199754],[-121.75132200681985,38.544567543986545],[-121.75587390686886,38.54891589372997],[-121.76205497412822,38.55032470569497]]]}"
000000000000000000a1,145.24060150375936,155.5927318295739,54.934837092731826,4489.098997493734,304.97994987468667,25.629072681704262,279.3508771929824,88.74060150375938,199.84837092731829,201.84837092731826,88.74060150375938,811.9335839598996,180.4285714285714,1.0,91.43609022556389,452.9874686716792,9.0,13.364661654135338,452.9874686716792,1,162,Aedes sierrensis,2019.0,"{""type"":""Polygon"",""coordinates"":[[[-122.50329134224256,38.36354633986929],[-122.51010010307974,38.361791364155685],[-122.51425275369678,38.35721107796939],[-122.51413004345018,38.35159211192143],[-122.50978069008524,38.347125851188935],[-122.50290116798632,38.345553811724415],[-122.49617376452944,38.34748890758777],[-122.49222151023106,38.35217666966694],[-122.49258612141186,38.3577891814295],[-122.4971262565412,38.362137528988356],[-122.50329134224256,38.36354633986929]]]}"
000000000000000000a2,76.7267326732673,66.61683168316831,36.539603960396036,4035.2603960396036,179.47326732673264,0.5980198019801977,178.87524752475244,33.63168316831682,129.24851485148514,129.9257425742574,29.257425742574252,2346.1435643564355,332.39603960396033,67.0,49.83465346534653,962.9336633663366,240.63663366336627,258.26831683168314,879.6970297029702,1,163,Aedes sierrensis,2019.0,"{""type"":""Polygon"",""coordinates"":[[[-126.1287456173425,49.8756654978642],[-126.13702961038898,49.87391042391661],[-126.14208158136603,49.86932998137224],[-126.1419317780056,49.86371102100221],[-126.1366401933248,49.85924491995943],[-126.12827095840453,49.85767296939678],[-126.12008675054014,49.85960795824624],[-126.11527821303264,49.8642955680175],[-126.11572129020334,49.869908096592994],[-126.12124474454451,49.87425660644452],[-126.1287456173425,49.8756654978642]]]}"
000000000000000000a3,133.6058201058201,161.58465608465607,56.1415343915344,4250.518518518518,295.074074074074,10.57142857142857,284.5026455026455,89.83465608465607,188.24338624338625,191.37698412698415,85.03174603174602,610.4894179894179,118.07010582010581,0.1970899470899471,90.30423280423278,337.0052910052909,3.7883597883597884,13.731481481481485,326.547619047619,1,164,Aedes sierrensis,2019.0,"{""type"":""Polygon"",""coordinates"":[[[-120.47452075865313,35.29894441796859],[-120.4810620761084,35.297189463034],[-120.48505168382702,35.29260920992351],[-120.48493387806023,35.28699024267696],[-120.48075534271972,35.28252394816381],[-120.4741459012971,35.280951889891945],[-120.46768261186267,35.282887008394205],[-120.46388559285934,35.287574802692106],[-120.46423597142528,35.29318731089561],[-120.46859783621227,35.29753562412361],[-120.47452075865313,35.29894441796859]]]}"
000000000000000000a4,53.14116485686081,93.27344521224086,30.057255676209284,6839.788746298123,222.28134254689044,-84.40078973346495,306.68213228035535,-27.425468904244816,140.39091806515302,140.39091806515302,-32.92300098716682,1099.406712734452,166.0128331688055,40.70187561697927,49.27443237907206,476.6278381046396,138.49457058242842,138.49457058242842,424.82428430404735,1,165,Aedes sierrensis,2019.0,"{""type"":""Polygon"",""coordinates"":[[[-123.12930453913579,50.14639981832416],[-123.13763532890619,50.144644741530854],[-123.14271582647443,50.14006429445722],[-123.14256516213072,50.13444533425195],[-123.13724368876193,50.129979237834924],[-123.12882720037102,50.1284072898474],[-123.12059678278875,50.1303422755971],[-123.11576108272934,50.13502988095639],[-123.11620664733675,50.14064241001862],[-123.121761292981,50.14499092457137],[-123.12930453913579,50.14639981832416]]]}"
000000000000000000a5,73.50397877984085,58.436339522546426,31.0,4235.550397877984,173.5106100795756,-10.892572944297083,184.40318302387269,54.07427055702918,126.51061007957559,131.08090185676392,23.631299734748012,2155.2413793103447,306.2679045092838,75.56366047745358,41.0,839.5450928381964,264.34880636604777,349.55968169761275,700.4867374005305,1,166,Aedes sierrensis,2019.0,"{""type"":""Polygon"",""coordinates"":[[[-132.54207000296628,53.423072127225694],[-132.55102883207874,53.42131701320535],[-132.55649216428284,53.41673650688219],[-132.55632993439943,53.411117548833786],[-132.55060734011823,53.40665151292861],[-132.54155670047902,53.40507959862671],[-132.53270613835588,53.40701454382786],[-132.52750590182592,53.41170209147171],[-132.52798483806896,53.41731462689971],[-132.53395808125998,53.42166320295159],[-132.54207000296628,53.423072127225694]]]}"
000000000000000000a6,110.7650334075724,97.64922048997774,51.110244988864146,3351.559020044543,216.57349665924275,27.286191536748333,189.28730512249444,74.92093541202674,152.51670378619156,155.130289532294,71.16926503340757,1587.9565701559025,271.511135857461,11.0,70.64922048997774,781.4476614699332,70.30289532293988,78.67594654788421,729.5133630289533,1,167,Aedes sierrensis,2019.0,"{""type"":""Polygon"",""coordinates"":[[[-124.12718892748222,43.35024822995888],[-124.1345305926261,43.348493216326666],[-124.13900811655942,43.343912869783786],[-124.13887562902556,43.33829390592528],[-124.13418590702318,43.3338277068355],[-124.12676823345542,43.33225570168949],[-124.11951456714107,43.33419075624266],[-124.11525299332149,43.338878459528964],[-124.11564595929455,43.344490977783856],[-124.12054131015873,43.348839387989784],[-124.12718892748222,43.35024822995888]]]}"
000000000000000000a7,128.7496723460026,113.13368283093054,59.53866317169069,2808.171690694626,228.7929226736566,40.22411533420708,188.5688073394495,95.39973787680209,161.6435124508519,166.25032765399737,95.39973787680209,812.142857142857,164.91087811271296,2.707732634338139,86.89908256880733,426.95412844036696,11.613368283093054,16.250327653997378,426.95412844036696,1,168,Aedes sierrensis,2019.0,"{""type"":""Polygon"",""coordinates"":[[[-122.29142607389018,37.20756898277398],[-122.29812916391079,37.20581401509541],[-122.30221739395891,37.201233741699106],[-122.30209662164019,37.195614775187565],[-122.29781476096619,37.191148501392526],[-122.29104195155662,37.18957645465549],[-122.28441890328587,37.19151155927296],[-122.28052798472976,37.19619933381071],[-122.28088697249588,37.201811844197145],[-122.28535667046079,37.20616017848067],[-122.29142607389018,37.20756898277398]]]}"
000000000000000000a8,128.2638352638353,113.89446589446588,59.0965250965251,2895.3693693693695,230.71943371943377,39.45817245817246,191.2612612612613,94.31917631917632,162.44401544401543,167.24453024453027,94.31917631917632,839.3552123552122,170.29987129987134,2.800514800514801,87.0,441.82625482625485,11.95109395109395,16.671814671814673,441.82625482625485,1,169,Aedes sierrensis,2019.0,"{""type"":""Polygon"",""coordinates"":[[[-122.28694467733143,37.20901373151529],[-122.2936478956788,37.207258763826836],[-122.29773620395943,37.2026784904148],[-122.29761542928739,37.19705952390382],[-122.29333348665016,37.19259325012486],[-122.28656054764842,37.19102120339677],[-122.27993737264848,37.19295630800347],[-122.27604637960614,37.1976440825259],[-122.27640537420146,37.203256592914016],[-122.28087515770538,37.20760492721388],[-122.28694467733143,37.20901373151529]]]}"
000000000000000000a9,122.64986737400528,146.06498673740052,44.603448275862064,6400.0039787798405,310.026525198939,-14.713527851458883,324.7400530503979,55.46153846153845,207.43766578249335,208.71485411140583,49.78779840848805,843.2095490716181,159.81432360742704,2.748010610079575,81.91511936339522,434.63129973474804,14.787798408488065,26.24801061007958,430.2798408488063,1,170,Aedes sierrensis,2019.0,"{""type"":""Polygon"",""coordinates"":[[[-119.28535877151806,37.0355591596373],[-119.2920466485116,37.0338041931332],[-119.2961256041634,37.029223921606395],[-119.29600511082748,37.023604955027096],[-119.29173296682389,37.01913867932273],[-119.28497552045827,37.017566631522676],[-119.27836749582933,37.01950173741973],[-119.27448540754868,37.02418951377854],[-119.27484358571904,37.0298020239638],[-119.27930314310231,37.03415035630691],[-119.28535877151806,37.0355591596373]]]}"
000000000000000000ab,98.72085889570552,77.0,33.13701431492843,5305.583844580778,226.4570552147239,-1.3813905930470347,227.83844580777097,38.579754601226995,167.85378323108384,167.85378323108384,33.06134969325153,1296.0889570552147,200.02351738241305,36.86298568507157,52.08588957055214,561.4059304703476,133.3282208588957,133.3282208588957,517.178936605317,1,172,Aedes sierrensis,2019.0,"{""type"":""Polygon"",""coordinates"":[[[-123.13960060346821,49.31399712917216],[-123.14778974655044,49.31224206102789],[-123.15278389811878,49.307661627720144],[-123.15263583951564,49.302042667014156],[-123.14740483482129,49.29757655653793],[-123.13913137617295,49.29600460072379],[-123.13104082901681,49.297939595894654],[-123.12628734596733,49.30262721466336],[-123.12672538113088,49.308239742246194],[-123.13218561511898,49.31258824251042],[-123.13960060346821,49.31399712917216]]]}"
000000000000000000ac,56.402925531914896,120.61303191489363,43.0,5552.218085106383,217.03989361702128,-57.93617021276595,274.9760638297872,-2.7273936170212765,131.41090425531914,132.7406914893617,-2.7593085106382977,767.4162234042552,141.32313829787233,7.410904255319148,75.23404255319147,379.2353723404256,27.21675531914893,42.3218085106383,379.2194148936171,1,173,Aedes sierrensis,2019.0,"{""type"":""Polygon"",""coordinates"":[[[-119.03600138150831,37.04899889021238],[-119.04269044249182,37.047243923616705],[-119.04677011994562,37.04266365194414],[-119.04664960489731,37.03704468537012],[-119.04237670467073,37.032578409814626],[-119.03561806263957,37.03100636209746],[-119.02900886875989,37.03294146789474],[-119.02512609324205,37.037629244111564],[-119.02548433442126,37.04324175431251],[-119.02994468101946,37.047590086806906],[-119.03600138150831,37.04899889021238]]]}"
000000000000000000ad,95.27263581488933,75.58752515090544,33.82193158953722,5188.845070422535,223.6277665995976,3.478873239436619,220.14889336016097,39.27263581488934,164.13078470824948,164.13078470824948,34.272635814889334,1227.4044265593564,199.7042253521127,32.837022132796776,57.37927565392354,558.4396378269619,113.56941649899396,113.56941649899396,513.0120724346077,1,174,Aedes sierrensis,2019.0,"{""type"":""Polygon"",""coordinates"":[[[-124.09202445657476,49.25255963485778],[-124.10020340368409,49.25080456734027],[-124.10519133988718,49.24622413503007],[-124.10504346881227,49.2406051742878],[-124.09981897621873,49.23613906279277],[-124.091555813161,49.234567106411475],[-124.08347533417869,49.23650210226505],[-124.0787277692543,49.24118972200546],[-124.07916526239599,49.24680224948109],[-124.08461870044226,49.25115074870991],[-124.09202445657476,49.25255963485778]]]}"
000000000000000000ae,129.14007782101166,103.9533073929961,56.76913099870298,2856.6381322957195,225.00129701686126,44.00389105058366,180.99740596627757,95.10376134889754,161.6874189364462,166.875486381323,95.10376134889754,765.9208819714655,150.4396887159533,2.0,85.33981841763942,391.05317769131005,11.220492866407264,15.392996108949417,391.05317769131005,1,175,Aedes sierrensis,2019.0,"{""type"":""Polygon"",""coordinates"":[[[-122.36578604305744,37.445747406442734],[-122.37251041321558,37.44399243712903],[-122.37661161637982,37.43941216112996],[-122.37649045381217,37.433793194712734],[-122.37219500136166,37.42932692357594],[-122.36540070197776,37.42775487831887],[-122.35875663849136,37.429689981154866],[-122.35485336805615,37.43437775315729],[-122.35521348828786,37.43999026382378],[-122.35969737099813,37.44433860080884],[-122.36578604305744,37.445747406442734]]]}"
000000000000000000af,65.86675291073739,139.9146183699871,44.0,6210.019404915913,246.27554980595087,-66.88874514877104,313.16429495472187,-5.046571798188875,148.65071151358345,148.96119016817593,-5.046571798188875,972.5536869340233,169.0323415265201,9.971539456662354,73.54592496765848,464.4721862871927,43.80595084087969,48.963777490297545,464.4721862871927,1,176,Aedes sierrensis,2019.0,"{""type"":""Polygon"",""coordinates"":[[[-119.93742649586662,38.30987214048897],[-119.9442302149012,38.30811716515407],[-119.94837979186529,38.303536879570586],[-119.94825717408602,38.297917913500775],[-119.94391104095465,38.29345165215262],[-119.93703661036137,38.29187961234533],[-119.93031418592855,38.293814708621284],[-119.92636485810205,38.29850247128765],[-119.92672920098097,38.30411498298536],[-119.93126597539113,38.30846332991852],[-119.93742649586662,38.30987214048897]]]}"
000000000000000000b0,133.22236503856038,116.37917737789202,57.78020565552699,3092.6735218508993,238.30077120822625,38.429305912596405,199.8714652956298,95.19665809768637,169.34318766066838,173.54113110539845,95.19665809768637,734.3521850899743,149.3573264781491,2.0,87.0,386.7326478149101,10.020565552699228,14.350899742930588,386.7326478149101,1,177,Aedes sierrensis,2019.0,"{""type"":""Polygon"",""coordinates"":[[[-122.24314738678454,37.27329167320071],[-122.24985632377967,37.27153670507199],[-122.25394811834848,37.26695643095911],[-122.25382723880477,37.26133746447354],[-122.24954164362602,37.25687119141034],[-122.2427629295857,37.25529914508074],[-122.23613410712994,37.25723424920776],[-122.23223979474596,37.261922023047525],[-122.23259909367131,37.26753453351105],[-122.23707268906657,37.271882868538334],[-122.24314738678454,37.27329167320071]]]}"
00000000000000000051,82.41755888650964,104.83083511777303,39.093147751606,5556.032119914348,240.32655246252676,-22.982869379014993,263.3094218415418,20.58672376873662,154.41970021413275,155.58672376873665,14.923982869379016,2526.4453961456106,432.54282655246254,25.675588865096362,67.83083511777302,1232.1156316916488,143.67130620985012,158.84047109207708,1164.3618843683084,1,82,Aedes sierrensis,2020.0,"{""type"":""Polygon"",""coordinates"":[[[-122.02117333634396,45.841039650999],[-122.02883661233514,45.83928461602974],[-122.03351019522049,45.83470423552487],[-122.03337180225667,45.829085272899626],[-122.02847666702635,45.82461910849548],[-122.02073422396,45.82304712265955],[-122.01316296251508,45.824982153968605],[-122.00871471293873,45.82966982417264],[-122.00912478615514,45.83528234607944],[-122.01423450821171,45.839630791536386],[-122.02117333634396,45.841039650999]]]}"
0000000000000000005e,91.6010752688172,103.04193548387096,41.0,5097.340860215053,240.8548387096774,-7.235483870967741,248.09032258064514,34.89354838709677,157.30967741935484,158.99784946236554,30.2268817204301,2345.9172043010753,376.5569892473118,30.146236559139783,61.213978494623646,1089.0247311827957,162.7279569892473,170.99784946236556,1018.1870967741933,1,95,Aedes sierrensis,2020.0,"{""type"":""Polygon"",""coordinates"":[[[-122.38960210178388,45.76750015642556],[-122.39725526911701,45.76574512211321],[-122.40192268966156,45.76116474265392],[-122.40178448237768,45.75554577999068],[-122.39689580354269,45.751079614518694],[-122.3891635683067,45.749507628088274],[-122.38160228919863,45.75144266011292],[-122.37715990708534,45.75613033133545],[-122.37756944266617,45.761742853129824],[-122.38267242679818,45.76609129750152],[-122.38960210178388,45.76750015642556]]]}"
00000000000000000060,94.62700000000001,72.0,32.0,5373.868000000001,222.35500000000002,-2.519,224.87400000000002,34.75900000000001,165.627,165.627,29.481,1235.1720000000003,191.78000000000003,36.657000000000004,52.35500000000001,542.0850000000002,128.83300000000003,128.83300000000003,491.3020000000001,1,97,Aedes sierrensis,2020.0,"{""type"":""Polygon"",""coordinates"":[[[-123.45072992037134,49.40749110095976],[-123.45893464642015,49.40573603185871],[-123.46393829720421,49.401155597028136],[-123.46378995198357,49.39553663637753],[-123.45854899455348,49.39107052745658],[-123.4502598007046,49.389498572508245],[-123.4421538659183,49.39143356663691],[-123.43739133793133,49.396121183922226],[-123.43783020148125,49.401733711668726],[-123.44330082200742,49.40608221351359],[-123.45072992037134,49.40749110095976]]]}"
00000000000000000070,80.248654467169,109.14854682454254,39.0,5853.623250807321,245.19590958019376,-31.128094725511303,276.3240043057051,14.019375672766417,156.38428417653395,156.38428417653395,8.655543595263724,2180.08288482239,382.6404736275565,21.053821313240043,69.79655543595264,1082.1485468245428,118.3519913885899,122.27879440258343,1025.1496232508075,1,113,Aedes sierrensis,2020.0,"{""type"":""Polygon"",""coordinates"":[[[-121.8495737505042,45.834582872673614],[-121.8572361373788,45.8328278377621],[-121.8619091782498,45.82824745734914],[-121.86177080161782,45.82262849472056],[-121.85687623426581,45.81816233022254],[-121.84913468903851,45.81659034433436],[-121.84156430559922,45.81852537570631],[-121.83711657210112,45.82321304599987],[-121.83752659802946,45.82882556789679],[-121.84263572744564,45.833174013258336],[-121.8495737505042,45.834582872673614]]]}"
0000000000000000008b,138.35761589403975,120.53509933774838,54.98940397350995,3597.0344370860935,255.77748344370866,37.53112582781458,218.24635761589408,94.10860927152319,181.57748344370867,185.1986754966888,94.10860927152319,682.9086092715233,139.42119205298016,2.0,87.6701986754967,360.0980132450331,9.041059602649009,13.418543046357618,360.0980132450331,1,140,Aedes sierrensis,2020.0,"{""type"":""Polygon"",""coordinates"":[[[-122.16275425389196,37.36231762573276],[-122.16947114141581,37.36056265699301],[-122.17356778290505,37.3559823819075],[-122.17344675755947,37.35036341545718],[-122.16915608432099,37.34589714338734],[-122.16236934135414,37.344325097610785],[-122.15573266734768,37.346260201072084],[-122.15183374014534,37.35094797396443],[-122.15219346217427,37.35656048453261],[-122.15667235717001,37.36090882056943],[-122.16275425389196,37.36231762573276]]]}"
0000000000000000008c,139.7176165803109,116.2564766839378,53.0,3742.8277202072545,256.61010362694304,40.502590673575135,216.1075129533679,94.09715025906736,182.97409326424872,186.43652849740934,91.5699481865285,968.1113989637305,213.52590673575133,1.1735751295336787,92.2836787564767,540.5194300518135,9.887305699481868,14.282383419689118,539.0919689119171,1,141,Aedes sierrensis,2020.0,"{""type"":""Polygon"",""coordinates"":[[[-122.5541072578476,38.06996358561147],[-122.56088860498706,38.068208611962476],[-122.56502454328452,38.06362832906256],[-122.56490233580323,38.05800936289547],[-122.56057049175459,38.053543098806564],[-122.55371865361221,38.051971057473374],[-122.54701832251733,38.05390615558609],[-122.54308198026929,38.05859392086649],[-122.54344513261175,38.064206432275476],[-122.54796699456205,38.06855477642323],[-122.5541072578476,38.06996358561147]]]}"
0000000000000000008d,142.59386973180074,151.39080459770113,55.68326947637292,4326.933588761174,294.79948914431674,24.569604086845462,270.2298850574713,87.56960408684546,194.33205619412516,195.5964240102171,87.56960408684546,1004.2669220945083,221.60280970625797,2.0,91.04086845466153,564.5632183908046,11.716475095785439,18.93869731800766,564.5632183908046,1,142,Aedes sierrensis,2020.0,"{""type"":""Polygon"",""coordinates"":[[[-122.78773739844185,38.561931745737105],[-122.79456491143952,38.56017676861887],[-122.79872899400263,38.5555964801967],[-122.79860593983464,38.549977514229795],[-122.79424460933859,38.545511255780816],[-122.78734615022397,38.543939217587614],[-122.78060022810789,38.54587431192064],[-122.77663708927629,38.55056207182188],[-122.77700269835739,38.556174583825],[-122.7815553331292,38.56052293370455],[-122.78773739844185,38.561931745737105]]]}"
0000000000000000008e,139.69642857142856,91.58801020408161,52.12755102040818,2941.321428571428,228.5280612244898,53.60841836734694,174.91964285714283,104.72066326530611,170.90816326530611,175.5408163265306,100.42857142857142,884.1479591836735,184.33418367346937,1.3520408163265303,89.5267857142857,477.73596938775506,10.719387755102039,14.45535714285714,471.55102040816325,1,143,Aedes sierrensis,2020.0,"{""type"":""Polygon"",""coordinates"":[[[-122.53293544604587,37.88614606288527],[-122.53969983120126,37.88439109052054],[-122.54382542889266,37.87981080966488],[-122.5437035324864,37.8741918434237],[-122.53938252217472,37.869725577246975],[-122.53254781324772,37.86815353475139],[-122.5258642329488,37.870088634263304],[-122.52193773614226,37.874776401535],[-122.52229998583442,37.88038891272403],[-122.52681054141121,37.88473725474994],[-122.53293544604587,37.88614606288527]]]}"
0000000000000000008f,150.70469798657717,149.79194630872482,43.67785234899329,6748.089932885907,340.8120805369128,0.8080536912751674,340.00402684563767,81.23355704697987,240.07919463087245,240.07919463087245,71.144966442953,491.19597315436243,91.48187919463088,1.504697986577181,81.24563758389263,255.47919463087248,10.918120805369126,10.918120805369126,245.9986577181208,1,144,Aedes sierrensis,2020.0,"{""type"":""Polygon"",""coordinates"":[[[-118.7217194801604,35.91946400236401],[-118.72831172828846,35.91770904335402],[-118.73233238517732,35.9131287837563],[-118.73221364547156,35.90750981674476],[-118.7280025803293,35.9030435288571],[-118.72134170592027,35.90147147427398],[-118.71482811976585,35.90340658833598],[-118.71100153847168,35.908094376314764],[-118.71135462748049,35.91370688521638],[-118.71575044127717,35.91805520517776],[-118.7217194801604,35.91946400236401]]]}"
00000000000000000090,140.31021437578815,149.54350567465323,57.0,4071.639344262295,285.5523329129887,25.452711223203025,260.09962168978564,87.5081967213115,187.5208070617907,189.7616645649433,87.5081967213115,1025.5308953341741,227.30769230769238,2.0,91.61790668348047,575.4955863808323,11.668348045397225,19.035308953341744,575.4955863808323,1,145,Aedes sierrensis,2020.0,"{""type"":""Polygon"",""coordinates"":[[[-122.85925692023808,38.52504160272192],[-122.86608093222644,38.523286625865474],[-122.87024288045728,38.51870633786],[-122.87011989049957,38.513087371878],[-122.86576079612158,38.50862111300344],[-122.85886587252767,38.5070490745733],[-122.85212340782562,38.508984169191535],[-122.8481623011253,38.51367192949866],[-122.84852772389993,38.51928444145696],[-122.85307802500161,38.523632790903996],[-122.85925692023808,38.52504160272192]]]}"
00000000000000000091,127.60132450331128,117.91523178807948,53.51655629139074,3813.931125827815,252.85695364238413,33.985430463576165,218.87152317880796,86.4543046357616,175.11920529801327,180.1337748344371,86.17748344370862,903.7774834437088,177.0582781456954,2.0,85.51655629139073,472.0079470198676,12.782781456953645,17.27682119205298,467.8556291390729,1,146,Aedes sierrensis,2020.0,"{""type"":""Polygon"",""coordinates"":[[[-122.19045418963594,37.31615701162749],[-122.1971669503781,37.31440204320473],[-122.20126107603697,37.309821768623834],[-122.20114012637106,37.30420280215523],[-122.19685208893762,37.29973652957002],[-122.19006951344524,37.29816448350655],[-122.183436914845,37.30009958731324],[-122.17954038299882,37.30478736069709],[-122.17989988541275,37.31039987121098],[-122.18437602961114,37.31474820672405],[-122.19045418963594,37.31615701162749]]]}"
00000000000000000092,114.52763819095478,94.1859296482412,55.0,2656.0778894472364,205.48115577889445,35.4748743718593,170.0062814070352,85.02135678391959,144.56281407035178,148.71482412060303,81.65829145728644,1526.8743718592964,256.72487437185936,7.0,73.0,741.355527638191,52.15201005025126,63.152010050251256,699.3379396984926,1,147,Aedes sierrensis,2020.0,"{""type"":""Polygon"",""coordinates"":[[[-124.09670651268088,41.246591503277884],[-124.10380693292727,41.244836506344306],[-124.10813738812243,41.240256186380996],[-124.10800932779942,41.23463722155795],[-124.10347368984708,41.230170995322226],[-124.09629963479357,41.228598975063335],[-124.08928420514367,41.23053404780833],[-124.08516265967737,41.235221776985625],[-124.08554279058875,41.24083429238181],[-124.09027733666117,41.245182674999434],[-124.09670651268088,41.246591503277884]]]}"
00000000000000000093,89.91465863453818,89.35843373493978,37.923694779116474,5021.955823293174,230.30622489959842,-2.9317269076305226,233.2379518072289,33.71586345381527,155.17570281124503,155.40763052208837,28.727911646586353,1993.9096385542173,312.35742971887555,41.96586345381527,60.59939759036146,892.6104417670683,147.72289156626508,154.035140562249,828.8032128514055,1,148,Aedes sierrensis,2020.0,"{""type"":""Polygon"",""coordinates"":[[[-124.94658887796241,49.25908775880002],[-124.95476890680645,49.257332691215986],[-124.95975750242464,49.2527522587999],[-124.95960961145428,49.247133298061485],[-124.95438442796383,49.24266718667461],[-124.94612017260212,49.2410952303535],[-124.93803862544347,49.243030226134614],[-124.93329043263968,49.24771784577189],[-124.93372798328704,49.25333037325889],[-124.93918214234427,49.25767887259761],[-124.94658887796241,49.25908775880002]]]}"
00000000000000000095,140.6628498727735,107.16412213740458,52.900763358778626,3493.1895674300254,247.8295165394402,47.44020356234096,200.38931297709922,96.28371501272264,179.62849872773535,185.10432569974554,96.28371501272264,675.8218829516538,138.57888040712467,1.0,86.36005089058526,351.2989821882951,7.9363867684478375,12.282442748091603,351.2989821882951,1,150,Aedes sierrensis,2020.0,"{""type"":""Polygon"",""coordinates"":[[[-122.20343017370148,37.841470329430784],[-122.21019045965724,37.839715357377216],[-122.21431355833565,37.835135077016865],[-122.2141917371061,37.82951611075774],[-122.20987334498186,37.82504984407514],[-122.20304277567047,37.823477801297926],[-122.19636324353459,37.82541290114885],[-122.19243912607422,37.83010066890302],[-122.19280115762227,37.83571318003875],[-122.19730898078924,37.840061521550574],[-122.20343017370148,37.841470329430784]]]}"
00000000000000000096,123.9683143219265,115.14702154626112,49.80481622306718,4072.8352344740183,259.0671736375159,28.814955640050695,230.25221799746518,78.93662864385298,176.08998732572877,178.08998732572877,75.0025348542459,1582.5247148288977,291.54499366286444,3.0,82.7553865652725,823.8884664131814,28.514575411913814,45.760456273764255,808.4068441064641,1,151,Aedes sierrensis,2020.0,"{""type"":""Polygon"",""coordinates"":[[[-123.9099549014615,40.32003043628131],[-123.91695695608472,40.318275446363714],[-123.92122744476586,40.313695137568075],[-123.92110118906722,40.30807617233994],[-123.91662837775603,40.30360993469858],[-123.90955365704755,40.30203790808979],[-123.90263536728426,40.303972988478336],[-123.89857091726924,40.30866072853396],[-123.89894581422638,40.314273242728866],[-123.9036147930682,40.31862161375502],[-123.9099549014615,40.32003043628131]]]}"
00000000000000000097,92.68724279835392,75.0,33.0,5237.057613168725,222.0,-0.8683127572016461,222.86831275720166,34.44444444444445,163.13168724279834,163.13168724279834,29.68724279835391,1472.5679012345681,218.44444444444446,51.0,49.0,619.4650205761317,172.3744855967078,172.3744855967078,545.7078189300412,1,152,Aedes sierrensis,2020.0,"{""type"":""Polygon"",""coordinates"":[[[-125.14897409747513,50.15227245441155],[-125.15730591026195,50.15051737755617],[-125.16238703144492,50.14593693038371],[-125.16223634827819,50.14031797018204],[-125.15691422151738,50.13585187386593],[-125.14849670012717,50.13427992593459],[-125.14026527236284,50.13621491161666],[-125.13542897850688,50.14090251687969],[-125.1358745974905,50.14651504595255],[-125.14142992500246,50.15086356060785],[-125.14897409747513,50.15227245441155]]]}"
00000000000000000098,85.85714285714286,83.29591836734694,39.68061224489796,4436.361224489797,210.25918367346938,1.5000000000000004,208.75918367346944,38.040816326530624,142.7234693877551,144.74591836734695,33.25816326530612,2150.955102040816,347.4020408163266,41.85102040816327,62.831632653061234,994.6683673469389,147.23163265306124,176.08571428571432,928.6000000000001,1,153,Aedes sierrensis,2020.0,"{""type"":""Polygon"",""coordinates"":[[[-124.25739021914181,48.50405939112741],[-124.2654476922061,48.502304331122666],[-124.27036157870303,48.49772391077],[-124.27021594144313,48.492104949592914],[-124.26506903362049,48.4876388258856],[-124.25692853208791,48.48606686270577],[-124.24896800516613,48.488001866742955],[-124.24429094836316,48.492689498131234],[-124.24472198349514,48.498302024321674],[-124.25009445492297,48.50265051113902],[-124.25739021914181,48.50405939112741]]]}"
00000000000000000099,92.596757852077,93.4630192502533,39.63424518743668,4879.518743667681,225.48834853090176,-7.481256332320163,232.9696048632219,36.04761904761905,155.10739614994935,155.10942249240122,32.44984802431612,1329.904761904762,182.0344478216819,44.87537993920973,42.20668693009119,533.0324214792302,157.99594731509626,158.90577507598786,483.3171225937184,1,154,Aedes sierrensis,2020.0,"{""type"":""Polygon"",""coordinates"":[[[-122.22347829203775,48.77288967543757],[-122.23157881719823,48.77113461276035],[-122.23651894801084,48.766554188154075],[-122.2363725191359,48.76093522713167],[-122.2311981141676,48.75646910776856],[-122.22301413954449,48.75489714700714],[-122.21501109981219,48.756832148133206],[-122.21030905394115,48.761519775378055],[-122.21074237796637,48.76713230202568],[-122.21614354515314,48.77148079325809],[-122.22347829203775,48.77288967543757]]]}"
0000000000000000009a,109.93094289508633,148.05710491367864,59.274900398406366,3672.361221779549,253.1181938911023,6.0690571049136794,247.04913678618863,70.67729083665338,156.3718459495352,161.40504648074372,70.67729083665338,714.2018592297477,134.65205843293495,1.6613545816733069,87.31606905710493,372.8273572377158,7.02788844621514,14.909694555112882,372.8273572377158,1,155,Aedes sierrensis,2020.0,"{""type"":""Polygon"",""coordinates"":[[[-121.43065904293717,35.97358857095073],[-121.43725580790385,35.971833611582255],[-121.44127921841971,35.96725335141387],[-121.44116039588617,35.96163438442301],[-121.43694644580543,35.95716809711816],[-121.43028101001025,35.95559604285953],[-121.42376296324059,35.95753115653095],[-121.41993376018458,35.962218943953864],[-121.42028708957129,35.967831452916876],[-121.4246859141702,35.972179773470565],[-121.43065904293717,35.97358857095073]]]}"
0000000000000000009b,92.85188968335036,76.1644535240041,39.13687436159347,4189.063329928499,202.79877425944846,10.026557711950971,192.77221654749746,46.12665985699694,146.56792645556692,146.80694586312566,41.768130745658844,915.5311542390194,156.05107252298265,18.99182839632278,65.83043922369765,455.75587334014295,68.16751787538303,74.08988764044943,410.0153217568949,1,156,Aedes sierrensis,2020.0,"{""type"":""Polygon"",""coordinates"":[[[-123.43003077328126,48.52859782422452],[-123.43809214973975,48.52684276397702],[-123.44300841572687,48.52226234323796],[-123.4428627066974,48.51664338207493],[-123.43771330579662,48.512177258762236],[-123.42956886269359,48.51060529580209],[-123.42160448126715,48.51254029957482],[-123.416925158786,48.51722793058673],[-123.41735640144833,48.522840456818685],[-123.4227314746304,48.5271889440371],[-123.43003077328126,48.52859782422452]]]}"
0000000000000000009c,89.01829924650161,102.03229278794403,40.208826695371364,5139.137782561895,238.545748116254,-10.255113024757803,248.8008611410118,32.08180839612486,155.08396124865445,156.93541442411194,27.032292787944023,2483.942949407965,400.73196986006457,30.196986006458555,62.19698600645855,1161.1969860064585,165.4370290635091,174.55113024757804,1088.9149623250808,1,157,Aedes sierrensis,2020.0,"{""type"":""Polygon"",""coordinates"":[[[-122.31426558948591,45.75517074201279],[-122.32191706587422,45.753415707810404],[-122.32658345560125,45.748835328526134],[-122.32644527937688,45.74321636585655],[-122.32155768054771,45.73875020020579],[-122.31382715284649,45.737178213675854],[-122.30626754355328,45.739113245820306],[-122.30182614293099,45.74380091721332],[-122.30223558857735,45.74941343898889],[-122.30733744561002,45.7537618831789],[-122.31426558948591,45.75517074201279]]]}"
00000000000000000065,162.34755332496863,133.65244667503134,43.0,6027.603513174404,342.0,36.0,306.0,86.0,237.60727728983687,238.8870765370138,86.0,489.08406524466744,112.16436637390213,1.0,87.83563362609786,263.8682559598494,7.0,9.0,263.8682559598494,1,102,Aedes sierrensis,2021.0,"{""type"":""Polygon"",""coordinates"":[[[-121.31985038175905,38.63627833760119],[-121.32668497006267,38.63452335995456],[-121.33085336596818,38.629943070691304],[-121.33073018203471,38.6243241047549],[-121.32636433249357,38.61985784716492],[-121.31945872832901,38.618285809449965],[-121.31270581901123,38.620220903207326],[-121.30873857337819,38.62490866228926],[-121.30910455897134,38.63052117438287],[-121.31366190993411,38.63486952513543],[-121.31985038175905,38.63627833760119]]]}"
00000000000000000076,143.51948051948054,104.01168831168833,51.11038961038961,3611.3623376623377,247.83636363636361,46.16103896103896,201.67532467532467,100.16623376623376,185.48831168831174,187.70909090909092,96.16103896103898,1060.4844155844157,232.52857142857147,1.0,92.90519480519481,596.3636363636365,10.0,13.666233766233768,590.6194805194806,1,119,Aedes sierrensis,2021.0,"{""type"":""Polygon"",""coordinates"":[[[-122.53968652504076,37.98685486017734],[-122.54646018406268,37.98509988710979],[-122.55059143542097,37.980519605135406],[-122.55046936893687,37.97490063893478],[-122.54614243534213,37.97043437390061],[-122.53929836111487,37.968862332041155],[-122.53260562241441,37.97079743078736],[-122.52867374266975,37.975485196969295],[-122.52903648588135,37.981097708278696],[-122.5335532231528,37.9854460514658],[-122.53968652504076,37.98685486017734]]]}"
00000000000000000077,137.6801040312094,147.62808842652797,57.31469440832251,3934.663198959688,280.2873862158648,25.30689206762029,254.98049414824453,86.99479843953186,183.66189856957087,186.30819245773733,86.99479843953186,1066.2743823146945,234.9765929778934,2.0,91.10533159947984,593.8569570871263,12.0,19.775032509752926,593.8569570871263,1,120,Aedes sierrensis,2021.0,"{""type"":""Polygon"",""coordinates"":[[[-122.9011680110394,38.50320538486321],[-122.90798995371401,38.50145040816158],[-122.91215064042196,38.49687012040256],[-122.91202768841639,38.49125115441162],[-122.90766991572298,38.48678489528537],[-122.90077708184141,38.485212856715094],[-122.89403666068576,38.487147951502],[-122.89007675510106,38.4918357120492],[-122.89044206775696,38.49744822398098],[-122.89499098951465,38.50179657317222],[-122.9011680110394,38.50320538486321]]]}"
00000000000000000078,170.6707650273224,142.0,51.728142076502735,4593.009562841531,317.9972677595628,45.193989071038246,272.80327868852464,121.4617486338798,227.84289617486337,234.6174863387978,116.46857923497267,444.59016393442613,92.93032786885246,1.0,90.68032786885244,254.28142076502735,7.099726775956284,14.882513661202182,239.22677595628411,1,121,Aedes sierrensis,2021.0,"{""type"":""Polygon"",""coordinates"":[[[-118.35772752026868,34.274515001050986],[-118.36418809551373,34.27276005270997],[-118.3681284798798,34.2681798100952],[-118.36801215472406,34.26256084246848],[-118.3638851900364,34.258094537235955],[-118.35735728715261,34.256522472996004],[-118.3509737348936,34.25845759868219],[-118.34722358204318,34.263145403203815],[-118.34756966365204,34.26875791027777],[-118.35187770786733,34.27310621261184],[-118.35772752026868,34.274515001050986]]]}"
00000000000000000079,128.43566878980891,136.51082802547768,57.28025477707006,3730.137579617834,262.5757961783439,25.28025477707006,237.29554140127388,86.48789808917195,173.29936305732483,176.29936305732483,81.93757961783439,1272.736305732484,271.21656050955414,2.1464968152866244,89.67770700636942,694.7426751592357,14.08407643312102,24.66114649681528,682.9452229299363,1,122,Aedes sierrensis,2021.0,"{""type"":""Polygon"",""coordinates"":[[[-122.95686218319695,38.42272306994957],[-122.96367651831275,38.420968093817784],[-122.96783256719765,38.41638780696583],[-122.96770975471745,38.410768840942005],[-122.96335684102306,38.40630258088935],[-122.95647168969413,38.40473054180332],[-122.94973878136824,38.40666563721106],[-122.94578329152687,38.41135339864183],[-122.94614819934482,38.416965910476016],[-122.95069205012602,38.42131425872577],[-122.95686218319695,38.42272306994957]]]}"
0000000000000000007a,147.04396984924622,139.95226130653265,52.96984924623115,4537.70728643216,291.68844221105525,29.956030150753765,261.73241206030144,88.16834170854268,200.6545226130653,202.67336683417082,88.16834170854268,692.8253768844221,153.04396984924622,1.0,90.19849246231156,384.98618090452254,7.466080402010047,11.972361809045225,384.98618090452254,1,123,Aedes sierrensis,2021.0,"{""type"":""Polygon"",""coordinates"":[[[-122.2567387267954,38.28381315393262],[-122.26354000286246,38.282058178781384],[-122.267688090511,38.27747789349025],[-122.2675655175359,38.27185892740984],[-122.26322094474452,38.26739266576311],[-122.25634898120228,38.26582062578959],[-122.2496289693184,38.26775572226563],[-122.24568105949182,38.272443485216776],[-122.24604527236697,38.278055996883026],[-122.25058041836577,38.282404343512745],[-122.2567387267954,38.28381315393262]]]}"
0000000000000000007b,132.36868686868684,167.1338383838384,52.0,5287.30303030303,321.3573232323232,2.19949494949495,319.1578282828283,73.90025252525251,201.9873737373737,202.6679292929293,70.9570707070707,1143.7790404040402,228.3042929292929,2.0,87.14141414141415,610.5744949494949,13.779040404040401,27.40909090909091,600.4103535353535,1,124,Aedes sierrensis,2021.0,"{""type"":""Polygon"",""coordinates"":[[[-123.16279238804718,39.270487362230696],[-123.16968840817164,39.26873238003146],[-123.17389425492611,39.26415208352155],[-123.1737699442512,39.25853311784788],[-123.16936485780789,39.25406686765899],[-123.16239721633978,39.252494834064514],[-123.15558364024251,39.254429922861924],[-123.15158073703246,39.25911767488497],[-123.15194999167038,39.26473018775821],[-123.15654829124603,39.26907854603242],[-123.16279238804718,39.270487362230696]]]}"
0000000000000000007c,142.8686868686869,105.77777777777779,52.67297979797981,3450.9255050505053,247.5959595959596,48.64520202020203,198.95075757575762,97.53156565656568,180.27020202020205,184.78787878787884,97.53156565656568,684.2234848484849,147.25757575757575,1.0,88.76010101010101,368.5454545454546,7.616161616161616,12.015151515151517,368.5454545454546,1,125,Aedes sierrensis,2021.0,"{""type"":""Polygon"",""coordinates"":[[[-122.26861777200179,37.976081672032215],[-122.27539043675007,37.97432669903994],[-122.27952108196514,37.969746417185384],[-122.27939903371555,37.964127450980406],[-122.27507273517028,37.95966118582387],[-122.2682296650194,37.958089143896274],[-122.26153790821317,37.960024242724494],[-122.25760660558629,37.96471200902315],[-122.25796929588655,37.970324520319664],[-122.26248537040364,37.974672863382395],[-122.26861777200179,37.976081672032215]]]}"
0000000000000000007d,127.26013071895426,108.91503267973859,59.40784313725489,2701.6156862745097,223.33202614379084,41.56993464052288,181.762091503268,95.41568627450981,158.38692810457516,163.25228758169933,95.41568627450981,790.3555555555555,156.24705882352941,3.0,85.18431372549021,405.98692810457516,13.0,17.04967320261438,405.98692810457516,1,126,Aedes sierrensis,2021.0,"{""type"":""Polygon"",""coordinates"":[[[-122.34879686804379,37.29631401193966],[-122.35550785770822,37.29455904365305],[-122.35960090365612,37.28997876928887],[-122.35947998646931,37.28435980281241],[-122.35519308023595,37.27989353000587],[-122.34841229328543,37.27832148381916],[-122.34178144371444,37.28025658777419],[-122.33788593987562,37.284944361369156],[-122.33824534803803,37.29055687185972],[-122.3427203116854,37.29490520714785],[-122.34879686804379,37.29631401193966]]]}"
0000000000000000007e,139.0,146.4686684073107,57.60443864229766,3967.955613577023,278.97127937336813,26.93864229765013,252.03263707571807,88.0,184.64229765013053,187.86161879895562,88.0,892.9621409921672,197.38642297650128,1.0,90.94125326370758,501.25326370757176,10.0,17.0,501.25326370757176,1,127,Aedes sierrensis,2021.0,"{""type"":""Polygon"",""coordinates"":[[[-122.77151072970837,38.452643638018195],[-122.7783278895011,38.4508886616747],[-122.78248566040389,38.44630837448577],[-122.78236279611825,38.440689408474164],[-122.77800807828366,38.43622314876567],[-122.77112007443246,38.43465110987125],[-122.76438437660221,38.43658620504834],[-122.76042724720097,38.44127396615087],[-122.76079230533487,38.446886478021305],[-122.7653380389633,38.45123482662083],[-122.77151072970837,38.452643638018195]]]}"
0000000000000000007f,89.98370672097758,84.09470468431772,38.65987780040732,4600.450101832994,217.183299389002,2.662932790224032,214.520366598778,39.262729124236245,148.80142566191444,149.97556008146637,34.22810590631364,2013.5437881873725,330.1008146639511,37.32077393075356,64.0,943.7769857433808,133.06924643584517,159.39103869653766,877.1456211812628,1,128,Aedes sierrensis,2021.0,"{""type"":""Polygon"",""coordinates"":[[[-124.21951907389489,48.61524707589509],[-124.22759427605463,48.61349201478846],[-124.23251897011725,48.60891159268201],[-124.23237300687644,48.60329263156869],[-124.22721477557178,48.59882650965253],[-124.21905637155807,48.59725454746982],[-124.2110783376049,48.59918955030673],[-124.20639099016228,48.603877179986654],[-124.20682296788453,48.60948970636559],[-124.21220725639529,48.6138381950033],[-124.21951907389489,48.61524707589509]]]}"
00000000000000000080,97.48539778449143,89.96374622356497,36.68680765357502,5336.853977844914,233.44209466263845,-9.739174219536759,243.1812688821752,34.64350453172206,165.67371601208455,165.67371601208455,30.034239677744214,1527.4612286002014,223.91339375629408,45.020140986908366,47.97381671701913,637.7432024169185,166.92849949647533,166.92849949647533,585.7432024169185,1,129,Aedes sierrensis,2021.0,"{""type"":""Polygon"",""coordinates"":[[[-122.59530043337932,49.20676020793785],[-122.60347180236903,49.205005140886534],[-122.60845511902194,49.20042470931835],[-122.60830738732342,49.19480574854909],[-122.60308773482586,49.190339636296244],[-122.59483222393372,49.18876767949307],[-122.58675922808993,49.190702675854475],[-122.58201606179068,49.19539029631769],[-122.58245315207317,49.201002823713566],[-122.5879015390581,49.205351322172184],[-122.59530043337932,49.20676020793785]]]}"
00000000000000000081,80.45619658119658,105.52884615384619,39.22970085470086,5607.694444444445,239.6581196581197,-25.834401709401714,265.4925213675214,17.708333333333336,153.16987179487182,153.5641025641026,12.584401709401712,2462.8002136752143,423.12072649572656,24.763888888888893,68.19123931623933,1204.382478632479,139.03739316239316,155.08226495726498,1138.6324786324788,1,130,Aedes sierrensis,2021.0,"{""type"":""Polygon"",""coordinates"":[[[-121.9826556214443,45.84641286776841],[-121.9903196375741,45.84465783275109],[-121.99499367165535,45.8400774521697],[-121.99485526509616,45.834458489547245],[-121.9899596571397,45.829992325221234],[-121.98221646667379,45.8284203394288],[-121.97464447433954,45.83035537068548],[-121.97019579515761,45.835043040815],[-121.97060590773862,45.84065556273002],[-121.97571612313433,45.845004008266386],[-121.9826556214443,45.84641286776841]]]}"
00000000000000000082,79.89881593110874,104.72874058127022,39.0,5570.78040904198,238.40904198062438,-25.3735199138859,263.78256189451025,18.03229278794403,152.56404736275564,153.3196986006459,12.628632938643706,2488.8223896663085,425.4370290635092,25.578040904198065,67.72874058127019,1213.0839612486548,142.4628632938644,158.03552206673848,1146.4564047362758,1,131,Aedes sierrensis,2021.0,"{""type"":""Polygon"",""coordinates"":[[[-122.00351083707129,45.83815015351637],[-122.01117371513297,45.83639511857295],[-122.01584705543652,45.83181473810921],[-122.01570866978209,45.826195775482475],[-122.01081378870914,45.821729611036325],[-122.0030717474761,45.820157625177],[-121.99550087898787,45.82209265651421],[-121.99105286038544,45.82678032675831],[-121.99146291243781,45.83239284866068],[-121.9965723692546,45.83674129407495],[-122.00351083707129,45.83815015351637]]]}"
00000000000000000083,127.5965834428384,123.7030223390276,52.18134034165572,4140.057818659659,263.9802890932983,29.19710906701708,234.78318002628123,83.0210249671485,180.12089356110386,184.77135348226022,82.7161629434954,897.647831800263,176.80946123521684,2.0,86.09329829172144,469.75821287779246,11.513797634691198,16.984231274638635,466.7095926412616,1,132,Aedes sierrensis,2021.0,"{""type"":""Polygon"",""coordinates"":[[[-122.0682391479631,37.23670028995613],[-122.074944827284,37.23494532207813],[-122.07903463586042,37.23036504836437],[-122.07891381605775,37.224746081864325],[-122.074630301579,37.220279808393514],[-122.06785487733632,37.21870776183699],[-122.06122927199961,37.22064286623718],[-122.0573368505056,37.2253306404657],[-122.05769597606695,37.23094315088628],[-122.06216739998736,37.235291485499324],[-122.0682391479631,37.23670028995613]]]}"
00000000000000000084,49.55670103092783,138.15077319587627,44.197164948453604,5996.480670103093,225.35309278350513,-82.86984536082474,308.2229381443299,-18.519329896907216,130.47680412371133,130.47809278350513,-18.539948453608243,436.08376288659787,74.40463917525773,12.310567010309276,59.694587628865975,197.1030927835051,39.25,39.26159793814433,196.93814432989686,1,133,Aedes sierrensis,2021.0,"{""type"":""Polygon"",""coordinates"":[[[-118.86404060848325,37.59402589377298],[-118.8707783539587,37.592270923436054],[-118.87488771118146,37.58769064580823],[-118.87476630332536,37.582071679450046],[-118.87046230796459,37.577605409976705],[-118.86365450137893,37.576033365645756],[-118.85699722909301,37.57796846736695],[-118.85308619506627,37.582656237782835],[-118.85344702708917,37.58826874862457],[-118.85793982541003,37.59261708730019],[-118.86404060848325,37.59402589377298]]]}"
00000000000000000085,130.4484126984127,124.97222222222223,53.22222222222223,4029.4695767195767,264.0661375661376,30.52777777777778,233.53835978835977,85.60846560846562,181.09126984126985,185.56613756613757,85.55423280423281,898.8518518518522,180.41534391534393,2.0,87.14550264550266,474.9589947089948,11.169312169312171,16.433862433862434,474.3624338624339,1,134,Aedes sierrensis,2021.0,"{""type"":""Polygon"",""coordinates"":[[[-122.07536033234544,37.24554714644617],[-122.08206679874758,37.24379217850758],[-122.0861570871563,37.239211904697356],[-122.08603625291973,37.23359293820081],[-122.0817522357265,37.22912666482851],[-122.0749760166413,37.22755461832683],[-122.0683496340218,37.229489722661],[-122.06445675567302,37.23417749679557],[-122.06481592312055,37.239790007226524],[-122.0692878716874,37.24413834193968],[-122.07536033234544,37.24554714644617]]]}"
00000000000000000086,95.0899357601713,103.67237687366168,41.0,5164.5952890792305,245.1199143468951,-5.315845824411134,250.43576017130624,37.637044967880094,161.18415417558887,163.11991434689506,32.222698072805144,2335.807280513919,375.6241970021413,29.62098501070664,61.357601713062095,1084.5107066381154,161.07708779443257,168.78372591006422,1015.5449678800858,1,135,Aedes sierrensis,2021.0,"{""type"":""Polygon"",""coordinates"":[[[-122.33609734824357,45.772458676797],[-122.34375119593466,45.77070364244042],[-122.34841903123244,45.76612326291071],[-122.3482808114516,45.760504300250034],[-122.34339169807228,45.75603813484995],[-122.33565877580337,45.75446614845957],[-122.32809682483912,45.75640118043602],[-122.3236540478193,45.76108885158996],[-122.32406361958552,45.766701373391925],[-122.32916705721016,45.77104981783669],[-122.33609734824357,45.772458676797]]]}"
00000000000000000087,89.17078410311493,102.00107411385605,40.34908700322234,5145.698174006444,238.9785177228786,-9.796992481203006,248.77551020408157,32.22986036519871,155.593984962406,157.22878625134265,27.135338345864664,2485.53276047261,401.01288936627276,30.123523093447908,62.1997851772288,1162.214822771214,165.35338345864662,174.44468313641244,1089.8947368421052,1,136,Aedes sierrensis,2021.0,"{""type"":""Polygon"",""coordinates"":[[[-122.30850889002592,45.7563479446909],[-122.31616052781672,45.75459291047801],[-122.3208270159364,45.75001253117704],[-122.3206888367474,45.74439356850806],[-122.31580113483052,45.739927402874365],[-122.30807044414321,45.73835541635393],[-122.30051067546438,45.74029044848693],[-122.29606918115776,45.74497811986368],[-122.29647863538844,45.75059064164105],[-122.30158060000397,45.754939085848406],[-122.30850889002592,45.7563479446909]]]}"
00000000000000000088,55.81902245706736,120.49801849405549,43.14002642007926,5590.738441215324,216.9458388375165,-58.67371202113606,275.6195508586526,-3.208718626155879,131.53632760898282,132.85336856010568,-3.3857331571994713,751.9167767503302,138.70673712021136,7.907529722589168,75.4557463672391,370.8401585204755,27.963011889035666,42.88243064729194,370.6235138705416,1,137,Aedes sierrensis,2021.0,"{""type"":""Polygon"",""coordinates"":[[[-119.00353020763714,37.034511270889745],[-119.01021799234866,37.032756304392784],[-119.01429689174208,37.02817603287734],[-119.0141764000985,37.02255706629764],[-119.00990431503608,37.01809079058165],[-119.00314696186248,37.01651874277513],[-118.99653902836674,37.01845384867997],[-118.99265699365041,37.02314162504986],[-118.99301516690977,37.028754135233896],[-118.99747466278043,37.033102467565186],[-119.00353020763714,37.034511270889745]]]}"
00000000000000000089,65.98387096774192,63.241935483870954,28.134724857685004,5493.5161290322585,186.0123339658444,-34.99715370018975,221.00948766603412,32.42599620493358,117.4032258064516,136.44971537001894,-2.584440227703985,2691.414611005692,399.9440227703984,87.02466793168878,46.387096774193544,1090.0009487666032,300.2836812144212,301.8225806451612,917.7419354838709,1,138,Aedes sierrensis,2021.0,"{""type"":""Polygon"",""coordinates"":[[[-128.83575438936316,53.47929247330754],[-128.84472508433842,53.47753735859904],[-128.8501956494672,53.47295685118061],[-128.85003320087526,53.46733789317212],[-128.84430302806504,53.46287185838553],[-128.83524040741568,53.461299944706305],[-128.82637812889868,53.46323488915791],[-128.8211710050132,53.46792243573487],[-128.82165057155783,53.47353497128051],[-128.82763172337707,53.47788354846923],[-128.83575438936316,53.47929247330754]]]}"
0000000000000000008a,68.75726141078839,64.0,27.146265560165972,5764.599585062241,193.26037344398338,-36.468879668049794,229.72925311203318,33.399377593360995,123.70746887966804,142.45020746887963,-3.821576763485477,2563.020746887967,393.2136929460581,83.0,47.64107883817427,1045.2790456431537,281.7759336099585,287.40560165975097,874.7219917012447,1,139,Aedes sierrensis,2021.0,"{""type"":""Polygon"",""coordinates"":[[[-128.55299387336203,53.45812066150578],[-128.56196009511467,53.456365547056635],[-128.56742793355815,53.45178504005103],[-128.56726556741637,53.44616608202748],[-128.56153825157872,53.4417000468193],[-128.55248014755907,53.4401281329054],[-128.54362228591614,53.4420630776395],[-128.53841775844307,53.446750624618566],[-128.53889708737594,53.452363160119866],[-128.5448752577814,53.45671173688011],[-128.55299387336203,53.45812066150578]]]}"
0000000000000000001b,125.8344370860927,146.85165562913906,44.132450331125824,6471.487417218542,314.30198675496683,-13.463576158940395,327.7655629139072,58.418543046357605,211.97218543046353,212.3827814569536,51.89933774834438,819.2291390728475,155.2980132450331,2.9165562913907284,82.13112582781456,422.2609271523179,14.313907284768211,21.598675496688738,418.67814569536426,1,28,Aedes sierrensis,2022.0,"{""type"":""Polygon"",""coordinates"":[[[-119.26219374154542,37.042368206945916],[-119.26888221829215,37.04061324039542],[-119.27296153957462,37.03603296879477],[-119.27284103524026,37.03041400221815],[-119.26856850816993,37.025947726589195],[-119.26181045613683,37.02437567883113],[-119.2552018392209,37.02631078467765],[-119.25131940281844,37.030998560964534],[-119.25167761290612,37.03661107115774],[-119.25613757006825,37.04095940357748],[-119.26219374154542,37.042368206945916]]]}"
0000000000000000005f,71.0256081946223,123.12932138284252,43.49935979513445,5701.969270166454,234.14212548015368,-45.811779769526254,279.95390524967996,10.259923175416134,147.583866837388,148.66197183098592,10.110115236875801,823.7887323943662,153.85787451984638,5.850192061459667,78.42253521126761,417.06017925736245,23.291933418693986,38.29193341869399,411.99743918053787,1,96,Aedes sierrensis,2022.0,"{""type"":""Polygon"",""coordinates"":[[[-119.01211397716499,37.001406904668954],[-119.01879884901199,36.99965193839741],[-119.02287597262045,36.995071667240786],[-119.0227555343939,36.98945270064808],[-119.01848530979917,36.98498642456564],[-119.01173089821467,36.98341437655509],[-119.00512584132207,36.985349482705516],[-119.0012454973538,36.990037259424916],[-119.00160351559818,36.995649769570356],[-119.0060610698339,36.99999810152923],[-119.01211397716499,37.001406904668954]]]}"
00000000000000000064,173.49303621169918,147.13370473537606,55.0,4126.562674094707,318.07103064066854,53.92757660167131,264.1434540389972,128.4192200557103,223.7646239554318,231.06128133704735,125.92757660167132,316.86768802228414,59.753481894150426,2.0,82.3133704735376,168.02646239554318,7.0,12.0,155.2256267409471,1,101,Aedes sierrensis,2022.0,"{""type"":""Polygon"",""coordinates"":[[[-116.82045689119425,32.689576581715244],[-116.82680033003912,32.68782164326607],[-116.83066930393822,32.68324141639741],[-116.830555126883,32.67762244820052],[-116.82650297806155,32.67315612688633],[-116.82009336666192,32.67158405369274],[-116.81382549257846,32.67351919015665],[-116.81014333058171,32.67820701001631],[-116.81048317851574,32.683819515395506],[-116.81471314285947,32.68816780138606],[-116.82045689119425,32.689576581715244]]]}"
00000000000000000066,139.22278481012657,143.28607594936705,57.0,4000.764556962025,277.88734177215184,28.0,249.88734177215184,88.80506329113922,185.3139240506329,188.8405063291139,88.80506329113922,845.5329113924049,185.37468354430376,1.0,89.69493670886074,473.5240506329113,11.0,16.0,473.5240506329113,1,103,Aedes sierrensis,2022.0,"{""type"":""Polygon"",""coordinates"":[[[-122.71522795621176,38.460206273404836],[-122.72204583062681,38.45845129700782],[-122.72620403718733,38.45387100973366],[-122.72608115979527,38.44825204372514],[-122.7217259855266,38.44378578410369],[-122.71483726000848,38.44221374525772],[-122.70810085645437,38.44414884037649],[-122.70414331225663,38.448836601396],[-122.70450840841931,38.4544491132756],[-122.7090546183941,38.458797461963584],[-122.71522795621176,38.460206273404836]]]}"
00000000000000000067,161.0,147.97839898348155,45.0,6413.925031766202,346.93900889453624,20.911054637865316,326.02795425667085,81.0,242.010165184244,242.010165184244,81.0,719.6493011435833,147.0952986022872,1.0914866581956797,81.03939008894535,371.002541296061,18.09148665819568,18.09148665819568,371.002541296061,1,104,Aedes sierrensis,2022.0,"{""type"":""Polygon"",""coordinates"":[[[-121.79399105587302,39.77189543928647],[-121.80093703859608,39.77014045342925],[-121.80517334413325,39.7655601510967],[-121.80504811701418,39.75994118563416],[-121.8006111191516,39.755474941391995],[-121.7935930227517,39.75390291110829],[-121.78673010636564,39.75583799592043],[-121.78269820279587,39.7605257422717],[-121.78307011608624,39.76613825577134],[-121.78770171918707,39.77048662008914],[-121.79399105587302,39.77189543928647]]]}"
00000000000000000068,136.57142857142858,85.44530244530246,53.03603603603604,2547.123552123552,219.77348777348777,60.35521235521235,159.4182754182754,105.7631917631918,162.06306306306308,167.7104247104247,103.2792792792793,612.3848133848134,126.89189189189192,1.431145431145431,87.54697554697555,320.4851994851995,8.531531531531533,14.142857142857144,319.951093951094,1,105,Aedes sierrensis,2022.0,"{""type"":""Polygon"",""coordinates"":[[[-122.40692125027549,37.688358176558616],[-122.41366755618259,37.686603205568616],[-122.41778213214106,37.68202292690124],[-122.41766056729477,37.676403960580735],[-122.41335110432581,37.6719376921691],[-122.4065346529025,37.670365648429254],[-122.39986892676133,37.67230074943893],[-122.3959529239034,37.676988518842194],[-122.39631421148337,37.68260102979578],[-122.40081271594634,37.6869493695504],[-122.40692125027549,37.688358176558616]]]}"
00000000000000000069,142.5748730964467,140.60025380710664,43.072335025380724,6258.5329949238585,329.07741116751276,7.842639593908631,321.23477157360406,67.04441624365484,224.34137055837562,224.34137055837562,67.04441624365484,1146.9060913705584,244.44670050761422,1.0,85.0,610.6890862944164,16.0,16.0,610.6890862944164,1,106,Aedes sierrensis,2022.0,"{""type"":""Polygon"",""coordinates"":[[[-121.26721961202524,39.34900321357976],[-121.27412337345527,39.347248230811196],[-121.27833393955811,39.34266793339504],[-121.27820948689137,39.337048967754235],[-121.27379945602755,39.332582718490904],[-121.26682399696422,39.33101068541173],[-121.26000277597713,39.332945773588854],[-121.25599537939264,39.33763352472914],[-121.25636504597163,39.34324603769987],[-121.26096850566542,39.34759439691471],[-121.26721961202524,39.34900321357976]]]}"
0000000000000000006a,148.65335051546393,138.34664948453607,53.58634020618556,4214.105670103092,288.80025773195877,32.53737113402062,256.2628865979381,95.49742268041234,199.99999999999997,202.26417525773192,95.49742268041234,578.7023195876288,124.98453608247421,1.0,90.25773195876286,315.5979381443299,5.0,10.22422680412371,315.5979381443299,1,107,Aedes sierrensis,2022.0,"{""type"":""Polygon"",""coordinates"":[[[-121.91766422359032,37.2340114520209],[-121.9243696637608,37.232256484161326],[-121.92845932654271,37.227676210476865],[-121.92833851112572,37.22205724397577],[-121.92405514939404,37.217590970475015],[-121.91727996666006,37.21601892390183],[-121.91065459749663,37.217954028322076],[-121.9067623148155,37.222641802579155],[-121.90712142764994,37.22825431299658],[-121.91159269215932,37.23260264757919],[-121.91766422359032,37.2340114520209]]]}"
0000000000000000006b,110.92982456140352,117.48355263157895,44.0,5137.135964912281,273.25328947368416,8.150219298245615,265.10307017543863,52.23574561403508,177.38157894736844,179.2532894736842,48.71600877192983,1120.2971491228068,197.64364035087715,12.0,68.23684210526315,553.3771929824562,64.17105263157895,69.0328947368421,517.1129385964912,1,108,Aedes sierrensis,2022.0,"{""type"":""Polygon"",""coordinates"":[[[-123.27655743322374,44.589267425972515],[-123.28405386320311,44.58751240195503],[-123.28862573460691,44.5829320388819],[-123.28849040579236,44.57731307562354],[-123.2837018351746,44.57284689341623],[-123.27612787590303,44.57127489766903],[-123.26872137636951,44.573209940908576],[-123.26436997082952,44.577897628092835],[-123.2647711696558,44.58351014812533],[-123.26976968012,44.587858575488895],[-123.27655743322374,44.589267425972515]]]}"
0000000000000000006c,126.70078740157483,146.8950131233596,44.083989501312345,6485.591863517059,315.3740157480315,-12.791338582677168,328.16535433070874,59.249343832021,213.0984251968504,213.4461942257218,52.63910761154857,816.5104986876642,154.77296587926512,2.833333333333334,82.27034120734909,420.96719160104993,14.066929133858268,21.458005249343834,417.3188976377953,1,109,Aedes sierrensis,2022.0,"{""type"":""Polygon"",""coordinates"":[[[-119.26218482334329,37.04033931596659],[-119.26887312136051,37.038584349429925],[-119.27295233368316,37.03400407785128],[-119.27283183262642,37.02838511127386],[-119.26855941971193,37.02391883562243],[-119.26180154817082,37.02234678785185],[-119.25519310775944,37.02428189371343],[-119.25131077509907,37.028969670021745],[-119.25166897567522,37.034582180212595],[-119.25612881370122,37.0389305126095],[-119.26218482334329,37.04033931596659]]]}"
0000000000000000006d,116.64528795811522,144.9842931937173,45.0,6320.429319371729,302.2866492146597,-19.307591623036654,321.5942408376964,50.23952879581153,200.824607329843,201.55759162303667,45.04581151832462,861.2316753926702,163.27879581151834,3.0,82.0,444.36387434554985,16.0,27.323298429319376,439.2421465968587,1,110,Aedes sierrensis,2022.0,"{""type"":""Polygon"",""coordinates"":[[[-119.28155515831949,37.0448117943232],[-119.28824385035108,37.04305682775606],[-119.29232330287878,37.038476556128906],[-119.29220279459646,37.03285758955325],[-119.2879301300221,37.02839131395136],[-119.28117186058118,37.02681926620836],[-119.2745630310604,37.028754372036744],[-119.27068046969765,37.0334421482978],[-119.27103869124221,37.039054658493875],[-119.27549879190725,37.043402990941125],[-119.28155515831949,37.0448117943232]]]}"
0000000000000000006e,88.09708737864078,102.42718446601941,41.0,5083.446601941748,237.0010787486516,-9.725997842502698,246.72707659115426,31.852211434735707,153.68716289104637,155.4509169363538,27.213592233009717,2440.6688241639695,392.6440129449838,30.78640776699029,61.79395900755125,1137.8737864077668,166.2081984897519,175.51348435814452,1064.3042071197412,1,111,Aedes sierrensis,2022.0,"{""type"":""Polygon"",""coordinates"":[[[-122.38456777669454,45.7740773304794],[-122.39222184651949,45.77232229610837],[-122.39688981723239,45.76774191655567],[-122.39675159337132,45.76212295389584],[-122.3918623381152,45.75765678851923],[-122.38412919153309,45.75608480214192],[-122.37656702121075,45.75801983410265],[-122.37212411525572,45.76270750523419],[-122.37253369883632,45.76832002703861],[-122.37763728452424,45.77266847150725],[-122.38456777669454,45.7740773304794]]]}"
0000000000000000006f,70.71336760925449,122.92544987146529,43.48843187660668,5689.201799485862,233.4550128534704,-45.96529562982004,279.42030848329046,10.262210796915166,147.13110539845758,148.45886889460152,9.956298200514139,828.1735218508998,154.85218508997428,5.712082262210796,78.27249357326478,419.3239074550129,23.131105398457578,38.375321336760926,416.5514138817481,1,112,Aedes sierrensis,2022.0,"{""type"":""Polygon"",""coordinates"":[[[-119.01348292118843,36.989193426883574],[-119.02016671957125,36.98743846069514],[-119.02424318875816,36.982858189670814],[-119.02412277021706,36.97723922307332],[-119.0198532312517,36.97277294685575],[-119.01309990371708,36.97120089876998],[-119.00649590692541,36.973136005010964],[-119.00261618604053,36.977823781859236],[-119.00297414715791,36.98343629199043],[-119.00743098585212,36.98778462381198],[-119.01348292118843,36.989193426883574]]]}"
00000000000000000071,84.30555555555557,105.26923076923079,39.0,5596.753205128205,242.85576923076928,-22.34508547008547,265.2008547008547,21.620726495726498,156.88141025641028,157.39209401709402,15.798076923076925,2515.633547008547,433.6538461538462,24.739316239316242,68.26923076923077,1230.985042735043,139.75641025641028,155.5042735042735,1164.655982905983,1,114,Aedes sierrensis,2022.0,"{""type"":""Polygon"",""coordinates"":[[[-122.00301587685433,45.82737696537124],[-122.01067727181363,45.825621930524164],[-122.01534970800307,45.82104155021375],[-122.01521134959117,45.815422587581445],[-122.01031741577498,45.81095642297869],[-122.00257687219404,45.809384437032186],[-121.99500746827447,45.81131946847433],[-121.99056031052307,45.8160071388678],[-121.9909702836959,45.82161966075368],[-121.99607875195117,45.82596810600879],[-122.00301587685433,45.82737696537124]]]}"
00000000000000000072,136.75065274151436,124.2715404699739,59.42036553524803,3132.583550913838,245.37467362924284,37.14751958224543,208.22715404699738,97.5313315926893,173.46736292428196,176.9921671018277,97.5313315926893,777.3524804177546,170.79503916449087,2.0,91.22584856396868,434.74281984334203,8.527415143603132,13.668407310704959,434.74281984334203,1,115,Aedes sierrensis,2022.0,"{""type"":""Polygon"",""coordinates"":[[[-122.06012358404581,37.04711269046678],[-122.0668124788147,37.04535772388397],[-122.07089205493821,37.04077745223186],[-122.07077154293799,37.0351584856571],[-122.0664987488739,37.0306922100807],[-122.05974027469645,37.029120162351894],[-122.05313124496223,37.031055268163186],[-122.0492485659223,37.03574304439994],[-122.04960679825598,37.04135555459869],[-122.0540670340601,37.045703887071845],[-122.06012358404581,37.04711269046678]]]}"
00000000000000000073,96.68304914744235,85.52858575727181,36.36609829488466,5146.290872617854,226.88164493480443,-5.4904714142427276,232.37211634904713,37.4012036108325,163.14343029087263,163.14343029087263,32.79237713139418,1319.7352056168506,198.16649949849545,38.0,50.11935807422267,564.9648946840522,139.80240722166502,139.80240722166502,521.3289869608826,1,116,Aedes sierrensis,2022.0,"{""type"":""Polygon"",""coordinates"":[[[-122.84002481739455,49.15661315749079],[-122.84818791095852,49.15485809094895],[-122.85316618298738,49.15027766019165],[-122.85301860348696,49.1446586993929],[-122.84780423645107,49.14019258631189],[-122.8395570818493,49.13862062904767],[-122.83149225771537,49.14055562596404],[-122.8267538947841,49.145243247217145],[-122.82719054513473,49.15085577452587],[-122.83263341627891,49.15520427214283],[-122.84002481739455,49.15661315749079]]]}"
00000000000000000074,61.693693693693696,80.52152152152152,38.47547547547548,4461.013013013014,182.8338338338338,-24.032032032032035,206.86586586586589,15.665665665665665,120.7967967967968,121.63863863863865,11.008008008008009,2167.303303303304,321.8748748748749,61.08008008008008,52.64664664664665,920.9399399399401,209.43443443443442,232.1021021021021,846.2322322322323,1,117,Aedes sierrensis,2022.0,"{""type"":""Polygon"",""coordinates"":[[[-125.53391491411598,49.59059516751741],[-125.54215039493472,49.588840096531946],[-125.54717279348078,49.58425965870213],[-125.54702388255328,49.578640698160605],[-125.54176328226767,49.57417459230282],[-125.53344303325545,49.57260263905971],[-125.52530672927243,49.57453763113573],[-125.52052635006764,49.57922524549946],[-125.52096684849671,49.584837773568296],[-125.52645796802007,49.58918627852628],[-125.53391491411598,49.59059516751741]]]}"
00000000000000000075,67.20462850182705,163.10475030450667,44.0,6775.415347137638,280.19975639464064,-83.76004872107187,363.9598051157125,-13.034104750304506,154.2095006090134,157.09500609013395,-14.99878197320341,642.0755176613885,103.9634591961023,8.040194884287454,60.93179049939098,284.884287454324,43.177831912302075,45.668696711327655,284.8489646772229,1,118,Aedes sierrensis,2022.0,"{""type"":""Polygon"",""coordinates"":[[[-120.8607012053868,40.44428328713557],[-120.8677161862641,40.442528296288415],[-120.87199455517478,40.43794798601313],[-120.87186806234577,40.432329020838665],[-120.86738699496402,40.42786278470847],[-120.86029922067488,40.426290758941],[-120.85336816570687,40.42822583831683],[-120.84929621276137,40.43291357693115],[-120.84967179753059,40.438526091285226],[-120.85434939259234,40.44287446384717],[-120.8607012053868,40.44428328713557]]]}"
0000000000000000000f,158.7798165137615,154.24115334207082,44.0,6778.22149410223,359.2896461336829,15.0,344.2896461336828,88.73525557011797,247.27391874180867,247.27391874180867,77.0,529.6959370904326,96.90956749672347,1.0,82.29226736566186,268.9069462647445,6.0,6.0,265.41284403669727,1,16,Aedes sierrensis,2023.0,"{""type"":""Polygon"",""coordinates"":[[[-119.7322766337007,37.11778052396179],[-119.7389717664281,37.11602555689696],[-119.74305514543069,37.11144528447758],[-119.74293451903648,37.105826317930635],[-119.73865774074311,37.101360043137845],[-119.73189296709371,37.09978799584531],[-119.72527777705623,37.101723101131455],[-119.72139147724496,37.10641087662083],[-119.72175004154606,37.11202338690214],[-119.72621443540035,37.11637172017167],[-119.7322766337007,37.11778052396179]]]}"
00000000000000000053,159.13824289405684,154.90697674418604,44.27131782945735,6772.812661498708,359.6447028423773,14.70801033591731,344.9366925064599,88.61498708010336,247.13824289405682,247.13824289405682,76.81395348837209,524.3010335917312,95.55813953488372,1.0,82.01291989664082,265.39534883720927,6.093023255813952,6.093023255813952,262.4883720930232,1,84,Aedes sierrensis,2023.0,"{""type"":""Polygon"",""coordinates"":[[[-119.74951105927231,37.11800793811551],[-119.75620621210909,37.11625297104913],[-119.76028960337109,37.11167269862729],[-119.76016897660813,37.10605373208043],[-119.75589218547073,37.101587457290165],[-119.7491273915136,37.10001540999904],[-119.74251218161702,37.101950515283484],[-119.73862587013342,37.10663829077045],[-119.73898443550469,37.11225080105203],[-119.74344884276336,37.116599134324126],[-119.74951105927231,37.11800793811551]]]}"
00000000000000000056,162.04,156.27333333333337,44.516000000000005,6796.656,364.0013333333333,17.27866666666667,346.72266666666667,92.03333333333332,249.77333333333334,249.77333333333334,78.504,473.7693333333333,86.35466666666667,0.0,81.32266666666666,240.604,5.0,5.0,235.63199999999998,1,87,Aedes sierrensis,2023.0,"{""type"":""Polygon"",""coordinates"":[[[-119.72764808680724,37.090504202817854],[-119.73434080922695,37.088749235939176],[-119.73842271882118,37.08416896381612],[-119.73830213662816,37.078549997258435],[-119.73402689781572,37.074083722163024],[-119.72726455824231,37.07251167470199],[-119.7206517485069,37.074446780190954],[-119.71676684773875,37.07913455596896],[-119.71712528376982,37.08474706621838],[-119.7215880709799,37.08909539918035],[-119.72764808680724,37.090504202817854]]]}"
00000000000000000057,159.99064171122996,148.0,42.98262032085561,6977.236631016043,352.4505347593583,8.73529411764706,343.7152406417112,87.70989304812836,252.14037433155082,252.14037433155082,77.03342245989305,596.0227272727273,113.13235294117648,1.807486631016043,81.70187165775401,310.58288770053474,11.155080213903743,11.155080213903743,302.08288770053474,1,88,Aedes sierrensis,2023.0,"{""type"":""Polygon"",""coordinates"":[[[-118.8008239328485,36.52575905439894],[-118.80746747448565,36.52400409134474],[-118.81151940173277,36.51942382530946],[-118.8113997214226,36.51380485853117],[-118.80715589473549,36.50933857721825],[-118.80044322094523,36.50776652629563],[-118.79387897976983,36.509701635951394],[-118.79002262558048,36.51438941765943],[-118.790378444329,36.52000192725378],[-118.79480844898325,36.52435025389699],[-118.8008239328485,36.52575905439894]]]}"
00000000000000000058,141.56410256410257,139.33205128205128,48.74871794871794,5136.265384615384,308.90384615384613,25.256410256410252,283.6474358974359,82.80128205128206,207.95897435897436,211.15769230769226,82.80128205128206,656.5320512820513,128.88717948717948,2.0,85.72948717948718,339.9589743589744,9.0,14.975641025641023,339.9589743589744,1,89,Aedes sierrensis,2023.0,"{""type"":""Polygon"",""coordinates"":[[[-121.74291205330582,37.39205982975924],[-121.74963160479784,37.39030486081502],[-121.75372987033515,37.38572458540408],[-121.75360879613584,37.380105618965544],[-121.74931642140182,37.375639347228095],[-121.74252698819846,37.3740673016366],[-121.73588768338848,37.376002404875145],[-121.73198720990796,37.380690177450454],[-121.73234707370516,37.386302688053654],[-121.73682774442761,37.39065102442827],[-121.74291205330582,37.39205982975924]]]}"
00000000000000000059,139.14866581956798,145.17534942820836,44.23125794155018,6215.623888182973,326.48919949174075,2.444726810673443,324.0444726810673,63.947903430749676,219.86912325285897,219.86912325285897,63.947903430749676,1201.4688691232527,248.54002541296057,1.2312579415501905,83.14739517153748,631.8500635324014,17.48792884371029,17.48792884371029,631.8500635324014,1,90,Aedes sierrensis,2023.0,"{""type"":""Polygon"",""coordinates"":[[[-121.08547111218783,39.3080909614144],[-121.09237083607188,39.30633597894266],[-121.09657894075724,39.301755681998976],[-121.09645456214774,39.29613671634103],[-121.09204711008987,39.29167046659516],[-121.08507572836177,39.29009843324734],[-121.07825849463391,39.29203352174784],[-121.07425344160836,39.29672127334836],[-121.07462289333604,39.302333786268264],[-121.07922366172497,39.30668214499271],[-121.08547111218783,39.3080909614144]]]}"
0000000000000000005a,156.25333333333333,146.104,56.79733333333332,3742.341333333333,291.67866666666663,36.809333333333335,254.86933333333332,115.95866666666666,201.79999999999998,207.27066666666664,111.38666666666667,492.0826666666667,112.11733333333332,0.0,99.34,303.21999999999997,2.0,7.072,295.61066666666665,1,91,Aedes sierrensis,2023.0,"{""type"":""Polygon"",""coordinates"":[[[-119.28356175379352,34.42647224675033],[-119.29003404936111,34.424717297441525],[-119.29398157885532,34.420137053286226],[-119.29386503877615,34.4145180857153],[-119.28973058823144,34.41005178205614],[-119.2831908494354,34.40847971869216],[-119.27679572274504,34.41041484332391],[-119.27303876692982,34.415102646344934],[-119.27338547227139,34.42071515358469],[-119.27770132893501,34.42506345751773],[-119.28356175379352,34.42647224675033]]]}"
0000000000000000005b,122.95411605937919,162.20107962213223,46.977058029689594,6520.275303643723,314.8097165991902,-28.246963562753027,343.0566801619433,54.538461538461526,183.8164642375168,208.99460188933867,45.70175438596489,532.8974358974358,91.41295546558702,2.364372469635627,71.87449392712547,262.56410256410254,29.43589743589743,31.63022941970309,258.2672064777327,1,92,Aedes sierrensis,2023.0,"{""type"":""Polygon"",""coordinates"":[[[-116.84042920481266,34.362328078096496],[-116.84689654226801,34.36057312919664],[-116.85084104911942,34.35599288569231],[-116.85072459996037,34.350373918097816],[-116.84659331619879,34.3459076137738],[-116.84005858441373,34.34433555003967],[-116.83366835411864,34.346270675117],[-116.82991427619889,34.350958478772114],[-116.83026071767925,34.356570985941815],[-116.83457326940001,34.36091928919918],[-116.84042920481266,34.362328078096496]]]}"
0000000000000000005c,128.270618556701,120.55541237113401,53.118556701030926,3929.533505154639,257.4368556701031,32.715206185567006,224.72164948453602,85.89561855670102,177.92654639175257,182.80798969072166,85.89561855670102,900.20618556701,176.6726804123711,2.0,85.41494845360825,471.17010309278345,12.881443298969073,17.0,466.24097938144325,1,93,Aedes sierrensis,2023.0,"{""type"":""Polygon"",""coordinates"":[[[-122.15547254187166,37.29652358968917],[-122.16218355023277,37.29476862140112],[-122.16627660757878,37.29018834703466],[-122.16615569004915,37.284569380558274],[-122.16186877187405,37.28010310775407],[-122.15508796604252,37.27853106156868],[-122.14845709800761,37.280466165522114],[-122.14456158331646,37.28515393911486],[-122.14492099247381,37.29076644960568],[-122.14939596858389,37.29511478489618],[-122.15547254187166,37.29652358968917]]]}"
0000000000000000005d,135.04458598726114,106.61019108280256,55.178343949044596,3134.4382165605093,234.40509554140127,43.68789808917198,190.71719745222933,96.0063694267516,171.41019108280258,175.81401273885353,96.0063694267516,655.1222929936306,130.7082802547771,2.0,85.72229299363057,337.06496815286624,9.496815286624205,13.32484076433121,337.06496815286624,1,94,Aedes sierrensis,2023.0,"{""type"":""Polygon"",""coordinates"":[[[-122.28696251373566,37.47648844910519],[-122.29368964879383,37.47473347957969],[-122.29779253753745,37.47015320324346],[-122.29767132426478,37.464534236838475],[-122.29337410585296,37.460067966046005],[-122.28657701430596,37.458495920980624],[-122.2799302203412,37.46043102358587],[-122.27602534504278,37.4651187952599],[-122.27638561241378,37.47073130596265],[-122.28087133812882,37.475079643297654],[-122.28696251373566,37.47648844910519]]]}"
00000000000000000062,69.54353562005277,122.60554089709765,43.480211081794195,5676.565963060687,232.19393139841688,-46.52242744063324,278.71635883905014,9.263852242744063,145.8825857519789,147.18601583113457,9.263852242744063,823.7374670184697,153.5817941952507,6.0,78.38258575197891,416.37071240105547,23.68865435356201,38.688654353562,413.5290237467018,1,99,Aedes sierrensis,2023.0,"{""type"":""Polygon"",""coordinates"":[[[-119.01820510920402,37.00316379048401],[-119.02489013552015,37.00140882420051],[-119.0289673532985,36.99682855302484],[-119.0288469122392,36.991209586432824],[-119.02457658898395,36.986743310369825],[-119.017822021407,36.9851712623701],[-119.01121681196818,36.987106368507504],[-119.00733637833963,36.99179414520836],[-119.00769440480443,36.99740665535584],[-119.012152062005,37.001754987334465],[-119.01820510920402,37.00316379048401]]]}"
00000000000000000063,116.00491400491401,165.004914004914,46.56142506142507,6573.474201474203,323.07739557739563,-29.452088452088454,352.529484029484,42.07493857493858,202.72727272727275,202.72727272727275,36.923832923832926,1441.8464373464374,251.9815724815725,7.0,76.61793611793613,709.2727272727275,43.212530712530715,43.212530712530715,694.5208845208846,1,100,Aedes sierrensis,2023.0,"{""type"":""Polygon"",""coordinates"":[[[-122.10076829014798,41.11880704438929],[-122.10785487001387,41.11705204843502],[-122.11217688772922,41.112471730030535],[-122.11204908134029,41.10685276515094],[-122.10752228330739,41.10238653732318],[-122.10036220490787,41.10081451617795],[-122.09336044314591,41.10274958998985],[-122.08924693120406,41.107437320685584],[-122.0896263256983,41.11304983591409],[-122.09435164624934,41.117398216913735],[-122.10076829014798,41.11880704438929]]]}"
00000000000000000025,93.63529411764706,106.0,39.0,5723.893048128343,252.94759358288775,-16.250267379679144,269.1978609625669,28.896256684491984,166.86310160427809,167.86310160427809,22.79572192513369,2561.4021390374332,457.1818181818182,21.755080213903742,71.19893048128343,1277.268449197861,126.74973262032086,144.11978609625666,1212.2823529411764,1,38,Aedes sierrensis,2024.0,"{""type"":""Polygon"",""coordinates"":[[[-121.95191011968083,45.829490579270576],[-121.95957180554636,45.8277355444046],[-121.96424441907524,45.82315516406411],[-121.96410605531976,45.817536201432894],[-121.95921193570189,45.813070036860864],[-121.95147109836078,45.81149805093146],[-121.94390140717026,45.81343308235303],[-121.93945408056541,45.818120752717185],[-121.93986406921024,45.823733274606305],[-121.94497273136902,45.82808171989264],[-121.95191011968083,45.829490579270576]]]}"
00000000000000000028,94.99247311827958,103.52365591397852,40.99892473118281,5172.59247311828,245.15376344086025,-5.3903225806451625,250.54408602150545,37.57849462365592,161.3236559139785,163.15376344086022,31.988172043010756,2345.444086021506,377.4075268817205,29.592473118279578,61.63655913978495,1089.683870967742,161.07526881720435,168.95913978494627,1020.5860215053765,1,41,Aedes sierrensis,2024.0,"{""type"":""Polygon"",""coordinates"":[[[-122.33031835327832,45.77143754265577],[-122.33797206084512,45.769682508308286],[-122.3426398107217,45.765102128793075],[-122.3425015935147,45.75948316613188],[-122.33761256963271,45.75501700071698],[-122.3298797888628,45.75344501431836],[-122.32231797627182,45.755380046304744],[-122.31787528058562,45.7600677174728],[-122.31828484489924,45.765680239273195],[-122.32338818912402,45.77002868370292],[-122.33031835327832,45.77143754265577]]]}"
00000000000000000032,122.74281984334205,119.33289817232377,54.13838120104439,3760.5078328981726,248.0013054830287,29.27154046997389,218.72976501305482,83.02480417754569,169.32637075718017,174.668407310705,82.04177545691907,960.0704960835509,189.4503916449086,3.0,86.28851174934728,502.9242819843342,13.861618798955611,18.861618798955615,490.345953002611,1,51,Aedes sierrensis,2024.0,"{""type"":""Polygon"",""coordinates"":[[[-122.15682364949086,37.1251647953063],[-122.16351943529868,37.12340982819104],[-122.16760321244212,37.11882955569142],[-122.16748257407144,37.11321058914738],[-122.16320537865087,37.10874431443656],[-122.15643994548093,37.10717226718966],[-122.14982411049309,37.10910737242086],[-122.1459374316067,37.113795147832064],[-122.14629603066294,37.11940765812201],[-122.15076085984256,37.12375599147483],[-122.15682364949086,37.1251647953063]]]}"
00000000000000000033,144.35933503836316,101.61253196930946,51.556265984654736,3388.617647058824,245.4156010230179,49.581841432225055,195.83375959079285,99.42455242966753,179.695652173913,184.89769820971858,98.8005115089514,546.7404092071611,119.576726342711,1.0,87.70204603580562,295.16624040920715,7.0,8.55626598465473,295.002557544757,1,52,Aedes sierrensis,2024.0,"{""type"":""Polygon"",""coordinates"":[[[-122.1506032035213,37.7494121881824],[-122.15735507130609,37.74765721676883],[-122.16147303797733,37.74307693742721],[-122.16135137113089,37.73745797113114],[-122.15703835575151,37.73299170340812],[-122.15021628761133,37.73141966005164],[-122.14354506883821,37.73335476059983],[-122.1396258376348,37.73804252934634],[-122.13998742119837,37.74365504037246],[-122.14448963305155,37.74800338082691],[-122.1506032035213,37.7494121881824]]]}"
00000000000000000034,139.69532237673832,107.75094816687735,52.47661188369152,3563.0037926675095,246.44627054361564,42.81542351453856,203.6308470290771,97.86346396965867,180.60429835651072,183.70543615676357,93.1150442477876,1028.0922882427308,222.79393173198483,1.1011378002528445,92.42225031605562,572.5056890012642,10.303413400758533,14.678887484197215,566.3463969658659,1,53,Aedes sierrensis,2024.0,"{""type"":""Polygon"",""coordinates"":[[[-122.59810520794197,37.99976841682812],[-122.60488005947573,37.99801344367031],[-122.6090120378301,37.99343316155226],[-122.6088899494758,37.987814195356826],[-122.60456225421545,37.9833479304694],[-122.5977169757192,37.98177588869163],[-122.59102305935447,37.9837109873395],[-122.5870904874263,37.988398753381496],[-122.58745329409871,37.99401126470636],[-122.5919708262644,37.998359608042584],[-122.59810520794197,37.99976841682812]]]}"
00000000000000000035,141.20025839793283,103.79457364341086,51.537467700258404,3524.910852713179,244.01808785529713,44.96253229974161,199.05555555555557,99.45219638242895,182.03488372093022,185.02196382428946,95.38113695090439,1046.808785529716,225.12144702842377,1.1886304909560723,92.11627906976746,581.8953488372092,10.72609819121447,14.760981912144702,573.5826873385013,1,54,Aedes sierrensis,2024.0,"{""type"":""Polygon"",""coordinates"":[[[-122.56664179090882,37.974075076558165],[-122.57341427052411,37.97232010357991],[-122.57754480287578,37.96773982174767],[-122.57742275802144,37.962120855541876],[-122.5730965777219,37.95765459036255],[-122.56625369452925,37.95608254842227],[-122.55956212055099,37.95801764726576],[-122.55563092538303,37.962705413586164],[-122.55599360583126,37.96831792488027],[-122.56050955694394,37.97266626791984],[-122.56664179090882,37.974075076558165]]]}"
00000000000000000036,141.00000000000003,111.70231958762885,52.53350515463917,3704.353092783505,255.2164948453608,44.81314432989691,210.40335051546396,94.76932989690724,183.50000000000003,188.50128865979383,94.76932989690724,670.3582474226804,135.2963917525773,1.0012886597938144,85.99355670103093,345.82731958762884,7.751288659793814,12.498711340206185,345.82731958762884,1,55,Aedes sierrensis,2024.0,"{""type"":""Polygon"",""coordinates"":[[[-122.17108831376082,37.81071145036412],[-122.17784578272452,37.80895647852457],[-122.18196716406756,37.80437619850488],[-122.18184539449975,37.7987572322334],[-122.17752880160805,37.794290965202876],[-122.17070107706309,37.79271892223196],[-122.16402432684684,37.79465402231605],[-122.16010184448596,37.79934179040206],[-122.16046372612408,37.804954301501134],[-122.16496967156421,37.80930264265937],[-122.17108831376082,37.81071145036412]]]}"
00000000000000000037,132.70854922279793,94.3419689119171,55.05699481865285,2687.296632124352,220.49481865284974,51.56217616580311,168.93264248704665,101.2875647668394,162.1139896373057,166.96113989637306,98.78108808290158,660.7759067357513,132.6463730569948,2.0,85.83808290155439,338.30181347150256,9.847150259067359,13.371761658031087,338.30181347150256,1,56,Aedes sierrensis,2024.0,"{""type"":""Polygon"",""coordinates"":[[[-122.38396133895127,37.558018652766386],[-122.39069582739111,37.55626368267833],[-122.39480319901195,37.55168340544661],[-122.3946818508865,37.54606443907407],[-122.39037993581748,37.54159816919617],[-122.38357541838228,37.54002612464],[-122.37692136258268,37.54196122663231],[-122.37301221907511,37.54664899743404],[-122.37337287776936,37.55226150823315],[-122.377863505042,37.55660984649763],[-122.38396133895127,37.558018652766386]]]}"
00000000000000000038,138.68030690537086,140.92710997442458,53.15345268542202,4348.760869565219,287.0370843989771,24.212276214833768,262.82480818414325,87.34015345268546,193.34398976982104,196.5728900255755,87.34015345268546,773.717391304348,160.30946291560107,2.0,88.8132992327366,414.91687979539654,9.245524296675194,14.921994884910488,414.91687979539654,1,57,Aedes sierrensis,2024.0,"{""type"":""Polygon"",""coordinates"":[[[-121.79550269113014,37.09460211668598],[-121.80219577545975,37.092847149779345],[-121.80627790568698,37.08826687761178],[-121.80615731685714,37.0826479110557],[-121.80188184689023,37.078181636005745],[-121.79511914183807,37.07660958857002],[-121.78850597469813,37.07854469402852],[-121.7846208638624,37.08323246976318],[-121.78497931915332,37.0888449800174],[-121.7894423476025,37.09319331302555],[-121.79550269113014,37.09460211668598]]]}"
00000000000000000039,103.34278668310726,117.79161528976573,51.802712700369916,3782.6103575832312,237.50061652281136,12.75462392108508,224.74599260172627,64.14549938347719,151.90752157829843,154.45499383477187,59.71023427866831,1912.2712700369912,339.5992601726264,3.9593094944512948,82.19235511713933,990.4512946979039,34.52897657213317,56.76695437731197,953.2305795314428,1,58,Aedes sierrensis,2024.0,"{""type"":""Polygon"",""coordinates"":[[[-124.02490160841725,40.041002187861935],[-124.03187492721754,40.03924720001943],[-124.0361278976714,40.03466689452681],[-124.03600216911126,40.02904792917887],[-124.03154771153461,40.02458168816411],[-124.02450200973092,40.02300965967722],[-124.01761209779403,40.0249447423265],[-124.01356432723591,40.02963248559956],[-124.0139376951293,40.03524499943914],[-124.0185875195954,40.039593367036936],[-124.02490160841725,40.041002187861935]]]}"
0000000000000000003a,130.7423469387755,112.99617346938776,58.58163265306121,2904.5216836734694,232.26658163265301,40.30229591836734,191.96428571428575,95.61352040816327,164.797193877551,168.9936224489796,95.61352040816327,755.5446428571429,151.484693877551,2.3533163265306123,86.19132653061224,393.079081632653,11.059948979591832,15.46811224489796,393.079081632653,1,59,Aedes sierrensis,2024.0,"{""type"":""Polygon"",""coordinates"":[[[-122.28718992788939,37.28218757980234],[-122.29389965776532,37.28043261161262],[-122.29799193570203,37.27585233740266],[-122.297871041618,37.270233370920614],[-122.2935849400206,37.26576709795657],[-122.28680542528106,37.26419505168218],[-122.28017581981523,37.26613015574275],[-122.27628104721018,37.27081792948793],[-122.2766403883303,37.276430439961906],[-122.2811145122378,37.28077877508996],[-122.28718992788939,37.28218757980234]]]}"
0000000000000000003b,92.95860284605436,143.16170763260027,46.0,6006.5420439844775,274.7542043984476,-34.565329883570506,309.31953428201814,29.650711513583445,173.0737386804657,174.39974126778787,25.65847347994826,1043.9055627425614,193.33505821474773,4.011642949547219,79.98835705045278,529.3234152652005,24.838292367399742,32.892626131953435,519.2043984476069,1,60,Aedes sierrensis,2024.0,"{""type"":""Polygon"",""coordinates"":[[[-119.63243290201301,37.49966239727995],[-119.63916212415879,37.497907427594676],[-119.64326628526366,37.49332715100412],[-119.64314503371622,37.487708184608344],[-119.63884648226667,37.48324191407562],[-119.63204728305264,37.48166986915487],[-119.6253984279836,37.48360497158603],[-119.62149234125256,37.48829274301231],[-119.62185271969167,37.49390525374243],[-119.62633983660078,37.49825359134142],[-119.63243290201301,37.49966239727995]]]}"
0000000000000000003c,92.14424242424244,150.8969696969697,36.34666666666667,8778.751515151514,322.06303030303036,-88.14545454545454,410.20848484848494,82.0436363636364,207.49696969696973,207.49696969696973,-19.380606060606063,555.0060606060606,66.90303030303032,22.413333333333338,28.04606060606061,186.92242424242423,80.99030303030305,80.99030303030305,147.25939393939396,1,61,Aedes sierrensis,2024.0,"{""type"":""Polygon"",""coordinates"":[[[-111.81328772726934,40.75871679791932],[-111.82033578207668,40.756961804704346],[-111.82463431382268,40.752381490660106],[-111.82450721423558,40.746762525622344],[-111.82000502235577,40.74229629334141],[-111.81288384838652,40.740724269716964],[-111.80592013159327,40.74265934651318],[-111.80182898117768,40.7473470814562],[-111.80220632580378,40.75295959621569],[-111.8069059668541,40.757307972689624],[-111.81328772726934,40.75871679791932]]]}"
0000000000000000003d,56.75558312655087,142.96774193548387,36.9727047146402,8134.834987593051,272.83622828784127,-108.00372208436727,380.8399503722085,-24.585607940446653,165.0223325062035,165.0223325062035,-42.42431761786601,723.2903225806451,82.47766749379653,31.43052109181141,28.820099255583127,231.8436724565757,103.75930521091811,103.75930521091811,226.03101736972712,1,62,Aedes sierrensis,2024.0,"{""type"":""Polygon"",""coordinates"":[[[-111.78643502072549,40.661129371364645],[-111.79347275470066,40.65937437888694],[-111.79776499456825,40.65479406601622],[-111.7976380843254,40.64917510093589],[-111.79314248441608,40.64470886745644],[-111.78603173292477,40.643136843164726],[-111.77907820835969,40.64507192076414],[-111.77499304857956,40.64975965685028],[-111.77536984403987,40.65537217148355],[-111.7800626055671,40.65972054673941],[-111.78643502072549,40.661129371364645]]]}"
0000000000000000003e,140.18170266836088,109.9783989834816,52.592121982210934,3673.6480304955535,253.39898348157564,45.860228716645494,207.53875476493016,94.82973316391362,182.5476493011436,188.05972045743331,94.82973316391362,698.433290978399,142.16010165184247,1.0101651842439643,86.17789072426937,362.1372299872935,8.71156289707751,13.040660736975857,362.1372299872935,1,63,Aedes sierrensis,2024.0,"{""type"":""Polygon"",""coordinates"":[[[-122.20035339397458,37.84912660593955],[-122.20711438178357,37.847371633832694],[-122.21123790833582,37.84279135338751],[-122.21111607423478,37.837172387131446],[-122.20679723383198,37.832706120535505],[-122.19996595574744,37.831134077806524],[-122.19328573049664,37.83306917759938],[-122.18936120565144,37.83775694527092],[-122.18972327454951,37.84336945641578],[-122.19423156555187,37.84771779801566],[-122.20035339397458,37.84912660593955]]]}"
0000000000000000003f,110.66626506024097,109.91686746987952,53.54457831325301,3421.1108433734944,224.47710843373497,21.03975903614458,203.43734939759034,72.955421686747,152.33132530120483,156.2975903614458,69.46867469879517,1560.2710843373493,267.99156626506027,6.033734939759037,74.76144578313252,770.3867469879518,49.60361445783132,61.9421686746988,727.209638554217,1,64,Aedes sierrensis,2024.0,"{""type"":""Polygon"",""coordinates"":[[[-123.99661307133418,41.21682254464507],[-124.00371025931086,41.21506754793998],[-124.00803874402523,41.210487228340355],[-124.00791074300628,41.204868263504125],[-124.00337716952042,41.20040203689695],[-123.9962063785609,41.19883001643127],[-123.98919414089612,41.20076508942518],[-123.98507447157166,41.20545281895675],[-123.98545443050142,41.211065334313815],[-123.99018682205448,41.21541371655395],[-123.99661307133418,41.21682254464507]]]}"
00000000000000000040,132.84427284427284,123.82368082368083,59.03603603603604,3148.092664092664,243.25096525096527,35.16988416988417,208.08108108108104,95.16988416988418,170.18532818532822,174.3835263835264,95.16988416988418,853.3217503217503,185.57271557271557,2.0,90.89446589446591,473.0489060489061,10.0,14.894465894465897,473.0489060489061,1,65,Aedes sierrensis,2024.0,"{""type"":""Polygon"",""coordinates"":[[[-122.06702627247658,37.01143988203921],[-122.07371202662497,37.009684915699374],[-122.07778968811553,37.005104644434034],[-122.07766923370905,36.99948567784526],[-122.07339844558201,36.995019401873854],[-122.06664314299547,36.99344735392512],[-122.06003721478496,36.995382460001146],[-122.05615635869215,37.00007023661465],[-122.05651442389028,37.005682746771775],[-122.06097256624373,37.01003107884349],[-122.06702627247658,37.01143988203921]]]}"
00000000000000000041,99.56880733944953,77.0,33.16399082568807,5300.220183486238,226.420871559633,-0.5756880733944953,226.99655963302752,39.4243119266055,168.6754587155963,168.6754587155963,33.85894495412844,1289.4954128440368,198.4564220183486,36.57568807339449,52.0,557.8841743119266,132.9873853211009,132.9873853211009,513.7396788990826,1,66,Aedes sierrensis,2024.0,"{""type"":""Polygon"",""coordinates"":[[[-123.12798464522398,49.30848122116906],[-123.13617287148013,49.30672615308112],[-123.14116646416038,49.302145719863034],[-123.14101842242007,49.296526759153785],[-123.1357880032965,49.292060648585995],[-123.12751547043159,49.29048869272088],[-123.11942582860947,49.292423687953104],[-123.11467287772025,49.29711130680914],[-123.11511086414518,49.30272383438234],[-123.12057048703953,49.30707233455351],[-123.12798464522398,49.30848122116906]]]}"
00000000000000000042,74.76738305941845,158.76738305941845,45.54614412136536,6357.651074589127,276.98862199747157,-66.90771175726928,343.89633375474085,-1.1491782553729455,158.48546144121363,158.48546144121363,-1.1491782553729455,1024.1251580278129,179.7180783817952,6.3249051833122625,71.29582806573957,487.08596713021495,44.42857142857142,44.42857142857142,487.08596713021495,1,67,Aedes sierrensis,2024.0,"{""type"":""Polygon"",""coordinates"":[[[-121.33879710213516,40.270699401327036],[-121.34579404707642,40.26894441177757],[-121.35006142074214,40.264364103567864],[-121.34993525877864,40.25874513831847],[-121.3454657110502,40.25427890007868],[-121.33839615035734,40.25270687313673],[-121.33148290661599,40.25464195392632],[-121.32742142247103,40.259329694552704],[-121.32779604753824,40.26494220868459],[-121.33246162043153,40.26929057910255],[-121.33879710213516,40.270699401327036]]]}"
00000000000000000045,158.62865090403338,79.0,45.75521557719055,3268.033379694019,251.68845618915157,80.78720445062586,170.90125173852573,133.9374130737135,192.18080667593878,205.0027816411683,124.85257301808066,312.90125173852573,66.0250347705146,0.0,92.14325452016689,183.33518776077884,3.0,6.0,131.34770514603616,1,70,Aedes sierrensis,2024.0,"{""type"":""Polygon"",""coordinates"":[[[-118.39569676573873,33.40289897723497],[-118.40209178811645,33.401144034378575],[-118.4059922091289,33.39656380049433],[-118.40587708608547,33.39094483255146],[-118.40179199049496,33.38647851840234],[-118.39533028694002,33.38490644919799],[-118.38901147152527,33.38684158085996],[-118.38529936829589,33.39152939388586],[-118.38564196133538,33.397141900020166],[-118.3899063098104,33.40149019329246],[-118.39569676573873,33.40289897723497]]]}"
00000000000000000046,104.25492227979275,90.86113989637306,39.152331606217615,4858.128497409327,234.37409326424873,5.837305699481866,228.53678756476685,50.62487046632125,166.87564766839375,166.87564766839375,45.634196891191706,1181.0911917098447,196.7212435233161,21.47150259067357,62.193782383419695,561.3906735751294,90.18963730569948,93.86943005181347,513.719170984456,1,71,Aedes sierrensis,2024.0,"{""type"":""Polygon"",""coordinates"":[[[-122.60969441157988,47.53431193042821],[-122.61760174056944,47.53255687983351],[-122.62242409951877,47.52797647445822],[-122.62228122233685,47.522357512736676],[-122.61723021091217,47.51789137373286],[-122.6092413228106,47.51631940203747],[-122.60142906027778,47.518254416325114],[-122.59683915283813,47.52294206230289],[-122.59726220474688,47.528554586883395],[-122.60253459928373,47.53290305815481],[-122.60969441157988,47.53431193042821]]]}"
00000000000000000047,91.50759878419453,66.59777102330294,40.025329280648435,3579.5217831813584,183.16616008105373,19.893617021276597,163.2725430597771,53.38601823708207,136.0182370820669,138.13981762917936,48.41742654508612,2839.642350557244,415.0496453900709,64.3809523809524,55.0,1196.1651469098279,236.32522796352583,274.08713272543065,1130.3768996960487,1,72,Aedes sierrensis,2024.0,"{""type"":""Polygon"",""coordinates"":[[[-125.13384882670186,48.8425586702966],[-125.14196061345696,48.840803606922115],[-125.14690760926226,48.83622318120608],[-125.14676097330171,48.83060422022401],[-125.14157937561632,48.82613810199433],[-125.13338402929888,48.824566141863876],[-125.12536986906154,48.82650114223043],[-125.12066128653535,48.83118876839424],[-125.12109520927547,48.836801295161145],[-125.12650388270626,48.84114978754546],[-125.13384882670186,48.8425586702966]]]}"
00000000000000000048,83.91878172588832,69.35228426395939,38.237563451776644,3889.555329949238,186.64060913705583,8.53705583756345,178.10355329949238,43.60203045685279,132.73096446700507,135.56548223350254,38.13096446700507,2361.6284263959387,365.530964467005,52.56852791878172,58.90152284263959,1042.587817258883,184.88324873096445,213.88324873096443,986.0487309644669,1,73,Aedes sierrensis,2024.0,"{""type"":""Polygon"",""coordinates"":[[[-124.7046514321056,48.666317160260206],[-124.71273481388155,48.664562098645845],[-124.71766449419212,48.65998167573127],[-124.71751838054954,48.654362714647334],[-124.71235492496736,48.64989659355651],[-124.70418826135148,48.64832463183327],[-124.69620215024304,48.65025963411711],[-124.6915100550412,48.65494726300983],[-124.69194246763807,48.66055978947563],[-124.6973322081549,48.66490827895213],[-124.7046514321056,48.666317160260206]]]}"
00000000000000000049,98.31521739130434,78.31832298136646,34.09627329192546,5235.475155279503,226.1413043478261,2.077639751552795,224.0636645962733,40.299689440993795,168.17391304347825,168.17391304347825,36.0776397515528,1033.1770186335402,169.32142857142856,29.0,56.23757763975157,472.78726708074544,102.0,102.0,432.54968944099375,1,74,Aedes sierrensis,2024.0,"{""type"":""Polygon"",""coordinates"":[[[-123.86261708467815,49.20509250414385],[-123.8707881780877,49.2033374371095],[-123.8757713267495,49.198757005568304],[-123.8756236001194,49.19313804479807],[-123.8704041236331,49.18867193251766],[-123.8621488910139,49.187099975699134],[-123.85407616729633,49.189034972079],[-123.84933316095412,49.19372259256852],[-123.8497702365865,49.199335119961496],[-123.85521843988832,49.2036836183921],[-123.86261708467815,49.20509250414385]]]}"
0000000000000000004a,104.27432712215321,97.32194616977226,41.48240165631471,4832.115942028985,240.0890269151139,7.8354037267080745,232.25362318840578,49.07971014492754,167.7567287784679,167.7567287784679,45.927536231884055,1264.4813664596272,183.9503105590062,32.36024844720497,48.952380952380956,541.5093167701864,133.80848861283644,133.80848861283644,491.6666666666667,1,75,Aedes sierrensis,2024.0,"{""type"":""Polygon"",""coordinates"":[[[-122.04919878646488,47.57443938080818],[-122.05711217253611,47.572684329831034],[-122.06193822388786,47.56810392384705],[-122.06179523537958,47.56248496214763],[-122.05674035531679,47.55801882376548],[-122.04874535082328,47.556446852416165],[-122.04092710700685,47.55838186628723],[-122.0363336838038,47.563069511672055],[-122.0367570577913,47.568682036318],[-122.0420334896247,47.573030508221215],[-122.04919878646488,47.57443938080818]]]}"
0000000000000000004b,89.98785425101215,67.12550607287449,40.0,3667.6042510121465,184.37246963562757,17.412955465587046,166.95951417004048,50.861336032388664,135.7995951417004,137.89372469635626,46.152834008097166,2755.091093117409,405.5576923076923,62.08603238866397,55.90587044534413,1170.3329959514172,226.09817813765184,261.52834008097165,1104.2246963562752,1,76,Aedes sierrensis,2024.0,"{""type"":""Polygon"",""coordinates"":[[[-125.055685244336,48.83690007105977],[-125.06379611479508,48.83514500774199],[-125.06874255203263,48.83056458211621],[-125.06859593292175,48.82494562113087],[-125.06341492046941,48.820479502809015],[-125.0552204994059,48.81890754262725],[-125.0472072439845,48.82084254305556],[-125.04249919331116,48.825530169307285],[-125.04293306733726,48.8311426960645],[-125.04834113002508,48.83549118835513],[-125.055685244336,48.83690007105977]]]}"
0000000000000000004c,70.71050308914387,61.0,31.65931156222418,4381.991173874669,175.23477493380403,-15.00441306266549,190.23918799646955,49.498676081200344,126.23477493380403,129.92409532215356,19.60017652250662,2011.5904677846424,283.6301853486319,70.96999117387466,41.89849955869373,788.4095322153574,245.66372462488965,320.88614298323034,663.3821712268314,1,77,Aedes sierrensis,2024.0,"{""type"":""Polygon"",""coordinates"":[[[-132.2675632830151,53.37171666039317],[-132.2765113079666,53.36996154699985],[-132.28196805440882,53.36538104167463],[-132.28180602365853,53.359762083589885],[-132.27609032981675,53.3552960466655],[-132.26705059919382,53.35372413179624],[-132.2582107051467,53.35565907768034],[-132.25301673972447,53.360346626296305],[-132.2534951020556,53.3659591616171],[-132.25946114424056,53.370307736633144],[-132.2675632830151,53.37171666039317]]]}"
0000000000000000004d,77.25516528925621,92.33264462809917,40.90185950413224,4612.591942148761,211.45454545454544,-11.62396694214876,223.07851239669424,26.755165289256198,136.6900826446281,139.08987603305783,23.157024793388427,2747.74173553719,453.05785123966945,51.37086776859503,61.599173553719005,1263.4648760330579,187.18285123966942,225.41322314049592,1193.4586776859503,1,78,Aedes sierrensis,2024.0,"{""type"":""Polygon"",""coordinates"":[[[-123.9323128341435,47.8736539796965],[-123.94027180332847,47.871898925849074],[-123.9451256421425,47.86731851529662],[-123.94498181578362,47.86169955376325],[-123.93989782195015,47.85723342004692],[-123.93185678808835,47.85566145129507],[-123.92399353166861,47.85759646203947],[-123.91937365027539,47.86228410297415],[-123.91979944803893,47.86789662811119],[-123.92510626287108,47.87224510475628],[-123.9323128341435,47.8736539796965]]]}"
0000000000000000004e,65.52722443559098,122.85126162018591,43.370517928286844,5674.861885790172,228.77290836653387,-50.93492695883134,279.7078353253652,5.391766268260293,142.24302788844622,143.24302788844622,5.354581673306773,780.3094289508632,145.05710491367861,6.420982735723771,77.1062416998672,390.89907038512615,24.891102257636124,39.89110225763612,389.3665338645418,1,79,Aedes sierrensis,2024.0,"{""type"":""Polygon"",""coordinates"":[[[-118.99349723026685,37.025481591256515],[-119.00018421998064,37.02372662482105],[-119.00426263471539,37.019146353403514],[-119.00414215765072,37.013527386820265],[-118.99987058035914,37.00906111100429],[-118.99311403002298,37.00748906314211],[-118.98650688162834,37.00942416911396],[-118.98262530836185,37.0141119455792],[-118.98298343931354,37.019724455752716],[-118.98744240526067,37.0240727879824],[-118.99349723026685,37.025481591256515]]]}"
0000000000000000004f,158.16302952503213,151.98973042362005,48.0,5868.1797175866495,343.11424903722724,28.0,315.11424903722724,82.62516046213094,230.1245186136072,230.1245186136072,82.62516046213094,474.99486521181,106.3620025673941,0.020539152759948654,89.37227214377407,266.22207958921695,5.93196405648267,5.93196405648267,266.22207958921695,1,80,Aedes sierrensis,2024.0,"{""type"":""Polygon"",""coordinates"":[[[-121.76325001321055,38.55238481038166],[-121.77007661955325,38.5506298333312],[-121.77424014938923,38.54604954501692],[-121.77411711184975,38.5404305790461],[-121.76975636044031,38.53596432048694],[-121.76285881691803,38.534392282232396],[-121.756113790167,38.536327376639264],[-121.75215117759565,38.541015136645576],[-121.75251673842907,38.5466276486371],[-121.75706876885125,38.550975998404674],[-121.76325001321055,38.55238481038166]]]}"
00000000000000000050,158.0,152.0,47.80426599749058,5871.380175658719,342.19322459222076,27.18695106649937,315.0062735257214,82.0,229.55332496863238,229.55332496863238,82.0,479.95232120451686,108.85319949811792,0.061480552070263476,90.52070263488078,271.32496863237134,5.278544542032621,5.278544542032621,271.32496863237134,1,81,Aedes sierrensis,2024.0,"{""type"":""Polygon"",""coordinates"":[[[-121.78073414844113,38.543252571424205],[-121.78755988791443,38.54149759443855],[-121.79172288927785,38.53691730622744],[-121.79159986763725,38.53129834025288],[-121.78723966990304,38.52683208158836],[-121.78034300179537,38.52526004327515],[-121.77359883111927,38.52719513775263],[-121.76963672171492,38.53188289785944],[-121.77000223641782,38.53749540983985],[-121.77455368901032,38.54184375950036],[-121.78073414844113,38.543252571424205]]]}"
00000000000000000005,104.60220994475137,132.7988950276243,45.0,5575.8464088397795,281.91270718232045,-10.504972375690608,292.417679558011,38.80331491712707,176.18121546961325,176.60220994475137,35.803314917127075,1606.3480662983425,251.9469613259668,19.0,58.88839779005524,728.8022099447514,109.61988950276243,114.00220994475137,660.6022099447512,1,6,Aedes sierrensis,2025.0,"{""type"":""Polygon"",""coordinates"":[[[-122.32708996411563,44.16184475359551],[-122.33453187913997,44.160089733209794],[-122.33907051731963,44.15550937591732],[-122.33893618943439,44.14989041244906],[-122.33418243760227,44.145424224337916],[-122.3266635288242,44.143852225303945],[-122.31931086367845,44.14578727249988],[-122.31499110079751,44.150474965315055],[-122.31538939976373,44.156087484725944],[-122.32035157297653,44.16043590608944],[-122.32708996411563,44.16184475359551]]]}"
00000000000000000006,134.93935483870968,118.4141935483871,55.0,3465.9883870967747,249.69419354838706,37.069677419354846,212.6245161290323,93.19741935483871,176.6567741935484,181.10709677419354,93.19741935483871,738.3032258064516,149.0361290322581,2.0,86.59483870967742,386.7083870967741,9.878709677419355,14.24258064516129,386.7083870967741,1,7,Aedes sierrensis,2025.0,"{""type"":""Polygon"",""coordinates"":[[[-122.19730336885402,37.36499308636483],[-122.20402049585466,37.36323811760669],[-122.20811728333734,37.35865784249192],[-122.20799625360007,37.35303887604267],[-122.20370542740605,37.348572604002705],[-122.19691844260102,37.347000558242804],[-122.1902815320991,37.348935661684074],[-122.18638246589447,37.3536234345479],[-122.18674220066764,37.35923594511923],[-122.19122125529188,37.363584281186434],[-122.19730336885402,37.36499308636483]]]}"
00000000000000000007,133.97341772151898,120.64177215189873,54.74050632911391,3673.4886075949366,255.69493670886075,36.80126582278481,218.89367088607594,91.8139240506329,177.3924050632911,181.17594936708858,88.74810126582278,1019.5936708860759,218.026582278481,1.70506329113924,90.44683544303797,557.0696202531644,11.420253164556962,17.707594936708862,553.2848101265822,1,8,Aedes sierrensis,2025.0,"{""type"":""Polygon"",""coordinates"":[[[-122.64317334228915,38.104013281255575],[-122.64995784842223,38.10225830736797],[-122.65409571254987,38.09767802408826],[-122.65397344713354,38.09205905793495],[-122.6496395854139,38.08759279423393],[-122.6427845571337,38.08602075311669],[-122.63608110637763,38.087955850969465],[-122.63214293051824,38.0926436158799],[-122.6325062509694,38.09825612732974],[-122.6370302186141,38.102604471871715],[-122.64317334228915,38.104013281255575]]]}"
00000000000000000008,135.93193717277487,115.67277486910996,55.94633507853404,3350.138743455498,245.18586387434559,39.33507853403142,205.85078534031416,94.62827225130891,175.59685863874344,179.803664921466,94.62827225130891,684.7068062827226,138.14921465968587,2.0,86.78534031413614,357.553664921466,9.373036649214662,13.488219895287958,357.553664921466,1,9,Aedes sierrensis,2025.0,"{""type"":""Polygon"",""coordinates"":[[[-122.21998235681185,37.38162999239523],[-122.2267009736711,37.379875023522736],[-122.23079866942359,37.37529474822594],[-122.23067761236423,37.36967578178327],[-122.22638583458689,37.36520950992923],[-122.21959734523236,37.36363746427283],[-122.21295896341962,37.3655725675895],[-122.20905903243896,37.37026034027602],[-122.20941884649783,37.375872850866934],[-122.2138988942202,37.38022118712307],[-122.21998235681185,37.38162999239523]]]}"
00000000000000000009,140.16387096774196,122.06838709677422,60.0,2782.1187096774197,244.02322580645162,42.8425806451613,201.18064516129033,103.7135483870968,169.06967741935486,174.06967741935483,103.7135483870968,372.4154838709678,75.9574193548387,1.0,87.16903225806452,199.27612903225807,5.0,8.998709677419354,199.27612903225807,1,10,Aedes sierrensis,2025.0,"{""type"":""Polygon"",""coordinates"":[[[-121.66346870893759,36.762358956294776],[-121.67013268783747,36.760603991645176],[-121.6741970743664,36.756023723070335],[-121.67407701927836,36.75040475638407],[-121.66982013916137,36.74593847766482],[-121.66308682655945,36.74436642818624],[-121.656502402528,36.746301536103786],[-121.65263418569813,36.75098931533807],[-121.6529910920716,36.75660182520569],[-121.65743471964487,36.76095015448482],[-121.66346870893759,36.762358956294776]]]}"
0000000000000000000a,154.91230207064558,149.2813641900122,42.56272838002436,6913.130328867236,358.9488428745433,12.61753958587089,346.33130328867236,78.61753958587089,246.69671132764924,246.69671132764924,72.63215590742996,1529.5736906211937,278.96345919610235,7.0,79.0,767.7978075517663,40.0,40.0,746.0304506699147,1,11,Aedes sierrensis,2025.0,"{""type"":""Polygon"",""coordinates"":[[[-122.35350567875624,40.851729186793136],[-122.36056361783999,40.84997419287346],[-122.36486817532499,40.8453938777075],[-122.3647408943997,40.839774912710425],[-122.3602323893806,40.83530868157513],[-122.35310123379348,40.83373665858849],[-122.34612775589267,40.83567173461695],[-122.34203086823673,40.840359468467305],[-122.34240873879672,40.84597198334747],[-122.34711496837441,40.85032036098568],[-122.35350567875624,40.851729186793136]]]}"
0000000000000000000b,137.73885350318469,122.93630573248403,54.979617834394894,3673.0675159235657,258.8343949044585,36.973248407643304,221.86114649681522,90.82802547770699,179.98471337579616,183.44076433121018,90.39999999999999,908.3184713375794,201.68152866242033,1.1070063694267516,92.5592356687898,508.44203821656043,9.34140127388535,14.086624203821653,508.0700636942674,1,12,Aedes sierrensis,2025.0,"{""type"":""Polygon"",""coordinates"":[[[-122.63367099794424,38.11175873978541],[-122.64045622341531,38.11000376584351],[-122.6445945260759,38.105423482477356],[-122.64447224746714,38.09980451632717],[-122.64013792630132,38.095338252714434],[-122.63328217159129,38.093766211646354],[-122.62657801045366,38.09570130943995],[-122.62263941706057,38.1003890742662],[-122.62300277579193,38.10600158572534],[-122.62752722292667,38.11034993035703],[-122.63367099794424,38.11175873978541]]]}"
0000000000000000000c,138.93518518518516,127.10714285714286,54.0,3860.0846560846558,266.6600529100529,33.810846560846564,232.84920634920636,92.45502645502646,186.24074074074076,190.15873015873015,92.45502645502646,736.2301587301587,152.84920634920633,2.0,88.39947089947088,394.3095238095238,8.632275132275133,13.632275132275133,394.3095238095238,1,13,Aedes sierrensis,2025.0,"{""type"":""Polygon"",""coordinates"":[[[-122.0841982706334,37.296059843179606],[-122.09090923762338,37.29430487489474],[-122.09500226974814,37.28972460053335],[-122.09488135297714,37.28410563405678],[-122.0905944612261,37.2796393612474],[-122.08381369717362,37.27806731505912],[-122.07718286999477,37.280002419016036],[-122.07328737931716,37.284690192613716],[-122.07364678627286,37.29030270310398],[-122.0781217348061,37.294651038389226],[-122.0841982706334,37.296059843179606]]]}"
0000000000000000000d,150.78660049627794,134.81017369727047,42.4044665012407,6368.744416873449,333.3225806451613,19.736972704714642,313.58560794044666,80.9937965260546,234.69975186104216,234.69975186104216,75.65384615384616,1196.2009925558314,225.93176178660053,2.0,81.3697270471464,606.7419354838709,23.110421836228287,23.110421836228287,593.5980148883374,1,14,Aedes sierrensis,2025.0,"{""type"":""Polygon"",""coordinates"":[[[-121.70199534203938,39.85454487731209],[-121.70894968121212,39.85278989084679],[-121.71319108110072,39.84820958754634],[-121.71306570069665,39.842590622118905],[-121.70862336551971,39.83812437886527],[-121.70159683033546,39.836552349131914],[-121.69472566159308,39.838487433281585],[-121.69068890759458,39.843175178690025],[-121.69106126554915,39.8487876922938],[-121.69569843879681,39.85313605761622],[-121.70199534203938,39.85454487731209]]]}"
0000000000000000000e,168.09732360097317,144.9805352798053,41.980535279805345,7038.244525547444,367.9513381995134,22.98053527980535,344.970802919708,82.97688564476883,259.941605839416,259.941605839416,82.97688564476883,1055.6240875912408,204.46107055961068,5.0,78.20316301703161,531.5997566909975,32.940389294403886,32.940389294403886,531.5997566909975,1,15,Aedes sierrensis,2025.0,"{""type"":""Polygon"",""coordinates"":[[[-122.39548365607337,40.52961710399536],[-122.40250756122532,40.527862112507805],[-122.40679137063746,40.523281801213166],[-122.40666471409112,40.51766283607567],[-122.4021779467261,40.51319660098656],[-122.39508116026066,40.5116245757987],[-122.3881412922106,40.513559654476836],[-122.3840641592486,40.51824739209821],[-122.38444021887982,40.52385990656194],[-122.38912376257034,40.52820828018191],[-122.39548365607337,40.52961710399536]]]}"
00000000000000000010,143.1106719367589,78.40974967061925,51.00658761528327,2372.903820816865,221.31093544137022,69.41238471673256,151.8985507246377,110.38603425559947,164.034255599473,170.31093544137025,110.38603425559947,549.7404479578394,119.03557312252966,1.0,89.50329380764165,300.55599472990787,7.0,32.837944664031625,300.55599472990787,1,17,Aedes sierrensis,2025.0,"{""type"":""Polygon"",""coordinates"":[[[-122.403880143357,37.81110385125682],[-122.41063764823096,37.80934887941454],[-122.41475905146609,37.80476859939051],[-122.41463728123969,37.799149633119185],[-122.4103206654119,37.794683366093096],[-122.40349290460266,37.793111323124656],[-122.39681611892328,37.795046423205775],[-122.39289361571863,37.79973419128755],[-122.39325549926771,37.805346702387105],[-122.3977614686446,37.80969504354984],[-122.403880143357,37.81110385125682]]]}"
00000000000000000011,127.7222222222222,111.52513227513226,54.33597883597884,3504.337301587302,242.34259259259258,38.466931216931215,203.87566137566134,88.98677248677248,170.3373015873016,175.81613756613757,88.98677248677248,878.5092592592592,171.6031746031746,2.0,85.49735449735451,453.4417989417989,12.673280423280424,17.2010582010582,453.4417989417989,1,18,Aedes sierrensis,2025.0,"{""type"":""Polygon"",""coordinates"":[[[-122.2950736185519,37.428526358174324],[-122.30179644165905,37.4267713889792],[-122.30589670168709,37.422191113168864],[-122.30577556749049,37.41657214674481],[-122.30148110315247,37.41210587541525],[-122.29468836607417,37.41053383005085],[-122.28804583037876,37.41246893301604],[-122.28414345791647,37.417156705202316],[-122.28450349581891,37.42276921584849],[-122.2889863473084,37.42711755263765],[-122.2950736185519,37.428526358174324]]]}"
00000000000000000012,131.74403183023873,125.98408488063662,53.38594164456234,3994.741379310344,265.0,31.079575596816976,233.920424403183,86.83952254641909,181.7572944297082,186.15915119363393,86.83952254641909,895.9496021220158,181.49734748010613,2.0,87.61273209549071,475.6445623342175,10.773209549071616,15.920424403183024,475.6445623342175,1,19,Aedes sierrensis,2025.0,"{""type"":""Polygon"",""coordinates"":[[[-122.06901503154639,37.24430751635332],[-122.07572138764118,37.24255254842321],[-122.07981160880267,37.2379722746265],[-122.079690776589,37.23235330812947],[-122.07540682984987,37.22788703474337],[-122.06863072215971,37.226314988234],[-122.06200444847437,37.22825009257742],[-122.05811163415255,37.23293786672515],[-122.05847079572985,37.23855037715465],[-122.06294267076888,37.24289871185378],[-122.06901503154639,37.24430751635332]]]}"
00000000000000000013,138.0,121.453488372093,61.0,2827.7583979328156,239.71059431524546,41.904392764857874,197.80620155038756,101.54780361757105,169.6485788113695,173.25710594315242,101.54780361757105,710.890180878553,158.48062015503874,2.0,91.53229974160206,401.4509043927648,8.0,12.034883720930232,401.4509043927648,1,20,Aedes sierrensis,2025.0,"{""type"":""Polygon"",""coordinates"":[[[-122.01163531919065,36.99706819934395],[-122.0183198096269,36.99531323310193],[-122.02239670071395,36.99073296199231],[-122.02227626948176,36.985113995397896],[-122.01800628849689,36.98064771926746],[-122.01125226208433,36.979075671230184],[-122.00464758185441,36.981010777412784],[-122.00076745927286,36.985698554177965],[-122.00112545721953,36.99131106431834],[-122.00558275721743,36.995659396228426],[-122.01163531919065,36.99706819934395]]]}"
00000000000000000014,172.1021505376344,122.62768817204301,52.858870967741936,3806.974462365592,295.2096774193549,64.93682795698925,230.2728494623656,130.55241935483872,217.49731182795702,225.35618279569894,128.55241935483872,445.4206989247312,95.51344086021506,0.0,93.90860215053765,259.18413978494624,5.0,12.400537634408602,247.739247311828,1,21,Aedes sierrensis,2025.0,"{""type"":""Polygon"",""coordinates"":[[[-118.43602041656509,34.11688577881167],[-118.4424689266234,34.11513083147086],[-118.44640195562066,34.110550590448234],[-118.44628585171347,34.104931622763864],[-118.44216659314996,34.10046531590526],[-118.43565087444188,34.09889325075997],[-118.42927923718388,34.100828377535926],[-118.42553608747184,34.10551618360846],[-118.42588152699612,34.11112869051105],[-118.43018152888679,34.11547699119255],[-118.43602041656509,34.11688577881167]]]}"
00000000000000000015,70.92045454545456,149.7171717171717,45.66035353535354,6089.52398989899,263.92929292929296,-60.801767676767675,324.7310606060607,7.994949494949495,151.27020202020205,151.27020202020205,0.5290404040404043,1208.871212121212,198.4886363636364,7.1148989898989905,68.81818181818181,561.6035353535354,54.29419191919193,54.29419191919193,543.1250000000001,1,22,Aedes sierrensis,2025.0,"{""type"":""Polygon"",""coordinates"":[[[-121.56337526759089,40.33223499586459],[-121.57037858830891,40.33048000585585],[-121.57464984883937,40.325899696915116],[-121.57452356991458,40.32028073169224],[-121.57004994994155,40.31581449419906],[-121.56297395066655,40.31424246767278],[-121.55605441058248,40.31617754796201],[-121.55198922567384,40.32086528787631],[-121.55236419000069,40.32647780208682],[-121.55703401278024,40.330826173263574],[-121.56337526759089,40.33223499586459]]]}"
00000000000000000016,86.95163398692813,140.36339869281045,46.0,5917.837908496732,265.62875816993466,-38.27320261437909,303.90196078431376,24.33071895424837,166.283660130719,167.40784313725493,21.26666666666667,1046.5411764705884,192.68235294117653,4.635294117647059,79.71111111111112,528.7267973856209,25.586928104575165,34.9202614379085,519.4614379084968,1,23,Aedes sierrensis,2025.0,"{""type"":""Polygon"",""coordinates"":[[[-119.64899400332551,37.49729015551951],[-119.65572301171284,37.4955351858506],[-119.65982704250314,37.49095490928608],[-119.65970579487579,37.485335942889364],[-119.65540737995529,37.480869672330044],[-119.64860839660741,37.47929762739449],[-119.64195975263561,37.48123272984348],[-119.6380537899789,37.48592050129512],[-119.63841415704249,37.491533012022444],[-119.6429011314662,37.4958813495944],[-119.64899400332551,37.49729015551951]]]}"
00000000000000000017,114.25224071702948,157.9001280409731,53.832266325224076,4655.836107554418,286.6030729833547,-3.302176696542894,289.90524967989757,63.77336747759284,174.80281690140848,176.47887323943664,60.54673495518566,1339.7554417413576,253.40973111395652,2.925736235595391,85.40076824583868,709.5889884763126,20.021766965428938,36.541613316261206,687.8002560819463,1,24,Aedes sierrensis,2025.0,"{""type"":""Polygon"",""coordinates"":[[[-123.40011912341473,39.4588353316272],[-123.40703376481616,39.45708034806007],[-123.41125096369676,39.45250004937279],[-123.41112631146613,39.44688108377808],[-123.4067093314968,39.44241483581295],[-123.39972288524524,39.44084280345654],[-123.39289091979747,39.44277789076366],[-123.38887720802715,39.44746564066575],[-123.38924745356373,39.45307815377324],[-123.39385816551275,39.45742651430743],[-123.40011912341473,39.4588353316272]]]}"
00000000000000000018,96.28899999999999,92.20699999999998,36.86,5373.063999999999,235.36599999999996,-11.290999999999999,246.65699999999995,33.706999999999994,165.18699999999998,165.18699999999998,28.708999999999993,1748.1959999999995,253.16499999999996,51.397999999999996,46.694999999999986,719.9979999999998,191.71299999999994,191.71299999999994,661.4519999999999,1,25,Aedes sierrensis,2025.0,"{""type"":""Polygon"",""coordinates"":[[[-122.42302752328051,49.18929836821254],[-122.43119600804835,49.18754330133875],[-122.43617756650625,49.18296287005311],[-122.43602988785348,49.17734390927358],[-122.43081207748993,49.17287779673217],[-122.42255947900266,49.171305839768344],[-122.41448933123219,49.17324083632312],[-122.40974783904362,49.177928457061576],[-122.41018477599766,49.18354098442709],[-122.41563124055509,49.18788948259243],[-122.42302752328051,49.18929836821254]]]}"
00000000000000000019,137.7020997375328,95.32939632545931,52.6981627296588,3067.070866141732,229.6745406824147,50.46062992125984,179.2139107611549,102.26246719160105,171.90551181102364,175.6548556430446,97.52230971128607,951.4055118110236,195.20997375328082,2.0,88.58923884514437,511.48687664041995,12.380577427821521,16.480314960629922,501.5131233595801,1,26,Aedes sierrensis,2025.0,"{""type"":""Polygon"",""coordinates"":[[[-122.56762725224164,37.89681669170616],[-122.57439261781961,37.89506171926706],[-122.57851881321028,37.890481438293016],[-122.57839689882364,37.88486247205612],[-122.57407526230921,37.8803962060003],[-122.56723956329328,37.87882416357204],[-122.56055501477853,37.88075926300292],[-122.55662794889395,37.88544703015929],[-122.55699025076049,37.89105954136107],[-122.56150145985902,37.89540788350986],[-122.56762725224164,37.89681669170616]]]}"
0000000000000000001a,116.69631512071159,82.81448538754765,54.983481575603555,2387.599745870394,195.43456162642948,45.71029224904702,149.72426937738248,92.72681067344347,144.04066073697587,147.8360864040661,87.72681067344347,1800.0190597204576,343.2706480304955,3.0,83.0,942.7560355781449,30.04574332909784,47.010165184243974,931.6823379923761,1,27,Aedes sierrensis,2025.0,"{""type"":""Polygon"",""coordinates"":[[[-124.288024243379,40.33009908645999],[-124.2950273424629,40.328344096467205],[-124.29929846787853,40.32376378755186],[-124.29917219301953,40.31814482232807],[-124.29469871460547,40.31367858480896],[-124.28762293914784,40.312106558268226],[-124.28070361793662,40.31404163857485],[-124.27663856167358,40.31872937851388],[-124.27701351420714,40.32434189272166],[-124.28168318925253,40.32869026387205],[-124.288024243379,40.33009908645999]]]}"
0000000000000000001c,87.8927855711423,114.43186372745492,33.0,7893.533066132265,282.8507014028056,-57.1372745490982,339.98797595190376,169.313627254509,43.31462925851704,190.4889779559118,-13.511022044088175,304.493987975952,33.77054108216433,17.0,20.13226452905812,89.87775551102206,61.50801603206412,86.98496993987975,80.64028056112224,1,29,Aedes sierrensis,2025.0,"{""type"":""Polygon"",""coordinates"":[[[-119.57606094649535,49.50113222308211],[-119.5842813615775,49.49937715301913],[-119.58929457622465,49.494796716657525],[-119.5891459424238,49.489177756062595],[-119.58389496451687,49.484711648705314],[-119.57558992838435,49.483139694627454],[-119.56746850124942,49.485074687708284],[-119.56269686676076,49.48976230350222],[-119.56313656432305,49.49537483141326],[-119.56861764207525,49.49972333484729],[-119.57606094649535,49.50113222308211]]]}"
0000000000000000001d,122.24865591397848,135.17473118279568,45.84139784946237,5864.877688172042,290.3077956989247,-0.8024193548387095,291.1102150537634,60.25537634408602,175.91532258064518,202.86559139784944,58.03897849462365,732.3064516129031,128.29166666666666,3.6438172043010755,78.86693548387095,378.79973118279577,34.25403225806451,52.5241935483871,361.31720430107526,1,30,Aedes sierrensis,2025.0,"{""type"":""Polygon"",""coordinates"":[[[-116.85917526564133,33.32053492167678],[-116.86556423842835,33.31877997933292],[-116.86946097139807,33.31419974626458],[-116.8693459592953,33.30858077829216],[-116.86526472762202,33.30411446330977],[-116.85880913331201,33.30254239364149],[-116.85249629217614,33.30447752586189],[-116.84878770038152,33.30916533968256],[-116.8491299714791,33.31477784572905],[-116.85339028746533,33.31912613815449],[-116.85917526564133,33.32053492167678]]]}"
0000000000000000001e,92.59779005524861,129.90055248618782,43.48950276243094,5790.298342541436,272.8861878453039,-22.43314917127072,295.31933701657454,25.647513812154692,167.79116022099447,168.2806629834254,21.59779005524862,1870.9193370165744,306.2773480662983,20.859668508287292,62.51602209944752,875.8375690607734,120.42099447513812,121.32044198895028,801.0850828729281,1,31,Aedes sierrensis,2025.0,"{""type"":""Polygon"",""coordinates"":[[[-122.25499521828351,44.22217639084863],[-122.26244475501773,44.22042136995349],[-122.26698803952445,44.215841011850166],[-122.26685357170682,44.210222048411346],[-122.2620949518751,44.205755861128345],[-122.25456834650191,44.2041838625554],[-122.24720815478496,44.20611890919638],[-122.24288396795839,44.21080660122169],[-122.24328267236008,44.21641912071978],[-122.24824992587193,44.22076754292491],[-122.25499521828351,44.22217639084863]]]}"
0000000000000000001f,153.18538565629228,131.8890392422192,53.12178619756428,3959.7767253044653,284.6644113667118,39.519621109607584,245.14479025710423,110.62922868741543,202.23951285520977,206.9512855209743,106.79296346414075,515.0717185385656,108.39783491204332,0.0,95.38971583220568,303.9445196211096,2.0,8.876860622462788,283.9878213802436,1,32,Aedes sierrensis,2025.0,"{""type"":""Polygon"",""coordinates"":[[[-119.90565985996184,34.623800845668455],[-119.91214750717185,34.62204589509766],[-119.91610439557796,34.61746564893349],[-119.91598757398677,34.61184668143533],[-119.91184331823364,34.60738037982783],[-119.90528807638987,34.605808317606154],[-119.8988777891477,34.607743440862905],[-119.8951119225978,34.61243124192711],[-119.89545944492535,34.61804374938307],[-119.89978553457742,34.62239205540119],[-119.90565985996184,34.623800845668455]]]}"
00000000000000000020,55.60729166666667,80.25,34.606249999999996,5307.967708333333,192.084375,-37.39791666666667,229.48229166666664,-1.8739583333333332,124.44270833333334,127.06041666666665,-6.20625,2424.4468749999996,359.93854166666665,53.03958333333333,52.121875,1055.8333333333333,227.12604166666665,238.74374999999998,974.8447916666667,1,33,Aedes sierrensis,2025.0,"{""type"":""Polygon"",""coordinates"":[[[-121.70945095900072,47.51775082911571],[-121.71735579198891,47.51599577867868],[-121.72217662937314,47.51141537355434],[-121.72203379806611,47.505796411823674],[-121.7169843808294,47.501330272563564],[-121.70899801317067,47.49975830072548],[-121.70118821540511,47.50169331518488],[-121.69659975674082,47.506380961407096],[-121.69702267592689,47.51199348596063],[-121.70229340677471,47.51634195697158],[-121.70945095900072,47.51775082911571]]]}"
00000000000000000021,91.82517482517484,81.08991008991009,33.35964035964036,5408.178821178822,225.1158841158841,-13.174825174825173,238.29070929070932,29.965034965034967,161.6053946053946,161.6053946053946,24.976023976023974,1457.933066933067,226.58541458541458,40.010989010989015,52.64035964035965,635.1548451548452,147.42257742257743,147.42257742257743,589.2527472527472,1,34,Aedes sierrensis,2025.0,"{""type"":""Polygon"",""coordinates"":[[[-122.92106451993988,49.290354975386784],[-122.92924973532317,49.288599907483885],[-122.93424149260517,49.2840194745603],[-122.93409350624236,49.278400513840346],[-122.92886501014333,49.27393440297178],[-122.92059551756778,49.27236244693922],[-122.91250884887877,49.274297442373],[-122.90775764561303,49.27898506151592],[-122.90819547197923,49.284597589057455],[-122.91365308803087,49.288946088922955],[-122.92106451993988,49.290354975386784]]]}"
00000000000000000022,111.59317904993908,108.16199756394639,54.092570036540806,3324.9902557856262,221.83069427527403,23.295980511571244,198.53471376370277,74.84896467722288,151.87941534713764,155.80755176613883,71.47868453105967,1548.5566382460413,265.39829476248474,6.032886723507917,74.48112058465284,763.0937880633373,49.459196102314245,61.74908647990254,720.3398294762483,1,35,Aedes sierrensis,2025.0,"{""type"":""Polygon"",""coordinates"":[[[-124.00372087841338,41.21770544665366],[-124.01081816218435,41.215950449941786],[-124.01514670529755,41.211370130331396],[-124.01501870252103,41.20575116549554],[-124.01048506785088,41.201284938899384],[-124.0033141801539,41.19971291843983],[-123.99630184788873,41.20164799142637],[-123.99218212296134,41.206335720947436],[-123.9925620869881,41.21194823630566],[-123.9972945423943,41.216296618556974],[-124.00372087841338,41.21770544665366]]]}"
00000000000000000023,83.25256410256411,149.39230769230772,45.15384615384616,6261.766666666667,273.1294871794872,-53.310256410256414,326.4397435897436,18.891025641025642,165.6641025641026,166.05128205128204,10.50128205128205,1283.1666666666667,226.54871794871798,8.235897435897437,75.15384615384616,625.7897435897437,45.23974358974359,48.87948717948718,619.2500000000001,1,36,Aedes sierrensis,2025.0,"{""type"":""Polygon"",""coordinates"":[[[-120.59793083940826,39.575552301701144],[-120.60485710838253,39.573797317282626],[-120.60908139580002,39.56921701724015],[-120.60895653028963,39.56359805169457],[-120.60453212371792,39.55913180511352],[-120.59753393531464,39.557559773527686],[-120.5906904871211,39.55949485990725],[-120.58667002622634,39.56418260848925],[-120.58704089049947,39.56979512174253],[-120.59165935302956,39.57414348368335],[-120.59793083940826,39.575552301701144]]]}"
00000000000000000024,129.34993446920055,112.24901703800788,58.38007863695939,2884.2621231979033,230.31716906946266,39.99868938401049,190.31847968545216,95.00131061598952,162.83748361730017,167.45740498034078,95.00131061598952,783.7391874180865,156.3630406290957,2.8165137614678906,85.95019659239844,406.7365661861075,12.197903014416779,16.42857142857143,406.7365661861075,1,37,Aedes sierrensis,2025.0,"{""type"":""Polygon"",""coordinates"":[[[-122.3006564130708,37.28283860855615],[-122.30736620098581,37.28108364036196],[-122.31145851430517,37.2765033661449],[-122.31133761915679,37.2708843996631],[-122.30705148048939,37.26641812670631],[-122.3002719071385,37.26484608043596],[-122.2936422443561,37.26678118449167],[-122.28974743806275,37.271468958229946],[-122.29010678227156,37.27708146870467],[-122.29458094486633,37.281429803840105],[-122.3006564130708,37.28283860855615]]]}"
00000000000000000027,71.57370517928288,123.42629482071713,44.0,5664.535192563082,234.75830013280216,-44.56573705179283,279.324037184595,11.447543160690572,148.3492695883134,149.398406374502,11.446215139442234,854.9309428950863,159.06507304116866,5.57503320053121,78.87250996015938,434.6254980079682,22.626826029216474,37.626826029216474,431.32138114209835,1,40,Aedes sierrensis,2025.0,"{""type"":""Polygon"",""coordinates"":[[[-119.06154311234242,37.02213280636538],[-119.06822980731023,37.02037783995272],[-119.07230804235749,37.015797568571486],[-119.07218757069796,37.01017860198691],[-119.06791618166275,37.005712326133875],[-119.06115992897911,37.00414027825104],[-119.05455307166119,37.00607538424774],[-119.05067166947758,37.01076316074834],[-119.05102978474365,37.01637567091794],[-119.05548855422127,37.02072400310995],[-119.06154311234242,37.02213280636538]]]}"
00000000000000000029,125.7866323907455,124.76863753213365,56.32904884318765,3392.4395886889456,247.55398457583544,28.469151670951156,219.08483290488434,88.1401028277635,167.50642673521853,170.40102827763494,84.5077120822622,1047.8586118251926,206.2853470437018,3.0,84.75192802056554,547.7390745501285,17.483290488431876,28.245501285347043,545.8123393316196,1,42,Aedes sierrensis,2025.0,"{""type"":""Polygon"",""coordinates"":[[[-123.47733737635726,39.084689998636776],[-123.48421519800729,39.082935017779725],[-123.48840995038317,39.07835472340625],[-123.4882859735011,39.072735757655124],[-123.48389251053918,39.06826950528426],[-123.4769432468984,39.066697470475006],[-123.47014764262721,39.06863256073469],[-123.46615530256591,39.07332031483882],[-123.46652358879575,39.07893282748221],[-123.4711097578195,39.0832811835389],[-123.47733737635726,39.084689998636776]]]}"
0000000000000000002a,136.4441591784339,151.32220795892172,51.591784338896026,4936.391527599487,306.83183568677794,16.362002567394097,290.46983311938385,76.9640564826701,199.06546854942238,199.82541720154046,76.9640564826701,1153.2259306803594,248.74582798459568,2.0,90.68421052631581,632.369704749679,12.315789473684212,21.63157894736842,632.369704749679,1,43,Aedes sierrensis,2025.0,"{""type"":""Polygon"",""coordinates"":[[[-122.70717481970924,38.58428076021696],[-122.71400445683564,38.582525782939996],[-122.71816983433854,38.57794549426518],[-122.7180467412128,38.57232652830744],[-122.71368405402156,38.56786027011649],[-122.70678344983966,38.56628823206695],[-122.7000354300451,38.568223326227056],[-122.69607105828095,38.57291108588218],[-122.69643678039756,38.578523597912486],[-122.70099083105123,38.582871948054276],[-122.70717481970924,38.58428076021696]]]}"
0000000000000000002d,58.34650856389986,119.48880105401845,43.0,5554.200263504611,218.33860342555994,-56.440052700922266,274.7786561264822,-0.6851119894598154,133.33860342555997,135.05797101449275,-0.6851119894598154,805.3069828722004,149.1501976284585,7.221343873517786,76.49802371541502,401.1212121212122,26.664031620553363,42.44268774703557,401.1212121212122,1,46,Aedes sierrensis,2025.0,"{""type"":""Polygon"",""coordinates"":[[[-119.04317607510329,36.99192685582933],[-119.04986011367572,36.9901718896223],[-119.05393672929067,36.985591618568364],[-119.0538163063449,36.97997265197193],[-119.04954661396872,36.97550637578461],[-119.04279304387593,36.97393432771567],[-119.03618880988473,36.97586943393639],[-119.03230894958381,36.98055721075582],[-119.03266692348345,36.9861697208902],[-119.0371239222814,36.990518052742495],[-119.04317607510329,36.99192685582933]]]}"
00000000000000000030,90.35407725321888,102.29399141630901,40.5568669527897,5164.048283261802,240.59656652360513,-8.659871244635193,249.25643776824035,33.36480686695278,157.12768240343345,158.6695278969957,28.107296137339056,2470.008583690987,398.5987124463519,30.055793991416305,62.34334763948497,1154.7607296137337,164.60407725321886,173.38304721030042,1082.8304721030042,1,49,Aedes sierrensis,2025.0,"{""type"":""Polygon"",""coordinates"":[[[-122.305093218619,45.762024380331944],[-122.3127456348287,45.760269346068426],[-122.31741259748063,45.755688966686876],[-122.31727440399348,45.75007000402083],[-122.31238620490076,45.74560383846943],[-122.30465472815747,45.74403185199481],[-122.29709419078678,45.745966884072665],[-122.29265224465514,45.75065455537093],[-122.29306174028676,45.75626707715695],[-122.29816422375745,45.76061552144795],[-122.305093218619,45.762024380331944]]]}"
00000000000000000031,160.9453219927096,142.38639125151883,41.18712029161603,6944.885783718105,360.7484811664642,20.478736330498176,340.269744835966,84.96597812879709,253.20534629404614,253.20534629404614,78.6561360874848,1461.9756986634266,269.221142162819,7.0,79.81652490886998,734.0583232077764,37.55285540704738,37.55285540704738,712.5261239368165,1,50,Aedes sierrensis,2025.0,"{""type"":""Polygon"",""coordinates"":[[[-122.42461496325556,40.69012244641416],[-122.43165575824436,40.68836745371763],[-122.43594986419488,40.68378714049863],[-122.43582289779552,40.678168175430926],[-122.43132534280038,40.67370194230718],[-122.42421150014813,40.67212991821351],[-122.41725495271103,40.67406499557455],[-122.41316801619266,40.67875273132142],[-122.41354497452815,40.68436524599214],[-122.41823977642541,40.688713621609516],[-122.42461496325556,40.69012244641416]]]}"
00000000000000000000,123.02920723226707,136.45201668984706,46.46592489568847,5796.321279554939,291.30598052851184,0.09318497913769125,291.21279554937416,62.11543810848401,180.4283727399166,202.82475660639776,59.874826147426994,737.3212795549375,129.2447844228095,3.1752433936022255,79.5201668984701,383.26147426981925,32.42698191933241,49.96105702364395,365.835883171071,1,1,Aedes sierrensis,2026.0,"{""type"":""Polygon"",""coordinates"":[[[-116.90188899463226,33.34912667763147],[-116.90828006467287,33.347371735109796],[-116.91217807620188,33.342791501758406],[-116.91206302563847,33.337172533796235],[-116.9079804544342,33.33270621910293],[-116.90152274219001,33.3311341495956],[-116.89520782990955,33.333069281622265],[-116.89149802078151,33.33775709516719],[-116.89184040348884,33.34336960124415],[-116.89610211744589,33.34771789396339],[-116.90188899463226,33.34912667763147]]]}"
00000000000000000001,168.68834355828224,145.28220858895705,41.385276073619636,7039.00981595092,368.8969325153374,23.0,345.8969325153374,83.28834355828221,260.6883435582822,260.6883435582822,83.28834355828221,1104.6920245398774,213.8269938650307,5.0,78.47730061349694,556.158282208589,33.39141104294479,33.39141104294479,556.158282208589,1,2,Aedes sierrensis,2026.0,"{""type"":""Polygon"",""coordinates"":[[[-122.3754533741413,40.577677295149414],[-122.3824823223362,40.57592230330046],[-122.38676920613551,40.57134199143058],[-122.38664245707271,40.56572302631395],[-122.38215246868866,40.56125679181233],[-122.37505058950934,40.559684766951555],[-122.36810574125202,40.561619845235974],[-122.36402568110027,40.56630758229701],[-122.36440200907153,40.57192009682261],[-122.36908891428835,40.57626847103967],[-122.3754533741413,40.577677295149414]]]}"
00000000000000000002,160.2157622739018,137.51550387596902,43.0,6168.104651162791,344.43023255813955,27.99354005167959,316.4366925064599,84.28423772609818,238.40310077519385,239.0103359173127,83.19896640826873,656.2984496124031,133.77777777777777,1.0,83.29457364341086,336.70413436692513,11.0,14.18733850129199,336.70413436692513,1,3,Aedes sierrensis,2026.0,"{""type"":""Polygon"",""coordinates"":[[[-121.11418772297203,38.763786332224484],[-121.12103450685063,38.76203135366907],[-121.1252103375832,38.757451062959234],[-121.12508692997305,38.75183209707528],[-121.12071329103749,38.7473658409627],[-121.11379537108546,38.74579380407028],[-121.1070304180602,38.74772889683752],[-121.10305609360904,38.75241665451038],[-121.10342272818662,38.75802916675962],[-121.10798820835939,38.76237751901363],[-121.11418772297203,38.763786332224484]]]}"
00000000000000000003,114.5612104539202,141.39889958734528,44.551581843191194,6250.943603851444,292.4057771664374,-21.803301237964234,314.2090784044017,48.81155433287483,197.22558459422282,199.93672627235208,43.63136176066024,696.4635488308115,135.98211829436036,2.5502063273727646,86.50343878954605,382.00275103163693,14.6423658872077,31.7372764786795,365.18156808803303,1,4,Aedes sierrensis,2026.0,"{""type"":""Polygon"",""coordinates"":[[[-117.86806471538763,34.4135809856048],[-117.87453601324576,34.411826036378244],[-117.87848293450055,34.407245792353855],[-117.87836641271699,34.401626824778184],[-117.87423259941674,34.397160520985324],[-117.86769386816997,34.395588457546914],[-117.86129972676994,34.39752358226826],[-117.85754335006699,34.402211385416805],[-117.85789000231239,34.40782389264247],[-117.86220519392995,34.41217219643964],[-117.86806471538763,34.4135809856048]]]}"
00000000000000000004,147.5503184713376,133.228025477707,53.97707006369427,4051.620382165604,280.743949044586,34.71464968152866,246.02929936305733,96.23057324840764,196.96560509554135,198.97707006369424,96.23057324840764,577.2318471337578,124.91847133757963,1.0,90.64585987261147,316.4815286624204,5.0,10.164331210191083,316.4815286624204,1,5,Aedes sierrensis,2026.0,"{""type"":""Polygon"",""coordinates"":[[[-122.00876365811222,37.273224786684914],[-122.01547258914718,37.27146981855664],[-122.01956438008244,37.2668895444445],[-122.01944350064804,37.2612705779589],[-122.01515790927611,37.256804304894956],[-122.00837920125473,37.255232258564945],[-122.00175038468498,37.25716736269247],[-121.99785607576052,37.261855136532944],[-121.99821537436867,37.267467646996394],[-122.0026889657911,37.27181598202292],[-122.00876365811222,37.273224786684914]]]}"
00000000000000000111,128.66002490660026,116.60398505603986,33.0,8348.124533001246,303.6500622665007,-44.33997509339976,347.99003735990044,233.70236612702365,17.66002490660025,233.70236612702365,17.66002490660025,1058.2665006226648,107.34246575342468,70.00996264009963,12.0,303.35242839352435,229.35990037359898,303.35242839352435,229.35990037359898,0,274,Aedes sticticus,2010.5999755859375,"{""type"":""Polygon"",""coordinates"":[[[-76.78874786995331,38.872151406025324],[-76.79560507947433,38.870396426695],[-76.7997872660223,38.86581613475171],[-76.79966366719502,38.860197168912464],[-76.79528336933326,38.85573091405964],[-76.7883549209768,38.85415887786857],[-76.78157967214011,38.85609396979157],[-76.77759929621342,38.86078172626292],[-76.77796648558633,38.86639423864487],[-76.78253891518251,38.87074259217916],[-76.78874786995331,38.872151406025324]]]}"
00000000000000000120,104.0,147.0,37.0,8331.182019977803,326.29078801331855,-62.60266370699223,388.89345172031074,3.397336293007769,204.46392896781356,212.46392896781356,-3.6026637069922307,307.8201997780244,38.70921198668147,7.0,37.70921198668147,113.11098779134296,36.0,41.0,103.4017758046615,0,289,Aedes sticticus,2018.79259259259,"{""type"":""Polygon"",""coordinates"":[[[-116.38804448473846,43.694450699375416],[-116.39542815386264,43.69269568290135],[-116.39993128426522,43.68811533183507],[-116.39979802568382,43.68249636814077],[-116.39508147563048,43.67803017367078],[-116.38762138515807,43.6764581710967],[-116.38032623897044,43.67839322255396],[-116.37604028434824,43.683080921434026],[-116.37643548485613,43.68869344017537],[-116.3813588338394,43.69304185507639],[-116.38804448473846,43.694450699375416]]]}"
00000000000000000127,93.74457831325299,119.18674698795179,31.1867469879518,8849.187951807227,283.4542168674698,-89.25542168674697,372.7096385542168,2.7445783132530113,183.02409638554212,206.45421686746985,-23.255421686746985,1166.9987951807227,118.82530120481927,85.54578313253009,9.0,324.7180722891565,263.0915662650602,268.9168674698795,298.89277108433737,0,296,Aedes sticticus,2019.44444444444,"{""type"":""Polygon"",""coordinates"":[[[-71.35224753840053,42.18384995370166],[-71.35945225661354,42.18209494946567],[-71.36384629457963,42.17751461787892],[-71.36371632047262,42.1718956534776],[-71.35911406694314,42.167429439113015],[-71.35183468732411,42.16585742546313],[-71.34471625988056,42.167792490252666],[-71.34053417561228,42.17248020810763],[-71.34091985579113,42.17809272475402],[-71.3457239231534,42.18244111943621],[-71.35224753840053,42.18384995370166]]]}"
0000000000000000012d,97.75360576923077,102.54086538461539,26.0,9935.243990384615,288.41947115384613,-96.40625000000003,384.82572115384613,220.8545673076923,-35.94951923076923,220.8545673076923,-35.94951923076923,919.7283653846155,102.58173076923075,36.0,28.0,300.5817307692308,143.0,300.5817307692308,143.0,0,302,Aedes sticticus,2009.16076294278,"{""type"":""Polygon"",""coordinates"":[[[-87.82775194707658,41.8850500512113],[-87.83492287499598,41.88329504932656],[-87.83929631354665,41.878714721482304],[-87.83916695950303,41.8730957569452],[-87.83458628797511,41.868629538758334],[-87.82734103118065,41.867057522980495],[-87.82025597274156,41.86899259033152],[-87.81609350173753,41.873680311832054],[-87.81647738411401,41.87929282807592],[-87.82125892810534,41.88364121887355],[-87.82775194707658,41.8850500512113]]]}"
0000000000000000012f,193.07637906647813,135.0,45.0,6252.342291371995,335.4596888260255,35.820367751060836,299.6393210749647,269.0763790664782,199.33239038189535,269.0763790664782,109.45968882602548,1337.1442715700143,150.0,58.0,23.0,397.46676096181045,227.90240452616695,397.46676096181045,366.8076379066478,0,304,Aedes sticticus,2020.62962962963,"{""type"":""Polygon"",""coordinates"":[[[-84.46624969973429,31.186346730082832],[-84.4724902355489,31.184591800696147],[-84.47629647635752,31.180011588253507],[-84.4761841866423,31.17439261953442],[-84.47219776266554,31.169926283486777],[-84.46589206859146,31.168354202090097],[-84.45972581609661,31.17028934842827],[-84.45610338329246,31.174977182340072],[-84.45643775528356,31.180589686166407],[-84.46059912751635,31.18493795718364],[-84.46624969973429,31.186346730082832]]]}"
00000000000000000130,171.2167832167832,127.21678321678321,39.0,7159.082517482517,327.2167832167832,5.454545454545453,321.7622377622377,92.21678321678321,224.17202797202793,260.85594405594406,76.45454545454544,1424.7370629370625,156.66853146853146,80.82797202797202,18.0,437.4517482517482,272.39440559440555,328.56643356643355,412.6111888111888,0,305,Aedes sticticus,2018.5999755859375,"{""type"":""Polygon"",""coordinates"":[[[-87.45424872463784,32.912750130339155],[-87.46060810663705,32.91099519051877],[-87.46448680003219,32.90641496146735],[-87.46437233059049,32.90079599334949],[-87.46030999876447,32.896329674264564],[-87.45388428701771,32.89475760231215],[-87.4476006682769,32.89669273728203],[-87.44390925220922,32.90138055501551],[-87.44424994857941,32.906993060629645],[-87.44849054017699,32.91134134888576],[-87.45424872463784,32.912750130339155]]]}"
00000000000000000131,97.0337756332931,101.93003618817849,26.0,9898.597104945717,287.0,-95.67551266586248,382.6755126658624,219.89022919179732,-35.67551266586248,219.89022919179732,-35.67551266586248,916.406513872135,102.18214716525934,36.0,28.0,299.1821471652593,142.0,299.1821471652593,142.0,0,306,Aedes sticticus,2000.75179856115,"{""type"":""Polygon"",""coordinates"":[[[-87.81944910091505,41.91824805855423],[-87.8266237578043,41.91649305640933],[-87.83099946963061,41.911912728151],[-87.83087004716099,41.90629376362892],[-87.82628699392397,41.90182754586495],[-87.81903797145968,41.90025553032255],[-87.8119492305397,41.90219059739017],[-87.80778459508936,41.90687831848735],[-87.80816867586651,41.91249083477575],[-87.81295270545384,41.9168392260032],[-87.81944910091505,41.91824805855423]]]}"
00000000000000000133,77.18203309692669,125.78959810874706,31.30851063829787,9269.17257683215,274.1820330969267,-119.42316784869973,393.60520094562645,171.56973995271863,-34.35697399527187,193.2695035460993,-47.51063829787234,1125.1843971631204,101.36879432624113,79.21040189125296,7.0,297.8758865248227,253.63238770685578,297.289598108747,259.5709219858156,0,308,Aedes sticticus,2019.77083333333,"{""type"":""Polygon"",""coordinates"":[[[-72.22374762558916,42.43285061562713],[-72.23098089758842,42.43109560941474],[-72.23539234263802,42.42651527468209],[-72.23526184452936,42.42089631039494],[-72.23064135358509,42.416430099243264],[-72.22333313923177,42.41485808738211],[-72.21618651405093,42.416793150018506],[-72.21198785600315,42.42148086480909],[-72.212375055346,42.42709338179383],[-72.21719815559302,42.4314417797413],[-72.22374762558916,42.43285061562713]]]}"
0000000000000000013c,93.16121212121215,117.51272727272728,27.0,10801.279999999999,299.16121212121215,-126.26666666666668,425.4278787878788,205.15636363636366,-55.035151515151526,225.36484848484855,-55.035151515151526,843.5345454545455,121.79636363636365,22.718787878787882,45.32363636363637,325.6824242424243,80.88242424242425,322.8787878787879,80.88242424242425,0,317,Aedes sticticus,2016.90909090909,"{""type"":""Polygon"",""coordinates"":[[[-93.53814810173623,41.65265062250782],[-93.5452931005136,41.65089562243664],[-93.549650731984,41.64631529747912],[-93.54952185372353,41.64069633283727],[-93.54495774325335,41.63623011170217],[-93.5377386708129,41.63465809428296],[-93.53067921827788,41.63659316360975],[-93.52653179760713,41.64128088792223],[-93.52691430040463,41.6468934038556],[-93.53167856096151,41.65124179165695],[-93.53814810173623,41.65265062250782]]]}"
0000000000000000013d,181.0,142.0,43.54802259887005,6753.117231638418,335.00847457627117,12.548022598870055,322.46045197740114,106.0,230.0,263.91101694915255,90.0,1500.6426553672316,172.0,78.14265536723164,20.0,458.0,280.1511299435028,357.0,437.00847457627117,0,318,Aedes sticticus,2019.94545454545,"{""type"":""Polygon"",""coordinates"":[[[-88.18464501809122,31.825447388567955],[-88.19092836436606,31.823692455364483],[-88.19476070381296,31.81911223684611],[-88.19464762887188,31.813493268346935],[-88.19063386158199,31.809026938504505],[-88.18428493514233,31.807454860562697],[-88.1780764053668,31.809390002742152],[-88.1744291235966,31.8140778307357],[-88.17476577368566,31.819690335216062],[-88.1789556820722,31.824038612539525],[-88.18464501809122,31.825447388567955]]]}"
00000000000000000142,54.471007121057994,133.05900305188203,35.0,8129.817904374365,266.8982706002035,-108.07934893184131,374.9776195320448,137.96337741607326,9.829094608341812,159.6215666327569,-50.101729399796554,522.5269582909461,66.84231943031536,31.101729399796543,24.0,158.5859613428281,105.08240081383522,141.58596134282809,142.10071210579858,0,323,Aedes sticticus,2008.5,"{""type"":""Polygon"",""coordinates"":[[[-114.33795047991143,48.34244819164738],[-114.34598237589931,48.34069313323562],[-114.35088067071993,48.3361127154184],[-114.35073550371399,48.33049375414913],[-114.34560493184505,48.32602762785235],[-114.33749025756946,48.32445566323096],[-114.32955498740198,48.32639066900339],[-114.32489277650662,48.33107830286146],[-114.3253224517728,48.33669082877937],[-114.33067787513536,48.341039312965016],[-114.33795047991143,48.34244819164738]]]}"
00000000000000000147,171.18836565096953,127.01939058171745,39.0,7152.173130193904,326.72299168975076,5.583102493074792,321.1398891966759,91.72299168975069,223.7229916897507,260.6038781163435,76.58310249307479,1426.1398891966758,156.4584487534626,80.81163434903047,18.0,437.4390581717451,272.85457063711914,329.3808864265928,412.9612188365651,0,328,Aedes sticticus,2020.5999755859375,"{""type"":""Polygon"",""coordinates"":[[[-87.44595479667842,32.92104851739962],[-87.45231477490874,32.91929357752811],[-87.45619383178698,32.91471334839532],[-87.45607935141093,32.90909438028041],[-87.45201663876789,32.904628061278586],[-87.44559032491127,32.90305598937244],[-87.43930611736242,32.90499112428663],[-87.43561435521737,32.90967894194084],[-87.43595508331691,32.91529144756374],[-87.44019607234527,32.91963973590431],[-87.44595479667842,32.92104851739962]]]}"
00000000000000000148,96.0,105.12867647058825,26.95710784313726,9924.501225490196,288.17156862745094,-99.06372549019609,387.23529411764713,219.0,-37.57230392156863,219.0,-37.57230392156863,920.7426470588235,103.25,35.131127450980394,29.0,302.2598039215687,140.18259803921572,302.2598039215687,140.18259803921572,0,329,Aedes sticticus,2009.62368421053,"{""type"":""Polygon"",""coordinates"":[[[-87.9024508079239,41.89334843827178],[-87.90962266737147,41.891593436322026],[-87.91399667380561,41.88701310837431],[-87.91386730266865,41.88139414384096],[-87.90928603616966,41.876927925759766],[-87.90203983867902,41.87535591004075],[-87.89495386032505,41.87729097732095],[-87.89079084862406,41.88197869872071],[-87.89117478056274,41.8875912149757],[-87.89595694547697,41.89193960588074],[-87.9024508079239,41.89334843827178]]]}"
00000000000000000150,87.47393364928908,120.48222748815166,27.0,10950.387440758293,296.1931279620853,-136.27369668246448,432.4668246445498,200.71090047393363,-63.54028436018956,220.47393364928917,-63.54028436018956,838.4372037914692,127.00355450236968,19.456161137440763,49.547393364928915,336.00947867298584,71.91232227488153,335.29265402843606,71.91232227488153,0,337,Aedes sticticus,2013.05208333333,"{""type"":""Polygon"",""coordinates"":[[[-93.59625464756367,42.05104900612794],[-93.60344428437956,42.04929400293969],[-93.60782912834942,42.04471367302063],[-93.60769943099588,42.0390947085588],[-93.60310681001647,42.034628492490974],[-93.595842660203,42.033056477892856],[-93.58873912611797,42.03499154382381],[-93.58456579570718,42.03967926330328],[-93.58495067348979,42.045291779770295],[-93.58974468814914,42.049640172721496],[-93.59625464756367,42.05104900612794]]]}"
00000000000000000152,175.0,132.0,40.0,7070.617110799438,331.16269284712484,7.356241234221598,323.80645161290323,97.0,227.40673211781206,262.16269284712484,80.72510518934081,1387.6171107994392,160.93688639551192,79.64095371669003,21.0,432.91865357643763,263.62272089761575,312.2566619915849,405.96353436185143,0,339,Aedes sticticus,2020.21698113208,"{""type"":""Polygon"",""coordinates"":[[[-87.80284786769307,32.54754975406194],[-87.80918125187,32.545794816481845],[-87.81304409609974,32.54121459099659],[-87.81293010344314,32.53559562274962],[-87.8088843766079,32.53112930002253],[-87.80248491900599,32.52955722604229],[-87.79622697440212,32.53149236345311],[-87.79255064855326,32.53618018466034],[-87.79288996141791,32.54179268989062],[-87.79711322360782,32.54614097444527],[-87.80284786769307,32.54754975406194]]]}"
0000000000000000015a,72.26526315789475,139.81894736842105,34.0,8818.288421052632,291.7778947368422,-112.24315789473685,404.0210526315789,161.04315789473682,-41.42421052631579,186.50947368421055,-41.42421052631579,292.1294736842106,50.0,9.0,52.06631578947369,129.19578947368421,36.0,111.19578947368423,36.0,0,347,Aedes sticticus,2012.97727272727,"{""type"":""Polygon"",""coordinates"":[[[-111.9807492673315,46.66584849105699],[-111.98852866464661,46.66409344859874],[-111.99327303600961,46.659513056173886],[-111.99313250976628,46.65389409398171],[-111.98816320797927,46.649427941751526],[-111.98030350489702,46.64785596269296],[-111.97261757371936,46.649790985843886],[-111.96810192277952,46.65447864443668],[-111.96851817165185,46.660091167625005],[-111.97370529412417,46.6644396254544],[-111.9807492673315,46.66584849105699]]]}"
0000000000000000015b,94.03268765133174,118.0,27.0,10808.74818401937,300.0,-125.9673123486683,425.9673123486683,205.67554479418885,-54.043583535108965,226.136803874092,-54.043583535108965,831.2784503631962,122.0,21.03268765133172,47.0,323.40072639225184,76.03268765133173,322.07627118644064,76.03268765133173,0,348,Aedes sticticus,2015.09756097561,"{""type"":""Polygon"",""coordinates"":[[[-93.670953508411,41.65265062250782],[-93.6780985071884,41.650895622436636],[-93.6824561386588,41.64631529747913],[-93.68232726039832,41.64069633283727],[-93.67776314992814,41.63623011170217],[-93.67054407748768,41.634658094282955],[-93.66348462495267,41.63659316360975],[-93.65933720428193,41.64128088792222],[-93.65971970707943,41.64689340385559],[-93.66448396763629,41.65124179165695],[-93.670953508411,41.65265062250782]]]}"
00000000000000000168,150.0,109.1203703703704,34.0,7614.136243386244,306.8677248677249,-11.898148148148149,318.765873015873,240.3082010582011,108.10185185185186,245.42857142857142,49.101851851851855,1185.2261904761906,130.57142857142858,74.34523809523812,17.0,368.44179894179894,244.9246031746032,365.2354497354498,277.36111111111114,0,361,Aedes sticticus,2016.75,"{""type"":""Polygon"",""coordinates"":[[[-76.54805005418936,36.73904677598737],[-76.55471200877454,36.737291811495396],[-76.55877516120944,36.73271154317146],[-76.55865514324337,36.72709257647611],[-76.55439955607102,36.7226262975006],[-76.54766828774696,36.721054247879344],[-76.54108586283087,36.72298935596863],[-76.53721882099775,36.72767713544732],[-76.53757561964196,36.73328964528796],[-76.54201789786268,36.73763797430664],[-76.54805005418936,36.73904677598737]]]}"
0000000000000000016b,103.0033222591362,147.0,37.0,8333.289036544851,326.56367663344406,-62.99667774086379,389.56035437430785,3.0033222591362123,204.00332225913618,211.89700996677743,-3.9966777408637872,318.1040974529346,40.10299003322258,7.0,38.33001107419712,117.92137320044297,36.0,41.0,108.14839424141749,0,364,Aedes sticticus,2018.86315789474,"{""type"":""Polygon"",""coordinates"":[[[-116.36314932355707,43.71104747349635],[-116.3705350369315,43.709292456884434],[-116.3750394135486,43.704712105598716],[-116.37490611744015,43.69909314191238],[-116.37018826171933,43.69462694766649],[-116.36272610690335,43.693054945217185],[-116.35542894197545,43.694989996524264],[-116.35114180078814,43.69967769519059],[-116.3515371100446,43.70529021395553],[-116.35646182163943,43.709638629084296],[-116.36314932355707,43.71104747349635]]]}"
0000000000000000016f,99.0,104.30418719211822,26.0,10024.077586206897,291.2056650246305,-97.98152709359606,389.18719211822656,223.0,-36.279556650246306,223.0,-36.279556650246306,930.2746305418719,102.0,36.0,28.0,301.4482758620689,142.97536945812809,301.4482758620689,142.97536945812809,0,368,Aedes sticticus,2006.20471281296,"{""type"":""Polygon"",""coordinates"":[[[-87.81944910091505,41.743950716577125],[-87.82660424974645,41.74219571579504],[-87.8309680689563,41.73761538970594],[-87.83083900445145,41.731996425105145],[-87.82626841109617,41.72753020512574],[-87.81903908869369,41.725958188349935],[-87.81196961263318,41.72789325690224],[-87.80781630045622,41.732580980112445],[-87.8081993432975,41.738193496167526],[-87.81297036951766,41.74254188514341],[-87.81944910091505,41.743950716577125]]]}"
00000000000000000170,94.01939393939394,112.96242424242423,31.0,8695.712727272727,278.88363636363636,-83.0,361.88363636363636,5.9806060606060605,181.57212121212123,204.93818181818185,-20.0,1193.8387878787876,120.49939393939393,86.0,9.0,332.9624242424242,265.2448484848485,271.82666666666665,310.08,0,369,Aedes sticticus,2019.46666666667,"{""type"":""Polygon"",""coordinates"":[[[-71.20284981670588,42.10084824669283],[-71.21004509698521,42.099093243112186],[-71.21443338135205,42.094512912568575],[-71.21430358043816,42.08889394812941],[-71.20970735495531,42.084427732699446],[-71.2024375061424,42.082855718456436],[-71.1953283989566,42.08479078395993],[-71.19115179284958,42.08947850283102],[-71.19153697089004,42.09509101936522],[-71.1963347472746,42.09943941296468],[-71.20284981670588,42.10084824669283]]]}"
00000000000000000172,97.20669056152927,109.9952210274791,28.0,9698.763440860215,294.2019115890084,-87.99522102747909,382.19713261648747,218.90083632019113,-18.0,218.90083632019113,-32.0,840.0,93.0,45.0,20.0,260.0,155.0,260.0,160.0,0,371,Aedes sticticus,2019.52941176471,"{""type"":""Polygon"",""coordinates"":[[[-83.65284724017101,41.627751002225374],[-83.65998947893785,41.62599600234773],[-83.66434542783287,41.62141567769827],[-83.66421660021554,41.61579671304524],[-83.65965425257664,41.611330491595524],[-83.65243796731475,41.60975847400116],[-83.64538124038545,41.611693543538784],[-83.64123542173768,41.616381268151336],[-83.64161777768545,41.621993784051575],[-83.6463801985175,41.626342171533196],[-83.65284724017101,41.627751002225374]]]}"
00000000000000000183,129.12626262626262,116.3522727272727,32.86237373737373,8466.62878787879,306.2929292929293,-44.406565656565654,350.6994949494949,236.2714646464646,18.05050505050505,236.2714646464646,18.05050505050505,1056.5252525252524,107.0,70.64520202020202,12.0,301.73611111111114,229.2373737373737,301.73611111111114,229.2373737373737,0,388,Aedes sticticus,2019.16666666667,"{""type"":""Polygon"",""coordinates"":[[[-76.90495204340611,38.93024903365067],[-76.91181486561779,38.92849405390392],[-76.91600047384632,38.92391376129778],[-76.91587677207546,38.918294795482566],[-76.91149288935165,38.91382854130672],[-76.90455877298372,38.91225650549254],[-76.89777798135293,38.914191596961864],[-76.89379434758771,38.91887935278755],[-76.89416183563614,38.9244918652408],[-76.89873800648442,38.9288402194631],[-76.90495204340611,38.93024903365067]]]}"
0000000000000000018d,129.1573033707865,117.99500624219723,33.0,8503.775280898875,308.8189762796504,-46.098626716604244,354.91760299625463,236.876404494382,16.901373283395753,236.876404494382,16.901373283395753,1059.031210986267,105.99250936329588,70.30461922596753,12.0,300.0287141073657,228.8302122347066,300.0287141073657,228.8302122347066,0,398,Aedes sticticus,2016.75,"{""type"":""Polygon"",""coordinates"":[[[-76.91325488956763,38.99664950743753],[-76.92012414650951,38.994894527214015],[-76.92431367756018,38.99031423384898],[-76.92418985776774,38.98469526806128],[-76.91980186514004,38.9802290146605],[-76.91286125062018,38.978656979277844],[-76.9060741043942,38.98059207022774],[-76.90208673564466,38.985279825314166],[-76.90245456611201,38.990892337849075],[-76.90703502615878,38.99524069285907],[-76.91325488956763,38.99664950743753]]]}"
0000000000000000018e,59.50609756097562,130.0,34.0,8151.774390243902,269.7764227642277,-102.4939024390244,372.27032520325207,142.77642276422765,14.506097560975611,164.77642276422765,-45.493902439024396,482.9939024390245,65.0,28.764227642276428,25.23577235772358,154.36585365853662,93.7520325203252,138.0,121.48170731707319,0,399,Aedes sticticus,2008.300048828125,"{""type"":""Polygon"",""coordinates"":[[[-114.2881467802455,48.28434610492098],[-114.29616953603045,48.282591047079464],[-114.30106225901628,48.27801063016986],[-114.30091726005246,48.27239166886759],[-114.29579252598838,48.26792554164385],[-114.28768708133255,48.266353576506425],[-114.27976083690974,48.26828858290003],[-114.27510393133626,48.27297621764221],[-114.2755331206341,48.278588743462564],[-114.28088245170855,48.282937226706146],[-114.2881467802455,48.28434610492098]]]}"
00000000000000000194,127.88010204081633,117.48596938775512,33.0,8483.460459183672,307.20535714285717,-46.28954081632654,353.4948979591837,235.20535714285717,16.274234693877556,235.20535714285717,16.274234693877556,1074.420918367347,106.44770408163268,71.61734693877551,11.95408163265306,301.6938775510205,233.41198979591837,301.6938775510205,233.41198979591837,0,405,Aedes sticticus,2016.75438596491,"{""type"":""Polygon"",""coordinates"":[[[-76.78874786995331,39.05474713506288],[-76.79562277450023,39.052992154421474],[-76.79981574851513,39.048411860391255],[-76.79969182513732,39.04279289462768],[-76.79530022534787,39.03832664190625],[-76.78835390756053,39.03675460690182],[-76.78156118406324,39.03868969739644],[-76.77757053720953,39.04337745183492],[-76.7779386682088,39.048989964441404],[-76.78252289277944,39.05333832014181],[-76.78874786995331,39.05474713506288]]]}"
00000000000000000196,95.0,112.0,29.0,9553.163875598086,289.65789473684214,-89.26674641148325,378.9246411483254,213.88516746411483,-19.0,213.88516746411483,-33.0,847.0,92.0,45.0,20.0,261.0,157.0,261.0,161.0,0,407,Aedes sticticus,2019.33333333333,"{""type"":""Polygon"",""coordinates"":[[[-83.83544742830962,41.627751002225374],[-83.84258966707647,41.62599600234773],[-83.84694561597148,41.62141567769827],[-83.84681678835418,41.61579671304524],[-83.84225444071527,41.611330491595524],[-83.83503815545336,41.60975847400116],[-83.82798142852407,41.611693543538784],[-83.8238356098763,41.61638126815133],[-83.82421796582406,41.621993784051575],[-83.82898038665611,41.62634217153319],[-83.83544742830962,41.627751002225374]]]}"
00000000000000000197,105.0,142.96440489432703,36.96440489432703,8330.538375973303,326.964404894327,-58.8364849833148,385.8008898776418,5.1635150166852055,207.12791991101224,214.0,-1.8364849833147943,320.349276974416,40.31813125695217,8.0,37.29254727474972,117.24694104560623,37.0,42.31813125695217,107.49165739710791,0,408,Aedes sticticus,2018.2972972973,"{""type"":""Polygon"",""coordinates"":[[[-116.25524799626575,43.65294984587099],[-116.26262656132337,43.65119482974129],[-116.26712658018748,43.646614479223146],[-116.26699341530257,43.64099551550895],[-116.26228012522887,43.63652932047914],[-116.25482518899318,43.634957317593404],[-116.2475350831803,43.636892369425816],[-116.24325209116368,43.64158006883983],[-116.24364702014832,43.64719258752223],[-116.24856696697414,43.651541001854305],[-116.25524799626575,43.65294984587099]]]}"
00000000000000000198,139.6511627906977,130.7260981912145,37.19767441860466,7937.749354005168,309.1795865633075,-35.34883720930233,344.5284237726098,50.18346253229975,198.15633074935405,238.79069767441862,33.65116279069768,1353.8436692506464,144.98966408268737,80.00258397932818,16.0,376.7971576227391,266.84883720930236,333.5116279069768,364.6511627906977,0,409,Aedes sticticus,2020.45833333333,"{""type"":""Polygon"",""coordinates"":[[[-84.31684751893859,35.92564877552515],[-84.32344028259162,35.92389381647422],[-84.32746125376303,35.919313556811325],[-84.3273425046038,35.91369458980215],[-84.32313111019191,35.909228301981045],[-84.31646971517347,35.90765624743499],[-84.30995561991107,35.90959136145238],[-84.30612873938466,35.91427914936767],[-84.30648185582875,35.91989165827632],[-84.31087801326042,35.92423997830534],[-84.31684751893859,35.92564877552515]]]}"
0000000000000000019a,96.09796893667863,110.90203106332139,28.902031063321388,9637.111111111111,292.0,-89.0,381.0,216.50657108721626,-18.590203106332137,216.50657108721626,-32.49223416965353,842.7060931899641,92.90203106332139,45.0,20.0,260.8040621266428,156.0,260.8040621266428,160.0,0,411,Aedes sticticus,2018.75438596491,"{""type"":""Polygon"",""coordinates"":[[[-83.71925217305893,41.627751002225374],[-83.72639441182578,41.62599600234773],[-83.73075036072079,41.62141567769827],[-83.73062153310346,41.61579671304524],[-83.72605918546456,41.611330491595524],[-83.71884290020267,41.60975847400116],[-83.71178617327337,41.611693543538784],[-83.70764035462561,41.616381268151336],[-83.70802271057337,41.62199378405157],[-83.71278513140543,41.62634217153318],[-83.71925217305893,41.627751002225374]]]}"
000000000000000001a1,88.0627962085308,121.0,27.623222748815166,10930.451421800948,296.3767772511848,-136.0,432.3767772511848,201.15047393364932,-62.99644549763033,220.15047393364932,-62.99644549763033,836.0639810426542,127.0094786729858,19.0,50.0,335.4407582938389,71.0,334.06398104265406,71.0,0,418,Aedes sticticus,2014.5999755859375,"{""type"":""Polygon"",""coordinates"":[[[-93.63774658286599,42.05104900612794],[-93.64493621968188,42.04929400293969],[-93.64932106365174,42.044713673020624],[-93.6491913662982,42.0390947085588],[-93.64459874531879,42.03462849249097],[-93.63733459550532,42.033056477892856],[-93.63023106142029,42.03499154382381],[-93.6260577310095,42.03967926330327],[-93.6264426087921,42.045291779770295],[-93.63123662345146,42.04964017272149],[-93.63774658286599,42.05104900612794]]]}"
000000000000000001a3,97.04217536071032,145.9289678135405,37.0,8281.481687014428,320.5016648168702,-67.17536071032187,387.67702552719203,-1.4694783573806882,198.6958934517203,205.43618201997776,-9.175360710321865,373.94894561598227,49.46947835738069,8.480577136514984,40.59822419533851,143.3374028856826,40.61154273029966,46.14428412874584,133.3374028856826,0,420,Aedes sticticus,2019.08333333333,"{""type"":""Polygon"",""coordinates"":[[[-116.25524799626575,43.73595155287985],[-116.26263678040205,43.73419653606093],[-116.26714302901487,43.72961618444574],[-116.26700967653503,43.723997220771366],[-116.26228985951138,43.719531026861965],[-116.25482460375089,43.71795902459999],[-116.24752440638123,43.71989407568157],[-116.24323548280023,43.724581774026966],[-116.24363095541263,43.730194292827335],[-116.24855771384838,43.73454270829808],[-116.25524799626575,43.73595155287985]]]}"
000000000000000001a7,125.0203562340967,116.02035623409671,29.0,9656.8893129771,319.0203562340967,-74.97964376590332,394.0,223.8689567430026,-3.979643765903308,245.1870229007634,-3.979643765903308,972.3129770992366,142.23282442748095,28.0,45.0,371.1323155216285,93.0,347.263358778626,93.0,0,424,Aedes sticticus,2021.125,"{""type"":""Polygon"",""coordinates"":[[[-95.19815102820569,39.05474713506288],[-95.2050259327526,39.052992154421474],[-95.2092189067675,39.048411860391255],[-95.20909498338969,39.04279289462768],[-95.20470338360025,39.03832664190625],[-95.19775706581291,39.03675460690182],[-95.19096434231562,39.03868969739644],[-95.1869736954619,39.04337745183492],[-95.18734182646116,39.048989964441404],[-95.19192605103181,39.05333832014181],[-95.19815102820569,39.05474713506288]]]}"
000000000000000001aa,96.0,117.90898203592812,27.0,10721.174850299401,301.0,-121.84431137724552,422.8443113772456,207.0,-50.74371257485029,228.0,-50.74371257485029,834.9413173652695,120.08143712574852,22.257485029940124,46.0,321.08143712574855,79.25748502994011,320.08143712574855,79.25748502994011,0,427,Aedes sticticus,2014.72483221477,"{""type"":""Polygon"",""coordinates"":[[[-93.68755474163298,41.58625014872095],[-93.69469238794727,41.58449514916554],[-93.69904553716137,41.579914825028986],[-93.69891679380996,41.57429586035735],[-93.6943573793915,41.5698296383838],[-93.68714573178866,41.56825762049779],[-93.68009354006567,41.57019269038648],[-93.67595038706519,41.57488041549863],[-93.67633249866535,41.58049293134371],[-93.68109185833154,41.58484131829295],[-93.68755474163298,41.58625014872095]]]}"
000000000000000001ac,97.73508353221958,105.26491646778041,27.0,9982.02028639618,290.2649164677804,-98.3508353221957,388.6157517899761,221.0,-36.94391408114558,221.0,-36.94391408114558,925.7649164677804,103.0,36.0,28.0,301.8579952267303,142.0,301.8579952267303,142.0,0,429,Aedes sticticus,2019.80612244898,"{""type"":""Polygon"",""coordinates"":[[[-87.86924834147995,41.81864957742445],[-87.876411829786,41.816894576059205],[-87.88078073295647,41.81231424904188],[-87.88065151542723,41.80669528447477],[-87.8760755956127,41.80222906544337],[-87.86883785165348,41.800657049195344],[-87.8617601400805,41.80259211711234],[-87.85760198733182,41.80727983941837],[-87.85798547388056,41.81289235557329],[-87.8627620588946,41.817240745512635],[-87.86924834147995,41.81864957742445]]]}"
000000000000000001af,148.3509677419355,115.8658064516129,35.0,7565.046451612903,307.86580645161297,-15.865806451612904,323.7316129032259,243.6941935483871,106.35096774193548,243.6941935483871,48.134193548387096,1206.7909677419357,133.61290322580646,75.0,17.0,373.261935483871,248.0,373.261935483871,281.78322580645164,0,432,Aedes sticticus,2016.88888888889,"{""type"":""Polygon"",""coordinates"":[[[-76.66425422764216,36.62284706163562],[-76.67090612673904,36.621092097927935],[-76.67496314899111,36.61651183085243],[-76.67484331542255,36.61089286411183],[-76.67059415076439,36.60642658386129],[-76.6638730370937,36.604854533530165],[-76.65730054249295,36.60678964247395],[-76.65343933728501,36.61147742316872],[-76.65379560079916,36.61708993287502],[-76.65823117630727,36.6214382605979],[-76.66425422764216,36.62284706163562]]]}"
000000000000000001b5,73.0,123.0,34.0,7854.082730093072,276.88624612202693,-75.94622543950364,352.8324715615306,112.0,27.34436401240952,176.66494312306108,-26.0,441.51499482936924,59.996897621509845,24.88004136504654,28.0,149.99689762150985,86.88004136504652,126.99689762150985,97.01654601861428,0,438,Aedes sticticus,2006.19607843137,"{""type"":""Polygon"",""coordinates"":[[[-114.13044621238932,47.570551044689566],[-114.1383590109556,47.56879599374952],[-114.14318470416382,47.56421558782455],[-114.14304172645369,47.558596626122984],[-114.13798722162838,47.55413048768056],[-114.12999281039251,47.55255851629769],[-114.12217514672894,47.55449353020913],[-114.11758206453639,47.55918117565146],[-114.11800540728403,47.56479370029107],[-114.12328144752101,47.56914217213302],[-114.13044621238932,47.570551044689566]]]}"
000000000000000001bf,125.23027989821882,116.02162849872774,29.0,9654.715012722649,319.0432569974555,-74.97837150127229,394.02162849872775,224.01908396946567,-3.767175572519083,245.20229007633588,-3.767175572519083,972.4312977099237,142.02544529262084,28.0,45.021628498727736,370.8244274809161,93.0,347.16412213740466,93.0,0,448,Aedes sticticus,2020.68571428571,"{""type"":""Polygon"",""coordinates"":[[[-95.18984818204417,39.05474713506288],[-95.19672308659109,39.052992154421474],[-95.20091606060599,39.048411860391255],[-95.20079213722818,39.04279289462768],[-95.19640053743872,39.03832664190625],[-95.1894542196514,39.03675460690182],[-95.18266149615411,39.03868969739644],[-95.17867084930039,39.04337745183492],[-95.17903898029965,39.0489899644414],[-95.1836232048703,39.05333832014182],[-95.18984818204417,39.05474713506288]]]}"
000000000000000001c6,172.29230769230767,127.29230769230767,39.0,7138.13986013986,327.7622377622377,6.937062937062936,320.8251748251748,93.29230769230767,224.55664335664332,261.6447552447553,77.55664335664335,1418.1664335664334,156.0,79.82517482517481,18.0,436.50209790209783,271.3272727272727,327.2097902097902,411.8293706293706,0,455,Aedes sticticus,2019.96153846154,"{""type"":""Polygon"",""coordinates"":[[[-87.43765195051691,32.88784605095565],[-87.44400954465354,32.886091111288614],[-87.4478871481058,32.88151088248133],[-87.44777271145202,32.875891914354625],[-87.44371152154643,32.871425595020376],[-87.43728761529033,32.869853522929155],[-87.43100576215312,32.87178865806613],[-87.42731538383539,32.876476476037396],[-87.42765598506183,32.88208898162526],[-87.43189538492076,32.88643726962798],[-87.43765195051691,32.88784605095565]]]}"
000000000000000001ce,98.0,107.0,27.0,10020.320191158902,292.0,-100.0,392.0,221.93070489844683,-37.069295101553166,221.93070489844683,-37.069295101553166,928.8016726403822,102.82078853046595,36.0,28.721624850657104,302.01194743130225,141.56869772998803,302.01194743130225,141.56869772998803,0,463,Aedes sticticus,2019.65432098765,"{""type"":""Polygon"",""coordinates"":[[[-87.88584957470192,41.75224910363759],[-87.89300564841645,41.75049410279079],[-87.89737003145919,41.74591377659867],[-87.8972409499834,41.74029481200161],[-87.89266976590116,41.73582859212742],[-87.88543950951212,41.73425657541017],[-87.87836912009816,41.73619164389198],[-87.87421527108125,41.740879367001845],[-87.87459836313168,41.74649188306801],[-87.87937000584574,41.75084027215082],[-87.88584957470192,41.75224910363759]]]}"
000000000000000001cf,97.0,106.16167664670657,27.0,10028.126946107786,290.8610778443114,-100.61197604790421,391.47305389221555,220.72694610778444,-38.712574850299404,220.72694610778444,-38.712574850299404,930.2814371257487,103.5005988023952,36.0,28.762874251497013,302.7197604790419,141.86347305389222,302.7197604790419,141.86347305389222,0,464,Aedes sticticus,2004.96784565916,"{""type"":""Polygon"",""coordinates"":[[[-87.89414796176239,41.793749957142005],[-87.9013086667319,41.7919949559713],[-87.90567587310822,41.78741462926362],[-87.90554670665179,41.781795664685276],[-87.90097256456654,41.77732944533763],[-87.89373763133871,41.77575742891353],[-87.88666266840404,41.777692497042466],[-87.88250613121757,41.782380219650115],[-87.88288946967725,41.787992735771745],[-87.88766419941943,41.792341125389676],[-87.89414796176239,41.793749957142005]]]}"
000000000000000001df,97.0,105.82014388489208,26.820143884892083,9992.025179856113,290.0755395683453,-99.93165467625897,390.0071942446043,220.3669064748201,-38.0,220.3669064748201,-38.0,925.6582733812949,103.16187050359711,36.0,28.862110311750598,303.0167865707434,141.3177458033573,303.0167865707434,141.3177458033573,0,480,Aedes sticticus,2006.75656324582,"{""type"":""Polygon"",""coordinates"":[[[-87.89414796176239,41.835246351545386],[-87.90131330724778,41.833491350050394],[-87.90568334260281,41.82891102282654],[-87.90555409099512,41.82329205826691],[-87.90097698499204,41.81882583944643],[-87.89373736557455,41.817253823315845],[-87.88665781997483,41.819188891091486],[-87.8824985892434,41.82387661319634],[-87.88288217460433,41.82948912937348],[-87.88765999754709,41.83383751952718],[-87.89414796176239,41.835246351545386]]]}"
000000000000000001e7,175.0,132.0,40.0,7059.551532033427,331.0,7.434540389972142,323.5654596100278,97.0,227.98467966573813,262.0,80.97353760445681,1387.6545961002785,160.94846796657382,79.56545961002784,21.0,432.94846796657384,263.5654596100278,312.1406685236769,406.0,0,488,Aedes sticticus,2020.62790697674,"{""type"":""Polygon"",""coordinates"":[[[-87.81115071385459,32.53925136700147],[-87.8174835127423,32.53749642947208],[-87.82134600015978,32.532916204067526],[-87.82123201823723,32.52729723581763],[-87.81718666523027,32.52283091300812],[-87.81078779868785,32.52125883898201],[-87.80453043208578,32.52319397644805],[-87.80085444596313,32.52788179773388],[-87.80119372768111,32.533494302955475],[-87.80541659973403,32.53784258742638],[-87.81115071385459,32.53925136700147]]]}"
000000000000000001eb,97.0,104.93023255813952,26.930232558139533,9941.567931456548,289.1811505507956,-98.0,387.18115055079556,220.1799265605875,-36.794369645042835,220.1799265605875,-36.794369645042835,920.483476132191,103.0,36.0,28.930232558139537,301.23133414932676,141.25091799265604,301.23133414932676,141.25091799265604,0,492,Aedes sticticus,1997.63043478261,"{""type"":""Polygon"",""coordinates"":[[[-87.8775467285404,41.86844881798934],[-87.88471579408031,41.86669381623457],[-87.88908809727656,41.86211348859723],[-87.88895877740713,41.856494524052614],[-87.88437929538904,41.852028305654436],[-87.87713591930363,41.850456289758945],[-87.8700527000261,41.852391357251584],[-87.86589131002314,41.85707907895366],[-87.86627509331112,41.86269159517527],[-87.87105539590775,41.86703998575816],[-87.8775467285404,41.86844881798934]]]}"
000000000000000001f2,104.39333333333335,148.0,37.0,8408.775555555556,328.9977777777778,-63.60444444444443,392.6022222222223,2.395555555555555,205.7188888888889,214.0,-4.0,295.14,36.53666666666666,7.0,36.92999999999999,107.73444444444443,35.45777777777778,40.0,99.46888888888888,0,499,Aedes sticticus,2018.69047619048,"{""type"":""Polygon"",""coordinates"":[[[-116.49595027113078,43.694450699375416],[-116.50333394025496,43.69269568290135],[-116.50783707065754,43.688115331835064],[-116.50770381207614,43.68249636814077],[-116.50298726202281,43.67803017367078],[-116.49552717155039,43.6764581710967],[-116.48823202536278,43.67839322255396],[-116.48394607074056,43.683080921434026],[-116.48434127124847,43.68869344017537],[-116.48926462023172,43.69304185507639],[-116.49595027113078,43.694450699375416]]]}"
000000000000000001fe,73.0,150.88379530916845,36.0,8735.303837953092,299.0,-114.48294243070363,413.4829424307036,161.99253731343285,-38.42857142857144,187.05117270788915,-38.42857142857144,308.31236673773986,55.15671641791044,8.0,59.501066098081026,140.3134328358209,26.812366737739875,115.64392324093816,26.812366737739875,0,511,Aedes sticticus,2006.53333333333,"{""type"":""Polygon"",""coordinates"":[[[-111.49935363580357,45.9271493514421],[-111.50702879842719,45.925394315701446],[-111.51170962751999,45.92081393396876],[-111.51157101621212,45.91519497138811],[-111.50666828899642,45.91072880823795],[-111.49891384269165,45.90915682310012],[-111.4913308431625,45.91109185356884],[-111.48687569411716,45.91577952257686],[-111.48728639952606,45.92139204461567],[-111.49240404461156,45.925740491347035],[-111.49935363580357,45.9271493514421]]]}"
00000000000000000202,176.01073825503357,134.01073825503354,36.0,8043.691275167786,355.9114093959732,-11.557046979865772,367.4684563758389,219.43221476510067,68.44295302013424,276.9006711409396,68.44295302013424,866.8362416107382,123.55704697986579,39.0,35.09932885906041,293.53825503355705,131.0,198.19865771812084,131.0,0,515,Aedes sticticus,2020.57142857143,"{""type"":""Polygon"",""coordinates"":[[[-97.59684863518898,33.42734822831101],[-97.603245458101,33.42559328530228],[-97.6071469767824,33.42101305117556],[-97.60703182071994,33.41539408324146],[-97.60294557511516,33.410927769340006],[-97.59648205327086,33.409355700273544],[-97.59016145973662,33.41129083176953],[-97.58644831140201,33.41597864455923],[-97.58679100026092,33.42159115071963],[-97.5910565489221,33.42593944424361],[-97.59684863518898,33.42734822831101]]]}"
00000000000000000203,175.0,132.0,40.0,7066.928969359333,331.0,7.0,324.0,97.0,227.9874651810585,262.0,80.67688022284123,1387.6364902506964,160.6364902506964,80.0,21.0,432.63649025069634,264.0,312.0,406.0,0,516,Aedes sticticus,2020.23076923077,"{""type"":""Polygon"",""coordinates"":[[[-87.81944910091505,32.53925136700148],[-87.82578189980276,32.53749642947208],[-87.82964438722024,32.53291620406752],[-87.82953040529769,32.527297235817635],[-87.82548505229073,32.52283091300813],[-87.81908618574832,32.521258838982],[-87.81282881914625,32.52319397644805],[-87.80915283302359,32.52788179773388],[-87.80949211474157,32.533494302955475],[-87.8137149867945,32.53784258742638],[-87.81944910091505,32.53925136700148]]]}"
00000000000000000209,176.1463748290014,134.14637482900136,36.0,8039.366621067032,355.63748290013683,-11.853625170998633,367.4911080711355,219.49110807113547,68.14637482900136,276.66210670314643,68.14637482900136,870.7948016415869,124.0,39.30232558139535,35.0,295.16963064295487,132.00683994528043,199.4623803009576,132.00683994528043,0,522,Aedes sticticus,2022.43103448276,"{""type"":""Polygon"",""coordinates"":[[[-97.57195347400759,33.41074699508905],[-97.57834907410533,33.408992052183756],[-97.58224984731618,33.4044118182217],[-97.58213471367826,33.39879285028164],[-97.5780492490938,33.394326536212006],[-97.57158696212196,33.392754467051915],[-97.56526757617922,33.3946895986606],[-97.56155513761705,33.39937741161069],[-97.56189776140118,33.40498991775338],[-97.56616249496832,33.409338211106444],[-97.57195347400759,33.41074699508905]]]}"
0000000000000000020d,80.60592255125286,116.68792710706153,26.68792710706151,10990.028473804103,286.6685649202734,-144.37243735763101,431.0410022779045,194.13895216400914,-70.83940774487472,213.91685649202734,-70.83940774487472,870.7425968109341,116.33143507972672,21.01936218678816,47.0,340.33143507972676,79.01936218678817,337.70387243735775,79.01936218678817,0,526,Aedes sticticus,2015.0999755859375,"{""type"":""Polygon"",""coordinates"":[[[-92.40934896556166,42.53244909675689],[-92.41659376074506,42.53069408974956],[-92.4210122306017,42.52611375375157],[-92.42088152101871,42.520494789510344],[-92.41625367017376,42.516028579650964],[-92.40893381927008,42.51445656850926],[-92.40177581460503,42.51639163027963],[-92.39757046803287,42.52107934383766],[-92.39795828044217,42.526691860958486],[-92.40278906160636,42.53104026021932],[-92.40934896556166,42.53244909675689]]]}"
0000000000000000020f,53.53560042507971,133.53241232731136,28.0,11497.36875664187,285.9287991498406,-182.0828905419766,468.01168969181725,171.11158342189162,-100.90754516471839,196.5653560042508,-100.90754516471839,419.2422954303932,79.99681190223167,10.0,64.76408076514346,201.00318809776832,31.0,191.99681190223166,31.0,0,528,Aedes sticticus,2020.53846153846,"{""type"":""Polygon"",""coordinates"":[[[-100.90854718286533,46.80694782569118],[-100.91634696138519,46.80519278192894],[-100.92110375724117,46.80061238742856],[-100.92096285651132,46.794993425311795],[-100.91598053728771,46.790527275201356],[-100.90810025324384,46.78895529732287],[-100.90039419573586,46.79089031905331],[-100.8958667147514,46.795577975624326],[-100.89628404748892,46.80119049903578],[-100.9014847549635,46.80553895901948],[-100.90854718286533,46.80694782569118]]]}"
00000000000000000211,170.36703601108036,126.64681440443216,39.0,7167.682825484766,325.81994459833794,5.081717451523547,320.73822714681444,91.30055401662052,223.2797783933518,260.601108033241,75.3005540166205,1432.886426592798,155.8060941828255,80.8268698060942,17.979224376731306,437.63296398891976,274.48060941828254,333.35318559556794,414.2049861495845,0,530,Aedes sticticus,2022.66666666667,"{""type"":""Polygon"",""coordinates"":[[[-87.39614663791144,32.962549370904036],[-87.40250960162012,32.96079443077673],[-87.40639047854933,32.956214201236754],[-87.40627594342232,32.95059523313659],[-87.4022113239331,32.94612891455063],[-87.3957819951615,32.944556842876025],[-87.38949483930338,32.94649197751149],[-87.38580134426226,32.95117979476908],[-87.3861422312387,32.9567923004358],[-87.3903852103026,32.96114058919901],[-87.39614663791144,32.962549370904036]]]}"
00000000000000000214,127.09859154929576,118.0,33.0,8541.731113956464,308.2061459667093,-47.64660691421255,355.85275288092186,213.74519846350833,15.098591549295776,235.7451984635083,15.098591549295776,1076.9154929577464,105.25480153649167,72.0,11.0,299.25480153649164,234.0,297.8668373879641,234.0,0,533,Aedes sticticus,2011.4000244140625,"{""type"":""Polygon"",""coordinates"":[[[-76.84684549757866,39.112849221789276],[-76.85372606654035,39.111094240729265],[-76.85792249376668,39.10651394603272],[-76.85779846649443,39.10089498029331],[-76.85340324880696,39.096428728252405],[-76.8464512107779,39.09485669362685],[-76.83965289341002,39.09679178366541],[-76.83565895869513,39.10147953745483],[-76.83602739112007,39.107092050132984],[-76.84061539141892,39.11144040652501],[-76.84684549757866,39.112849221789276]]]}"
0000000000000000021b,87.51222493887533,120.72738386308069,27.01955990220049,10945.77750611247,296.2286063569682,-136.67359413202936,432.9022004889976,200.96088019559903,-63.73227383863082,220.0158924205379,-63.73227383863082,836.6369193154034,127.0,19.03911980440098,49.96088019559903,335.77139364303184,71.07823960880197,335.039119804401,71.07823960880197,0,540,Aedes sticticus,2013.949951171875,"{""type"":""Polygon"",""coordinates"":[[[-93.61284696258355,42.05934739318841],[-93.62003753881638,42.05759238993482],[-93.62442295547844,42.053012059911744],[-93.6242932408862,42.04739309545369],[-93.61970001989731,42.04292687949208],[-93.61243492142219,42.0413548649531],[-93.60533045963275,42.043289930812875],[-93.60115658394608,42.04797765019103],[-93.60154151171001,42.05359016666924],[-93.60633615255018,42.05793855972839],[-93.61284696258355,42.05934739318841]]]}"
0000000000000000022a,83.7217496962333,158.50060753341435,39.0,8469.97326852977,298.7995139732685,-104.15917375455652,402.9586877278251,170.57351154313488,-21.0,196.57351154313488,-21.0,364.39125151883354,63.08140947752126,8.309842041312272,58.771567436209,168.08140947752128,26.309842041312276,143.0,26.309842041312276,0,555,Aedes sticticus,2020.5999755859375,"{""type"":""Polygon"",""coordinates"":[[[-104.77635360022008,40.82264692972257],[-104.78340844380348,40.82089193602344],[-104.78771111418274,40.81631162120855],[-104.7875838900482,40.81069265619874],[-104.78307736214138,40.806226424704896],[-104.77594933253891,40.80465440151863],[-104.76897891156463,40.80658947778739],[-104.76488382066434,40.811277211979714],[-104.76526152651572,40.816889726822104],[-104.76996569273687,40.82123810409593],[-104.77635360022008,40.82264692972257]]]}"
0000000000000000022e,130.34910485933503,117.68925831202046,32.99488491048593,8509.754475703325,309.343989769821,-44.18286445012787,353.52685421994886,238.34398976982098,18.34910485933504,238.34398976982098,18.34910485933504,1049.93094629156,106.00511508951404,70.00511508951406,12.0,299.5805626598465,227.0153452685422,299.5805626598465,227.0153452685422,0,559,Aedes sticticus,2010.0625,"{""type"":""Polygon"",""coordinates"":[[[-76.9298472045875,38.96344704099358],[-76.9367132412879,38.96169206100857],[-76.94090080917405,38.95711176802318],[-76.94077704844528,38.95149280222172],[-76.93639111260666,38.9470265484332],[-76.92945375006731,38.94545451283467],[-76.92266978397932,38.947389604044425],[-76.91868428439149,38.95207735950067],[-76.91905194349643,38.95768987199473],[-76.92363025702673,38.962038226610666],[-76.9298472045875,38.96344704099358]]]}"
00000000000000000233,119.89158163265307,127.77040816326533,34.0,8541.525510204083,304.31122448979596,-61.68112244897959,365.99234693877554,207.20280612244898,5.891581632653062,227.77040816326536,5.891581632653062,972.7767857142859,98.0,63.0,14.0,283.1084183673469,194.1211734693878,279.108418367347,194.1211734693878,0,564,Aedes sticticus,2020.05555555556,"{""type"":""Polygon"",""coordinates"":[[[-77.96734624669276,39.0962479885673],[-77.97422519551394,39.09449300762696],[-77.97842063504997,39.08991271312091],[-77.97829663749378,39.08429374737459],[-77.97390245460042,39.07982749513913],[-77.96695205267942,39.07825546040526],[-77.96015533527482,39.0801905505742],[-77.95616234095665,39.084878304549186],[-77.95653068716766,39.09049081720685],[-77.96111760752972,39.09483917340114],[-77.96734624669276,39.0962479885673]]]}"
0000000000000000023a,120.78066914498145,128.3767038413879,30.474597273853785,9965.446096654277,324.7893432465924,-90.4659231722429,415.2552664188353,221.8872366790583,-12.921933085501857,246.18587360594802,-12.921933085501857,865.291201982652,136.99132589838914,20.0,51.0,353.85254027261465,71.0,324.6852540272615,71.0,0,571,Aedes sticticus,2020.92307692308,"{""type"":""Polygon"",""coordinates"":[[[-96.59255205952769,39.10455083472881],[-96.59943181846913,39.10279585372864],[-96.60362775188081,39.098215559127325],[-96.60350373946568,39.09259659338446],[-96.59910903914331,39.08813034124629],[-96.59215781911777,39.08655830656658],[-96.58536030168214,39.08849339667032],[-96.58136683713658,39.09318115055252],[-96.58173522645724,39.09879366322042],[-96.58632268682103,39.1031420195136],[-96.59255205952769,39.10455083472881]]]}"
0000000000000000023f,52.164179104477604,134.0,28.0,11468.589552238804,284.42324093816626,-183.5202558635394,467.9434968017057,169.39232409381663,-101.67697228144988,194.8166311300639,-101.67697228144988,422.10234541577825,80.02025586353943,10.0,64.0,202.02025586353943,31.0,192.04051172707884,31.0,0,576,Aedes sticticus,2022.02173913043,"{""type"":""Polygon"",""coordinates"":[[[-100.9168455699258,46.78204820540874],[-100.92464174060639,46.780293161877104],[-100.92939633710509,46.775712767743784],[-100.92925550266743,46.77009380561368],[-100.92427548776354,46.76562765512837],[-100.91639884691723,46.76405567704118],[-100.90869635212904,46.76599069902284],[-100.90417096527483,46.77067835595141],[-100.90458810615017,46.776290879323405],[-100.90978640883638,46.780639338926115],[-100.9168455699258,46.78204820540874]]]}"
00000000000000000242,93.52720677146313,118.30108827085854,31.004836759371226,8823.493349455866,282.53808948004837,-89.07738814993954,371.6154776299879,2.719467956469165,182.5272067714631,205.85006045949217,-23.280532043530837,1179.1451027811368,119.98428053204353,86.28053204353084,9.0,327.92986698911733,265.54534461910526,271.74244256348254,301.9250302297461,0,579,Aedes sticticus,2019.53571428571,"{""type"":""Polygon"",""coordinates"":[[[-71.33564630517854,42.150651946358764],[-71.3428472437393,42.14889694238511],[-71.34723897753562,42.144316611215885],[-71.3471090727884,42.13869764679943],[-71.3425092333381,42.134231432008384],[-71.33523367056377,42.132659418121094],[-71.32811897564568,42.1345944831964],[-71.32393908524155,42.139282201458116],[-71.32432456432711,42.144894718059604],[-71.32912611231318,42.14924311230839],[-71.33564630517854,42.150651946358764]]]}"
00000000000000000243,98.69601930036188,102.52593486127863,26.0,9957.4246079614,289.06272617611586,-95.60313630880579,384.6658624849216,222.0,-35.062726176115795,222.0,-35.062726176115795,922.524728588661,102.0,36.0,28.0,300.0,143.0,300.0,143.0,0,580,Aedes sticticus,1995.0,"{""type"":""Polygon"",""coordinates"":[[[-87.81115071385459,41.84354919770689],[-87.81831698901571,41.84179419614696],[-87.82268759112512,41.837213868819745],[-87.82255832245824,41.83159490426387],[-87.8179806226672,41.82712868554896],[-87.81074006442387,41.82555666947714],[-87.80365960073829,41.82749173718204],[-87.7994998303851,41.832179459186214],[-87.79988346520986,41.837791975374465],[-87.80466190784091,41.842140365635444],[-87.81115071385459,41.84354919770689]]]}"
00000000000000000244,78.511892450879,146.0,39.0,7744.068252326783,298.9172699069286,-73.25956566701134,372.1768355739399,-14.764219234746635,171.94519131334022,179.100310237849,-19.764219234746637,652.3536711478798,86.1778697001034,27.0,32.76835573940021,244.23061013443638,99.55739400206824,114.5997931747673,228.19338159255423,0,581,Aedes sticticus,2005.5,"{""type"":""Polygon"",""coordinates"":[[[-115.40865198846065,47.66185113875887],[-115.41657861465018,47.660096086946616],[-115.42141273718508,47.65551567963342],[-115.42126950532368,47.649896717982315],[-115.41620616884248,47.645430580957694],[-115.40819779459461,47.64385861036413],[-115.40036647635536,47.64579362332547],[-115.39576536807833,47.65048126741552],[-115.39618944608867,47.65609379220436],[-115.40147470300657,47.660442265487234],[-115.40865198846065,47.66185113875887]]]}"
00000000000000000251,95.85939393939395,109.5187878787879,29.904242424242423,8724.315151515151,280.3757575757576,-79.73575757575759,360.11151515151516,7.476363636363637,183.62303030303033,207.58060606060607,-18.481212121212124,1162.247272727273,117.2787878787879,82.14060606060607,10.0,326.54666666666674,256.6666666666667,261.0824242424243,306.38303030303035,0,594,Aedes sticticus,2019.71875,"{""type"":""Polygon"",""coordinates"":[[[-71.11984810969703,42.233649194266555],[-71.12705850963044,42.231894189636535],[-71.13145601131352,42.2273138574226],[-71.13132593294124,42.221694893044045],[-71.12672005047419,42.217228679319994],[-71.11943493322713,42.215656666026725],[-71.11231089490738,42.217591730387],[-71.1081255127372,42.22227944763104],[-71.1085114952063,42.227891964344884],[-71.11331934979232,42.23224035967805],[-71.11984810969703,42.233649194266555]]]}"
00000000000000000252,98.90820073439411,102.04651162790697,26.0,9934.429620563036,289.0,-95.04528763769889,384.04528763769883,221.54589963280296,-35.0,221.54589963280296,-35.0,920.9498164014689,102.0,36.0,28.0,300.0,143.0,300.0,143.0,0,595,Aedes sticticus,2000.72527472527,"{""type"":""Polygon"",""coordinates"":[[[-87.80284786769307,41.851847584767356],[-87.81001507242215,41.85009258314251],[-87.81438624122016,41.845512255711974],[-87.81425695549603,41.83989329115984],[-87.8096786619859,41.835427072550466],[-87.80243716502564,41.83385505653739],[-87.79535578336072,41.835790124171574],[-87.79119547344834,41.84047784607509],[-87.79157915773115,41.84609036227446],[-87.79635821997861,41.85043875264269],[-87.80284786769307,41.851847584767356]]]}"
00000000000000000255,44.86526315789474,131.31684210526316,27.0,12122.682105263159,283.31684210526316,-197.1421052631579,480.45894736842104,169.36105263157899,-120.09052631578948,193.9063157894737,-120.09052631578948,430.28421052631575,88.14210526315792,7.0,70.85789473684211,211.14210526315793,25.0,209.1421052631579,25.0,0,598,Aedes sticticus,2020.7619047619,"{""type"":""Polygon"",""coordinates"":[[[-99.24854871549692,47.14724858168596],[-99.25639828805356,47.145493534750386],[-99.26118543855961,47.14091313519918],[-99.26104362283081,47.13529417326597],[-99.25602950027084,47.130828028313985],[-99.2480989342881,47.12925605330722],[-99.24034370555907,47.13119107158086],[-99.23578732218346,47.135878723231876],[-99.2362073028681,47.14149124718631],[-99.24144120028053,47.14583971241256],[-99.24854871549692,47.14724858168596]]]}"
00000000000000000257,128.16161616161614,115.95454545454545,33.0,8368.393939393938,303.2285353535354,-44.56439393939393,347.7929292929293,233.16161616161614,17.16161616161616,233.16161616161614,17.16161616161616,1071.3459595959596,109.0,71.0,12.0,306.0454545454545,232.8219696969697,306.0454545454545,232.8219696969697,0,600,Aedes sticticus,2018.0999755859375,"{""type"":""Polygon"",""coordinates"":[[[-76.73065024232797,38.93024903365066],[-76.73751306453966,38.92849405390392],[-76.74169867276818,38.92391376129778],[-76.74157497099733,38.91829479548257],[-76.7371910882735,38.91382854130672],[-76.73025697190559,38.912256505492536],[-76.7234761802748,38.91419159696187],[-76.71949254650957,38.91887935278755],[-76.71986003455801,38.9244918652408],[-76.72443620540628,38.9288402194631],[-76.73065024232797,38.93024903365066]]]}"
0000000000000000025b,92.82888349514562,115.60800970873785,31.0,8752.72208737864,279.08737864077665,-86.99757281553399,366.0849514563106,3.5266990291262132,180.5740291262136,204.3058252427184,-22.473300970873787,1206.4004854368932,122.21844660194175,87.68082524271846,9.0,335.09708737864077,270.8252427184466,276.8992718446602,309.2706310679612,0,604,Aedes sticticus,2019.35714285714,"{""type"":""Polygon"",""coordinates"":[[[-71.32734791811808,42.05934739318841],[-71.33453849435091,42.05759238993482],[-71.33892391101297,42.053012059911744],[-71.33879419642074,42.0473930954537],[-71.33420097543184,42.04292687949208],[-71.32693587695672,42.04135486495311],[-71.31983141516727,42.043289930812875],[-71.3156575394806,42.04797765019103],[-71.31604246724454,42.05359016666924],[-71.32083710808472,42.05793855972839],[-71.32734791811808,42.05934739318841]]]}"
0000000000000000026b,102.00383141762451,128.86079182630908,37.288633461047255,7692.3346104725415,271.31289910600253,-69.29374201787995,340.60664112388247,180.37547892720306,-1.0051085568326947,197.99489144316726,-1.0051085568326947,994.27969348659,102.77266922094509,67.8007662835249,12.513409961685822,287.50446998722856,208.34993614303957,277.1826309067688,208.34993614303957,0,620,Aedes sticticus,2021.699951171875,"{""type"":""Polygon"",""coordinates"":[[[-80.56524527503665,37.42794667503738],[-80.571968046091,37.42619170584625],[-80.57606827438582,37.42161143004226],[-80.57594714114376,37.415992463617975],[-80.57165271005229,37.411526192281926],[-80.56486002554007,37.409954146913925],[-80.55821754124946,37.41188924988346],[-80.55431519900077,37.41657702207591],[-80.55467523413316,37.422189532721404],[-80.55915805092566,37.42653786950399],[-80.56524527503665,37.42794667503738]]]}"
00000000000000000270,73.0,150.834388185654,37.0,8450.441983122362,292.0,-109.83438818565402,401.834388185654,159.09071729957805,-36.0,183.0,-36.0,285.9092827004219,52.0,7.0,60.0,132.0,28.0,115.0,28.0,0,625,Aedes sticticus,2011.28571428571,"{""type"":""Polygon"",""coordinates"":[[[-111.50765202286405,46.3753469756271],[-111.51538993917208,46.37359193583229],[-111.52010902344112,46.36901154764671],[-111.51996925931792,46.3633925853005],[-111.51502645138544,46.358926428740716],[-111.50720863596202,46.35735444727181],[-111.49956366714567,46.35928947332413],[-111.49507209340142,46.36397713604641],[-111.49548613626904,46.36958965877897],[-111.5006456097166,46.37393811220817],[-111.50765202286405,46.3753469756271]]]}"
00000000000000000273,97.0,102.4126040428062,26.0,9904.554102259217,287.81569560047564,-96.41260404280621,384.2282996432819,219.96076099881097,-36.0,219.96076099881097,-36.0,920.3020214030917,102.94887039239002,36.0,28.0,300.8478002378122,142.89892984542215,300.8478002378122,142.89892984542215,0,628,Aedes sticticus,2019.88601036269,"{""type"":""Polygon"",""coordinates"":[[[-87.82775194707658,41.901651284433285],[-87.83492473894569,41.89989628241848],[-87.83929931380794,41.89531595436723],[-87.83916992556118,41.889696989837624],[-87.83458806352056,41.88523077186218],[-87.82734092443158,41.883658756202045],[-87.8202540252805,41.885593823411384],[-87.816090472364,41.89028154471028],[-87.81647445391238,41.895894060976396],[-87.82125724034499,41.90024245198891],[-87.82775194707658,41.901651284433285]]]}"
00000000000000000274,99.0,106.0,27.0,9738.266109785203,296.0,-85.0,381.0,221.07279236276852,-17.0,221.07279236276852,-30.13126491646778,840.2792362768497,92.06205250596662,45.99761336515513,20.0,258.1933174224344,156.99761336515516,258.1933174224344,161.08591885441527,0,629,Aedes sticticus,2019.375,"{""type"":""Polygon"",""coordinates"":[[[-83.47025151113345,41.6692518557298],[-83.47739835201834,41.66749685552951],[-83.48175710648603,41.662916530366466],[-83.48162819442479,41.65729756573208],[-83.47706290739221,41.65283134480687],[-83.4698419747118,41.65125932750452],[-83.46278070303224,41.65319439669064],[-83.45863221312699,41.657882120802924],[-83.45901481393592,41.6634946367584],[-83.46378030237601,41.66784302477308],[-83.47025151113345,41.6692518557298]]]}"
00000000000000000277,98.94698795180723,102.27831325301204,26.0,9944.259036144578,289.0,-95.09036144578313,384.0903614457832,222.00722891566267,-35.0,222.00722891566267,-35.0,921.8831325301204,102.0,36.0,28.0,300.0,143.0,300.0,143.0,0,632,Aedes sticticus,1994.97142857143,"{""type"":""Polygon"",""coordinates"":[[[-87.80284786769307,41.84354919770689],[-87.8100141428542,41.841794196146964],[-87.8143847449636,41.83721386881975],[-87.81425547629672,41.83159490426387],[-87.8096777765057,41.82712868554896],[-87.80243721826234,41.82555666947714],[-87.79535675457677,41.82749173718204],[-87.79119698422357,41.832179459186214],[-87.79158061904835,41.837791975374465],[-87.7963590616794,41.84214036563545],[-87.80284786769307,41.84354919770689]]]}"
0000000000000000027c,71.79831932773108,145.0,37.741596638655466,8072.399159663865,291.6922268907563,-89.56617647058823,381.2584033613445,153.79831932773106,28.79831932773109,176.79831932773106,-31.201680672268907,320.4957983193277,44.0,19.0,28.79831932773109,108.20168067226889,60.201680672268914,93.20168067226892,74.890756302521,0,637,Aedes sticticus,2006.66666666667,"{""type"":""Polygon"",""coordinates"":[[[-114.055747351542,46.649251716936064],[-114.06352436161882,46.647496674630744],[-114.06826727770742,46.64291628244931],[-114.06812679532628,46.637297320248294],[-114.06315901826412,46.6328311677695],[-114.05530172581956,46.63125918857253],[-114.0476181520288,46.63319421189006],[-114.04310388673507,46.637881870719966],[-114.04352000865367,46.64349439388212],[-114.04870553992191,46.647842851458854],[-114.055747351542,46.649251716936064]]]}"
0000000000000000027e,100.3547215496368,108.35472154963679,26.0,10469.140435835354,297.97094430992735,-107.76029055690073,405.731234866828,228.73486682808712,-42.0,228.73486682808712,-42.0,880.7058111380146,108.0,29.0,36.0,312.0,111.0,312.0,111.0,0,639,Aedes sticticus,2014.27272727273,"{""type"":""Polygon"",""coordinates"":[[[-90.63314632474045,41.494950054651646],[-90.64027390176246,41.49319505580368],[-90.64462091246693,41.48861473279319],[-90.64449235387241,41.4829957680807],[-90.63993937075757,41.478529544957084],[-90.63273789156948,41.4769575264308],[-90.62569564362587,41.4788925970902],[-90.62155833525462,41.483580323299265],[-90.62193991110209,41.489192839023204],[-90.62669255893371,41.49354122480365],[-90.63314632474045,41.494950054651646]]]}"
00000000000000000281,175.82216142270858,133.73050615595074,36.0,8021.032831737346,354.86867305061554,-12.0,366.8686730506155,218.8221614227086,68.0,275.8686730506156,68.0,869.9220246238028,124.0,39.0,35.269493844049244,294.8495212038303,131.0,199.80300957592334,131.0,0,642,Aedes sticticus,2022.61904761905,"{""type"":""Polygon"",""coordinates"":[[[-97.60514702224945,33.41074699508905],[-97.61154262234716,33.408992052183756],[-97.61544339555802,33.4044118182217],[-97.6153282619201,33.39879285028164],[-97.61124279733565,33.394326536212006],[-97.60478051036381,33.392754467051915],[-97.59846112442106,33.394689598660605],[-97.59474868585889,33.3993774116107],[-97.59509130964302,33.40498991775338],[-97.59935604321018,33.40933821110645],[-97.60514702224945,33.41074699508905]]]}"
00000000000000000283,94.13445378151262,117.87515006002401,27.006002400960387,10706.396158463385,300.01200480192074,-123.20288115246096,423.21488595438177,205.01440576230493,-51.871548619447786,226.0120048019208,-51.871548619447786,867.7875150060025,119.60744297719089,26.756302521008404,41.99759903961586,326.28931572629057,92.68907563025209,321.5474189675871,92.68907563025209,0,644,Aedes sticticus,2016.69047619048,"{""type"":""Polygon"",""coordinates"":[[[-93.47174762794936,41.56134606933746],[-93.47888252302793,41.55959106997522],[-93.48323399501551,41.55501074614614],[-93.48310530214559,41.54939178146335],[-93.47854764495403,41.54492555917576],[-93.47133877566962,41.543353541114925],[-93.4642893008879,41.54528861121406],[-93.46014774481716,41.549976336625726],[-93.4605297100338,41.55558885243773],[-93.4652872358237,41.559937239067835],[-93.47174762794936,41.56134606933746]]]}"
00000000000000000284,62.0,139.0,29.0,11325.090062111798,299.0,-173.0,472.0,176.09937888198755,-91.0,202.09937888198755,-91.0,286.2629399585921,58.0,7.0,70.88302277432712,149.0,24.116977225672873,134.0,24.116977225672873,0,645,Aedes sticticus,2007.28571428571,"{""type"":""Polygon"",""coordinates"":[[[-106.64385187600952,48.1847476237912],[-106.65185903110032,48.182992566924185],[-106.65674224395165,48.17841215156563],[-106.65659753179676,48.172793190206974],[-106.65148276182532,48.16832706139915],[-106.64339307049741,48.16675509537987],[-106.6354822314232,48.16869010283499],[-106.63083438108744,48.17337773908804],[-106.63126274091461,48.178990264741664],[-106.63660167353447,48.18333874637533],[-106.64385187600952,48.1847476237912]]]}"
00000000000000000289,181.0,142.0,43.02542372881355,6764.413841807908,335.2104519774011,12.025423728813559,323.18502824858757,106.0,230.0098870056497,263.6398305084746,90.0,1499.5593220338983,172.0,78.46045197740112,20.0,458.0,280.24999999999994,356.0889830508474,437.0,0,650,Aedes sticticus,2021.13513513514,"{""type"":""Polygon"",""coordinates"":[[[-88.19294786425273,31.833750234729475],[-88.1992317757197,31.83199530147607],[-88.20306445972636,31.827415082878208],[-88.20295137441899,31.821796114381915],[-88.19893724613718,31.81732978462066],[-88.19258774893456,31.815757706724032],[-88.18637866100535,31.8176928488491],[-88.18273105117417,31.82238067676522],[-88.18306773133959,31.82799318125414],[-88.18725801646639,31.8323414586601],[-88.19294786425273,31.833750234729475]]]}"
0000000000000000028a,96.0,112.0,29.0,9591.311057108142,291.0,-89.044957472661,380.04495747266105,215.9258809234508,-18.044957472660993,215.9258809234508,-32.044957472661,843.2430133657351,92.0,44.0,21.0,261.6245443499393,155.57351154313488,261.6245443499393,158.57351154313488,0,651,Aedes sticticus,2018.89189189189,"{""type"":""Polygon"",""coordinates"":[[[-83.76905141362381,41.53645090815607],[-83.77618356191714,41.53469590898678],[-83.78053335939107,41.53011558546482],[-83.78040471692077,41.52449662077089],[-83.77584881411366,41.52003039816964],[-83.76864271865382,41.518458379934174],[-83.76159595641879,41.52039345024351],[-83.7574559946946,41.52508117595435],[-83.75783781376424,41.53069369173332],[-83.76259350864416,41.535042078044626],[-83.76905141362381,41.53645090815607]]]}"
00000000000000000291,97.931654676259,107.82254196642687,27.0,10037.019184652278,292.49640287769785,-100.69904076738608,393.19544364508397,222.0,-37.38369304556355,222.0,-37.38369304556355,927.7721822541965,103.0,35.069544364508396,29.0,302.0,139.5,302.0,139.5,0,658,Aedes sticticus,1997.58550724638,"{""type"":""Polygon"",""coordinates"":[[[-87.9024508079239,41.735647870415605],[-87.90960503176461,41.73389286969825],[-87.91396828707596,41.72931254371219],[-87.91383923954398,41.72369357910766],[-87.90926923698439,41.71922735902302],[-87.90204084867715,41.71765534218863],[-87.89497228607637,41.71959041081145],[-87.89081951080182,41.72427813412203],[-87.89120250442818,41.72989065016603],[-87.89597291408268,41.73423903903497],[-87.9024508079239,41.735647870415605]]]}"
00000000000000000293,97.0,113.76247030878858,31.0,8724.940617577196,283.12826603325414,-81.0,364.1282660332541,8.0,184.5023752969121,208.11163895486936,-18.0,1154.7814726840854,116.38836104513062,83.0,9.38836104513064,323.3883610451306,256.0,262.0,302.0,0,660,Aedes sticticus,2019.51351351351,"{""type"":""Polygon"",""coordinates"":[[[-71.17795019642344,42.17554710754016],[-71.18515396874378,42.173792103369806],[-71.18954743007028,42.16921177188751],[-71.18941747332124,42.16359280748241],[-71.18481582393723,42.15912659301112],[-71.17753739951851,42.157554579301845],[-71.17041990617363,42.15948964416288],[-71.16623837094,42.16417736211962],[-71.16662400079346,42.16978987875477],[-71.17142743765874,42.17413827332852],[-71.17795019642344,42.17554710754016]]]}"
00000000000000000296,95.89473684210525,111.07466340269278,29.0,9569.167686658508,290.0,-89.01223990208078,379.01223990208075,214.9877600979192,-18.487148102815176,214.9877600979192,-32.487148102815176,845.9718482252142,93.0,44.0,21.0,262.82374541003674,156.0,262.82374541003674,160.0,0,663,Aedes sticticus,2018.80459770115,"{""type"":""Polygon"",""coordinates"":[[[-83.79395103390625,41.57794730255944],[-83.80108776259219,41.57619230306845],[-83.80544035239565,41.57161197903443],[-83.80531162588152,41.56599301435908],[-83.8007527975565,41.561526792280794],[-83.79354207661494,41.55995477433649],[-83.78649079108193,41.56188984429536],[-83.78234817071048,41.566577569507395],[-83.7827302334869,41.57219008534144],[-83.78748898149455,41.576538472184254],[-83.79395103390625,41.57794730255944]]]}"
0000000000000000029c,63.0,127.99897645854657,34.3899692937564,8040.885363357215,270.7461617195496,-95.24769703172979,365.9938587512794,145.45138178096215,18.001023541453428,167.45240532241553,-40.37359263050154,478.55373592630497,65.0,29.0,25.764585465711363,155.49027635619242,92.65916069600819,138.0,116.16786079836234,0,669,Aedes sticticus,2006.03225806452,"{""type"":""Polygon"",""coordinates"":[[[-114.27984839318502,48.1847476237912],[-114.28785554827581,48.182992566924185],[-114.29273876112715,48.178412151565624],[-114.29259404897225,48.172793190206974],[-114.28747927900082,48.16832706139914],[-114.2793895876729,48.16675509537986],[-114.27147874859871,48.16869010283498],[-114.26683089826294,48.17337773908804],[-114.26725925809009,48.178990264741664],[-114.27259819070997,48.18333874637533],[-114.27984839318502,48.1847476237912]]]}"
000000000000000002a1,88.29940828402368,121.0,27.70059171597633,10920.977514792903,296.2994082840237,-136.0,432.2994082840237,201.28994082840237,-62.70059171597634,220.29940828402366,-62.70059171597634,837.003550295858,127.55739644970414,19.0,50.0,335.5573964497042,71.0,334.12662721893497,71.0,0,674,Aedes sticticus,2014.07407407407,"{""type"":""Polygon"",""coordinates"":[[[-93.66265066224948,42.05104900612794],[-93.66984029906537,42.04929400293969],[-93.67422514303523,42.044713673020624],[-93.67409544568169,42.03909470855879],[-93.66950282470229,42.034628492490974],[-93.66223867488881,42.03305647789285],[-93.65513514080378,42.03499154382381],[-93.65096181039299,42.03967926330327],[-93.6513466881756,42.045291779770295],[-93.65614070283495,42.04964017272149],[-93.66265066224948,42.05104900612794]]]}"
000000000000000002a4,180.992927864215,142.0,43.458274398868454,6754.107496463932,335.00707213578505,12.458274398868461,322.5487977369165,105.99292786421498,230.16548797736917,263.7581329561528,90.0,1500.4879773691655,172.00707213578502,78.24186704384725,20.0,458.01414427157005,280.2560113154173,356.93917963224897,437.01414427157005,0,677,Aedes sticticus,2020.67741935484,"{""type"":""Polygon"",""coordinates"":[[[-88.19294786425273,31.825447388567955],[-88.19923121052757,31.823692455364476],[-88.20306354997447,31.819112236846102],[-88.20295047503339,31.813493268346935],[-88.1989367077435,31.809026938504505],[-88.19258778130384,31.80745486056269],[-88.18637925152831,31.809390002742152],[-88.18273196975811,31.8140778307357],[-88.18306861984718,31.819690335216055],[-88.18725852823371,31.82403861253952],[-88.19294786425273,31.825447388567955]]]}"
000000000000000002ab,192.5149359886202,135.0,45.0,6286.112375533428,335.0,35.0,300.0,140.49786628733997,198.87766714082508,269.0,108.3371266002845,1335.00426742532,150.0,57.52347083926032,23.0,396.24466571834995,226.63726884779518,396.24466571834995,367.12233285917495,0,684,Aedes sticticus,2018.83333333333,"{""type"":""Polygon"",""coordinates"":[[[-84.45794685357278,31.21124635036526],[-84.46418903186638,31.209491420830847],[-84.46799627398212,31.204911208153046],[-84.46788395413941,31.199292239442467],[-84.4638964811012,31.194825903634992],[-84.45758912836334,31.193253822372043],[-84.45142125384767,31.19518896854924],[-84.44779786768073,31.19987680223198],[-84.44813232707266,31.205489306083635],[-84.45229479413115,31.20983757734495],[-84.45794685357278,31.21124635036526]]]}"
000000000000000002ad,126.23959646910465,117.0,32.3139974779319,8520.440100882723,306.2799495586381,-48.65069356872636,354.9306431273644,212.33039092055486,13.914249684741488,234.24464060529635,13.914249684741488,1082.7906683480455,106.43505674653217,72.0,11.0,302.39470365699873,234.0,299.9596469104666,234.0,0,686,Aedes sticticus,2018.5999755859375,"{""type"":""Polygon"",""coordinates"":[[[-76.88005242312367,39.087949601506836],[-76.88693056259459,39.08619462062631],[-76.89112550872441,39.08161432621546],[-76.891001526013,39.075995360465676],[-76.88660786005684,39.071529108133],[-76.87965827546283,39.069957073345],[-76.87286235732888,39.07189216357909],[-76.86886983279116,39.076579917646804],[-76.86923813593349,39.08219243029422],[-76.87382451680706,39.08654078638971],[-76.88005242312367,39.087949601506836]]]}"
000000000000000002ae,97.0,105.19634146341464,27.0,9941.84268292683,289.20731707317077,-98.33414634146344,387.5414634146342,220.0,-37.054878048780495,220.0,-37.054878048780495,921.0085365853658,103.0,36.0,29.0,301.7109756097561,141.01097560975612,301.7109756097561,141.01097560975612,0,687,Aedes sticticus,2019.67231638418,"{""type"":""Polygon"",""coordinates"":[[[-87.88584957470192,41.86844881798934],[-87.89301864024183,41.86669381623457],[-87.89739094343808,41.86211348859723],[-87.89726162356865,41.85649452405261],[-87.89268214155057,41.852028305654436],[-87.88543876546515,41.850456289758945],[-87.87835554618762,41.852391357251584],[-87.87419415618467,41.85707907895366],[-87.87457793947264,41.86269159517527],[-87.87935824206927,41.86703998575816],[-87.88584957470192,41.86844881798934]]]}"
000000000000000002b6,92.76099881093934,120.86325802615933,32.0,8873.627824019024,283.667063020214,-91.71700356718192,375.384066587396,42.227110582639725,182.4387633769322,205.667063020214,-24.57193816884661,1174.1355529131986,119.78834720570748,86.46611177170034,9.0,325.0273483947681,266.39952437574317,272.3995243757431,298.2390011890606,0,695,Aedes sticticus,2019.77777777778,"{""type"":""Polygon"",""coordinates"":[[[-71.393752851006,42.15894587431818],[-71.40095473324702,42.15719087027901],[-71.40534704233426,42.15261053900552],[-71.40521712026977,42.14699157459284],[-71.40061667808706,42.1425253599083],[-71.39334016234642,42.140953346080295],[-71.38622453551432,42.14288841108424],[-71.38204409735972,42.14757612924437],[-71.38242962665308,42.15318864585707],[-71.38723180366146,42.157537040214095],[-71.393752851006,42.15894587431818]]]}"
000000000000000002bb,61.214067278287466,129.0,34.374108053007134,8081.516819571866,270.5310907237513,-98.12538226299694,368.65647298674827,143.6452599388379,16.294597349643222,165.6452599388379,-42.78287461773701,478.02650356778804,64.6921508664628,28.73394495412844,25.84301732925587,154.66156982670745,92.43934760448523,137.6921508664628,117.58817533129461,0,700,Aedes sticticus,2006.63157894737,"{""type"":""Polygon"",""coordinates"":[[[-114.30474801346747,48.21795009023516],[-114.31276035981948,48.216195033043704],[-114.31764673724852,48.211614617168756],[-114.31750192965683,48.20599565582887],[-114.31238384405005,48.20152952754844],[-114.30428891066863,48.19995756182275],[-114.29637294533406,48.201892568924464],[-114.29172208179226,48.206580204674495],[-114.29215071763404,48.21219273038364],[-114.29749311042744,48.21654121255329],[-114.30474801346747,48.21795009023516]]]}"
000000000000000002bc,119.03526448362722,126.69521410579344,34.0,8545.37531486146,302.82619647355165,-62.7632241813602,365.5894206549118,206.5277078085642,5.005037783375314,226.7770780856423,5.005037783375314,978.4571788413099,98.67506297229217,63.2896725440806,14.0,284.9596977329975,194.98488664987406,280.57430730478586,194.98488664987406,0,701,Aedes sticticus,2019.050048828125,"{""type"":""Polygon"",""coordinates"":[[[-77.96734624669276,39.087949601506836],[-77.97422438616367,39.0861946206263],[-77.9784193322935,39.08161432621545],[-77.97829534958208,39.07599536046567],[-77.97390168362593,39.07152910813299],[-77.9669520990319,39.069957073345],[-77.96015618089797,39.07189216357908],[-77.95616365636025,39.076579917646804],[-77.95653195950257,39.08219243029422],[-77.96111834037615,39.08654078638971],[-77.96734624669276,39.087949601506836]]]}"
000000000000000002bf,128.51785714285714,118.0,33.0,8514.207908163266,308.015306122449,-46.732142857142854,354.74744897959187,236.2691326530612,16.25637755102041,236.2691326530612,16.25637755102041,1062.1568877551022,105.26913265306123,70.21556122448979,12.0,299.26913265306126,228.94642857142856,299.26913265306126,228.94642857142856,0,704,Aedes sticticus,2014.5,"{""type"":""Polygon"",""coordinates"":[[[-76.91325488956763,39.01324628155846],[-76.92012575819558,39.011491301215635],[-76.9243162717827,39.00691100766069],[-76.92419242242966,39.00129204187988],[-76.91980340040764,38.99682578867306],[-76.91286115831691,38.99525375339838],[-76.90607242047624,38.9971888442183],[-76.90208411623726,39.00187659911973],[-76.90245203246903,39.00748911167508],[-76.90703356681739,39.011837466882184],[-76.91325488956763,39.01324628155846]]]}"
000000000000000002c7,52.4555785123967,156.0,32.0,11042.554752066117,294.85330578512395,-184.62293388429754,479.4762396694215,165.4555785123967,-96.65805785123966,189.0,-96.65805785123966,299.54338842975204,59.0,8.0,65.45867768595042,152.88636363636365,28.0,132.0,28.0,0,712,Aedes sticticus,2013.125,"{""type"":""Polygon"",""coordinates"":[[[-107.7311456995786,48.39225189131331],[-107.7391854535077,48.39049683241173],[-107.74408853849837,48.385916413814876],[-107.74394322702149,48.38029745257395],[-107.73880763632306,48.375831327073406],[-107.73068502723879,48.37425936289529],[-107.72274199753619,48.37619436813414],[-107.71807522559276,48.38088200123277],[-107.71850531864843,48.386494527234476],[-107.72386597962121,48.390843012229354],[-107.7311456995786,48.39225189131331]]]}"
000000000000000002d3,95.0,117.74142156862746,27.0,10767.140931372547,301.0,-124.0294117647059,425.0294117647059,205.9607843137255,-52.564950980392176,226.70220588235298,-52.564950980392176,837.310049019608,121.0,22.012254901960787,46.0,322.76960784313724,79.01225490196079,321.26348039215685,79.01225490196079,0,724,Aedes sticticus,2013.79487179487,"{""type"":""Polygon"",""coordinates"":[[[-93.61284696258355,41.61944815606387],[-93.61998828179115,41.61769315625072],[-93.62434367009848,41.61311283170393],[-93.62421485935401,41.60749386704717],[-93.61965309904178,41.6030276454926],[-93.61243774239088,41.601455627839854],[-93.60538192355817,41.60339069744776],[-93.6012366386602,41.608078422160304],[-93.60161894568164,41.61369093804951],[-93.60638075356817,41.618039325424554],[-93.61284696258355,41.61944815606387]]]}"
000000000000000002d7,130.5376756066411,115.57982120051086,33.0,8340.498084291186,304.0166028097063,-41.54916985951469,345.56577266922096,234.9974457215837,19.776500638569605,234.9974457215837,19.776500638569605,1052.9220945083014,108.0,70.04853128991061,12.0,303.23754789272033,229.1455938697318,303.23754789272033,229.1455938697318,0,728,Aedes sticticus,2012.66666666667,"{""type"":""Polygon"",""coordinates"":[[[-76.75554540350936,38.82234770635939],[-76.76239781450636,38.82059272738549],[-76.76657707571611,38.81601243600956],[-76.76645356489904,38.81039347014974],[-76.76207633188596,38.80592721471747],[-76.75515272935047,38.8043551782038],[-76.74838221928111,38.80629027051513],[-76.74440462861689,38.81097802753913],[-76.74477156263904,38.816590539860044],[-76.74934079368194,38.82093889280545],[-76.75554540350936,38.82234770635939]]]}"
000000000000000002e0,84.2757871878393,154.46471226927252,36.0,9057.99022801303,312.20304017372416,-111.71118349619977,423.91422366992396,129.76764386536374,-31.52660152008686,202.89902280130295,-31.52660152008686,369.1324647122692,68.0542888165038,13.0,50.40065146579805,162.10857763300757,47.33116178067318,105.72747014115093,47.33116178067318,0,737,Aedes sticticus,2006.33333333333,"{""type"":""Polygon"",""coordinates"":[[[-108.76864474168386,45.68644707657709],[-108.77628681296409,45.684692042986754],[-108.7809474692377,45.680111664676666],[-108.7808094657656,45.674492701971694],[-108.77592787397593,45.670026535325995],[-108.76820684366052,45.66845454824217],[-108.76065652195322,45.67038958105335],[-108.75622058042632,45.675077253395315],[-108.75662952585098,45.68068977506614],[-108.7617251139068,45.68503821824499],[-108.76864474168386,45.68644707657709]]]}"
000000000000000002e3,118.0746835443038,127.34936708860758,34.0,8527.879746835442,301.8481012658228,-64.2,366.0481012658228,204.9632911392405,4.283544303797468,225.78860759493674,4.283544303797468,975.5468354430378,98.14303797468355,63.0,14.0,285.1430379746835,192.5620253164557,280.9518987341772,192.5620253164557,0,740,Aedes sticticus,2019.0612244898,"{""type"":""Polygon"",""coordinates"":[[[-78.04205402574219,39.04644874800242],[-78.04892812261106,39.044693767420746],[-78.05312060423913,39.04011347348561],[-78.05299669567535,39.034494507718584],[-78.04860561175506,39.03002825490005],[-78.04166010960611,39.02845621984156],[-78.03486818372821,39.03039131040126],[-78.03087800568433,39.035079064932354],[-78.03124609370381,39.04069157752859],[-78.03582977990057,39.04503993313032],[-78.04205402574219,39.04644874800242]]]}"
000000000000000002e6,193.0,135.0,45.0,6241.321428571428,335.5971428571428,35.975714285714275,299.6214285714285,185.59714285714279,199.48285714285709,269.44285714285706,109.78999999999998,1335.6428571428569,150.0,58.0,23.0,396.44999999999993,228.0,396.4257142857142,367.02428571428567,0,743,Aedes sticticus,2019.53333333333,"{""type"":""Polygon"",""coordinates"":[[[-84.48285093295627,31.194649576244345],[-84.48909201623293,31.1928946468084],[-84.4928985907917,31.188314434287363],[-84.49278629103455,31.182695465571122],[-84.48879951739042,31.17822912960354],[-84.48249327045967,31.176657048251453],[-84.4763264773218,31.178592194535955],[-84.47270372674804,31.18328002837138],[-84.47303812787108,31.18889253220616],[-84.47719986502511,31.19324080330477],[-84.48285093295627,31.194649576244345]]]}"
000000000000000002e8,98.59856630824373,106.26881720430107,27.0,10027.749103942653,291.7968936678614,-99.40143369175627,391.1983273596177,222.0,-37.132616487455195,222.0,-37.132616487455195,928.0334528076463,102.22819593787337,36.0,28.1326164874552,300.97132616487454,142.0,300.97132616487454,142.0,0,745,Aedes sticticus,1998.32283464567,"{""type"":""Polygon"",""coordinates"":[[[-87.86924834147995,41.75224910363759],[-87.87640441519447,41.75049410279078],[-87.88076879823721,41.74591377659866],[-87.88063971676142,41.74029481200162],[-87.87606853267918,41.73582859212742],[-87.86883827629015,41.73425657541017],[-87.86176788687618,41.73619164389198],[-87.85761403785928,41.740879367001845],[-87.8579971299097,41.746491883068],[-87.86276877262377,41.75084027215081],[-87.86924834147995,41.75224910363759]]]}"
000000000000000002f4,128.0,117.15306122448978,33.0,8483.60969387755,307.02040816326524,-45.82270408163265,352.8431122448979,235.07142857142853,16.49107142857143,235.07142857142853,16.49107142857143,1076.332908163265,106.81377551020407,71.84821428571428,12.0,302.66964285714283,233.8456632653061,302.66964285714283,233.8456632653061,0,757,Aedes sticticus,2013.2380952381,"{""type"":""Polygon"",""coordinates"":[[[-76.78044948289285,39.05474713506288],[-76.78732438743977,39.052992154421474],[-76.79151736145465,39.048411860391255],[-76.79139343807684,39.04279289462768],[-76.78700183828741,39.03832664190625],[-76.78005552050007,39.03675460690182],[-76.77326279700277,39.03868969739644],[-76.76927215014906,39.04337745183492],[-76.76964028114833,39.048989964441404],[-76.77422450571898,39.05333832014182],[-76.78044948289285,39.05474713506288]]]}"
000000000000000002f9,60.15030674846626,129.8967280163599,34.0,8157.191206543967,270.3036809815951,-101.84969325153374,372.15337423312883,143.40695296523518,14.806748466257666,165.40695296523518,-45.19325153374233,483.01226993865026,65.0,29.0,25.0,154.52965235173826,93.59304703476482,138.0,120.88957055214723,0,762,Aedes sticticus,2006.27272727273,"{""type"":""Polygon"",""coordinates"":[[[-114.27984839318502,48.27605217696156],[-114.28786984659773,48.27429711920134],[-114.29276177566184,48.26971670242113],[-114.29261680064177,48.26409774111416],[-114.28749289839682,48.25963161375827],[-114.27938876885464,48.25805964854728],[-114.27146381049562,48.25999465502944],[-114.26680766086862,48.26468228989765],[-114.26723678092131,48.270294815704105],[-114.27258524391556,48.27464329881337],[-114.27984839318502,48.27605217696156]]]}"
000000000000000002fa,106.65410199556541,138.68403547671844,36.0,8375.29822616408,328.01219512195115,-55.01995565410199,383.0321507760532,7.980044345898005,210.43348115299335,216.53104212860308,-0.019955654101995565,333.44678492239467,42.22283813747228,8.0,39.01995565410199,123.40022172949001,37.126385809312644,43.0,112.40022172949001,0,763,Aedes sticticus,2018.52459016393,"{""type"":""Polygon"",""coordinates"":[[[-116.1307543539546,43.57824652592263],[-116.13812375896725,43.57649151041161],[-116.14261819368741,43.571911160878216],[-116.14248519695306,43.56629219712827],[-116.13777775742278,43.56182600109271],[-116.13033207127424,43.56025399764707],[-116.1230510112052,43.562189050153464],[-116.11877333604747,43.566876750526724],[-116.11916777773855,43.57248926910323],[-116.12408161885952,43.576837682413164],[-116.1307543539546,43.57824652592263]]]}"
000000000000000002fc,94.33491124260355,114.92426035502959,31.0,8759.630769230771,280.97988165680476,-85.00355029585802,365.9834319526627,4.996449704142012,182.2390532544379,205.95976331360944,-21.003550295857988,1183.4591715976333,119.9242603550296,85.77514792899409,9.0,329.94437869822485,264.1147928994083,270.64023668639055,306.003550295858,0,765,Aedes sticticus,2019.4358974359,"{""type"":""Polygon"",""coordinates"":[[[-71.25264905727076,42.13404625403573],[-71.25984810763791,42.132291250193184],[-71.26423869034441,42.12771091923266],[-71.26410882024696,42.12209195480864],[-71.2595101867936,42.11762573980444],[-71.25223653079333,42.116053725798494],[-71.24512370052608,42.11798879101664],[-71.24094490610645,42.12267650948164],[-71.24133028473207,42.12828902606067],[-71.24613057411807,42.13263742009284],[-71.25264905727076,42.13404625403573]]]}"
00000000000000000300,96.0,112.0,29.0,9583.801944106926,290.0,-90.1652490886999,380.16524908869997,194.9489671931956,-18.68894289185905,214.99635479951397,-33.0,849.0,92.0,44.0,21.0,265.0,156.0,264.0,158.0,0,769,Aedes sticticus,2016.199951171875,"{""type"":""Polygon"",""coordinates"":[[[-83.80225388006777,41.46175204730874],[-83.80937780727307,41.459997048717526],[-83.81372259295108,41.4554167261157],[-83.8135941013246,41.449797761388375],[-83.80904344936481,41.445331537847395],[-83.80184565592369,41.443759519088744],[-83.79480701230337,41.445694590027855],[-83.79067182243513,41.45038231663499],[-83.79105320408748,41.45599483231498],[-83.79580341907962,41.46034321767125],[-83.80225388006777,41.46175204730874]]]}"
00000000000000000305,60.0,129.89989785495405,34.0,8170.379979570992,270.6762002042901,-101.90602655771195,372.58222676200205,143.6762002042901,14.624106230847804,165.9938712972421,-45.3758937691522,485.0326864147089,65.38917262512769,29.17160367722165,25.223697650663944,155.2012257405516,93.5546475995914,138.56077630234935,121.16751787538304,0,774,Aedes sticticus,2016.5,"{""type"":""Polygon"",""coordinates"":[[[-114.2632516190641,48.29264895108249],[-114.2712756792138,48.29089389315958],[-114.27616919733588,48.28631347612039],[-114.27602417439164,48.28069451482285],[-114.27089860723582,48.276228387731436],[-114.2627918454545,48.27465642266768],[-114.25486431300047,48.2765914289726],[-114.250206650324,48.28127906358856],[-114.25063590897285,48.286891589422844],[-114.25598610945552,48.29124007280092],[-114.2632516190641,48.29264895108249]]]}"
0000000000000000030a,72.0,148.08324439701175,36.0,8580.31696905016,296.0,-111.0,407.0,159.16008537886876,-36.0,184.16008537886873,-36.0,299.769477054429,55.0,7.701173959445037,59.59765208110993,138.034151547492,26.701173959445033,114.0,26.701173959445033,0,779,Aedes sticticus,2005.5,"{""type"":""Polygon"",""coordinates"":[[[-111.65704974455869,45.8441521035343],[-111.66471344925183,45.8423970685372],[-111.66938729347818,45.837816687988024],[-111.6692488926397,45.83219772536439],[-111.66435348359767,45.82773156100549],[-111.65661060762366,45.826159575194765],[-111.64903892283412,45.828094606473485],[-111.64459042442229,45.832782276634354],[-111.64500052043941,45.83839479854591],[-111.65011052824713,45.842743244048854],[-111.65704974455869,45.8441521035343]]]}"
00000000000000000312,125.3638676844784,116.3638676844784,29.0,9654.29007633588,319.36386768447835,-74.90458015267177,394.26844783715023,224.02544529262087,-3.6361323155216287,245.40330788804067,-3.6361323155216287,970.5916030534352,142.36895674300254,27.849872773536898,45.008905852417314,370.969465648855,92.8498727735369,347.086513994911,92.8498727735369,0,787,Aedes sticticus,2020.26666666667,"{""type"":""Polygon"",""coordinates"":[[[-95.20644941526615,39.05474713506288],[-95.21332431981307,39.052992154421474],[-95.21751729382797,39.048411860391255],[-95.21739337045015,39.04279289462769],[-95.21300177066071,39.03832664190625],[-95.20605545287337,39.03675460690182],[-95.19926272937609,39.03868969739644],[-95.19527208252237,39.04337745183492],[-95.19564021352163,39.048989964441404],[-95.20022443809228,39.05333832014182],[-95.20644941526615,39.05474713506288]]]}"
00000000000000000315,97.9938725490196,101.32230392156865,26.0,9919.372549019608,288.0,-95.0,383.0,221.3026960784314,-35.0,221.3026960784314,-35.0,920.1188725490197,102.0,36.0,28.0,300.0,143.171568627451,300.0,143.171568627451,0,790,Aedes sticticus,1998.52212389381,"{""type"":""Polygon"",""coordinates"":[[[-87.79454948063261,41.89334843827178],[-87.80172134008016,41.891593436322026],[-87.80609534651433,41.88701310837431],[-87.80596597537735,41.88139414384096],[-87.80138470887837,41.876927925759766],[-87.79413851138771,41.87535591004076],[-87.78705253303376,41.87729097732097],[-87.78288952133276,41.881978698720715],[-87.78327345327145,41.88759121497571],[-87.78805561818568,41.891939605880744],[-87.79454948063261,41.89334843827178]]]}"
0000000000000000031a,66.65030674846626,123.0,34.0,7832.094069529653,269.3057259713701,-84.75869120654397,354.06441717791415,108.16973415132925,21.238241308793462,169.40490797546013,-32.761758691206545,539.9478527607362,68.36503067484662,33.82106339468303,22.8200408997955,166.8588957055215,106.76380368098161,146.69427402862988,133.0429447852761,0,795,Aedes sticticus,2006.70588235294,"{""type"":""Polygon"",""coordinates"":[[[-114.09725266414748,48.07684629649992],[-114.10524301353935,48.075091240684365],[-114.11011598167849,48.07051082699935],[-114.10997157847308,48.064891865579874],[-114.10486754222865,48.06042573506283],[-114.09679482104418,48.05885376809203],[-114.08890057725483,48.06078877669252],[-114.08426248158848,48.065476414575784],[-114.08468994786288,48.071088940049535],[-114.09001767883736,48.075437419946105],[-114.09725266414748,48.07684629649992]]]}"
0000000000000000031c,80.49659863945578,117.0,27.0,10992.229024943308,287.47392290249434,-144.2891156462585,431.76303854875283,194.4739229024943,-70.68367346938774,213.92970521541946,-70.68367346938774,867.2222222222222,116.2891156462585,21.0,47.0,339.73129251700686,78.13832199546485,337.2891156462585,78.13832199546485,0,797,Aedes sticticus,2013.7358490566,"{""type"":""Polygon"",""coordinates"":[[[-92.44255143200562,42.54074748381737],[-92.44979718992829,42.53899247674369],[-92.45421624669353,42.53441214064009],[-92.45408551944205,42.528793176402694],[-92.44945705369199,42.524326966651174],[-92.44213623057786,42.52275495556952],[-92.43497727517969,42.5246900172676],[-92.43077136979457,42.529377730722764],[-92.43115923342414,42.53499024785495],[-92.4359906563136,42.539338647225385],[-92.44255143200562,42.54074748381737]]]}"
0000000000000000031e,59.27018299246502,157.90204520990312,38.0,8423.386437029065,284.1980624327234,-126.50807319698602,410.70613562970937,145.31324004305705,-47.6318622174381,169.4520990312164,-47.6318622174381,241.8977395048439,51.09795479009688,5.0,66.80409041980623,118.44994617868674,17.351991388589884,105.44994617868677,17.351991388589884,0,799,Aedes sticticus,2014.28571428571,"{""type"":""Polygon"",""coordinates"":[[[-112.6696491663815,45.47895172725709],[-112.67726304714122,45.47719669550561],[-112.68190651815657,45.472616320122405],[-112.68176903246328,45.46699735731112],[-112.67690544595567,45.46253118767618],[-112.66921288278826,45.46095919892821],[-112.6616903993803,45.46289423374258],[-112.65727082074416,45.467581908935614],[-112.65767826679944,45.47319443029175],[-112.662755064441,45.47754287043262],[-112.6696491663815,45.47895172725709]]]}"
0000000000000000032d,70.47489539748955,139.54497907949795,36.0,8230.810669456067,289.84728033472805,-92.40899581589959,382.2562761506276,112.91108786610882,25.847280334728033,177.30543933054395,-35.0,340.10146443514645,46.69456066945607,19.52510460251046,28.188284518828453,115.7133891213389,66.4163179916318,97.71338912133893,78.21966527196653,0,814,Aedes sticticus,2008.48571428571,"{""type"":""Polygon"",""coordinates"":[[[-114.06405019770352,46.8484486791956],[-114.07185600020924,46.84669363504851],[-114.07661646831669,46.842113239935586],[-114.07647545689792,46.83649427784109],[-114.07148929016697,46.83202812835624],[-114.06360292310191,46.83045615082601],[-114.05589091694584,46.83239117213723],[-114.0513599394058,46.837078828111586],[-114.05177759249301,46.84269135158889],[-114.0569823152262,46.84703981220837],[-114.06405019770352,46.8484486791956]]]}"
00000000000000000330,130.63138231631382,116.00373599003737,33.0,8479.534246575342,307.6351183063512,-43.0,350.63511830635116,237.79327521793277,18.94022415940224,237.79327521793277,18.94022415940224,1048.505603985056,106.36861768368617,70.78953922789538,12.0,299.772104607721,228.15815691158159,299.772104607721,228.15815691158159,0,817,Aedes sticticus,2019.90909090909,"{""type"":""Polygon"",""coordinates"":[[[-76.92154881752704,38.91365225952974],[-76.92841003470184,38.911897279902036],[-76.93259466444725,38.90731698748536],[-76.93247099211479,38.90169802166328],[-76.92808813453846,38.89723176729393],[-76.92115563902713,38.89565973137202],[-76.91437643244508,38.89759482297101],[-76.91039373030986,38.90228257898126],[-76.91076113294741,38.90789509141413],[-76.91533623392606,38.91224344543976],[-76.92154881752704,38.91365225952974]]]}"
00000000000000000331,69.52575107296138,138.86695278969955,36.0,8070.225321888412,283.77682403433477,-99.04828326180257,382.8251072961374,116.52682403433475,-29.590128755364805,176.51824034334763,-29.590128755364805,380.1834763948497,65.14055793991416,10.879828326180256,52.65879828326181,162.0675965665236,37.47961373390557,130.06223175965664,37.47961373390557,0,818,Aedes sticticus,2005.5,"{""type"":""Polygon"",""coordinates"":[[[-110.54485184160612,45.68644707657709],[-110.55249391288633,45.684692042986754],[-110.55715456915995,45.680111664676666],[-110.55701656568785,45.674492701971694],[-110.55213497389818,45.670026535326],[-110.54441394358277,45.66845454824217],[-110.53686362187548,45.67038958105335],[-110.53242768034858,45.675077253395315],[-110.53283662577324,45.68068977506615],[-110.53793221382907,45.685038218245],[-110.54485184160612,45.68644707657709]]]}"
000000000000000001e0,129.87859824780975,118.0,33.0,8516.88986232791,309.82478097622027,-45.634543178973715,355.45932415519394,237.6020025031289,17.177722152690862,237.6020025031289,17.177722152690862,1056.4680851063831,106.0,70.04630788485609,12.0,299.540675844806,228.11389236545682,299.540675844806,228.11389236545682,0,481,Aedes sticticus,2008.0,"{""type"":""Polygon"",""coordinates"":[[[-76.92154881752704,38.99664950743753],[-76.92841807446892,38.994894527214015],[-76.93260760551959,38.99031423384897],[-76.93248378572714,38.98469526806128],[-76.92809579309944,38.9802290146605],[-76.9211551785796,38.978656979277844],[-76.91436803235361,38.98059207022774],[-76.91038066360407,38.985279825314166],[-76.91074849407141,38.990892337849075],[-76.9153289541182,38.99524069285907],[-76.92154881752704,38.99664950743753]]]}"
0000000000000000030d,59.0,158.0,33.0,10678.540679711637,297.0,-169.30895983522143,466.3089598352214,169.0,-58.99485066941298,192.0,-84.0607621009269,302.23995880535534,54.0,9.0,60.80638516992792,147.02059732234812,33.1936148300721,127.0205973223481,34.0,0,782,Aedes sticticus,2009.0,"{""type"":""Polygon"",""coordinates"":[[[-108.68565195287714,48.500148759503546],[-108.69370880435247,48.49839369953747],[-108.69862231193174,48.49381327924634],[-108.69847668610059,48.48819431806702],[-108.69333017528368,48.48372819429685],[-108.6851903014195,48.48215623108202],[-108.6772303883014,48.48409123516133],[-108.67255369229227,48.488778866609564],[-108.67298469437638,48.49439139279339],[-108.67835675149252,48.498739879546854],[-108.68565195287714,48.500148759503546]]]}"
00000000000000000188,-0.6071103008204193,117.89699179580676,32.05925250683683,8247.792160437557,184.0264357338195,-175.02461257976302,359.0510483135825,102.23609845031906,-50.4968094804011,102.23609845031906,-108.30811303555151,543.7775752051049,82.55879671832271,24.390154968094805,43.52689152233364,229.48222424794898,82.08295350957157,229.48222424794898,94.85050136736555,0,393,Aedes sticticus,2012.0,"{""type"":""Polygon"",""coordinates"":[[[-117.76584428283849,53.131549477654566],[-117.77474221987501,53.12979436717367],[-117.78016843476615,53.1252138664837],[-117.78000732711418,53.11959490823011],[-117.77432362361785,53.11512886657174],[-117.7653344671509,53.1135569490672],[-117.75654403025656,53.11549189812347],[-117.75137913759409,53.12017945125467],[-117.75185483919519,53.12579198607756],[-117.75778749757384,53.13014055628235],[-117.76584428283849,53.131549477654566]]]}"
00000000000000000193,22.06021897810219,127.12408759124088,32.0,8702.062956204378,214.81113138686123,-173.90145985401452,388.7125912408759,128.91058394160584,-26.768248175182478,128.91058394160584,-93.57664233576641,494.96897810218974,73.75729927007299,22.210766423357665,44.35492700729927,210.5346715328467,70.95164233576642,210.5346715328467,86.23540145985399,0,404,Aedes sticticus,2012.0,"{""type"":""Polygon"",""coordinates"":[[[-117.90695253567478,53.20624833850189],[-117.9158659745303,53.204493227118654],[-117.92130163871006,53.19991272499255],[-117.9211402453803,53.194293766791276],[-117.915446641118,53.189827726599624],[-117.90644183232067,53.18825580991157],[-117.89763608880119,53.190190757985015],[-117.89246219834523,53.19487830971726],[-117.89293872343626,53.20049084469442],[-117.89888171385303,53.20483941638988],[-117.90695253567478,53.20624833850189]]]}"
000000000000000001fa,103.0247218788628,119.30531520395549,28.0,10386.59826946848,307.823238566131,-110.28059332509271,418.10383189122376,210.09270704573547,-39.0,230.51792336217554,-39.0,912.8442521631645,116.5883807169345,29.0,39.0,323.81458590852907,103.0,322.35599505562425,103.0,0,507,Aedes sticticus,2013.0,"{""type"":""Polygon"",""coordinates"":[[[-91.95284849521514,41.00524711786117],[-91.95992285004512,41.00349212277401],[-91.96423741503553,40.99891180574973],[-91.96410983293856,40.99329284082007],[-91.95959084309776,40.988826611582695],[-91.95244311011095,40.98725458965268],[-91.94545342103193,40.989189664409245],[-91.94134700500263,40.99387739644943],[-91.94172574902368,40.99948991152947],[-91.94644292078296,41.00383829109653],[-91.95284849521514,41.00524711786117]]]}"
00000000000000000248,78.33092783505155,127.3680412371134,35.0,7967.436082474227,285.6216494845361,-72.82783505154639,358.4494845360825,118.78659793814434,-2.6288659793814433,182.5618556701031,-22.553608247422684,388.5577319587629,55.524742268041244,20.05876288659794,31.9319587628866,138.7577319587629,74.8257731958763,116.3680412371134,79.46494845360826,0,585,Aedes sticticus,2014.0,"{""type"":""Polygon"",""coordinates"":[[[-114.27984839318502,47.479246491519206],[-114.28774743163922,47.47749144144836],[-114.29256473666842,47.47291103690685],[-114.29242201186007,47.46729207515501],[-114.2873762955737,47.462825935299634],[-114.27939577919216,47.461253963130176],[-114.27159170345159,47.463188977988466],[-114.26700660815813,47.467876624778434],[-114.26742921922374,47.47348914926931],[-114.2726960877723,47.47783761967528],[-114.27984839318502,47.479246491519206]]]}"
0000000000000000019b,51.152631578947364,146.75263157894736,37.0,8230.25157894737,268.15263157894736,-124.24736842105263,392.4,133.75263157894736,-51.73157894736842,159.7526315789474,-51.73157894736842,366.55157894736845,63.0,12.24736842105263,52.28631578947368,161.1157894736842,44.21157894736842,138.5978947368421,44.21157894736842,0,412,Aedes sticticus,2015.0,"{""type"":""Polygon"",""coordinates"":[[[-110.9017493717218,46.54134593054373],[-110.90951091241833,46.53959088923046],[-110.91424439827722,46.53501049862801],[-110.91410420011833,46.529391536369616],[-110.90914630332341,46.5249253822782],[-110.9013046318984,46.52335340218345],[-110.89363633405964,46.52528842658165],[-110.88913104779749,46.529976086949645],[-110.88954634704533,46.53558860994206],[-110.89472156725593,46.53993706587986],[-110.9017493717218,46.54134593054373]]]}"
000000000000000001fd,147.15128205128204,120.03076923076921,36.0,7635.861538461539,309.0,-20.68205128205128,329.68205128205125,243.0,104.65128205128205,243.0,46.0,1198.1435897435895,131.9653846153846,75.0,16.965384615384615,367.9307692307692,248.2833333333333,367.9307692307692,279.9653846153846,0,510,Aedes sticticus,2018.0,"{""type"":""Polygon"",""coordinates"":[[[-76.78874786995331,36.689247535422474],[-76.79540550802518,36.68749257126692],[-76.79946602896032,36.68291230347849],[-76.79934609015059,36.677293336763725],[-76.79509325996695,36.672827057241314],[-76.78836635072453,36.671255007315565],[-76.78178818858866,36.673190115771376],[-76.77792365224005,36.677877895771694],[-76.77828022116942,36.6834904055547],[-76.7827196221209,36.68783873401757],[-76.78874786995331,36.689247535422474]]]}"
00000000000000000126,95.0,112.0,29.0,9552.902469135803,289.0,-90.21358024691358,379.2135802469136,213.42469135802472,-19.05061728395062,213.42469135802472,-33.21358024691358,849.5975308641976,92.30123456790123,44.27037037037037,20.98888888888889,263.30123456790125,156.28148148148148,263.30123456790125,159.28148148148148,0,295,Aedes sticticus,2019.0,"{""type"":""Polygon"",""coordinates"":[[[-83.84375027447113,41.553047682277],[-83.85088425356992,41.551292682979096],[-83.85523516715179,41.54671235925241],[-83.85510649108882,41.541093394565905],[-83.8505494189378,41.53662717217374],[-83.84334147465,41.535055154054675],[-83.8362929044304,41.53699022422389],[-83.83215188003179,41.54167794973532],[-83.83253379651234,41.5472904655363],[-83.83729071174248,41.551638852060115],[-83.84375027447113,41.553047682277]]]}"
000000000000000002b9,97.0,112.83192261185008,30.831922611850068,8720.30471584039,283.0,-81.0,364.0,8.0,184.79201934703752,208.16807738814998,-18.0,1152.0205562273277,116.0,82.0,9.48367593712213,323.0,255.0,260.68440145102784,302.0,0,698,Aedes sticticus,2019.0,"{""type"":""Polygon"",""coordinates"":[[[-71.1613445041004,42.192148340762124],[-71.1685501680975,42.190393336460524],[-71.17294478263699,42.18581300476932],[-71.17281479117398,42.1801940403718],[-71.16821193356839,42.17572782611387],[-71.16093159885868,42.174155812523374],[-71.15381223742368,42.17609087724143],[-71.1496296041838,42.18077859499466],[-71.15001533468222,42.186391111652284],[-71.15482003246909,42.19073950644288],[-71.1613445041004,42.192148340762124]]]}"
0000000000000000014f,98.97242206235013,105.99280575539572,29.0,8657.788968824942,280.0,-74.37050359712232,354.3705035971223,11.629496402877699,185.96522781774587,209.69544364508394,-14.370503597122303,1150.7410071942447,116.00719424460432,79.98920863309354,10.0,323.9388489208634,252.9784172661871,254.97841726618708,304.9280575539569,0,336,Aedes sticticus,2020.0,"{""type"":""Polygon"",""coordinates"":[[[-70.99535446738588,42.266851660710515],[-71.0025686634838,42.26509665581744],[-71.0069684794019,42.260516323184795],[-71.00683833136563,42.25489735882144],[-71.00223002427326,42.25043114552501],[-70.9949410735088,42.24885913246981],[-70.98781328635913,42.25079419654351],[-70.98362570074053,42.2554819133797],[-70.98401188518014,42.26109443013858],[-70.9888222701479,42.26544282590634],[-70.99535446738588,42.266851660710515]]]}"
00000000000000000159,95.00361445783133,110.7975903614458,29.0,9602.432530120483,290.24698795180717,-89.0,379.2469879518072,215.0,-19.0,215.0,-33.0,844.8253012048192,93.0,45.0,20.0,261.0,156.44578313253012,261.0,160.4457831325301,0,346,Aedes sticticus,2020.0,"{""type"":""Polygon"",""coordinates"":[[[-83.7607485674623,41.64434777634631],[-83.76789264551968,41.642592776339676],[-83.77224971569484,41.63801245148491],[-83.7721208543286,41.63239348683933],[-83.76755733192647,41.6279272655993],[-83.76033918926903,41.626355248121655],[-83.75328064597676,41.628290317518776],[-83.74913375972956,41.63297804193133],[-83.74951621353904,41.638590557853654],[-83.75427986037676,41.642938945548366],[-83.7607485674623,41.64434777634631]]]}"
0000000000000000018a,94.78896882494006,112.0,29.0,9554.513189448442,288.6786570743405,-90.0,378.67865707434055,213.59712230215828,-19.0,213.59712230215828,-33.0,848.639088729017,92.07314148681056,45.0,20.223021582733814,262.0731414868105,157.1714628297362,262.0731414868105,160.47122302158272,0,395,Aedes sticticus,2020.0,"{""type"":""Polygon"",""coordinates"":[[[-83.8520486615316,41.58625014872096],[-83.85918630784589,41.58449514916555],[-83.86353945706,41.57991482502899],[-83.86341071370857,41.57429586035736],[-83.85885129929012,41.5698296383838],[-83.85163965168726,41.56825762049779],[-83.84458745996429,41.57019269038648],[-83.84044430696379,41.57488041549864],[-83.84082641856396,41.58049293134371],[-83.84558577823016,41.58484131829296],[-83.8520486615316,41.58625014872096]]]}"
00000000000000000256,184.0240793201133,130.23654390934843,39.0,7080.008498583569,343.0240793201133,15.84985835694051,327.17422096317284,223.0056657223796,266.8271954674221,271.028328611898,88.78753541076489,1175.7209631728047,126.37677053824362,66.09206798866855,15.0,330.9617563739377,246.5084985835694,249.5084985835694,300.2889518413598,0,599,Aedes sticticus,2020.0,"{""type"":""Polygon"",""coordinates"":[[[-94.64205207672939,31.64284720042934],[-94.648323051931,31.64109226832172],[-94.65214784956673,31.63651205154777],[-94.652035001528,31.63089308298546],[-94.64802913572298,31.62642675136142],[-94.6416927022873,31.624854672427674],[-94.63549638952121,31.626789815801157],[-94.63185628843533,31.63147764549391],[-94.63219228020809,31.63709014978649],[-94.63637394240754,31.64143842529936],[-94.64205207672939,31.64284720042934]]]}"
00000000000000000261,99.0,107.0,28.0,9753.556750298687,296.0,-86.0,382.0,221.30346475507767,-17.229390681003583,221.30346475507767,-31.0,841.7586618876942,93.0,46.0,20.0,260.0,157.5913978494624,260.0,161.50776583034647,0,610,Aedes sticticus,2020.0,"{""type"":""Polygon"",""coordinates"":[[[-83.49514667231485,41.627751002225374],[-83.50228891108169,41.62599600234773],[-83.5066448599767,41.62141567769827],[-83.50651603235939,41.61579671304524],[-83.50195368472048,41.611330491595524],[-83.49473739945859,41.60975847400116],[-83.4876806725293,41.611693543538784],[-83.48353485388152,41.61638126815133],[-83.48391720982929,41.62199378405157],[-83.48867963066134,41.62634217153319],[-83.49514667231485,41.627751002225374]]]}"
0000000000000000029b,193.0,135.0,44.92755681818182,6267.81534090909,335.2301136363637,35.15767045454545,300.0724431818182,123.15767045454545,199.0724431818182,269.0,108.96590909090911,1333.940340909091,149.55397727272728,57.669034090909086,23.0,396.6463068181818,226.50710227272725,395.2471590909091,367.6463068181818,0,668,Aedes sticticus,2020.0,"{""type"":""Polygon"",""coordinates"":[[[-84.47454808679475,31.219549196526795],[-84.48079081323183,31.21779426694309],[-84.48459838951321,31.213214054186846],[-84.48448605961607,31.20759508547911],[-84.48049823647526,31.203128749751755],[-84.47419033019253,31.20155666853341],[-84.46802191436085,31.20349181465692],[-84.46439821002873,31.208179648263236],[-84.4647326985889,31.213792152123336],[-84.4688955310229,31.218140423466078],[-84.47454808679475,31.219549196526795]]]}"
000000000000000002d2,95.63960639606397,112.17466174661749,29.0,9569.141451414514,289.2140221402214,-90.17466174661747,379.38868388683886,194.0,-19.0,214.0,-33.0,850.3776137761378,92.0,44.0,21.0,263.9975399753998,156.69003690036902,263.0,158.69003690036902,0,723,Aedes sticticus,2020.0,"{""type"":""Polygon"",""coordinates"":[[[-83.8520486615316,41.48664720849014],[-83.85917532515671,41.48489220970641],[-83.8635217790299,41.48031188679816],[-83.8633932371947,41.47469292208196],[-83.85884083747075,41.470226698853914],[-83.85164028067133,41.4686546802695],[-83.84459893473947,41.470589750998876],[-83.84046215654115,41.475277477307536],[-83.84084368378971,41.48088999302049],[-83.84559572278313,41.4852383786948],[-83.8520486615316,41.48664720849014]]]}"
00000000000000000316,75.29106280193237,125.2826086956522,31.051932367149764,9269.004830917875,271.67512077294685,-121.24758454106279,392.9227053140097,169.42028985507244,-36.34903381642512,191.32971014492756,-49.555555555555564,1141.7161835748793,103.18840579710145,80.57004830917874,7.0,303.05797101449275,257.0615942028986,302.4009661835749,263.10024154589377,0,791,Aedes sticticus,2020.0,"{""type"":""Polygon"",""coordinates"":[[[-72.24865170497264,42.4411490026876],[-72.25588593483084,42.43939399640907],[-72.26029796381415,42.43481366157115],[-72.26016744812696,42.429194697287826],[-72.25554634539458,42.424728486243666],[-72.24823716375855,42.423156474442365],[-72.24108959266349,42.42509153700671],[-72.23689037863545,42.42977925169475],[-72.23727762893932,42.435391768690806],[-72.24210136765889,42.43974016674754],[-72.24865170497264,42.4411490026876]]]}"
000000000000000002eb,175.0,132.0,40.0,7060.228611500702,331.0182328190744,7.161290322580644,323.85694249649373,97.0,227.70967741935482,262.01823281907434,80.99298737727909,1387.4095371669005,160.6437587657784,79.83870967741936,21.0,432.6255259467041,263.82047685834505,312.0,405.96353436185143,0,748,Aedes sticticus,2021.0,"{""type"":""Polygon"",""coordinates"":[[[-87.81115071385459,32.54754975406194],[-87.81748409803151,32.545794816481845],[-87.82134694226126,32.541214590996596],[-87.82123294960465,32.535595622749625],[-87.81718722276942,32.53112930002253],[-87.8107877651675,32.52955722604229],[-87.80452982056363,32.53149236345311],[-87.80085349471477,32.53618018466034],[-87.80119280757943,32.54179268989062],[-87.80541606976934,32.54614097444527],[-87.81115071385459,32.54754975406194]]]}"
000000000000000001a6,87.125159642401,117.9169859514687,35.39080459770114,7584.803320561941,247.6513409961685,-79.87484035759897,327.5261813537676,164.28352490421454,-15.031928480204341,181.05108556832695,-15.031928480204341,1153.3920817369094,113.71775223499361,80.0332056194125,11.0,325.1519795657726,244.31034482758616,311.5185185185185,244.31034482758616,0,423,Aedes sticticus,2022.0,"{""type"":""Polygon"",""coordinates"":[[[-80.52374888063328,37.38644582153295],[-80.53046792898594,37.384690852627344],[-80.53456588779191,37.38011057727784],[-80.53444482281954,37.374491610837076],[-80.53015276944423,37.37002533903687],[-80.5233638443415,37.36845329341044],[-80.51672503640714,37.370388396691034],[-80.5128248549697,37.37507616932621],[-80.51318469199134,37.3806886799228],[-80.51766502733514,37.38503701623364],[-80.52374888063328,37.38644582153295]]]}"
0000000000000000012e,224.0,123.0,51.0,4301.215976331361,331.92307692307696,92.0,239.92307692307696,273.23520710059177,175.53846153846155,273.7544378698225,165.0,1209.7603550295858,184.0,41.99852071005917,51.0,534.2248520710059,165.0,505.9985207100592,185.0,0,303,Aedes triseriatus,2021.75,"{""type"":""Polygon"",""coordinates"":[[[-81.38694612166039,28.090446377887996],[-81.3929976752478,28.088691466300045],[-81.3966887073449,28.08411128219057],[-81.3965798850734,28.078492312446368],[-81.3927141649553,28.074025947461735],[-81.38659931363428,28.072453849953718],[-81.38061968788682,28.07438901568549],[-81.37710694811557,28.079076877196076],[-81.37743126489435,28.084689377972083],[-81.38146666816328,28.08903761958131],[-81.38694612166039,28.090446377887996]]]}"
000000000000000001ad,122.28437917222965,139.21762349799735,41.0,7286.622162883846,285.91321762349804,-50.586114819759686,336.4993324432577,58.3150867823765,129.935914552737,213.05073431241655,24.48464619492657,1380.3724966622165,142.18691588785046,80.68891855807745,13.178905206942591,380.68491321762355,284.40587449933247,361.2136181575434,354.9692923898532,0,430,Aedes triseriatus,2021.77777777778,"{""type"":""Polygon"",""coordinates"":[[[-83.50344951847636,35.7015477338821],[-83.51002370256495,35.699792776310545],[-83.51403334696622,35.695212519002524],[-83.51391493850977,35.68959355190803],[-83.50971541100446,35.68512726168188],[-83.50307277879365,35.683555205796814],[-83.49657703182773,35.685490321426],[-83.49276093565688,35.69017811163515],[-83.49311306332936,35.695790620290374],[-83.49749683612626,35.70013893787519],[-83.50344951847636,35.7015477338821]]]}"
000000000000000001ef,109.62247474747474,124.21464646464645,33.93939393939394,8389.681818181818,287.57070707070704,-71.8661616161616,359.4368686868687,194.62247474747474,-3.3169191919191916,214.55050505050505,-3.3169191919191916,1022.996212121212,103.64393939393938,64.7449494949495,15.0,297.8459595959596,199.23484848484847,291.26262626262627,199.23484848484847,0,496,Aedes triseriatus,2020.81818181818,"{""type"":""Polygon"",""coordinates"":[[[-78.1416480477709,38.89705102630776],[-78.14850766080416,38.89529604679905],[-78.15269131261222,38.89071575457181],[-78.15256766970167,38.88509678874286],[-78.14818583670099,38.88063053418004],[-78.14125496114221,38.87905849815042],[-78.13447733872484,38.880993589879076],[-78.1304955676999,38.885681346073824],[-78.13086288497418,38.89129385848633],[-78.13543691667995,38.89564221231535],[-78.1416480477709,38.89705102630776]]]}"
0000000000000000023b,204.2601156069364,123.9205202312139,46.0,5280.291907514451,327.2817919075145,61.28179190751445,266.0,267.26011560693644,174.26011560693644,267.26011560693644,132.87572254335262,1312.4884393063583,188.71820809248558,57.70231213872833,41.0,526.5606936416186,200.87716763005784,526.5606936416186,249.2933526011561,0,572,Aedes triseriatus,2021.48484848485,"{""type"":""Polygon"",""coordinates"":[[[-81.94304507313667,29.692347217631053],[-81.94919071774783,29.690592296970365],[-81.952939110059,29.686012098418274],[-81.95282856112256,29.680393129196535],[-81.94890274468659,29.67592677896232],[-81.94269287649537,29.674354689666977],[-81.93662033292652,29.676289845512958],[-81.93305297888895,29.680977692955285],[-81.93338230168706,29.686590195286254],[-81.93748042254056,29.690938451885987],[-81.94304507313667,29.692347217631053]]]}"
000000000000000002de,81.22502870264063,87.75200918484501,24.0,9446.37198622273,265.2250287026406,-91.0,356.2250287026406,192.6681974741676,-35.0,200.24799081515494,-42.014925373134325,785.3168771526979,81.58208955223878,52.0,12.0,222.79448909299654,164.4856486796785,217.8312284730195,174.0,0,735,Aedes triseriatus,2021.66666666667,"{""type"":""Polygon"",""coordinates"":[[[-79.3202508836114,43.70274908643589],[-79.32763557464179,43.70099406989291],[-79.3321393280182,43.69641371871692],[-79.3320060506773,43.69079475502661],[-79.32728884793003,43.68632856066865],[-79.31982772550693,43.68475655815694],[-79.3125315701653,43.68669160953912],[-79.30824502238761,43.691379308312335],[-79.30864027725816,43.69699182706548],[-79.3135643074013,43.70134024208036],[-79.3202508836114,43.70274908643589]]]}"
00000000000000000143,149.63359788359787,110.54100529100529,34.0,7602.402116402115,306.6746031746032,-13.34920634920635,320.0238095238095,239.37830687830686,107.63359788359789,245.33730158730154,48.9669312169312,1184.010582010582,130.0,74.0,17.0,367.6362433862434,244.00793650793648,364.6693121693121,277.00793650793645,0,324,Aedes triseriatus,2018.0,"{""type"":""Polygon"",""coordinates"":[[[-76.57295413357285,36.73904677598737],[-76.57961608815805,36.73729181149539],[-76.58367924059293,36.73271154317146],[-76.58355922262686,36.7270925764761],[-76.57930363545451,36.7226262975006],[-76.57257236713045,36.721054247879344],[-76.56598994221437,36.72298935596863],[-76.56212290038124,36.72767713544732],[-76.56247969902545,36.73328964528796],[-76.56692197724617,36.73763797430663],[-76.57295413357285,36.73904677598737]]]}"
0000000000000000014e,153.54545454545456,125.54144385026737,37.54144385026738,7534.75935828877,315.3061497326203,-15.243315508021391,330.5494652406417,248.25133689839572,107.51604278074866,248.25133689839572,53.30614973262032,1147.1510695187167,120.45053475935829,76.45053475935828,14.0,334.3516042780749,245.9451871657754,334.3516042780749,277.91711229946526,0,335,Aedes triseriatus,2018.0,"{""type"":""Polygon"",""coordinates"":[[[-78.75585354507464,35.72644735416455],[-78.76242978338084,35.724692396429035],[-78.76644068010702,35.72011213886002],[-78.76632223398141,35.714493171774976],[-78.76212139443196,35.710026881815374],[-78.75547668774348,35.70845482607871],[-78.7489789121296,35.71038994152928],[-78.74516162360501,35.71507773148419],[-78.74551386059942,35.72069024016749],[-78.74989900268221,35.7250385580232],[-78.75585354507464,35.72644735416455]]]}"
0000000000000000013a,203.0,125.0,46.0,5298.2985507246385,327.0,59.0,268.0,266.43333333333334,172.94202898550725,266.43333333333334,131.77536231884062,1314.6782608695653,191.4,57.22463768115943,41.0,530.3188405797102,197.7971014492754,530.3188405797102,254.77246376811595,0,315,Aedes triseriatus,2019.0,"{""type"":""Polygon"",""coordinates"":[[[-82.00945446512564,29.708948450853036],[-82.0156011254554,29.707193530096827],[-82.01935013697663,29.70261333139269],[-82.0192395694042,29.696994362176454],[-82.01531310422376,29.692528012097526],[-82.00910221031354,29.69095592288864],[-82.00302866368538,29.69289107863055],[-81.99946072008306,29.697578925924766],[-81.99979009692514,29.703191428272103],[-82.00388889482154,29.707539685029655],[-82.00945446512564,29.708948450853036]]]}"
00000000000000000288,110.98101265822785,114.23544303797469,30.0,9393.593670886075,298.0,-78.01898734177216,376.0189873417723,207.90632911392404,-16.018987341772153,227.0,-16.018987341772153,1021.9215189873419,114.0,60.0,19.0,316.90253164556964,200.0,300.90253164556964,200.0,0,649,Aedes triseriatus,2019.0,"{""type"":""Polygon"",""coordinates"":[[[-86.31714674230176,39.7519498802744],[-86.32409071355615,39.75019489456371],[-86.32832579283928,39.745614592464385],[-86.32820060261696,39.7399956269934],[-86.3237648894915,39.735529382513015],[-86.31674882437936,39.733957352096695],[-86.30988789440624,39.73589243706848],[-86.30585715837604,39.740580183646934],[-86.30622896463164,39.74619269712149],[-86.31085922695047,39.750541061197204],[-86.31714674230176,39.7519498802744]]]}"
000000000000000002db,127.75862068965517,115.54150702426564,33.0,8388.116219667943,303.6896551724138,-44.36015325670497,348.04980842911874,233.36398467432946,16.776500638569605,233.36398467432946,16.776500638569605,1076.162196679438,109.0,71.0,12.0,306.8914431673052,233.84546615581095,306.8914431673052,233.84546615581095,0,732,Aedes triseriatus,2019.5999755859375,"{""type"":""Polygon"",""coordinates"":[[[-76.7223518552675,38.96344704099358],[-76.72921789196792,38.96169206100856],[-76.73340545985407,38.95711176802319],[-76.73328169912529,38.95149280222172],[-76.72889576328667,38.9470265484332],[-76.72195840074731,38.945454512834665],[-76.71517443465932,38.94738960404442],[-76.7111889350715,38.95207735950067],[-76.71155659417644,38.95768987199474],[-76.71613490770673,38.962038226610666],[-76.7223518552675,38.96344704099358]]]}"
00000000000000000161,99.0,107.13636363636364,27.13636363636364,9791.207616707617,296.8808353808354,-86.0,382.88083538083544,221.86363636363637,-18.0,221.86363636363637,-31.0,838.9705159705161,92.12653562653563,45.0,20.0,257.9705159705159,156.0,257.9705159705159,161.0,0,354,Aedes triseriatus,2020.0,"{""type"":""Polygon"",""coordinates"":[[[-83.54495037198079,41.70244986307271],[-83.55210090123757,41.70069486261402],[-83.55646190423376,41.696114537039676],[-83.55633292449436,41.69049557242021],[-83.55176528168205,41.686029351915074],[-83.54454062432444,41.68445733484658],[-83.53747571025124,41.68639240375119],[-83.53332507946419,41.69108012746283],[-83.53370787651681,41.69669264346254],[-83.5384758234939,41.70104103190413],[-83.54495037198079,41.70244986307271]]]}"
0000000000000000019e,190.0478199718706,130.0506329113924,38.0,7145.99859353024,355.7116736990154,19.0028129395218,336.7088607594937,228.09142053445854,278.3305203938115,278.3305203938115,93.51195499296766,1022.2644163150493,122.59774964838257,51.0,23.0,310.6821378340366,194.1350210970464,194.1350210970464,229.42475386779182,0,415,Aedes triseriatus,2020.0,"{""type"":""Polygon"",""coordinates"":[[[-95.87875254019522,31.94994994908122],[-95.8850443861789,31.94819501512807],[-95.88888190732898,31.94361479541634],[-95.88876867649456,31.937995826960357],[-95.88474948038466,31.933529498336714],[-95.87839197045707,31.931957421073484],[-95.87217504681963,31.933892562436128],[-95.86852283146546,31.93858038926723],[-95.8688599338625,31.944192893876053],[-95.8730555079027,31.94854117243816],[-95.87875254019522,31.94994994908122]]]}"
000000000000000001b6,126.25318066157762,117.39567430025446,33.0,8461.63358778626,305.0661577608143,-48.0,353.0661577608143,233.74554707379139,15.0,233.74554707379139,15.0,1075.3040712468194,106.0,71.0,12.0,302.0305343511451,231.92111959287536,302.0305343511451,231.92111959287536,0,439,Aedes triseriatus,2020.0,"{""type"":""Polygon"",""coordinates"":[[[-76.87174957696216,39.01324628155846],[-76.87862044559012,39.011491301215635],[-76.88281095917725,39.00691100766069],[-76.88268710982419,39.00129204187988],[-76.87829808780218,38.99682578867306],[-76.87135584571143,38.99525375339838],[-76.86456710787078,38.9971888442183],[-76.8605788036318,39.00187659911973],[-76.86094671986356,39.00748911167508],[-76.86552825421192,39.011837466882184],[-76.87174957696216,39.01324628155846]]]}"
000000000000000001c1,93.12755716004814,111.51383874849579,30.51383874849579,8693.415162454872,275.5944645006017,-84.6161251504212,360.21058965102293,5.131167268351384,180.0746089049338,204.07821901323706,-21.111913357400727,1212.5150421179303,120.8086642599278,87.11432009626955,9.0,334.52346570397106,272.22623345367026,277.1119133574007,309.7148014440433,0,450,Aedes triseriatus,2020.0,"{""type"":""Polygon"",""coordinates"":[[[-71.53485218564019,41.84354919770689],[-71.54201846080133,41.84179419614696],[-71.54638906291072,41.837213868819745],[-71.54625979424384,41.83159490426387],[-71.54168209445281,41.82712868554896],[-71.53444153620947,41.82555666947714],[-71.52736107252389,41.82749173718204],[-71.5232013021707,41.832179459186214],[-71.52358493699548,41.83779197537446],[-71.52836337962651,41.842140365635444],[-71.53485218564019,41.84354919770689]]]}"
0000000000000000025f,96.58574879227051,109.91304347826085,28.0,9680.324879227053,293.0,-88.10748792270532,381.1074879227053,217.52536231884054,-19.0,217.52536231884054,-32.58212560386473,840.9492753623186,92.02657004830917,45.0,20.0,259.0265700483091,155.37801932367148,259.0265700483091,160.0,0,608,Aedes triseriatus,2020.0,"{""type"":""Polygon"",""coordinates"":[[[-83.66944847339299,41.685848629850724],[-83.67659715744034,41.684093629521286],[-83.68095703554842,41.67951330415268],[-83.68082808966693,41.67389433952574],[-83.67626162539817,41.669428118810494],[-83.66903883141259,41.66785610162502],[-83.66197573954682,41.66979117067044],[-83.65782617979472,41.674478894582485],[-83.6582088786711,41.68009141056007],[-83.66297559569753,41.68443979878812],[-83.66944847339299,41.685848629850724]]]}"
0000000000000000027f,96.08173076923079,110.0,28.0,9655.868990384617,292.12379807692315,-88.91826923076923,381.0420673076924,216.95432692307696,-18.918269230769234,216.95432692307696,-32.91826923076923,842.6730769230769,92.91826923076923,45.0,20.0,260.8365384615385,155.91826923076925,260.8365384615385,160.0,0,640,Aedes triseriatus,2020.0,"{""type"":""Polygon"",""coordinates"":[[[-83.70265093983694,41.64434777634631],[-83.70979501789432,41.642592776339676],[-83.71415208806948,41.63801245148491],[-83.71402322670325,41.63239348683933],[-83.70945970430111,41.6279272655993],[-83.70224156164367,41.62635524812166],[-83.6951830183514,41.62829031751877],[-83.6910361321042,41.63297804193133],[-83.69141858591368,41.638590557853654],[-83.6961822327514,41.642938945548366],[-83.70265093983694,41.64434777634631]]]}"
000000000000000002df,125.01388888888891,117.28030303030306,33.0,8495.943181818184,301.5202020202021,-50.489898989899,352.0101010101011,232.25757575757578,12.0239898989899,232.25757575757578,12.0239898989899,1044.3396464646464,103.0,71.0,11.0,293.43308080808083,223.98232323232324,293.43308080808083,223.98232323232324,0,736,Aedes triseriatus,2020.0,"{""type"":""Polygon"",""coordinates"":[[[-77.22865156617891,38.89705102630776],[-77.23551117921215,38.89529604679905],[-77.23969483102022,38.89071575457181],[-77.23957118810966,38.88509678874286],[-77.235189355109,38.880630534180035],[-77.22825847955022,38.87905849815042],[-77.22148085713283,38.880993589879076],[-77.2174990861079,38.885681346073824],[-77.21786640338219,38.89129385848633],[-77.22244043508796,38.89564221231535],[-77.22865156617891,38.89705102630776]]]}"
00000000000000000327,70.04684095860567,112.91176470588233,25.0,11526.576252723313,285.0,-162.0,447.0,211.0,-87.0,211.0,-87.0,734.7712418300653,106.71350762527231,21.0,50.0,309.7135076252723,67.00762527233115,309.7135076252723,67.00762527233115,0,808,Aedes triseriatus,2020.0,"{""type"":""Polygon"",""coordinates"":[[[-93.28914743981076,44.88965030933684],[-93.29668291440655,44.88789528273494],[-93.30127858799784,44.88331491554822],[-93.30114254222636,44.877695952439254],[-93.29632903377063,44.87322977443318],[-93.28871564644272,44.87165778102487],[-93.28127058984295,44.87359282144902],[-93.27689652125247,44.87828050462624],[-93.27729979693517,44.88389302510105],[-93.28232433275475,44.88824145673434],[-93.28914743981076,44.88965030933684]]]}"
0000000000000000022f,186.0,128.1880341880342,38.1880341880342,7043.039886039886,346.1253561253562,17.0,329.1253561253562,224.04415954415953,272.0,272.0,90.0,1090.596866096866,116.11680911680915,59.64387464387465,16.00712250712251,313.89173789173793,230.60683760683764,230.60683760683764,254.24928774928782,0,560,Aedes triseriatus,2021.0,"{""type"":""Polygon"",""coordinates"":[[[-95.3973479904652,31.42704900494784],[-95.40360448984842,31.425294074129763],[-95.40742046255708,31.42071385940858],[-95.40730788003148,31.41509489077197],[-95.40331126002398,31.41062855705142],[-95.39698944507063,31.4090564769504],[-95.39080742783679,31.410991621728964],[-95.38717572911617,31.415679453421273],[-95.38751095057755,31.421291957492883],[-95.39168296363486,31.425640230875107],[-95.3973479904652,31.42704900494784]]]}"
00000000000000000166,59.37583892617449,99.72259507829976,23.0,10936.117449664429,263.3758389261745,-153.72259507829978,417.09843400447426,182.02125279642055,-75.80201342281879,192.39038031319907,-89.78076062639819,848.4675615212526,82.0,53.0,14.0,243.0,168.0,241.0,185.62416107382546,0,359,Aedes triseriatus,2022.0,"{""type"":""Polygon"",""coordinates"":[[[-75.82595214779644,45.35444916674383],[-75.83354926083291,45.352694136089234],[-75.83818251004246,45.34811376245189],[-75.83804533230824,45.34249479957719],[-75.83319245534746,45.33802862815918],[-75.82551682446797,45.33645663841854],[-75.81801089930713,45.338391674427804],[-75.81360105332058,45.3430793513215],[-75.8140076075342,45.348691872489916],[-75.81907322862443,45.35304031081864],[-75.82595214779644,45.35444916674383]]]}"
00000000000000000258,111.28333333333333,126.14871794871796,34.14358974358974,8408.03717948718,290.97051282051285,-71.07179487179488,362.04230769230776,196.67948717948724,-1.7166666666666668,216.6064102564103,-1.7166666666666668,1013.2833333333334,102.57435897435897,64.21538461538462,15.0,295.39358974358976,197.64615384615388,289.42307692307696,197.64615384615388,0,601,Aedes triseriatus,2022.0,"{""type"":""Polygon"",""coordinates"":[[[-78.1416480477709,38.905349413368235],[-78.14850846249374,38.90359443380005],[-78.15269260303808,38.899014141478126],[-78.15256894542357,38.89339517565261],[-78.14818660037852,38.888928921186476],[-78.14125491522843,38.88735688521069],[-78.13447650110515,38.88929197687455],[-78.13049426474635,38.89397973297708],[-78.13086162468198,38.89959224539976],[-78.13543619077011,38.90394059932705],[-78.1416480477709,38.905349413368235]]]}"
000000000000000002e1,97.72087378640774,102.01820388349515,29.0,8562.449029126214,275.50485436893206,-73.05946601941747,348.5643203883495,11.940533980582524,182.7208737864078,207.50485436893203,-14.059466019417478,1210.6711165048544,124.16019417475728,82.0,11.0,344.9927184466018,260.07038834951453,261.12257281553394,323.6650485436893,0,738,Aedes triseriatus,2022.0,"{""type"":""Polygon"",""coordinates"":[[[-70.8376449813276,42.20874957398411],[-70.84485253860046,42.20699456955119],[-70.84924830732763,42.20241423765097],[-70.84911828112116,42.19679527326103],[-70.84451421427275,42.19232905921658],[-70.83723196765752,42.19075704574493],[-70.83011073655354,42.192692110319925],[-70.8259270043793,42.197379827869554],[-70.82631283560764,42.20299234454965],[-70.83111879538183,42.2073407395572],[-70.8376449813276,42.20874957398411]]]}"
00000000000000000322,126.11875000000002,111.73749999999998,32.31875,8214.830000000002,298.865,-40.55125,339.41625000000005,224.0,19.0,230.86499999999998,19.0,1096.9775,117.0,77.97749999999999,12.0,314.0,251.0,308.0,251.0,0,803,Aedes triseriatus,2022.0,"{""type"":""Polygon"",""coordinates"":[[[-75.52715224530608,38.95514865393311],[-75.53401747799393,38.953393674007685],[-75.5382045557277,38.94881338111713],[-75.53808080974558,38.94319441531223],[-75.533695387435,38.93872816142686],[-75.5267588368327,38.9371561257744],[-75.51997566474449,38.939091217049054],[-75.5159906318389,38.94377897259769],[-75.51635824815898,38.94939148508154],[-75.52093602575857,38.953739839599045],[-75.52715224530608,38.95514865393311]]]}"
00000000000000000206,124.3652392947103,116.72670025188916,32.0,8548.979848866498,304.0919395465995,-50.76700251889169,354.8589420654912,211.04659949622166,11.232997481108312,232.4987405541562,11.232997481108312,1082.8602015113352,107.18639798488665,72.76700251889169,11.0,302.6460957178841,233.40176322418137,297.91561712846345,233.40176322418137,0,519,Aedes triseriatus,2023.0,"{""type"":""Polygon"",""coordinates"":[[[-76.97135251719297,39.087949601506836],[-76.9782306566639,39.0861946206263],[-76.98242560279371,39.08161432621545],[-76.9823016200823,39.07599536046567],[-76.97790795412614,39.07152910813299],[-76.97095836953213,39.069957073345],[-76.9641624513982,39.071892163579086],[-76.96016992686047,39.0765799176468],[-76.9605382300028,39.08219243029422],[-76.96512461087637,39.08654078638971],[-76.97135251719297,39.087949601506836]]]}"
00000000000000000302,76.70782396088018,122.38630806845966,32.12347188264059,8918.97432762836,269.18704156479214,-102.78606356968216,371.97310513447434,187.2322738386308,-32.2921760391198,187.2322738386308,-42.2921760391198,1138.4107579462102,119.5440097799511,63.74694376528117,16.43520782396088,337.6833740831296,220.00733496332515,337.6833740831296,224.65158924205377,0,771,Aedes triseriatus,2023.0,"{""type"":""Polygon"",""coordinates"":[[[-79.1791515489772,41.76054749069805],[-79.18630854796415,41.75879248978652],[-79.19067349507708,41.75421216349137],[-79.19054439662315,41.74859319889805],[-79.18597262156533,41.74412697912908],[-79.17874143079666,41.742554962470436],[-79.17167012764484,41.74449003088171],[-79.16751574156203,41.74917775389121],[-79.16789888284231,41.75479026996845],[-79.17267114230975,41.75913865915821],[-79.1791515489772,41.76054749069805]]]}"
00000000000000000328,190.0,133.10744985673355,41.16189111747852,6563.52865329513,342.3553008595989,25.0,317.35530085959886,227.2464183381089,101.47134670487107,269.82951289398284,101.47134670487107,831.9699140401148,107.0,42.0,30.063037249283674,271.0,147.6361031518625,209.8366762177651,147.6361031518625,0,809,Aedes triseriatus,2023.0,"{""type"":""Polygon"",""coordinates"":[[[-98.70905099724263,29.783647311700356],[-98.71520223844716,29.781892390513985],[-98.71895404259662,29.77731219112507],[-98.71884339097704,29.77169322193361],[-98.71491399996914,29.76722687255405],[-98.708698480081,29.765654783734554],[-98.70262040966996,29.76758993900775],[-98.6990498071399,29.77227778563494],[-98.69937942772025,29.777890288056],[-98.70348127907009,29.782238545524297],[-98.70905099724263,29.783647311700356]]]}"
000000000000000001db,84.11693057247257,120.74786845310597,31.429963459196095,9021.69671132765,273.6345919610231,-104.35566382460414,377.99025578562726,175.59683313032883,-24.48477466504263,196.77101096224115,-36.752740560292324,1166.8647990255783,106.9427527405603,78.94275274056028,8.756394640682094,314.01948842874543,253.73447015834347,312.69792935444576,257.33252131546897,0,476,Aedes triseriatus,2024.0,"{""type"":""Polygon"",""coordinates"":[[[-73.45214970199453,41.76885033685957],[-73.45930762714087,41.767095335883255],[-73.4636731388647,41.76251500948498],[-73.46354402341636,41.7568960448954],[-73.45897165681643,41.75242982523175],[-73.45173953077247,41.75085780863174],[-73.44466731300693,41.75279287697243],[-73.44051238934337,41.75748059988149],[-73.44089557990065,41.76309311596982],[-73.44566845671267,41.767441505266596],[-73.45214970199453,41.76885033685957]]]}"
000000000000000001ee,64.67853170189099,105.0,25.0,10717.406006674084,269.3047830923248,-146.0,415.3047830923248,184.1857619577308,-67.0,196.18576195773085,-81.0,971.797552836485,99.00222469410456,61.79532814238042,13.204671857619578,278.00222469410454,200.7953281423804,275.00222469410454,220.7953281423804,0,495,Aedes triseriatus,2025.0,"{""type"":""Polygon"",""coordinates"":[[[-73.48535216843848,45.46235049403511],[-73.49296380702839,45.46059546243017],[-73.49760591119063,45.45601508728021],[-73.49746846667813,45.450396124460454],[-73.49260631224445,45.44592995458729],[-73.4849160132512,45.4443579657067],[-73.47739574400094,45.446293000680704],[-73.47297746680874,45.45098067610095],[-73.47338479360822,45.456593197432],[-73.47846009672861,45.46094163733079],[-73.48535216843848,45.46235049403511]]]}"
00000000000000000228,105.6039603960396,121.18935643564355,32.306930693069305,8871.877475247524,289.91089108910893,-78.07425742574257,367.9851485148515,196.1522277227723,-14.074257425742575,215.28836633663363,-14.074257425742575,1001.0012376237623,111.72277227722773,58.68564356435645,20.0,312.8267326732673,191.8700495049505,296.01237623762376,191.8700495049505,0,553,Aedes triseriatus,2025.0,"{""type"":""Polygon"",""coordinates"":[[[-82.74815360474054,39.61084608653917],[-82.75508340312273,39.60909110186264],[-82.75930984217857,39.60451080140946],[-82.75918491192908,39.598891835878774],[-82.75475825110294,39.59442558971718],[-82.74775649851384,39.59285355836486],[-82.74090956487389,39.59478864446333],[-82.73688705536476,39.59947639264528],[-82.73725810744713,39.60508890594274],[-82.74187892257113,39.60943726830983],[-82.74815360474054,39.61084608653917]]]}"
0000000000000000025c,115.57160963244614,115.0,31.0,9036.084917617238,298.78833967046893,-68.64005069708492,367.42839036755385,112.35994930291508,-6.238276299112801,227.78833967046899,-6.238276299112801,1063.0887198986059,115.59315589353615,67.83523447401775,17.0,318.21673003802283,216.8352344740178,290.2801013941699,216.8352344740178,0,605,Aedes triseriatus,2025.0,"{""type"":""Polygon"",""coordinates"":[[[-84.55754979380359,39.20414931585859],[-84.56443929688974,39.20239433413939],[-84.56864117064761,39.19781403839358],[-84.56851697950779,39.1921950726922],[-84.5641160555381,39.187728821722935],[-84.55715499533474,39.18615678769399],[-84.55034785510959,39.18809187701438],[-84.54634873465857,39.19277962978173],[-84.5467176425017,39.19839214257276],[-84.55131159801762,39.202740500053864],[-84.55754979380359,39.20414931585859]]]}"
000000000000000002ca,188.92329545454544,122.88636363636361,39.886363636363626,6771.488636363634,334.88636363636357,28.262784090909093,306.6235795454545,97.640625,239.0,271.69602272727263,97.640625,1467.5497159090908,164.26420454545453,99.96306818181817,13.301136363636362,420.94602272727263,309.9630681818181,337.1903409090909,420.94602272727263,0,715,Aedes triseriatus,2025.0,"{""type"":""Polygon"",""coordinates"":[[[-92.60025199986178,31.21124635036527],[-92.60649417815539,31.209491420830847],[-92.61030142027113,31.204911208153046],[-92.61018910042841,31.199292239442467],[-92.60620162739022,31.194825903635],[-92.59989427465236,31.193253822372043],[-92.59372640013669,31.19518896854924],[-92.59010301396974,31.19987680223198],[-92.59043747336166,31.205489306083635],[-92.59459994042014,31.20983757734495],[-92.60025199986178,31.21124635036527]]]}"
000000000000000002cc,137.32299741602068,138.32299741602066,38.0,8098.272609819121,314.3229974160206,-46.7157622739018,361.0387596899225,136.28423772609818,196.4521963824289,238.12919896640824,28.322997416020673,1354.43669250646,143.7364341085271,82.0,15.0,394.67312661498704,268.96124031007747,306.73643410852713,354.7364341085271,0,717,Aedes triseriatus,2025.0,"{""type"":""Polygon"",""coordinates"":[[[-87.1388475889255,35.96714962902956],[-87.14544381591254,35.965394669703755],[-87.14946689845668,35.96081440960331],[-87.14934808578842,35.95519544260998],[-87.14513447931925,35.950729155235756],[-87.13846958680953,35.94915710093851],[-87.13195207132303,35.951092214656406],[-87.12812318053285,35.95578000214548],[-87.1284764812893,35.9613925111012],[-87.13287494728556,35.965740831584384],[-87.1388475889255,35.96714962902956]]]}"
0000000000000000030b,124.80377358490566,120.0,33.0,8502.52075471698,303.9786163522012,-51.311949685534586,355.2905660377358,231.9132075471698,11.978616352201255,231.9132075471698,11.978616352201255,1017.149685534591,100.0,69.02138364779873,11.0,283.6477987421383,218.0427672955974,283.6477987421383,218.0427672955974,0,780,Aedes triseriatus,2025.0,"{""type"":""Polygon"",""coordinates"":[[[-77.34484682142961,38.938547420711124],[-77.35171044665735,38.93679244090485],[-77.35589654443079,38.932212148203945],[-77.35577282793162,38.92659318239217],[-77.35138843231621,38.922126928313105],[-77.34445350501748,38.92055489255282],[-77.33767192037092,38.92248998395728],[-77.33368782050186,38.92717773969065],[-77.33405535128219,38.93279025215409],[-77.33863205739698,38.93713860647475],[-77.34484682142961,38.938547420711124]]]}"
0000000000000000030f,168.0707482993197,127.0,40.0,6911.949659863945,318.0,4.070748299319728,313.92925170068025,254.00680272108835,128.67074829931974,254.00680272108835,76.07074829931972,1340.7673469387753,191.0,71.0,31.0,485.887074829932,234.0,485.887074829932,285.0,0,784,Aedes triseriatus,2025.0,"{""type"":""Polygon"",""coordinates"":[[[-78.02545279252021,34.55614736448557],[-78.03193515960744,34.554392414348115],[-78.03588882906121,34.54981216887376],[-78.03577210429455,34.5441932013506],[-78.03163122099521,34.53972689903861],[-78.0250813113496,34.538154836424695],[-78.01867623850573,34.54008996015359],[-78.01491343675968,34.54477776188972],[-78.01526067808874,34.550390269271446],[-78.01958324815409,34.55473857457359],[-78.02545279252021,34.55614736448557]]]}"
0000000000000000013b,103.125,147.0,37.0,8333.704646017699,326.5630530973452,-63.0,389.56305309734506,3.0,204.0,212.0,-4.0,316.6814159292035,39.87500000000001,7.0,38.00442477876106,117.08517699115045,36.0,41.0,107.32964601769912,0,316,Aedes vexans,2017.37837837838,"{""type"":""Polygon"",""coordinates"":[[[-116.37145216971855,43.71104747349635],[-116.37883788309301,43.709292456884434],[-116.38334225971012,43.704712105598716],[-116.38320896360166,43.69909314191238],[-116.37849110788085,43.694626947666485],[-116.37102895306487,43.693054945217185],[-116.36373178813693,43.694989996524264],[-116.35944464694964,43.69967769519059],[-116.35983995620612,43.70529021395553],[-116.36476466780091,43.709638629084296],[-116.37145216971855,43.71104747349635]]]}"
00000000000000000144,105.00221975582684,141.87902330743617,36.02330743618202,8334.998890122086,326.97669256381795,-57.974472807991106,384.9511653718091,6.0,207.97669256381795,214.1209766925638,-1.0,320.34739178690336,40.35072142064372,8.0,37.34073251942286,117.11320754716981,37.0,42.635960044395105,107.11542730299666,0,325,Aedes vexans,2017.33333333333,"{""type"":""Polygon"",""coordinates"":[[[-116.23034837598331,43.636348612649016],[-116.23772490236327,43.63459359665694],[-116.24222367840952,43.63001324635784],[-116.24209055094883,43.6243942826357],[-116.23737856298354,43.61992808738216],[-116.22992568546498,43.61835608437188],[-116.22263759289022,43.620291136354226],[-116.2183557842042,43.6249788359816],[-116.2187506047361,43.63059135464045],[-116.22366919266445,43.634939768745156],[-116.23034837598331,43.636348612649016]]]}"
00000000000000000155,109.0,128.32282471626735,32.0,9162.201765447668,331.0,-67.0,398.0,98.51954602774276,230.51954602774273,230.51954602774273,-7.0,412.3921815889028,53.90416141235813,20.0,27.85245901639344,146.14501891551072,70.12358133669609,70.12358133669609,90.97604035308954,0,342,Aedes vexans,2016.28985507246,"{""type"":""Polygon"",""coordinates"":[[[-112.01394727467441,40.80605015560163],[-112.02100035373658,40.80429516202829],[-112.02530194841304,40.799714847413604],[-112.02517475665067,40.79409588239653],[-112.02066935575282,40.78962965069821],[-112.0135431080487,40.78805762739812],[-112.00657442960772,40.7899927038039],[-112.00248036290807,40.79468043819124],[-112.00285797487084,40.800292953012104],[-112.00756096492131,40.80464133007812],[-112.01394727467441,40.80605015560163]]]}"
00000000000000000157,108.0,134.5133819951338,33.0,9101.46107055961,332.9659367396593,-69.0,401.96593673965924,98.0,228.47445255474452,228.47445255474452,-7.0,427.9245742092457,55.099756690997566,20.0,27.695863746958633,150.83211678832114,70.07420924574207,70.07420924574207,100.28588807785884,0,344,Aedes vexans,2017.09090909091,"{""type"":""Polygon"",""coordinates"":[[[-111.93924841382706,40.822646929722566],[-111.94630325741046,40.820891936023436],[-111.95060592778974,40.81631162120855],[-111.95047870365521,40.81069265619874],[-111.94597217574837,40.806226424704896],[-111.93884414614591,40.80465440151863],[-111.93187372517163,40.806589477787384],[-111.92777863427135,40.81127721197971],[-111.92815634012271,40.8168897268221],[-111.93286050634387,40.82123810409592],[-111.93924841382706,40.822646929722566]]]}"
00000000000000000164,101.9933774834437,147.05849889624724,37.05849889624724,8323.85540838852,325.33995584988963,-64.37969094922737,389.719646799117,1.7119205298013245,202.62030905077262,210.38189845474614,-5.379690949227372,326.70088300220743,41.379690949227374,7.330022075055188,38.06291390728476,121.80684326710815,37.61810154525386,42.4690949227373,111.90397350993376,0,357,Aedes vexans,2017.14285714286,"{""type"":""Polygon"",""coordinates"":[[[-116.37145216971855,43.72764870671833],[-116.3788399296455,43.72589368996844],[-116.38334555388053,43.721313338463126],[-116.3832122202026,43.71569437478476],[-116.37849305734389,43.71122818076315],[-116.37102883585973,43.7096561784387],[-116.36372964991821,43.71159122959548],[-116.35944132082952,43.7162789280479],[-116.3598367389569,43.72189144683646],[-116.3647628146977,43.726239862193154],[-116.37145216971855,43.72764870671833]]]}"
00000000000000000190,109.46784363177807,119.98360655737706,30.0,9261.011349306431,327.6670870113493,-66.85372005044135,394.5208070617907,99.0,232.5195460277428,232.5195460277428,-8.0,395.74779319041613,51.85245901639344,20.0,28.139974779319044,139.85245901639345,70.0,70.0,80.18284993694829,0,401,Aedes vexans,2017.9000244140625,"{""type"":""Polygon"",""coordinates"":[[[-112.12184860196568,40.80605015560163],[-112.12890168102786,40.80429516202829],[-112.13320327570432,40.799714847413604],[-112.13307608394194,40.79409588239653],[-112.12857068304409,40.7896296506982],[-112.12144443533997,40.78805762739812],[-112.114475756899,40.7899927038039],[-112.11038169019935,40.79468043819125],[-112.11075930216212,40.800292953012104],[-112.11546229221258,40.80464133007812],[-112.12184860196568,40.80605015560163]]]}"
0000000000000000019c,108.0,134.02466091245378,33.0,9107.869297163998,332.98150431565966,-68.98150431565969,401.9630086313194,98.0,228.4685573366215,228.4685573366215,-7.0,432.14919852034535,56.017262638717646,20.0,27.387176325524052,152.05918618988906,71.0,71.0,101.22688039457461,0,413,Aedes vexans,2015.59016393443,"{""type"":""Polygon"",""coordinates"":[[[-111.94754680088752,40.83924816294454],[-111.9546034109422,40.83749316911953],[-111.95890715821301,40.83291285410428],[-111.95877990167041,40.82729388910174],[-111.95427224550915,40.822827657812525],[-111.94714243203926,40.82125563474019],[-111.94017026660609,40.823190710871806],[-111.93607415037326,40.82787844486896],[-111.93645195021692,40.83349095973291],[-111.9411572939085,40.837839337214696],[-111.94754680088752,40.83924816294454]]]}"
000000000000000001c2,109.0,125.34620174346203,31.0,9175.744707347447,329.30884184308843,-67.43088418430884,396.7397260273973,98.58779576587796,230.5516811955168,230.5516811955168,-8.0,407.5018679950187,53.07596513075967,20.0,27.63387297633873,143.94769613947696,71.0,71.0,86.65130759651306,0,451,Aedes vexans,2016.93023255814,"{""type"":""Polygon"",""coordinates"":[[[-112.04714974111836,40.8143485426621],[-112.05420370225681,40.81259354902586],[-112.05850583467232,40.80801323431109],[-112.05837862672726,40.80239426929766],[-112.05387266244263,40.79792803770155],[-112.04674552397547,40.796356014458375],[-112.03977597444987,40.798291090795644],[-112.03568139575688,40.802978825085496],[-112.03605905465417,40.808591339917115],[-112.04076263266712,40.812939717087026],[-112.04714974111836,40.8143485426621]]]}"
000000000000000001d5,109.0,128.31795511221947,32.0,9160.779301745639,331.0,-67.0,398.0,98.52618453865337,230.5261845386534,230.5261845386534,-7.0,414.75436408977555,54.0,20.0,27.981296758104747,146.7256857855362,70.55860349127184,70.55860349127184,91.69700748129681,0,470,Aedes vexans,2016.55357142857,"{""type"":""Polygon"",""coordinates"":[[[-112.01394727467441,40.8143485426621],[-112.02100123581286,40.81259354902586],[-112.02530336822836,40.80801323431109],[-112.02517616028331,40.80239426929766],[-112.02067019599869,40.79792803770156],[-112.01354305753152,40.796356014458375],[-112.00657350800591,40.798291090795644],[-112.00247892931293,40.802978825085496],[-112.00285658821022,40.80859133991713],[-112.00756016622317,40.81293971708703],[-112.01394727467441,40.8143485426621]]]}"
000000000000000001e1,103.93390452876376,142.796817625459,34.66217870257037,9023.440636474908,331.9339045287638,-76.06609547123622,408.0,94.93390452876378,223.13708690330475,223.13708690330475,-10.931456548347613,442.47613219094256,56.066095471236224,20.0,26.662178702570376,152.7233782129743,71.33659730722154,71.33659730722154,109.26560587515299,0,482,Aedes vexans,2014.72727272727,"{""type"":""Polygon"",""coordinates"":[[[-111.86454955297975,40.7562464559357],[-111.87159734589831,40.754491462739416],[-111.87589571798935,40.74991114872493],[-111.87576862320685,40.744292183686085],[-111.87126659859679,40.739825951374776],[-111.8641456890955,40.73825392773342],[-111.85718223092769,40.74018900454999],[-111.85309123252311,40.74487673952198],[-111.8534685632143,40.75048925427827],[-111.8581680296983,40.75483763072132],[-111.86454955297975,40.7562464559357]]]}"
000000000000000001e2,103.05758582502767,145.95127353266886,37.0,8276.970099667773,324.80066445182723,-62.075304540420824,386.8759689922481,3.9246954595791803,203.7176079734219,211.25692137320047,-3.0753045404208192,306.54928017718714,38.09191583610189,7.0,37.034330011074196,111.79734219269105,36.0,41.0,101.80066445182722,0,483,Aedes vexans,2017.5,"{""type"":""Polygon"",""coordinates"":[[[-116.36314932355707,43.66124823293146],[-116.37052890833445,43.65949321673295],[-116.37502954883969,43.65491286610524],[-116.37489636523564,43.64929390239502],[-116.37018242386442,43.6448277074771],[-116.36272645788553,43.64325570465365],[-116.35543534507744,43.6451907564111],[-116.35115176117444,43.64987845571839],[-116.35154674440561,43.655490974412565],[-116.35646737093411,43.65983938885835],[-116.36314932355707,43.66124823293146]]]}"
00000000000000000219,108.66750629722924,120.76448362720406,30.0,9241.46599496222,327.0,-67.74685138539043,394.7468513853905,98.63727959697734,231.23551637279598,231.23551637279598,-8.595717884130982,392.2858942065492,51.2103274559194,20.0,28.53148614609572,138.72418136020153,69.98866498740556,69.98866498740556,79.31863979848868,0,538,Aedes vexans,2017.72222222222,"{""type"":""Polygon"",""coordinates"":[[[-112.1052473687437,40.78944892237966],[-112.11229868428514,40.78769392893207],[-112.11659920386862,40.783113614517546],[-112.11647204445998,40.77749464949322],[-112.11196776993211,40.77302841759046],[-112.10484330311617,40.77145639417655],[-112.09787636622063,40.77339147071933],[-112.09378332314091,40.778079205301665],[-112.0941608412682,40.78369172010099],[-112.09886265581483,40.78804009695924],[-112.1052473687437,40.78944892237966]]]}"
0000000000000000024e,108.61586901763226,126.70277078085644,31.39672544080605,9172.403022670027,329.4911838790933,-67.90554156171285,397.3967254408061,98.5125944584383,230.09068010075572,230.09068010075572,-7.909319899244333,405.5629722921915,53.0,20.0,27.6272040302267,143.37279596977334,70.0,70.0,87.19017632241815,0,591,Aedes vexans,2017.125,"{""type"":""Polygon"",""coordinates"":[[[-112.03054850789638,40.789448922379655],[-112.0375998234378,40.78769392893206],[-112.0419003430213,40.78311361451754],[-112.04177318361265,40.777494649493214],[-112.03726890908477,40.77302841759046],[-112.03014444226882,40.771456394176546],[-112.0231775053733,40.773391470719325],[-112.01908446229358,40.77807920530166],[-112.01946198042089,40.783691720100975],[-112.02416379496749,40.78804009695924],[-112.03054850789638,40.789448922379655]]]}"
00000000000000000285,103.06319290465632,145.9490022172949,37.0,8283.735033259423,325.07206208425725,-62.190687361419066,387.26274944567626,3.6496674057649665,203.9811529933481,211.1230598669623,-3.1906873614190685,310.0776053215078,38.747228381374725,7.0,37.58758314855876,113.41241685144125,36.0,41.0,103.41241685144125,0,646,Aedes vexans,2017.5,"{""type"":""Polygon"",""coordinates"":[[[-116.3548509364966,43.66954661999192],[-116.36223154143053,43.66779160372456],[-116.3667328038431,43.663211252987296],[-116.36659960151185,43.65759228928105],[-116.36188500856417,43.65312609447502],[-116.3544280124011,43.65155409171388],[-116.34713589216659,43.65348914339632],[-116.34285171612369,43.658176842596895],[-116.34324675362463,43.663789361302854],[-116.34816806014686,43.66813777586236],[-116.3548509364966,43.66954661999192]]]}"
00000000000000000309,107.08363636363636,136.71878787878785,33.40121212121212,9081.489696969698,332.9381818181818,-70.64242424242424,403.58060606060604,97.59878787878787,227.56121212121212,227.56121212121212,-7.978181818181818,422.7987878787879,54.54666666666667,20.0,26.877575757575755,148.4242424242424,70.0,70.0,99.37454545454545,0,778,Aedes vexans,2015.71428571429,"{""type"":""Polygon"",""coordinates"":[[[-111.92265163970613,40.78114607621815],[-111.92970207380313,40.77939108283342],[-111.93400205603271,40.77481076851898],[-111.93387491279512,40.76919180349102],[-111.92937120125045,40.76472557148606],[-111.92224762455957,40.76315354801525],[-111.9152815581248,40.76508862462652],[-111.91118902667168,40.769776359306334],[-111.91156649789802,40.775388874094894],[-111.91626772490326,40.77973725084928],[-111.92265163970613,40.78114607621815]]]}"
000000000000000001bd,86.80243161094225,94.41742654508612,34.0,6321.81053698075,246.62715298885513,-25.67071935157042,272.29787234042556,14.231003039513679,168.73961499493416,168.73961499493416,8.907801418439716,1626.8297872340424,269.07801418439715,36.1144883485309,63.06079027355623,791.3596757852077,122.10334346504561,122.10334346504561,700.8541033434651,0,446,Aedes vexans,2012.0,"{""type"":""Polygon"",""coordinates"":[[[-121.11904814312028,48.724245342045506],[-121.12714083080876,48.72249027985399],[-121.13207618394797,48.71790985602077],[-121.1319298991901,48.712290894970245],[-121.12676049997197,48.70782477481763],[-121.11858443945026,48.706252813616686],[-121.1105891390047,48.70818781527182],[-121.10589164229889,48.7128754432697],[-121.10632454964659,48.71848796983423],[-121.11172049288336,48.72283646026425],[-121.11904814312028,48.724245342045506]]]}"
0000000000000000017e,106.19444444444446,120.50126262626262,33.57702020202021,8369.588383838382,281.56944444444446,-74.01388888888889,355.58333333333337,191.0290404040404,-6.209595959595959,210.71717171717174,-6.209595959595959,1043.2689393939393,105.65782828282829,65.82954545454545,15.0,302.9734848484848,202.55429292929293,295.2436868686869,202.55429292929293,0,383,Culex pipiens,2020.22222222222,"{""type"":""Polygon"",""coordinates"":[[[-78.13334520160939,38.888748180146244],[-78.14020401285376,38.88699320069704],[-78.14438717586498,38.882412908564504],[-78.14426354766019,38.87679394273212],[-78.1398822267673,38.87232768807257],[-78.13295216090016,38.87075565198912],[-78.12617533028676,38.87269074378259],[-78.12219402465335,38.87737850006959],[-78.12256129926097,38.882991012471905],[-78.12713479651819,38.88733936620261],[-78.13334520160939,38.888748180146244]]]}"
00000000000000000213,110.28992628992629,114.0,30.0,9405.046683046683,298.0,-79.26044226044225,377.26044226044223,207.55036855036857,-16.26044226044226,227.22604422604422,-16.26044226044226,1025.07371007371,116.0,60.0,20.0,318.7739557739557,199.3759213759214,298.2358722358722,199.3759213759214,0,532,Culex pipiens,2019.76923076923,"{""type"":""Polygon"",""coordinates"":[[[-86.10134854682025,39.67725101942708],[-86.1082850026514,39.67549603426439],[-86.1125155002974,39.67091573303736],[-86.11239044793102,39.66529676753474],[-86.10795953495173,39.66083052216348],[-86.10095105931418,39.65925849125118],[-86.0940975511503,39.66119357681999],[-86.09007117738247,39.665881324248126],[-86.09044258372465,39.671493837628844],[-86.09506783649707,39.67584220079917],[-86.10134854682025,39.67725101942708]]]}"
000000000000000002a7,109.0,114.18362282878412,30.0,9430.712158808936,296.66501240694794,-81.37593052109183,378.0409429280398,206.0,-18.375930521091814,225.98759305210922,-18.375930521091814,1025.997518610422,116.00868486352358,59.0,20.00868486352358,319.20223325062045,196.70843672456581,299.0086848635237,196.70843672456581,0,680,Culex pipiens,2019.78571428571,"{""type"":""Polygon"",""coordinates"":[[[-85.97685044540805,39.74364703411289],[-85.98379357992883,39.74189204846316],[-85.98802814911302,39.73731174646089],[-85.98790297423903,39.73169278098637],[-85.98346779554036,39.72722653640689],[-85.97645257540628,39.72565450593539],[-85.96959247174412,39.72758959097359],[-85.9655622213887,39.73227733764657],[-85.9659339831198,39.73788985111069],[-85.97056368769817,39.74223821508567],[-85.97685044540805,39.74364703411289]]]}"
0000000000000000021f,236.84910485933503,115.03836317135548,46.0383631713555,4579.02557544757,347.36828644501276,102.17902813299231,245.18925831202046,285.0,212.17902813299233,288.0,173.1790281329923,733.3273657289002,148.81074168797954,19.0,51.887468030690535,295.7340153452685,89.97186700767263,210.77237851662406,124.15089514066496,0,544,Culex pipiens,2009.0,"{""type"":""Polygon"",""coordinates"":[[[-97.73795242892422,24.546348401508162],[-97.74382157585552,24.5445935090802],[-97.74740141060167,24.540013355471423],[-97.74729593838872,24.53439438462438],[-97.74354672145057,24.52992798848902],[-97.73761606708558,24.52835587363681],[-97.7318165693099,24.530291060246192],[-97.72840970559169,24.53497895146682],[-97.72872432046448,24.540591448958434],[-97.7326381402467,24.54493965891002],[-97.73795242892422,24.546348401508162]]]}"
000000000000000001c7,106.0472049689441,114.0,30.0,9465.798757763974,294.0,-85.60745341614907,379.60745341614904,203.0,-22.159006211180124,223.0,-22.159006211180124,1024.5776397515529,115.99875776397516,57.58260869565217,20.0,315.9987577639752,194.58260869565217,299.99875776397516,194.58260869565217,0,456,Culex pipiens,2020.0,"{""type"":""Polygon"",""coordinates"":[[[-85.98515329156956,39.8930492149086],[-85.99211153562356,39.891294228159516],[-85.99635531604865,39.886713924407346],[-85.99622986401545,39.88109495899629],[-85.99178503476772,39.876628716203996],[-85.98475455622906,39.875056686727476],[-85.97787953124812,39.87699177056798],[-85.97384051069521,39.88167951553641],[-85.97421307643607,39.88729202918878],[-85.97885285255444,39.89164039498005],[-85.98515329156956,39.8930492149086]]]}"
000000000000000001e6,98.01664684898931,102.7871581450654,26.0,9950.777645659928,289.4708680142688,-95.8370986920333,385.307966706302,221.68965517241378,-35.3281807372176,221.68965517241378,-35.3281807372176,920.242568370987,102.01783590963139,36.0,28.0,300.01783590963134,143.0,300.01783590963134,143.0,0,487,Culex pipiens,2020.0,"{""type"":""Polygon"",""coordinates"":[[[-87.81944910091505,41.860150430928876],[-87.82661723610346,41.85839542923906],[-87.83098897213347,41.8538151017051],[-87.83085966933572,41.848196137156734],[-87.82628078153718,41.84372991865297],[-87.81903834495986,41.842157902698695],[-87.81195604443536,41.844092970262096],[-87.8077951944464,41.84878069206488],[-87.80817892823468,41.85439320827537],[-87.81295861069268,41.858741598750946],[-87.81944910091505,41.860150430928876]]]}"
0000000000000000029d,109.0,113.53701380175657,29.53701380175659,9472.469259723965,296.61104140526976,-81.53701380175659,378.1480552070264,206.0,-19.0,226.0,-19.0,1023.5834378920953,117.0,59.0,20.0,318.38895859473024,196.0,299.38895859473024,196.0,0,670,Culex pipiens,2020.0,"{""type"":""Polygon"",""coordinates"":[[[-86.05155376535642,39.76854665439533],[-86.05849941022119,39.76679166856272],[-86.06273550978942,39.76221136626933],[-86.06261028886775,39.756592400805374],[-86.05817350679729,39.752126156523204],[-86.05115575158457,39.75055412621723],[-86.0442931688483,39.75248921105619],[-86.04026146138544,39.75717695744561],[-86.04063335669761,39.76278947094103],[-86.0452647345927,39.767137835218165],[-86.05155376535642,39.76854665439533]]]}"
000000000000000002a0,99.32254196642688,103.08273381294966,26.0,10000.061151079139,290.59472422062356,-96.17026378896885,386.76498800959234,223.0,-35.00599520383694,223.0,-35.00599520383694,925.7985611510792,102.0,36.0,28.0,300.19544364508397,143.62709832134294,300.19544364508397,143.62709832134294,0,673,Culex pipiens,2020.0,"{""type"":""Polygon"",""coordinates"":[[[-87.80284786769307,41.793749957142005],[-87.81000857266257,41.7919949559713],[-87.81437577903891,41.78741462926362],[-87.81424661258248,41.78179566468527],[-87.80967247049722,41.77732944533762],[-87.8024375372694,41.775757428913536],[-87.79536257433473,41.777692497042466],[-87.79120603714826,41.782380219650115],[-87.79158937560794,41.787992735771745],[-87.79636410535012,41.792341125389676],[-87.80284786769307,41.793749957142005]]]}"
000000000000000002b4,97.50301568154404,101.0,26.0,9899.905910735828,287.03256936067555,-95.0,382.03256936067555,220.43063932448737,-35.26658624849216,220.43063932448737,-35.26658624849216,918.4234016887817,102.0,36.3642943305187,28.0,299.3498190591073,143.2400482509047,299.3498190591073,143.2400482509047,0,693,Culex pipiens,2020.0,"{""type"":""Polygon"",""coordinates"":[[[-87.79454948063261,41.91824805855423],[-87.80172413752186,41.91649305640933],[-87.80609984934817,41.911912728151],[-87.80597042687855,41.906293763628916],[-87.80138737364153,41.901827545864954],[-87.79413835117724,41.90025553032255],[-87.78704961025726,41.90219059739017],[-87.78288497480693,41.90687831848735],[-87.78326905558407,41.91249083477575],[-87.7880530851714,41.91683922600319],[-87.79454948063261,41.91824805855423]]]}"
000000000000000002f2,109.05934343434346,114.0,29.998737373737377,9474.838383838383,297.1287878787879,-81.84722222222223,378.97601010101005,206.27525252525254,-19.178030303030305,226.1275252525253,-19.178030303030305,1009.1224747474748,115.17803030303033,57.178030303030305,20.762626262626263,314.08712121212125,191.59469696969697,298.05681818181824,191.59469696969697,0,755,Culex pipiens,2020.0,"{""type"":""Polygon"",""coordinates"":[[[-86.11794978004222,39.83495158728325],[-86.12490213506682,39.83319660096224],[-86.12914232535718,39.82861629789145],[-86.1290169813491,39.8229973324557],[-86.12457591345942,39.81853108896749],[-86.11755138197252,39.816959059103546],[-86.1106821726622,39.81889414341041],[-86.10664657034528,39.823581889042565],[-86.10701882271934,39.829194402621624],[-86.11165467339629,39.833542767705666],[-86.11794978004222,39.83495158728325]]]}"
00000000000000000304,109.02219482120842,113.30579531442665,29.30579531442664,9475.31565967941,297.0221948212084,-81.34401972872999,378.3662145499384,206.93464858199755,-19.0,226.73859432799017,-19.0,1014.9778051787919,116.14796547472258,58.0,20.822441430332926,315.628853267571,193.97780517879164,298.14796547472264,193.97780517879164,0,773,Culex pipiens,2020.0,"{""type"":""Polygon"",""coordinates"":[[[-86.10134854682025,39.80174912083929],[-86.10829754397827,39.7999941347626],[-86.11253568720885,39.7954138320807],[-86.11241040479524,39.789794866630835],[-86.10797148159499,39.785328622745446],[-86.10095034105905,39.78375659266039],[-86.09408444778748,39.78569167723342],[-86.09005079451508,39.79037942324439],[-86.09042286821004,39.795991936781625],[-86.09505648063869,39.800340301462015],[-86.10134854682025,39.80174912083929]]]}"
00000000000000000319,97.0,104.3076923076923,26.347355769230766,9938.999999999998,289.0060096153846,-97.96033653846152,386.96634615384613,220.1081730769231,-36.76923076923077,220.1081730769231,-36.76923076923077,920.9975961538463,103.0,36.0,28.245192307692307,301.0,141.99759615384613,301.0,141.99759615384613,0,794,Culex pipiens,2020.0,"{""type"":""Polygon"",""coordinates"":[[[-87.86924834147995,41.876747205049796],[-87.87641833776331,41.874992203230065],[-87.8807912083647,41.87041187548931],[-87.88066187141638,41.86479291094844],[-87.87608179492842,41.86032669265588],[-87.86883747893916,41.858754676819196],[-87.86175334052156,41.86068974424106],[-87.85759141027711,41.8653774658424],[-87.8579752430856,41.87098998207512],[-87.86275616608212,41.87533837276535],[-87.86924834147995,41.876747205049796]]]}"
00000000000000000320,111.93283582089553,114.0,30.0,9435.388059701492,299.0,-79.0,378.0,208.9328358208955,-16.0,228.93283582089552,-16.0,1010.3930348258708,115.0,59.0,20.0,313.9701492537314,196.30099502487565,296.97014925373134,196.30099502487565,0,801,Culex pipiens,2020.0,"{""type"":""Polygon"",""coordinates"":[[[-86.1843502538291,39.735348647052426],[-86.19129255241272,39.733593661463615],[-86.19552661198354,39.729013359558316],[-86.19540145244326,39.723394394080294],[-86.19096680766268,39.71892814940176],[-86.18395243170234,39.71735611887513],[-86.17709315356458,39.7192912039797],[-86.17306338842162,39.72397895074715],[-86.1734351056706,39.72959146420082],[-86.17806425303944,39.73393982807515],[-86.1843502538291,39.735348647052426]]]}"
00000000000000000324,120.96954933008527,84.0,25.0,8667.372716199756,288.69183922046284,-39.72838002436054,328.4202192448235,104.21680876979292,8.008526187576127,231.0,8.008526187576127,1101.667478684531,104.00730816077952,75.50304506699148,9.504263093788062,298.3081607795371,248.5176613885505,289.3166869671133,248.5176613885505,0,805,Culex pipiens,2022.0,"{""type"":""Polygon"",""coordinates"":[[[-73.85054808561465,40.7562464559357],[-73.85759587853319,40.754491462739416],[-73.86189425062425,40.74991114872493],[-73.86176715584173,40.744292183686085],[-73.85726513123169,40.739825951374776],[-73.85014422173037,40.73825392773341],[-73.84318076356257,40.74018900454999],[-73.839089765158,40.74487673952198],[-73.83946709584919,40.75048925427828],[-73.84416656233319,40.75483763072132],[-73.85054808561465,40.7562464559357]]]}"
00000000000000000151,188.46178343949043,162.0,64.0,2505.8503184713372,311.0,58.0,253.0,202.98885350318469,188.0,217.4617834394904,153.484076433121,705.5700636942674,154.9203821656051,6.0,99.00318471337579,434.67993630573244,24.0,168.43152866242036,28.676751592356688,0,338,Culex pipiens,2024.0,"{""type"":""Polygon"",""coordinates"":[[[-101.14095107066989,20.230348819069466],[-101.14664081101678,20.22859394857272],[-101.15011128285094,20.224013829876885],[-101.1500091122806,20.21839485776839],[-101.14637448067502,20.213928425976],[-101.14062498250685,20.21235629127015],[-101.13500263953635,20.214291501777776],[-101.13169990999977,20.218979427006214],[-101.13200498957772,20.224591920737403],[-101.13579923055573,20.228940094451872],[-101.14095107066989,20.230348819069466]]]}"
0000000000000000025d,121.5367088607595,111.03797468354432,31.0,8603.06329113924,300.8050632911392,-49.98607594936709,350.79113924050637,223.53670886075952,8.770886075949367,230.77974683544306,8.770886075949367,1090.4050632911394,108.25443037974685,71.9620253164557,11.0,307.24050632911394,239.1784810126582,302.767088607595,239.1784810126582,0,606,Culex pipiens,2024.0,"{""type"":""Polygon"",""coordinates"":[[[-75.70144512818213,39.66894817326556],[-75.7083807503993,39.66719318816371],[-75.71261073984806,39.66261288703351],[-75.71248570277263,39.65699392152739],[-75.70805532222766,39.652527676057225],[-75.70104768841804,39.650955645089866],[-75.69419500348458,39.652890730724955],[-75.69016911358075,39.65757847824742],[-75.69054047556428,39.663190991617725],[-75.6951651726756,39.66753935468753],[-75.70144512818213,39.66894817326556]]]}"
00000000000000000160,211.53157121879596,118.61380323054334,47.0,4811.256975036711,327.06020558002945,75.27459618208519,251.78560939794426,268.39060205580034,157.6270190895742,268.39060205580034,146.25844346549198,1372.861967694567,196.15124816446408,60.08370044052865,45.0,565.1762114537447,193.48458149779742,565.1762114537447,219.48458149779736,0,353,Culex pipiens,2025.0,"{""type"":""Polygon"",""coordinates"":[[[-81.28735209963168,29.036649785025],[-81.29345830140288,29.034894868111937],[-81.2971826483155,29.030314675525588],[-81.29707282311273,29.024695706088014],[-81.29317219899922,29.02022934976093],[-81.28700216189978,29.018657257073226],[-81.2809685694958,29.02059241700267],[-81.2774241096969,29.025280270256097],[-81.27775133389142,29.030892771944785],[-81.28182316355044,29.035241022352473],[-81.28735209963168,29.036649785025]]]}"
000000000000000002ff,89.0,105.26334519572951,27.93475682087782,9590.576512455515,281.25266903914587,-93.0,374.25266903914587,208.1459074733096,-26.0,208.1459074733096,-39.08066429418742,816.0759193357056,86.0,44.0,19.080664294187425,245.13048635824438,151.0,245.13048635824438,154.0,0,768,Culex pipiens,2025.0,"{""type"":""Polygon"",""coordinates"":[[[-83.68604970661497,42.24194758132702],[-83.6932610547331,42.24019257663128],[-83.69765913445289,42.23561224431274],[-83.69752903868037,42.22999327993798],[-83.69292255060397,42.22552706632077],[-83.68563647584232,42.22395505308697],[-83.67851150116074,42.22589011737565],[-83.67432556862555,42.23057783451779],[-83.67471160154177,42.23619035124289],[-83.67952008815239,42.24053874668464],[-83.68604970661497,42.24194758132702]]]}"
00000000000000000112,219.7870778267254,115.37885462555064,47.378854625550666,4587.145374449339,329.0,88.7870778267254,240.21292217327462,272.78707782672535,167.7870778267254,272.78707782672535,156.78707782672538,1249.3935389133626,191.0,50.133627019089566,48.0,532.1409691629956,163.46108663729808,526.237885462555,195.32745961820854,0,275,Culex quinquefasciatus,2019.55555555556,"{""type"":""Polygon"",""coordinates"":[[[-81.44505266748783,28.563548081456492],[-81.45113121512063,28.561793167217964],[-81.45483870339551,28.557212978889098],[-81.45472938568444,28.55159400929751],[-81.45084642437847,28.54712764862219],[-81.44470431351388,28.545555553513513],[-81.43869803041785,28.547490716357153],[-81.43516962220755,28.55217857375771],[-81.43549537510214,28.557791074988014],[-81.43954877154655,28.56213932097671],[-81.44505266748783,28.563548081456492]]]}"
0000000000000000012c,217.0262390670554,117.75510204081631,47.74489795918367,4689.603498542274,329.036443148688,84.02623906705539,245.01020408163262,272.02623906705537,164.39795918367346,272.02623906705537,153.0262390670554,1246.655976676385,183.2755102040816,52.0,46.0,523.2580174927112,172.98250728862973,523.2580174927112,205.94606413994165,0,301,Culex quinquefasciatus,2019.5625,"{""type"":""Polygon"",""coordinates"":[[[-81.54464668951655,28.688050641969763],[-81.55073245016237,28.68629572702974],[-81.55444433566119,28.6817155375842],[-81.55433488557549,28.676096568033014],[-81.55044731729106,28.671630208498165],[-81.54429792245254,28.670058114024474],[-81.53828451629468,28.671993276103763],[-81.53475192135821,28.676681132416597],[-81.53507805800493,28.682293633767127],[-81.53913626236975,28.68664188091485],[-81.54464668951655,28.688050641969763]]]}"
00000000000000000153,220.0,115.53088235294118,47.530882352941184,4577.65,328.9779411764706,89.0,239.9779411764706,273.0,168.0,273.0,157.10147058823532,1248.3999999999999,191.05882352941177,50.15588235294118,48.0,532.0808823529412,163.28970588235296,531.010294117647,195.13382352941179,0,340,Culex quinquefasciatus,2019.5250244140625,"{""type"":""Polygon"",""coordinates"":[[[-81.44505266748783,28.55524969439604],[-81.45113073598391,28.5534947802042],[-81.45483793216582,28.54891459194966],[-81.45472862324812,28.543295622355387],[-81.45084596796852,28.538829261604157],[-81.44470434095409,28.5372571664532],[-81.43869853101936,28.539192329347728],[-81.43517040091949,28.54388018682069],[-81.43549612832284,28.54949268804299],[-81.43954920539305,28.553840933954525],[-81.44505266748783,28.55524969439604]]]}"
00000000000000000163,220.5697503671072,113.0,47.0,4514.985315712188,327.62701908957416,91.56975036710719,236.05726872246697,273.0,169.56975036710725,273.0,159.0,1245.2628487518357,191.76945668135096,50.436123348017624,48.508076358296634,532.4640234948605,161.53303964757708,514.3245227606462,187.90014684287812,0,356,Culex quinquefasciatus,2019.59090909091,"{""type"":""Polygon"",""coordinates"":[[[-81.32884849403504,28.497147607669632],[-81.33492321348464,28.495392693804536],[-81.33862836800967,28.490812506070142],[-81.33851912055592,28.485193536457054],[-81.33463860432444,28.480727175174597],[-81.32850035930139,28.479155079727867],[-81.32249785664571,28.481090242978418],[-81.31897167046854,28.48577810095805],[-81.31929721969509,28.491390602124344],[-81.32334806441936,28.49573884749601],[-81.32884849403504,28.497147607669632]]]}"
00000000000000000177,224.3404761904762,104.27857142857142,46.27857142857144,4408.954761904762,325.15714285714284,102.87857142857143,222.27857142857144,275.0,176.15714285714284,275.0,164.15714285714287,1288.2500000000002,226.81666666666666,34.0,59.81666666666666,611.0333333333333,173.0,595.7,198.0,0,376,Culex quinquefasciatus,2019.4000244140625,"{""type"":""Polygon"",""coordinates"":[[[-82.63194943128774,27.542650272573226],[-82.63797053729155,27.540895364025317],[-82.64164300792424,27.536315184755242],[-82.64153474455921,27.530696214836006],[-82.63768847139468,27.526229844908837],[-82.63160436698486,27.524657744648934],[-82.62565480891878,27.52659291369323],[-82.622159742154,27.53128077991776],[-82.6224824391708,27.536893280172702],[-82.62649754733164,27.541241516758966],[-82.63194943128774,27.542650272573226]]]}"
0000000000000000017c,219.0,117.0,48.0,4599.387994143485,329.0,87.71595900439242,241.2840409956077,272.46120058565157,167.0,272.46120058565157,156.0,1246.1566617862375,187.69692532942904,52.32357247437776,48.0,532.6822840409957,169.32357247437778,532.3133235724745,199.28404099560768,0,381,Culex quinquefasciatus,2019.33333333333,"{""type"":""Polygon"",""coordinates"":[[[-81.51975152833516,28.563548081456492],[-81.52583007596796,28.561793167217964],[-81.52953756424286,28.557212978889098],[-81.52942824653178,28.55159400929751],[-81.5255452852258,28.547127648622194],[-81.51940317436123,28.545555553513513],[-81.51339689126519,28.547490716357153],[-81.50986848305489,28.55217857375771],[-81.51019423594947,28.557791074988017],[-81.5142476323939,28.56213932097671],[-81.51975152833516,28.563548081456492]]]}"
000000000000000001ae,221.0,115.0,48.0,4504.035346097202,329.0,91.0,238.0,273.0,170.0044182621502,273.0,159.37702503681885,1231.9145802650958,189.559646539028,51.06774668630339,48.951399116347574,528.6715758468335,163.06774668630342,509.93519882179675,190.04418262150222,0,431,Culex quinquefasciatus,2019.45454545455,"{""type"":""Polygon"",""coordinates"":[[[-81.3952489678219,28.472247987387203],[-81.40132225507985,28.47049307366202],[-81.40502653650766,28.465912886150353],[-81.40491731533874,28.460293916529203],[-81.4010377138532,28.455827555019273],[-81.39490091510991,28.4542554594459],[-81.38889982678394,28.456190622848904],[-81.38537447190899,28.460878481045484],[-81.38569994494004,28.4664909821878],[-81.3897498350205,28.470839227328288],[-81.3952489678219,28.472247987387203]]]}"
000000000000000001b2,223.0,117.07952871870398,50.0,4299.17967599411,328.22974963181156,95.9941089837997,232.23564064801178,272.7275405007364,176.2297496318115,273.0,164.379970544919,1358.3858615611193,237.86450662739324,34.0,63.0,654.458026509573,171.41678939617086,653.8262150220913,196.36377025036825,0,435,Culex quinquefasciatus,2018.5,"{""type"":""Polygon"",""coordinates"":[[[-82.42445408196774,27.42645055822148],[-82.4304688392243,27.424695650314515],[-82.43413743954184,27.42011547206476],[-82.43402929272851,27.41449650210862],[-82.43018707452293,27.410030131139397],[-82.42410938125431,27.408458030299286],[-82.41816609270172,27.41039320004198],[-82.41467471100519,27.415081067260395],[-82.41499707029148,27.420693567405465],[-82.41900794664714,27.425041802932704],[-82.42445408196774,27.42645055822148]]]}"
000000000000000001d9,222.0,114.06901615271659,48.0,4458.179148311307,328.9060205580029,92.90161527165931,236.00440528634357,273.0690161527166,172.0,273.9060205580029,161.0,1219.9295154185022,186.0,52.646108663729805,48.39941262848751,524.0161527165932,165.0,503.08076358296614,186.16740088105726,0,474,Culex quinquefasciatus,2019.39285714286,"{""type"":""Polygon"",""coordinates"":[[[-81.32884849403504,28.414150359761848],[-81.33491844667854,28.412395446362872],[-81.33862069524871,28.407815259370487],[-81.33851153528025,28.402196289730558],[-81.33463406362469,28.39772992769028],[-81.3285006322965,28.39615783182162],[-81.32250283699537,28.398092995580065],[-81.31897941766607,28.402780854282465],[-81.31930471328955,28.40839335536887],[-81.32335238064493,28.412741599970378],[-81.32884849403504,28.414150359761848]]]}"
00000000000000000200,203.40373563218392,124.37787356321837,46.0,5289.83908045977,327.0,59.40373563218391,267.5962643678161,266.51005747126436,173.0,266.51005747126436,132.0,1314.920977011494,190.91954022988506,57.464080459770116,41.0,530.1048850574712,198.92816091954023,530.1048850574712,253.4669540229885,0,513,Culex quinquefasciatus,2022.59459459459,"{""type"":""Polygon"",""coordinates"":[[[-81.99285323190367,29.70065006379257],[-81.99899938440406,29.69889514308412],[-82.00274808633853,29.69431494445599],[-82.00263752808353,29.688695975237003],[-81.99871138725621,29.684229625080444],[-81.99250100617526,29.682657535828337],[-81.98642796104717,29.684592691622278],[-81.98286031220987,29.68928053899053],[-81.98318966203153,29.694893041329685],[-81.98728812142645,29.699241298008342],[-81.99285323190367,29.70065006379257]]]}"
00000000000000000207,184.30410183875532,130.30410183875532,39.12305516265913,7063.275813295616,343.3041018387553,16.5007072135785,326.80339462517685,223.15841584158417,266.6166902404526,271.30410183875534,89.12305516265913,1172.5374823196605,126.14002828854315,65.86987270155586,15.0,330.32814710042436,245.86987270155586,248.77227722772275,299.1824611032532,0,520,Culex quinquefasciatus,2020.66666666667,"{""type"":""Polygon"",""coordinates"":[[[-94.65035046378985,31.634548813368884],[-94.65662087944877,31.632793881310956],[-94.66044533596907,31.628213664616123],[-94.66033249819324,31.622594696050946],[-94.65632698977174,31.618128364346113],[-94.64999112139347,31.61655628536738],[-94.64379536120157,31.618491428795007],[-94.64015558489749,31.623179258564825],[-94.64049154689478,31.6287917628489],[-94.64467283611992,31.633140038279645],[-94.65035046378985,31.634548813368884]]]}"
00000000000000000234,220.0,110.73932253313697,46.7820324005891,4526.559646539028,327.81737849779086,92.7437407952872,235.0736377025037,272.81737849779086,169.26067746686303,272.81737849779086,158.74374079528718,1268.7466863033874,188.63770250368188,51.77025036818851,49.0,539.8173784977909,161.8247422680412,534.917525773196,190.01178203240056,0,565,Culex quinquefasciatus,2019.44444444444,"{""type"":""Polygon"",""coordinates"":[[[-81.22925001290528,28.588447701738943],[-81.23532999942478,28.586692787360246],[-81.23903836487887,28.58211259880826],[-81.23892902076072,28.576493629224746],[-81.2350451404325,28.572027268777305],[-81.22890157652616,28.570455173795487],[-81.22289387248786,28.57239033648641],[-81.2193646290892,28.577078193669642],[-81.21969045853618,28.58269069492397],[-81.22374481408754,28.587038941144232],[-81.22925001290528,28.588447701738943]]]}"
00000000000000000245,219.42898975109807,117.0,48.0,4550.084919472914,329.18594436310394,88.68081991215229,240.5051244509517,272.4289897510981,168.18594436310397,272.4289897510981,157.18594436310397,1244.6852122986825,188.39531478770135,52.48462664714495,48.48462664714496,534.1888726207907,168.67057101024892,525.6852122986824,197.31918008784774,0,582,Culex quinquefasciatus,2019.42857142857,"{""type"":""Polygon"",""coordinates"":[[[-81.50315029511319,28.522047227952076],[-81.50922644857789,28.520292313947003],[-81.51293247731189,28.51571212598977],[-81.51282320354001,28.510093156384745],[-81.50894177139791,28.505626795329867],[-81.50280207825342,28.504054700009867],[-81.49679815946705,28.505989863107878],[-81.49327114092924,28.510677720870447],[-81.49359676644849,28.516290222060732],[-81.49764856703214,28.520638467663687],[-81.50315029511319,28.522047227952076]]]}"
00000000000000000279,218.40675477239355,115.0,47.0,4634.22026431718,329.0,87.28193832599119,241.71806167400882,272.4067547723936,166.40675477239353,272.4067547723936,155.50367107195302,1254.2848751835538,189.90014684287814,50.0,47.096916299559474,528.8942731277533,163.27019089574156,528.8942731277533,197.2701908957416,0,634,Culex quinquefasciatus,2019.23529411765,"{""type"":""Polygon"",""coordinates"":[[[-81.43675428042738,28.638246942303827],[-81.44283715021271,28.63649202764462],[-81.44654727337392,28.63191183864609],[-81.44643787634134,28.626292869078732],[-81.44255215446049,28.62182650908735],[-81.43640567892334,28.620254414359458],[-81.43039512757578,28.622189576744727],[-81.42686421061237,28.626877433492986],[-81.42719019345681,28.632489934795384],[-81.43124647088351,28.636838181479146],[-81.43675428042738,28.638246942303827]]]}"
00000000000000000280,222.9604105571848,123.0,51.21700879765396,4273.560117302053,330.0,93.21700879765396,236.78299120234604,271.9721407624634,175.0,272.0,164.21700879765393,1322.4442815249267,214.2639296187683,40.03958944281525,60.516129032258064,633.8049853372434,160.81378299120237,607.7888563049854,188.0,0,641,Culex quinquefasciatus,2019.55555555556,"{""type"":""Polygon"",""coordinates"":[[[-82.16715057388076,27.476249798786363],[-82.17316804732357,27.474494890604877],[-82.17683830347866,27.46991471191811],[-82.17673010680045,27.464295741977775],[-82.17288615376081,27.459829371454877],[-82.1668057176128,27.45825727086327],[-82.16085974677338,27.460192440306837],[-82.15736678849315,27.46488030709956],[-82.15768929227022,27.47049280729168],[-82.16170197911985,27.47484104327252],[-82.16715057388076,27.476249798786363]]]}"
0000000000000000028d,220.0,109.03387334315167,46.0338733431517,4478.979381443298,327.0,94.0,233.0,272.0,170.0,272.0,159.0,1284.240058910162,193.85419734904266,53.0338733431517,49.698085419734895,555.2916053019145,171.40353460972014,549.0456553755522,190.80559646539027,0,654,Culex quinquefasciatus,2019.48275862069,"{""type"":""Polygon"",""coordinates"":[[[-81.14624830589642,28.530350074113596],[-81.15232493794308,28.528595160061826],[-81.1560312584318,28.524014972030265],[-81.15592197587667,28.518396002427927],[-81.15204023806255,28.513929641448964],[-81.14590006162824,28.512357546171224],[-81.13989567022853,28.514292709218367],[-81.1363683739023,28.51898056690853],[-81.1366940248832,28.524593068106817],[-81.14074614447121,28.528941313786927],[-81.14624830589642,28.530350074113596]]]}"
00000000000000000292,218.21304347826083,116.99130434782607,47.99130434782608,4643.785507246377,329.21304347826083,86.21304347826086,243.0,272.2130434782609,165.7,272.2130434782609,154.79275362318842,1250.5985507246376,186.86231884057972,51.20724637681159,47.0,528.3492753623188,168.62753623188402,528.3492753623188,201.42028985507244,0,659,Culex quinquefasciatus,2019.4000244140625,"{""type"":""Polygon"",""coordinates"":[[[-81.50315029511319,28.638246942303827],[-81.50923316489852,28.636492027644614],[-81.51294328805973,28.631911838646086],[-81.51283389102716,28.626292869078725],[-81.5089481691463,28.621826509087345],[-81.50280169360914,28.620254414359458],[-81.49679114226159,28.622189576744727],[-81.49326022529817,28.62687743349298],[-81.49358620814263,28.632489934795384],[-81.49764248556932,28.63683818147914],[-81.50315029511319,28.638246942303827]]]}"
000000000000000002a9,179.98086124401914,157.30303030303028,64.3030303030303,2281.4338118022324,297.9808612440191,55.0,242.98086124401914,197.98086124401914,177.7272727272727,205.98086124401914,147.33333333333331,751.0733652312598,175.97926634768737,6.0,101.69856459330143,469.9298245614035,23.0,182.91068580542264,28.0,0,682,Culex quinquefasciatus,2019.5,"{""type"":""Polygon"",""coordinates"":[[[-100.72595145382778,20.047748630930858],[-100.73163454890864,20.045993761333406],[-100.73510097008992,20.04141364406921],[-100.73499892202666,20.035794671909002],[-100.73136853463696,20.031328238654467],[-100.72562574618193,20.029756103134492],[-100.72000996473335,20.0316913146221],[-100.71671109233729,20.036379241245047],[-100.71701581895036,20.04199173482202],[-100.72080563085773,20.046339907050555],[-100.72595145382778,20.047748630930858]]]}"
000000000000000002b0,220.0,113.37444933920703,47.02790014684288,4549.640234948605,328.6740088105726,91.0,237.67400881057267,272.8325991189427,169.0,273.0,158.44052863436121,1257.0528634361233,195.1189427312775,49.44052863436123,48.67254038179147,536.4537444933919,159.44052863436124,534.4449339207047,189.55947136563876,0,689,Culex quinquefasciatus,2019.54545454545,"{""type"":""Polygon"",""coordinates"":[[[-81.34544972725702,28.522047227952072],[-81.35152588072172,28.520292313946996],[-81.35523190945572,28.515712125989765],[-81.35512263568384,28.510093156384738],[-81.35124120354175,28.505626795329864],[-81.34510151039724,28.504054700009856],[-81.3390975916109,28.505989863107875],[-81.33557057307307,28.510677720870444],[-81.33589619859232,28.516290222060732],[-81.33994799917599,28.520638467663684],[-81.34544972725702,28.522047227952072]]]}"
000000000000000002be,221.34214390602054,119.0,49.0,4483.449339207047,330.0910425844346,89.97503671071951,240.11600587371515,273.367107195301,171.0,273.367107195301,159.9750367107195,1225.3494860499266,184.6578560939794,45.71806167400881,49.34214390602055,532.8986784140968,170.20998531571215,531.1541850220264,194.9588839941263,0,703,Culex quinquefasciatus,2019.54545454545,"{""type"":""Polygon"",""coordinates"":[[[-81.52805437449668,28.397549126539868],[-81.53412337610204,28.39579421323404],[-81.53782504489764,28.39121402638993],[-81.53771590238384,28.385595056744638],[-81.53383903815964,28.381128694552928],[-81.52770656722409,28.379556598599944],[-81.52170971109939,28.381491762459884],[-81.51818684379123,28.38617962130672],[-81.51851208881794,28.391792122377165],[-81.5225591222482,28.39614036682477],[-81.52805437449668,28.397549126539868]]]}"
000000000000000002c6,221.93529411764706,117.51176470588237,48.51176470588235,4489.664705882352,330.0,90.58382352941176,239.41617647058823,273.90441176470586,171.0,273.93529411764706,160.0,1220.2147058823527,185.84117647058824,48.68088235294117,49.0,526.520588235294,167.0,525.9029411764706,192.42205882352943,0,711,Culex quinquefasciatus,2019.91666666667,"{""type"":""Polygon"",""coordinates"":[[[-81.45334659544724,28.414150359761848],[-81.45941654809076,28.41239544636288],[-81.46311879666092,28.407815259370487],[-81.46300963669246,28.402196289730565],[-81.45913216503689,28.397729927690285],[-81.45299873370871,28.396157831821622],[-81.44700093840757,28.398092995580072],[-81.44347751907827,28.402780854282465],[-81.44380281470175,28.40839335536887],[-81.44785048205713,28.412741599970385],[-81.45334659544724,28.414150359761848]]]}"
000000000000000002d1,220.15905743740797,111.0,47.0,4481.961708394699,327.0,93.15905743740795,233.8409425625921,272.0,170.0,273.0,159.4079528718704,1263.6686303387335,186.9779086892489,54.0,49.0,544.0441826215022,166.87187039764362,528.1796759941092,188.12371134020623,0,722,Culex quinquefasciatus,2019.36842105263,"{""type"":""Polygon"",""coordinates"":[[[-81.20435485172388,28.48884922060917],[-81.21042909365926,28.487094306790713],[-81.21413395708053,28.482514119130556],[-81.21402471839052,28.476895149514785],[-81.2101445071491,28.472428788156503],[-81.20400674433749,28.47085669266756],[-81.19800471324062,28.472791855968932],[-81.1944788042321,28.477479714020873],[-81.1948043280539,28.483092215179173],[-81.19885485448556,28.487440460473785],[-81.20435485172388,28.48884922060917]]]}"
000000000000000002d6,223.0,112.46686303387334,48.466863033873345,4392.60088365243,327.0,97.33726067746687,229.66273932253313,274.0,174.44624447717229,274.0,163.4462444771723,1275.0913107511049,219.53608247422684,35.0,58.44918998527247,593.4344624447718,166.55817378497792,591.0677466863034,198.0,0,727,Culex quinquefasciatus,2019.75,"{""type"":""Polygon"",""coordinates"":[[[-82.41615123580623,27.650547140763447],[-82.42217827114901,27.648792231619172],[-82.42585435642093,27.64421205139975],[-82.42574598420758,27.63859308151485],[-82.42189592396016,27.634126712557265],[-82.4158058319328,27.632554612837197],[-82.40985041852115,27.634489781231668],[-82.40635191012927,27.63917764653147],[-82.40667492256958,27.644790146888624],[-82.41069398297871,27.649138384460244],[-82.41615123580623,27.650547140763447]]]}"
00000000000000000308,219.0,118.00291120815137,48.0,4645.0727802037845,330.0,86.75982532751092,243.24017467248913,273.0,166.19359534206697,273.0,155.14847161572055,1247.2896652110628,184.34788937409024,52.848617176128094,48.0,534.2066957787482,175.0,534.2066957787482,203.94468704512371,0,777,Culex quinquefasciatus,2019.57894736842,"{""type"":""Polygon"",""coordinates"":[[[-81.602753235344,28.571850927618012],[-81.6088322625742,28.57009601333275],[-81.61254004322295,28.5655158249295],[-81.61243071671008,28.559896855340604],[-81.60854744908347,28.55543049474126],[-81.60240485390347,28.553858399674876],[-81.59639809719113,28.555793562467606],[-81.592869410603,28.5604814197957],[-81.59319518901334,28.566093921034014],[-81.59724890513908,28.570442167099916],[-81.602753235344,28.571850927618012]]]}"
00000000000000000321,219.0,107.0,46.0,4440.692647058823,324.1617647058824,94.0,230.16176470588235,270.1588235294118,169.31176470588235,271.0632352941177,158.92205882352945,1321.2970588235296,198.92205882352943,55.0,48.08088235294118,558.919117647059,180.76470588235298,558.3735294117647,193.0,0,802,Culex quinquefasciatus,2019.42857142857,"{""type"":""Polygon"",""coordinates"":[[[-81.02175020448422,28.571850927618012],[-81.02782923171442,28.57009601333275],[-81.03153701236316,28.5655158249295],[-81.0314276858503,28.559896855340604],[-81.0275444182237,28.55543049474126],[-81.02140182304369,28.55385839967488],[-81.01539506633135,28.555793562467606],[-81.01186637974322,28.5604814197957],[-81.01219215815357,28.566093921034014],[-81.0162458742793,28.570442167099916],[-81.02175020448422,28.571850927618012]]]}"
000000000000000001c8,193.0757097791798,152.55047318611986,64.3154574132492,2598.98738170347,306.794952681388,71.19716088328074,235.59779179810724,212.02050473186114,168.28706624605675,219.88328075709776,156.67034700315457,795.2129337539432,195.4968454258675,10.876971608832806,84.24447949526814,405.2854889589906,40.74921135646687,234.891167192429,48.22239747634069,0,457,Culex quinquefasciatus,2011.0,"{""type"":""Polygon"",""coordinates"":[[[-99.19045108787157,21.027150045410764],[-99.19617069096434,21.02539517096473],[-99.19965936597038,21.02081504598185],[-99.1995566451086,21.015196074100437],[-99.19590294062652,21.010729648729093],[-99.19012328970143,21.00915751759847],[-99.18447145994476,21.011092723802523],[-99.18115139702722,21.01578064290691],[-99.18145806302029,21.021393137315343],[-99.18527220769772,21.025741317555305],[-99.19045108787157,21.027150045410764]]]}"
000000000000000002ef,194.91194968553458,168.45440251572327,65.0,2775.883647798743,318.46698113207543,61.22484276729559,257.24213836477986,214.52044025157232,168.39622641509436,223.4669811320755,155.124213836478,447.6477987421384,81.86006289308176,9.899371069182388,75.0817610062893,226.08490566037736,35.91194968553459,131.72641509433961,38.8003144654088,0,752,Culex quinquefasciatus,2011.0,"{""type"":""Polygon"",""coordinates"":[[[-100.63465135975848,22.421546617631723],[-100.64042669254346,22.419791736170954],[-100.6439493389445,22.41521160002107],[-100.64384559201632,22.4095926285431],[-100.6401562936118,22.40512621457675],[-100.63432037028959,22.403554089796383],[-100.62861351105539,22.405489288356492],[-100.62526110060992,22.4101771965834],[-100.62557072809413,22.415789692194668],[-100.62942201760508,22.42013788402516],[-100.63465135975848,22.421546617631723]]]}"
00000000000000000165,180.77287066246055,172.60252365930597,62.43848580441641,3039.104100946372,311.602523659306,37.4384858044164,274.16403785488956,210.75078864353313,170.77287066246058,214.5788643533123,137.77287066246055,499.75552050473186,113.14668769716089,3.0,95.37539432176656,303.6309148264984,16.97634069400631,213.794952681388,38.664037854889585,0,358,Culex quinquefasciatus,2012.0,"{""type"":""Polygon"",""coordinates"":[[[-102.31954944740932,21.973348993446713],[-102.32530637676055,21.97159411425559],[-102.32881780480437,21.96701398171883],[-102.32871439659691,21.96139501011031],[-102.3250368522858,21.956928592453835],[-102.31921951180453,21.955356465618838],[-102.31353082495458,21.95729166665216],[-102.31018909653605,21.961979578398513],[-102.31049774593677,21.967592073620608],[-102.31433676914617,21.971940261700944],[-102.31954944740932,21.973348993446713]]]}"
00000000000000000184,159.34615384615384,171.32371794871798,69.66987179487181,2041.0945512820517,272.66987179487177,27.98717948717949,244.6826923076923,177.7548076923077,130.01602564102564,180.18750000000003,130.01602564102564,617.6057692307694,121.73557692307693,6.0,87.67788461538461,347.5448717948718,21.0,214.8189102564103,21.0,0,389,Culex quinquefasciatus,2012.0,"{""type"":""Polygon"",""coordinates"":[[[-99.11575222702425,19.425249205667708],[-99.1214132148358,19.423494339120488],[-99.12486616055476,19.4189142267121],[-99.1247645201968,19.413295254376532],[-99.1211482522968,19.40882881616269],[-99.1154277852554,19.407256677881364],[-99.10983383223774,19.40919189269287],[-99.10654779164808,19.413879824045733],[-99.10685134418887,19.419492317099607],[-99.11062642171198,19.42384048428817],[-99.11575222702425,19.425249205667708]]]}"
000000000000000001a5,163.87559055118112,172.73543307086612,64.61889763779529,2773.171653543307,290.1779527559055,24.488188976377952,265.68976377952754,184.35748031496064,152.96850393700788,194.38267716535432,124.651968503937,499.7842519685039,106.22362204724409,6.445669291338581,90.82519685039368,296.02047244094484,21.477165354330705,207.88346456692912,38.907086614173224,0,422,Culex quinquefasciatus,2012.0,"{""type"":""Polygon"",""coordinates"":[[[-102.41915238764012,22.247249275654625],[-102.42492050768983,22.245494395078218],[-102.42843875734454,22.240914260336165],[-102.42833514315654,22.235295288807322],[-102.42465045145873,22.230828873403137],[-102.41882181120647,22.229256747822202],[-102.41312207417343,22.231191947345977],[-102.4097738502646,22.235879856944223],[-102.41008309440203,22.241492352403842],[-102.41392957645387,22.24584054277311],[-102.41915238764012,22.247249275654625]]]}"
000000000000000001ff,158.3568,167.8608,69.0,2041.9664,270.768,29.284799999999994,241.48319999999998,176.86079999999998,129.0128,179.0128,129.0128,753.6175999999999,160.82399999999998,6.0,96.0272,452.1391999999999,23.0,259.6144,23.371199999999998,0,512,Culex quinquefasciatus,2012.0,"{""type"":""Polygon"",""coordinates"":[[[-99.18215270081112,19.491649679454568],[-99.18781600673387,19.489894812583113],[-99.19127036544545,19.485314699658563],[-99.19116868232501,19.47969572734163],[-99.1875509338947,19.47522928965495],[-99.1818281263069,19.473657151667158],[-99.17623188443456,19.475592366125337],[-99.17294449833568,19.480280296975415],[-99.17324817397449,19.4858927900849],[-99.17702479649851,19.490240957809203],[-99.18215270081112,19.491649679454568]]]}"
00000000000000000299,191.6958598726115,162.359872611465,62.55414012738854,2400.492038216561,320.501592356688,62.68312101910829,257.8184713375797,212.6799363057325,184.12898089171978,218.95700636942678,157.24522292993635,974.9681528662421,267.99044585987264,5.0,114.0,673.9347133757962,21.0,471.89171974522304,37.0,0,666,Culex quinquefasciatus,2012.0,"{""type"":""Polygon"",""coordinates"":[[[-103.48155105002783,20.803049003767732],[-103.48726211083437,20.801294130436634],[-103.49074557876283,20.79671400722867],[-103.49064301527531,20.791095035283146],[-103.4869947666296,20.786628608099054],[-103.4812237410119,20.785056475959106],[-103.47558034605684,20.78699168337811],[-103.47226524138352,20.7916796042114],[-103.47257145354054,20.797292098428635],[-103.47637990470498,20.801640276826365],[-103.48155105002783,20.803049003767732]]]}"
000000000000000002c9,140.4759615384615,152.47275641025635,67.26923076923076,1872.0673076923072,245.4070512820512,20.0,225.4070512820513,155.12179487179483,113.55769230769228,161.4759615384615,113.55769230769228,886.9439102564098,183.14583333333326,9.0,89.22435897435896,515.1923076923076,35.987179487179475,254.91987179487177,35.987179487179475,0,714,Culex quinquefasciatus,2012.0,"{""type"":""Polygon"",""coordinates"":[[[-99.58055108443125,19.425249205667708],[-99.5862120722428,19.423494339120488],[-99.58966501796178,19.4189142267121],[-99.5895633776038,19.413295254376532],[-99.5859471097038,19.40882881616269],[-99.5802266426624,19.407256677881364],[-99.57463268964473,19.40919189269287],[-99.57134664905507,19.41387982404573],[-99.57165020159586,19.419492317099607],[-99.57542527911897,19.42384048428817],[-99.58055108443125,19.425249205667708]]]}"
000000000000000002d8,194.58505564387917,177.20190779014308,67.0,2570.9475357710653,321.5850556438792,57.383147853736084,264.2019077901431,216.5310015898251,172.25755166931637,222.58505564387914,158.38314785373606,463.88235294117646,85.61685214626391,5.0,77.55802861685214,242.72178060413356,22.543720190779013,152.16057233704294,31.543720190779016,0,729,Culex quinquefasciatus,2012.0,"{""type"":""Polygon"",""coordinates"":[[[-99.63035032499612,20.57064957506424],[-99.63605264610753,20.568894702885867],[-99.63953078665013,20.56431458151298],[-99.63942838420415,20.558695609501175],[-99.63578571746935,20.554229180442896],[-99.63002351643537,20.552657047259395],[-99.62438875115885,20.55459225593454],[-99.6210787193105,20.559280178555326],[-99.62138446717549,20.564892672574892],[-99.62518709327475,20.569240849067942],[-99.63035032499612,20.57064957506424]]]}"
000000000000000002e4,200.98713826366557,137.45659163987136,65.59324758842443,1625.0884244372987,311.69774919614144,103.96945337620578,207.72829581993568,198.8842443729903,209.40032154340832,224.40032154340835,182.5305466237942,1505.7282958199357,314.6672025723472,5.118971061093246,102.62700964630224,932.5401929260448,25.512861736334397,357.55466237942125,57.2717041800643,0,741,Culex quinquefasciatus,2012.0,"{""type"":""Polygon"",""coordinates"":[[[-100.09515364150415,18.91064664859478],[-100.10079698454167,18.908891784551475],[-100.10423917506012,18.90431167612921],[-100.10413786029287,18.8986927036497],[-100.1005328617256,18.894226261364775],[-100.09483021006761,18.892654120816662],[-100.08925367898074,18.894589338356745],[-100.08597788000034,18.899277273592375],[-100.08628049565618,18.904889766216836],[-100.09004381316248,18.9092379292681],[-100.09515364150415,18.91064664859478]]]}"
000000000000000002fd,177.35416666666666,157.47275641025644,64.38621794871794,2257.1233974358975,296.4935897435898,53.76282051282052,242.73076923076923,189.42628205128204,175.90064102564105,203.23557692307696,145.09615384615387,731.342948717949,173.78525641025644,6.0,103.2676282051282,464.26762820512823,23.237179487179493,173.16826923076925,28.43269230769231,0,766,Culex quinquefasciatus,2012.0,"{""type"":""Polygon"",""coordinates"":[[[-100.82554547585649,19.989651003305507],[-100.83122647196907,19.98789613399375],[-100.83469161371796,19.98331601718435],[-100.83458960435392,19.97769704500772],[-100.83096055753771,19.97323061128869],[-100.82521988840006,19.971658475510083],[-100.81960617946174,19.97359368730901],[-100.81630852537862,19.978281614374968],[-100.81661314050895,19.983894107902948],[-100.82040155345683,19.98824227965944],[-100.82554547585649,19.989651003305507]]]}"
00000000000000000158,255.58928571428572,117.42370129870129,68.74837662337663,1486.672077922078,341.0,171.58603896103898,169.41396103896105,263.5892857142857,254.84415584415586,271.8409090909091,233.58928571428572,2233.3587662337663,388.7613636363637,36.74837662337662,73.25162337662337,1073.2207792207791,122.50000000000001,519.8506493506494,196.1818181818182,0,345,Culex quinquefasciatus,2016.0,"{""type"":""Polygon"",""coordinates"":[[[-91.21414935560024,16.321050466412412],[-91.21971228240608,16.319295614747055],[-91.22310545819444,16.3147155260301],[-91.2230056299579,16.309096552839193],[-91.21945199081141,16.30463009042898],[-91.21383052848503,16.30305793867495],[-91.20833339383083,16.30499316970382],[-91.20510427088284,16.30968112413381],[-91.20540261946647,16.31529361463525],[-91.20911234255317,16.31964175723392],[-91.21414935560024,16.321050466412412]]]}"
00000000000000000167,263.70418006430873,97.1961414790997,61.03215434083602,2054.9887459807073,339.9453376205788,181.95819935691318,157.9871382636656,277.86012861736333,261.1141479099679,284.7395498392283,233.90514469453376,1062.734726688103,199.78456591639875,13.361736334405146,81.7861736334405,590.4887459807074,49.86816720257236,230.79099678456595,73.16237942122187,0,360,Culex quinquefasciatus,2016.0,"{""type"":""Polygon"",""coordinates"":[[[-90.5086526824293,19.856850055731787],[-90.51432890838987,19.855095187072273],[-90.51779114248484,19.850515071301206],[-90.51768922107712,19.84489609908708],[-90.5140632208696,19.840429664307578],[-90.50832736811658,19.838857527938508],[-90.50271836918895,19.840792740448194],[-90.49942348386449,19.845480668525568],[-90.4997278456454,19.851093161941698],[-90.50351307929932,19.85544133262046],[-90.5086526824293,19.856850055731787]]]}"
000000000000000002c2,256.14308943089435,108.16585365853659,67.0,1553.5008130081303,337.0308943089431,176.78861788617888,160.24227642276426,263.7886178861789,256.369105691057,273.85691056910565,233.0975609756098,2566.2943089430896,448.59999999999997,47.17560975609756,66.92357723577236,1174.4130081300812,167.8910569105691,575.1382113821139,273.70731707317077,0,707,Culex quinquefasciatus,2016.0,"{""type"":""Polygon"",""coordinates"":[[[-90.85724736638349,16.262948379686016],[-90.86280864487009,16.261193528294434],[-90.86620081603357,16.256613440013318],[-90.86610101832339,16.250994466806684],[-90.86254843189431,16.24652800395133],[-90.85692863363872,16.244955851949445],[-90.85143312631128,16.24689108327666],[-90.84820496009372,16.251579038131194],[-90.84850322127316,16.257191528585686],[-90.85221184585862,16.261539670731974],[-90.85724736638349,16.262948379686016]]]}"
000000000000000002dd,183.3178170144462,139.80256821829855,65.76083467094702,1617.2873194221506,289.3756019261637,77.70465489566612,211.67094703049756,187.36115569823434,184.42375601926167,204.87961476725522,161.1268057784912,986.5858747993577,205.59069020866775,5.0,97.42696629213482,582.3451043338683,21.72552166934189,248.31781701444623,34.68378812199037,0,734,Culex quinquefasciatus,2017.0,"{""type"":""Polygon"",""coordinates"":[[[-100.12834718974601,19.20114816402468],[-100.13400042393837,19.199393298569795],[-100.13744864349651,19.194813187900362],[-100.13734714619123,19.189194215501992],[-100.13373583036426,19.184727775512137],[-100.12802319194834,19.183155636241924],[-100.12243689465971,19.18509085224377],[-100.11915535452817,19.1897787852905],[-100.11945849535253,19.195391278157043],[-100.12322840517157,19.199739443540704],[-100.12834718974601,19.20114816402468]]]}"
0000000000000000011e,179.7107776261937,156.96452933151429,53.56889495225101,4641.141882673942,337.3055934515689,46.95770804911323,290.34788540245563,130.8963165075034,216.11459754433832,242.95225102319233,124.72305593451567,254.81173260572982,42.96725784447476,3.8008185538881305,67.3669849931787,126.7257844474761,16.627557980900406,25.047748976807632,117.75170532060027,0,287,Culex quinquefasciatus,2018.0,"{""type"":""Polygon"",""coordinates"":[[[-117.45044760622719,33.9170511651015],[-117.45688095509787,33.91529621902335],[-117.4608047412952,33.910715980010686],[-117.46068891541228,33.90509701225352],[-117.45657934041114,33.90063070334213],[-117.45007893240965,33.89905863705394],[-117.4437222676119,33.90099376520564],[-117.43998791808629,33.905681573236016],[-117.44033255076522,33.91129407992229],[-117.44462244662299,33.915642378517596],[-117.45044760622719,33.9170511651015]]]}"
00000000000000000141,179.0,151.5747599451303,55.0,4231.641975308642,325.00823045267487,51.5363511659808,273.4718792866941,134.23045267489712,229.6652949245542,236.9465020576132,128.60219478737997,274.9259259259259,48.82990397805214,4.049382716049383,69.45130315500685,138.55692729766804,17.098765432098766,25.098765432098762,129.83676268861453,0,322,Culex quinquefasciatus,2018.0,"{""type"":""Polygon"",""coordinates"":[[[-117.6330477943658,33.92534955216196],[-117.6394817698488,33.92359460603151],[-117.64340593805123,33.91901436693555],[-117.64329010067752,33.913395399181404],[-117.63918012545452,33.90892909035506],[-117.63267908466119,33.90735702411423],[-117.62632180105135,33.909292152208934],[-117.62258708781383,33.913979960158194],[-117.62293175383962,33.91959246685343],[-117.62722206737995,33.92394076553517],[-117.6330477943658,33.92534955216196]]]}"
0000000000000000015c,179.47527472527472,158.7197802197802,53.0,4873.565934065933,343.8228021978022,45.693681318681314,298.12912087912093,128.25686813186815,240.7980769230769,246.13461538461536,121.95054945054946,272.72802197802196,51.96153846153846,2.0,79.54395604395604,147.5260989010989,10.179945054945053,18.179945054945055,136.94505494505492,0,349,Culex quinquefasciatus,2018.0,"{""type"":""Polygon"",""coordinates"":[[[-117.3508535841985,33.96685040566638],[-117.35729069727586,33.96509545927414],[-117.36121677826749,33.96051521976147],[-117.3611008833567,33.95489625202241],[-117.35698890412903,33.95042994362167],[-117.3504846947988,33.9488578776178],[-117.34412431265179,33.95079300542727],[-117.34038777822344,33.95548081297061],[-117.34073261122501,33.9610933197107],[-117.34502501619978,33.96544161882497],[-117.3508535841985,33.96685040566638]]]}"
00000000000000000192,231.14413075780092,116.40564635958394,52.0,3931.9732540861814,331.3402674591382,110.1441307578009,221.19613670133728,276.70579494799404,188.0,277.0,178.0,1344.2615156017832,230.7994056463596,39.98216939078752,66.24962852897474,659.1530460624072,133.92867756315007,627.7117384843982,146.93313521545318,0,403,Culex quinquefasciatus,2018.0,"{""type"":""Polygon"",""coordinates"":[[[-81.84345105110798,26.662847339223088],[-81.84942502678446,26.661092435495014],[-81.85306876597768,26.65651226389759],[-81.85296136795036,26.650893293700886],[-81.84914519700264,26.646426915937557],[-81.84310868592296,26.644854811314616],[-81.83720566981546,26.646789985610788],[-81.83373795937999,26.651477859309082],[-81.83405814934751,26.65709035873785],[-81.83804184251552,26.661438587360422],[-81.84345105110798,26.662847339223088]]]}"
000000000000000001f0,231.0,118.0,52.64825046040515,3939.040515653776,331.35174953959483,108.64825046040517,222.7034990791897,276.0,187.64825046040514,276.64825046040517,177.0,1332.7016574585637,229.7219152854512,40.0,66.0,651.53591160221,134.0,616.2578268876612,147.0,0,497,Culex quinquefasciatus,2018.0,"{""type"":""Polygon"",""coordinates"":[[[-81.81855143082552,26.687746959505528],[-81.82452671088139,26.685992055642085],[-81.82817124524324,26.681411883829153],[-81.82806382326326,26.675792913640247],[-81.8242468192072,26.671326536097006],[-81.81820899094008,26.66975443159662],[-81.81230468674255,26.671689605745282],[-81.80883621919331,26.67637747923367],[-81.8091564785422,26.681989978685635],[-81.81314104114921,26.686338207531886],[-81.81855143082552,26.687746959505528]]]}"
00000000000000000205,214.0,105.9341142020498,44.0,4679.5695461200585,322.19619326500737,86.28843338213764,235.90775988286967,268.8653001464129,161.9311859443631,268.8653001464129,150.89165446559298,1271.9531478770132,177.26500732064423,58.0,41.0,498.55636896046855,189.0,483.58711566617865,204.0,0,518,Culex quinquefasciatus,2018.0,"{""type"":""Polygon"",""coordinates"":[[[-80.97194650481828,29.061549405307446],[-80.97805418056927,29.05979448825295],[-80.98177942605733,29.05521429544145],[-80.98166957380666,29.04959532601202],[-80.977768008256,29.045128969914874],[-80.97159648267109,29.04355687735521],[-80.96556143466434,29.045492037130543],[-80.96201611930739,29.050179890164657],[-80.96234342192469,29.05579239187758],[-80.96641623408478,29.060140642518952],[-80.97194650481828,29.061549405307446]]]}"
00000000000000000208,174.30820995962313,149.30417227456257,54.28802153432033,4370.154777927321,323.2557200538358,50.55181695827725,272.70390309555853,128.15343203230145,228.48721399730823,235.00134589502017,124.07806191117095,328.50471063257066,59.10363391655451,4.006729475100942,73.73620457604306,169.0807537012113,16.09555854643338,24.627187079407804,159.62449528936742,0,521,Culex quinquefasciatus,2018.0,"{""type"":""Polygon"",""coordinates"":[[[-117.60814817408338,33.86724746543556],[-117.61457776766572,33.86549251967119],[-117.61849926450583,33.86091228115798],[-117.61838350748738,33.85529331338272],[-117.61427633101648,33.85082700396122],[-117.60777971533724,33.849254937389034],[-117.60142675908118,33.8511900658826],[-117.59769458928177,33.855877874399496],[-117.59803902211281,33.86149038103202],[-117.60232641479837,33.86583867910891],[-117.60814817408338,33.86724746543556]]]}"
0000000000000000021d,179.00409276944063,153.1773533424284,55.0,4294.294679399728,327.08731241473396,50.051841746248286,277.0354706684857,133.95770804911322,211.51432469304228,237.86084583901774,128.0,261.40245566166436,43.40654843110505,5.0,62.9181446111869,124.9918144611187,20.081855388813096,28.416098226466577,117.36834924965892,0,542,Culex quinquefasciatus,2018.0,"{""type"":""Polygon"",""coordinates"":[[[-117.59985424612394,33.9170511651015],[-117.60628759499467,33.915296219023354],[-117.61021138119197,33.910715980010686],[-117.61009555530907,33.90509701225352],[-117.6059859803079,33.90063070334213],[-117.59948557230642,33.89905863705394],[-117.59312890750867,33.90099376520564],[-117.58939455798308,33.90568157323602],[-117.58973919066202,33.9112940799223],[-117.59402908651978,33.9156423785176],[-117.59985424612394,33.9170511651015]]]}"
00000000000000000230,181.61675824175828,159.00686813186815,53.0,4793.299450549451,344.0,46.79670329670329,297.2032967032967,131.99038461538464,231.40659340659343,247.0,124.99038461538463,259.42445054945057,47.12912087912087,2.6744505494505493,75.96153846153847,136.9684065934066,12.342032967032969,20.342032967032967,126.58516483516486,0,561,Culex quinquefasciatus,2018.0,"{""type"":""Polygon"",""coordinates"":[[[-117.4006483656623,33.96685040566638],[-117.40708547873969,33.96509545927414],[-117.41101155973129,33.96051521976147],[-117.41089566482053,33.95489625202241],[-117.40678368559284,33.95042994362167],[-117.4002794762626,33.9488578776178],[-117.39391909411559,33.95079300542727],[-117.39018255968725,33.95548081297061],[-117.39052739268881,33.9610933197107],[-117.39481979766362,33.96544161882497],[-117.4006483656623,33.96685040566638]]]}"
0000000000000000024b,182.07073509015257,159.748959778086,53.0,4787.429958391123,344.75173370319,47.2871012482663,297.46463245492373,132.06518723994455,241.32038834951462,247.29264909847433,125.09153952843275,257.09986130374483,46.93481276005548,2.2898751733703193,76.0998613037448,136.80443828016644,11.331484049930653,19.06518723994452,126.3398058252427,0,588,Culex quinquefasciatus,2018.0,"{""type"":""Polygon"",""coordinates"":[[[-117.39234997860181,33.98344717978731],[-117.3987883482499,33.981692233290296],[-117.40271519529165,33.97711199361087],[-117.402599277338,33.97149302587784],[-117.3984864955294,33.96702671764743],[-117.39198101723632,33.965454651738376],[-117.38561939416057,33.96738977943371],[-117.38188213036614,33.9720775868146],[-117.38222703023959,33.97769009357263],[-117.38652027281002,33.982038392860005],[-117.39234997860181,33.98344717978731]]]}"
00000000000000000259,182.69958275382473,160.0,53.0,4914.265646731571,348.164116828929,47.35744089012517,300.80667593880383,130.86648122392214,244.0403337969402,249.71210013908205,124.4770514603616,265.2809457579972,50.76634214186369,2.0,80.51599443671763,143.77607788595273,10.008344923504866,17.016689847009733,134.25452016689846,0,602,Culex quinquefasciatus,2018.0,"{""type"":""Polygon"",""coordinates"":[[[-117.35085358419848,34.02494803329172],[-117.35729510046298,34.02319308653257],[-117.36122386579422,34.01861284643584],[-117.3611078901382,34.01299387871793],[-117.35699309856246,34.0085275709137],[-117.35048444262117,34.00695550524193],[-117.34411971209829,34.008890632651635],[-117.34038062187625,34.01357843962605],[-117.34072568920577,34.019190946429],[-117.34502102922463,34.0235392461495],[-117.35085358419848,34.02494803329172]]]}"
0000000000000000029f,179.25802139037435,155.0975935828877,54.50133689839573,4386.200534759359,330.7045454545455,49.27807486631017,281.4264705882353,133.44786096256686,213.13101604278074,239.7433155080214,127.24064171122998,260.61229946524065,42.39839572192514,5.0,60.98930481283423,122.56283422459893,21.483957219251337,30.009358288770056,115.08823529411765,0,672,Culex quinquefasciatus,2018.0,"{""type"":""Polygon"",""coordinates"":[[[-117.57495016674045,33.93364793922242],[-117.5813847690928,33.93189299303963],[-117.5853093194571,33.9273127538604],[-117.58519347058787,33.92169378610926],[-117.5810830949788,33.917227477368],[-117.57458142113403,33.91565541117453],[-117.56822351845818,33.91759053921221],[-117.56448844135952,33.92227834708034],[-117.56483314074592,33.92789085378455],[-117.56912387214018,33.93223915255273],[-117.57495016674045,33.93364793922242]]]}"
000000000000000002b1,172.22991689750694,150.1163434903047,50.87673130193906,5049.470914127424,330.4265927977839,36.45013850415512,293.9764542936288,119.17451523545704,236.4806094182825,241.7409972299169,113.43628808864266,317.38227146814404,60.652354570637115,2.0,82.4612188365651,173.1759002770083,10.476454293628807,19.47645429362881,165.1371191135734,0,690,Culex quinquefasciatus,2018.0,"{""type"":""Polygon"",""coordinates"":[[[-117.35915197125894,33.70954689757939],[-117.36556973474227,33.70779195280615],[-117.36948401953461,33.70321171587062],[-117.36936847945755,33.69759274803823],[-117.36526885895759,33.69312643700544],[-117.35878419004143,33.691554369536135],[-117.35244291661898,33.69348949910958],[-117.34871761350291,33.69817730916328],[-117.3490614167643,33.703789815625996],[-117.35334092383111,33.708138112065335],[-117.35915197125894,33.70954689757939]]]}"
000000000000000002f5,172.47123287671235,152.3739726027397,50.23424657534247,5190.047945205479,335.24520547945207,35.21232876712329,300.03287671232874,117.70821917808222,238.90273972602733,243.75205479452052,111.75205479452055,319.4068493150685,62.86986301369863,2.0,82.86027397260274,175.61369863013695,10.0,19.0,166.56027397260274,0,758,Culex quinquefasciatus,2018.0,"{""type"":""Polygon"",""coordinates"":[[[-117.23464941074566,33.692945664357424],[-117.24106593422535,33.691190719688294],[-117.24497946306754,33.6866104829185],[-117.24486394572989,33.680991515080116],[-117.24076511722933,33.67652520387804],[-117.23428170054513,33.6749531363145],[-117.22794165169017,33.67688826600138],[-117.22421706832395,33.68157607621652],[-117.22456080559542,33.6871885826614],[-117.22883948610998,33.691536878928716],[-117.23464941074566,33.692945664357424]]]}"
00000000000000000314,172.79839786381845,149.79839786381845,50.0,5098.384512683579,330.2883845126836,35.0,295.2883845126836,119.69692923898532,237.9853137516689,242.79839786381842,112.96261682242992,310.7917222963953,59.584779706275036,2.0,83.90253671562085,170.65954606141523,10.0,19.0,162.65954606141526,0,789,Culex quinquefasciatus,2018.0,"{""type"":""Polygon"",""coordinates"":[[[-117.30934827159301,33.65974765701451],[-117.31576231844961,33.65799271255348],[-117.31967433745483,33.65341247611496],[-117.31955886553395,33.64779350826457],[-117.31546161887061,33.64332719672419],[-117.30898070323262,33.64175512897227],[-117.3026431001704,33.64369025888589],[-117.29891995433958,33.648378069423714],[-117.29926355981135,33.653990575832935],[-117.30354058947727,33.65833887175643],[-117.30934827159301,33.65974765701451]]]}"
00000000000000000318,178.76891891891893,155.07972972972973,55.0,4367.281081081081,329.27837837837836,48.72837837837838,280.55,132.92162162162163,212.45135135135138,238.46216216216212,126.7283783783784,248.88108108108108,38.18108108108108,5.9581081081081075,55.3054054054054,111.82027027027027,23.58513513513514,32.60675675675676,104.8310810810811,0,793,Culex quinquefasciatus,2018.0,"{""type"":""Polygon"",""coordinates"":[[[-117.56665177967999,33.90874831893997],[-117.57308450185887,33.906993372914165],[-117.57700790600259,33.902413133984815],[-117.57689209161192,33.89679416622462],[-117.57278291688345,33.89232785722815],[-117.56628314175411,33.89075579089259],[-117.55992709584699,33.89269091910132],[-117.5561931100795,33.897378727212846],[-117.5565377094073,33.902991233890155],[-117.56082718752948,33.90733953239899],[-117.56665177967999,33.90874831893997]]]}"
00000000000000000325,181.1232686980609,156.23268698060943,54.30193905817174,4461.785318559557,335.1565096952909,50.60526315789473,284.5512465373961,134.62603878116346,234.36842105263153,242.3559556786703,128.5027700831025,276.76592797783934,48.92936288088642,4.0,69.09002770083102,139.47783933518005,17.109418282548475,25.109418282548475,130.58725761772854,0,806,Culex quinquefasciatus,2018.0,"{""type"":""Polygon"",""coordinates"":[[[-117.56665177967999,33.983447179787305],[-117.57309014932802,33.981692233290296],[-117.57701699636985,33.97711199361087],[-117.57690107841614,33.97149302587784],[-117.57278829660756,33.96702671764743],[-117.56628281831448,33.965454651738376],[-117.55992119523872,33.9673897794337],[-117.55618393144432,33.9720775868146],[-117.55652883131779,33.97769009357263],[-117.56082207388819,33.98203839286],[-117.56665177967999,33.983447179787305]]]}"
00000000000000000162,219.19676945668144,110.0,46.26431718061676,4533.098384728341,327.0,92.26431718061676,234.7356828193833,272.0,168.41409691629963,272.0,157.44052863436127,1274.1409691629958,186.32599118942736,52.72246696035244,48.99853157121881,541.337738619677,163.8164464023495,539.1923641703378,190.69603524229078,0,355,Culex quinquefasciatus,2019.0,"{""type"":""Polygon"",""coordinates"":[[[-81.19605200556236,28.605048934960916],[-81.20213295244235,28.603294020488736],[-81.20584190335487,28.598713831787943],[-81.20573254161187,28.593094862209806],[-81.20184804789785,28.588628501914354],[-81.19570351418332,28.587056407017165],[-81.1896948617611,28.588991569606222],[-81.18616506093016,28.59367942664449],[-81.18649094147081,28.599291927914837],[-81.19054593716189,28.60364017428957],[-81.19605200556236,28.605048934960916]]]}"
0000000000000000018f,196.0,105.98579040852577,39.0,6205.035523978686,320.0,51.40319715808171,268.5968028419183,268.0,158.0,271.0,114.0,1508.1474245115453,185.0,78.0,28.0,533.0017761989343,286.7850799289521,511.98756660746005,336.37477797513327,0,400,Culex quinquefasciatus,2019.0,"{""type"":""Polygon"",""coordinates"":[[[-86.4001484493106,30.40614673696352],[-86.40633854320023,30.404391812167074],[-86.41011403306446,30.399811607031445],[-86.41000266864843,30.394192638047915],[-86.4060484622251,30.389726294537546],[-86.39979370702663,30.38815420898585],[-86.39367726807728,30.39008936032552],[-86.39008411385035,30.394777201354938],[-86.39041580174876,30.40038970439467],[-86.39454355099764,30.404737967827696],[-86.4001484493106,30.40614673696352]]]}"
000000000000000001c9,196.0,111.0,40.12247838616714,6100.703170028816,321.13112391930827,50.12247838616714,271.00864553314113,267.62247838616713,159.0,270.0,115.55475504322764,1546.831412103746,198.49999999999997,85.94524495677233,28.0,546.8645533141209,292.9452449567723,538.9999999999999,345.56772334293936,0,458,Culex quinquefasciatus,2019.0,"{""type"":""Polygon"",""coordinates"":[[[-86.08474731359827,30.323149489055726],[-86.09093215671795,30.321394564743247],[-86.0947044455577,30.31681436037802],[-86.0945931774681,30.31119539136662],[-86.09064232474053,30.306729047069425],[-86.08439287203034,30.30515696107965],[-86.07828161842833,30.307092112946645],[-86.07469151196467,30.311779954726504],[-86.07502292046897,30.317392457683297],[-86.07914716972677,30.321740720316686],[-86.08474731359827,30.323149489055726]]]}"
000000000000000001d3,216.51315789473688,118.0,47.35818713450294,4696.773391812867,329.0,83.35818713450294,245.64181286549712,271.5131578947369,163.41959064327492,271.5131578947369,152.38157894736847,1247.682748538012,183.0,52.131578947368425,46.0,522.9766081871346,173.63596491228074,522.9766081871346,206.5043859649123,0,468,Culex quinquefasciatus,2019.0,"{""type"":""Polygon"",""coordinates"":[[[-81.55294953567807,28.69634902903022],[-81.55903577871868,28.694594114043387],[-81.56274795829694,28.69001392452332],[-81.56263849935839,28.68439495497483],[-81.55875062296656,28.679928595516095],[-81.55260074098724,28.678356501084778],[-81.54658685845013,28.68029166311306],[-81.54305398351208,28.6849795193533],[-81.5433801458237,28.690592020711858],[-81.54743867173468,28.694940267936932],[-81.55294953567807,28.69634902903022]]]}"
000000000000000001ea,222.0,115.34609720176732,48.3460972017673,4408.437407952872,329.0,93.0,236.0,273.5022091310751,172.72164948453607,273.70103092783506,162.0,1213.1340206185569,184.0,49.27835051546392,48.166421207658324,522.0044182621504,166.0,518.0279823269514,187.0,0,491,Culex quinquefasciatus,2019.0,"{""type"":""Polygon"",""coordinates"":[[[-81.32884849403504,28.372649506257424],[-81.33491607072428,28.370894593091254],[-81.33861687085857,28.366314406469456],[-81.33850775449676,28.360695436816123],[-81.33463180037141,28.35622907439736],[-81.32850076836738,28.35465697831796],[-81.32250531938651,28.356592142330076],[-81.31898327915751,28.36128000139345],[-81.31930844837653,28.366892502439956],[-81.32335453201306,28.371240746656827],[-81.32884849403504,28.372649506257424]]]}"
000000000000000001f7,216.5043859649124,117.077485380117,47.07748538011697,4695.941520467838,328.3230994152048,83.51315789473686,244.80994152046787,271.077485380117,163.50438596491233,271.077485380117,152.5043859649123,1255.5000000000005,184.68567251461994,52.0,46.0,525.5833333333335,172.75438596491233,525.5833333333335,205.75438596491236,0,504,Culex quinquefasciatus,2019.0,"{""type"":""Polygon"",""coordinates"":[[[-81.51975152833516,28.69634902903022],[-81.52583777137579,28.694594114043387],[-81.52954995095405,28.690013924523328],[-81.5294404920155,28.68439495497483],[-81.52555261562367,28.679928595516095],[-81.51940273364434,28.678356501084778],[-81.51338885110724,28.680291663113067],[-81.50985597616918,28.684979519353305],[-81.51018213848079,28.690592020711858],[-81.51424066439178,28.694940267936925],[-81.51975152833516,28.69634902903022]]]}"
00000000000000000204,195.22934472934475,110.81623931623932,40.0,6159.757834757835,322.0,49.0,273.0,267.6709401709402,158.0,270.0,114.31054131054131,1537.9544159544157,192.3717948717949,83.70085470085469,27.494301994302,540.3717948717949,291.2065527065527,529.0726495726495,344.6324786324786,0,517,Culex quinquefasciatus,2019.0,"{""type"":""Polygon"",""coordinates"":[[[-86.21755272027305,30.39784834990305],[-86.2237422881847,30.396093425155037],[-86.22751745739716,30.391513220096492],[-86.22740610263024,30.385894251110184],[-86.22345223215196,30.381427907521076],[-86.21719800811229,30.37985582192555],[-86.21108208858755,30.38179097331798],[-86.2074892396599,30.386478814422492],[-86.20782089957089,30.39209131745393],[-86.21194829822004,30.396439580806938],[-86.21755272027305,30.39784834990305]]]}"
00000000000000000286,196.04577464788733,111.44366197183099,40.443661971830984,6067.926056338028,321.3978873239436,50.04577464788732,271.3521126760564,267.8169014084507,159.65140845070422,269.8169014084507,116.04577464788733,1547.3978873239437,201.62676056338032,86.58098591549296,28.602112676056333,547.9929577464789,293.09859154929575,542.8591549295775,345.6760563380282,0,647,Culex quinquefasciatus,2019.0,"{""type"":""Polygon"",""coordinates"":[[[-85.99344721952899,30.2816486355513],[-85.9996294453243,30.27989371148052],[-86.00340013856619,30.275313507500027],[-86.00328891849249,30.269694538474706],[-85.99933973746433,30.265228193784573],[-85.99309292785738,30.263656107576033],[-85.98698425896804,30.265591259706362],[-85.98339567170727,30.270279101860982],[-85.98372694094397,30.27589160477636],[-85.98784944557957,30.28023986701043],[-85.99344721952899,30.2816486355513]]]}"
00000000000000000295,195.51005747126436,108.0,39.0,6183.4841954022995,321.48419540229884,50.0,271.4841954022988,267.74568965517244,157.5028735632184,270.74568965517244,114.0,1526.2586206896551,188.50287356321837,81.25431034482757,28.0,538.7701149425287,288.52442528735634,523.0100574712643,340.4755747126437,0,662,Culex quinquefasciatus,2019.0,"{""type"":""Polygon"",""coordinates"":[[[-86.29225158112038,30.389549962842587],[-86.29844062327325,30.387795038142993],[-86.30221547196759,30.38321483316152],[-86.30210412684576,30.377595864172424],[-86.29815059217253,30.373129520504605],[-86.29189689907028,30.371557434865245],[-86.28578149875364,30.373492586310437],[-86.28218895499808,30.37818042749002],[-86.28252058693332,30.383792930513152],[-86.28664763512887,30.388141193786172],[-86.29225158112038,30.389549962842587]]]}"
000000000000000002d9,221.0,116.0,48.0,4507.297496318114,329.0,91.0,238.0,273.0,170.0324005891016,273.0,159.0,1232.2223858615612,188.7025036818851,51.96907216494844,49.0,529.3858615611192,164.96907216494841,518.979381443299,192.0,0,730,Culex quinquefasciatus,2019.0,"{""type"":""Polygon"",""coordinates"":[[[-81.43675428042738,28.472247987387203],[-81.44282756768533,28.47049307366202],[-81.44653184911314,28.465912886150353],[-81.44642262794422,28.460293916529203],[-81.44254302645868,28.455827555019276],[-81.4364062277154,28.454255459445903],[-81.43040513938942,28.456190622848904],[-81.42687978451447,28.460878481045484],[-81.42720525754552,28.4664909821878],[-81.43125514762598,28.47083922732829],[-81.43675428042738,28.472247987387203]]]}"
00000000000000000311,219.0,118.42606149341142,48.0,4636.620790629576,330.0,86.23426061493413,243.7657393850659,273.0,166.42020497803807,273.0,155.4172767203514,1247.112737920937,184.39677891654466,52.18448023426062,48.0,535.415812591508,175.3484626647145,535.415812591508,203.5827232796486,0,786,Culex quinquefasciatus,2019.0,"{""type"":""Polygon"",""coordinates"":[[[-81.61105162240446,28.563548081456492],[-81.61713017003724,28.561793167217964],[-81.62083765831214,28.557212978889098],[-81.62072834060106,28.55159400929751],[-81.6168453792951,28.547127648622194],[-81.61070326843051,28.545555553513513],[-81.60469698533447,28.547490716357153],[-81.60116857712418,28.55217857375771],[-81.60149433001877,28.557791074988014],[-81.60554772646319,28.56213932097671],[-81.61105162240446,28.563548081456492]]]}"
000000000000000001b8,223.82163742690057,108.14181286549706,47.17982456140351,4388.9283625731,326.0,100.0,226.0,274.3143274853801,175.13450292397664,274.3143274853801,164.0,1302.7880116959063,229.14181286549706,34.0,60.0,618.3318713450292,172.0,612.2032163742691,199.0,0,441,Culex quinquefasciatus,2019.5999755859375,"{""type"":""Polygon"",""coordinates"":[[[-82.54895218337995,27.559247046694153],[-82.55497419929007,27.557492138054577],[-82.558647224619,27.5529119586386],[-82.55853894455004,27.54729298872464],[-82.55469209022625,27.542826618946485],[-82.54860706696718,27.54125451876955],[-82.54265661035006,27.54318968771397],[-82.53916101543903,27.547877553796383],[-82.53948376085994,27.55349005406703],[-82.54349947552592,27.55783829080474],[-82.54895218337995,27.559247046694153]]]}"
00000000000000000310,223.0513950073421,110.02055800293684,47.97503671071953,4402.8002936857565,326.47136563876643,98.59765051395006,227.87371512481644,274.05139500734214,174.74008810572684,274.05139500734214,163.26725403817912,1300.333333333333,228.77973568281936,34.0,60.045521292217316,616.1233480176211,170.0,615.3318649045522,199.0,0,785,Culex quinquefasciatus,2019.5999755859375,"{""type"":""Polygon"",""coordinates"":[[[-82.50744687077447,27.584146666976597],[-82.51347025325255,27.582391758199467],[-82.51714411166745,27.5778115785645],[-82.5170358065114,27.572192608658458],[-82.51318807935748,27.567726239103962],[-82.50710167609898,27.566154139051548],[-82.50114986996789,27.568089307846076],[-82.49765348184582,27.57277717371518],[-82.49797629996394,27.57838967400941],[-82.50199292552658,27.5827379109744],[-82.50744687077447,27.584146666976597]]]}"
0000000000000000024a,204.31213872832373,104.0,38.0,5917.768786127169,328.0,60.0,268.0,273.5592485549133,168.0,275.3381502890174,125.0,1558.6936416184974,173.70809248554914,75.97687861271677,18.01011560693642,475.3800578034682,309.0028901734105,474.728323699422,385.67774566473986,0,587,Culex quinquefasciatus,2020.0,"{""type"":""Polygon"",""coordinates"":[[[-90.11025429880918,29.924751105435597],[-90.11641424040167,29.922996183434897],[-90.1201713485517,29.918415982749668],[-90.12006053730613,29.912797013605115],[-90.11612558931635,29.908330665549485],[-90.10990128337063,29.90675857746712],[-90.10381462099988,29.908693731853017],[-90.10023896840731,29.913381577217496],[-90.1005690519199,29.918994079778116],[-90.10467670265142,29.923342338591894],[-90.11025429880918,29.924751105435597]]]}"
00000000000000000298,211.1460055096419,167.74793388429754,45.0,7626.651515151515,401.0,31.91460055096419,369.0853994490358,305.25206611570246,244.8719008264463,309.0220385674931,115.89393939393938,256.93250688705234,38.97796143250689,4.977961432506888,44.462809917355365,92.47658402203855,20.425619834710744,73.93388429752066,74.72038567493112,0,665,Culex quinquefasciatus,2020.0,"{""type"":""Polygon"",""coordinates"":[[[-111.60724604489276,33.261349273394394],[-111.6136306857324,33.25959433141825],[-111.61752477779535,33.255014098935234],[-111.61740984513452,33.24939513094162],[-111.61333138030717,33.244928815361426],[-111.60688016066072,33.2433567453603],[-111.6005715975429,33.245291877981366],[-111.59686552019123,33.24997969237217],[-111.59720756075532,33.255592198355664],[-111.6014649891863,33.25994049017358],[-111.60724604489276,33.261349273394394]]]}"
000000000000000002af,161.62835249042146,137.59386973180077,43.0,6141.462324393359,344.8556832694764,30.26692209450831,314.5887611749681,87.53512132822478,238.85568326947634,239.4508301404853,84.32311621966794,588.3154533844189,121.49425287356323,1.0,83.27458492975735,302.69731800766283,10.0,12.616858237547895,302.69731800766283,0,688,Culex quinquefasciatus,2020.0,"{""type"":""Polygon"",""coordinates"":[[[-121.12735098928182,38.66465159760427],[-121.13418828467421,38.66289661975569],[-121.13835833091103,38.65831633017099],[-121.13823509732764,38.652697364246244],[-121.13386751875093,38.64823110698456],[-121.12695918081322,38.64665906945239],[-121.12020359811673,38.64859416298972],[-121.11623478117691,38.65328192175855],[-121.11660091082739,38.65889443388674],[-121.12116006625577,38.66324278497294],[-121.12735098928182,38.66465159760427]]]}"
000000000000000002ed,216.0,118.0,47.0,4742.463096960925,328.88133140376266,82.0,246.88133140376266,271.06367583212733,162.06367583212736,271.06367583212733,151.06367583212736,1250.878437047757,181.9739507959479,52.08104196816208,45.0,520.5079594790159,175.16208393632414,520.5079594790159,209.08104196816208,0,750,Culex quinquefasciatus,2020.0,"{""type"":""Polygon"",""coordinates"":[[[-81.55294953567807,28.746148269595103],[-81.55903867789733,28.744393354327173],[-81.56275262488478,28.739813164359646],[-81.56264311274123,28.73419419482733],[-81.55875338463281,28.729727835825607],[-81.55260057495082,28.728155741648738],[-81.54658382938774,28.73009090337074],[-81.54304927164836,28.734778759175107],[-81.54337558820563,28.74039126058184],[-81.54743604659991,28.74473950827135],[-81.55294953567807,28.746148269595103]]]}"
000000000000000002e5,223.8362831858407,123.0,51.0,4324.567846607671,332.5147492625369,91.8362831858407,240.6784660766962,273.67846607669617,175.81858407079648,274.51474926253695,164.8362831858407,1203.8761061946905,182.28466076696168,40.16076696165191,50.284660766961665,529.5412979351033,166.0,507.67699115044246,187.0,0,742,Culex quinquefasciatus,2020.5,"{""type"":""Polygon"",""coordinates"":[[[-81.42845143426585,28.14025007755393],[-81.43450579881863,28.138495165688056],[-81.43819854454098,28.13391498113617],[-81.43808967067494,28.12829601140797],[-81.43422215518454,28.123829646875173],[-81.4281044652562,28.122257549618734],[-81.42212206360935,28.12419271504768],[-81.41860769224,28.12888057612732],[-81.41893215856233,28.13449307695096],[-81.42296943550865,28.138841319019395],[-81.42845143426585,28.14025007755393]]]}"
000000000000000002e9,204.0,129.985549132948,47.0,5331.81647398844,328.0,56.677745664739895,271.3222543352602,267.07369942196533,172.98554913294797,267.07369942196533,131.978323699422,1334.8728323699424,200.9263005780347,57.601156069364166,41.0,544.1936416184973,189.6083815028902,544.1936416184973,277.1777456647399,0,746,Culex quinquefasciatus,2021.0,"{""type"":""Polygon"",""coordinates"":[[[-82.39125161552379,29.692347217631053],[-82.39739726013495,29.690592296970365],[-82.40114565244612,29.686012098418274],[-82.40103510350968,29.680393129196535],[-82.3971092870737,29.67592677896232],[-82.3908994188825,29.674354689666977],[-82.38482687531364,29.676289845512958],[-82.38125952127608,29.680977692955285],[-82.38158884407417,29.686590195286254],[-82.38568696492767,29.69093845188598],[-82.39125161552379,29.692347217631053]]]}"
0000000000000000032a,190.43963254593177,134.0524934383202,36.0,8460.89501312336,390.14566929133855,20.405511811023622,369.740157480315,103.56167979002628,228.7782152230971,301.34120734908146,85.58136482939632,125.13385826771652,16.07217847769029,2.3149606299212593,36.2257217847769,41.21128608923885,14.190288713910762,30.262467191601047,38.08661417322835,0,811,Culex quinquefasciatus,2023.0,"{""type"":""Polygon"",""coordinates"":[[[-114.96044990517461,36.00864602343293],[-114.96704960222738,36.006891063831986],[-114.97107480024809,36.00231080329357],[-114.97095592394727,35.9966918363161],[-114.96674010112126,35.992225549389175],[-114.96007170432226,35.990653495340965],[-114.95355076196377,35.9925886087591],[-114.94971985700248,35.997276395821565],[-114.95007334242945,36.00288890482441],[-114.95447412147745,36.00723722576218],[-114.96044990517461,36.00864602343293]]]}"
00000000000000000117,104.0,147.0,37.0,8324.800221975584,326.0,-62.922308546059945,388.9223085460601,3.077691453940067,204.4095449500555,212.49278579356275,-3.922308546059934,286.9023307436183,35.02885682574917,7.0,35.97114317425084,102.98002219755827,35.0,40.0,93.87347391786905,0,280,Culex tarsalis,2019.35714285714,"{""type"":""Polygon"",""coordinates"":[[[-116.4461510305659,43.6280457664875],[-116.45352653798801,43.62629075056423],[-116.45802469285753,43.62171040037464],[-116.45789158410192,43.61609143664852],[-116.45318024694747,43.61162524128314],[-116.44572839840288,43.61005323821059],[-116.43844131207103,43.61198829026788],[-116.43416009482918,43.61667599000194],[-116.43455486115491,43.622288508649],[-116.43947276988841,43.626636922640046],[-116.4461510305659,43.6280457664875]]]}"
00000000000000000118,220.98360655737702,128.6542473919523,45.988077496274215,5311.4232488822645,354.6497764530551,75.87928464977644,278.7704918032787,258.10730253353205,149.1952309985097,283.3427719821163,149.1952309985097,847.8092399403876,193.48882265275705,19.120715350223545,73.35022354694486,412.73919523099846,65.24143070044708,322.06706408345747,65.24143070044708,0,281,Culex tarsalis,1998.0,"{""type"":""Polygon"",""coordinates"":[[[-100.12004880268556,25.56725066949249],[-100.12596704284162,25.565495771663784],[-100.12957680503263,25.560915609457535],[-100.12947043070874,25.555296638921277],[-100.12568985803456,25.550830251566627],[-100.11970962939242,25.5492581416034],[-100.11386165242546,25.551193322327805],[-100.11042629308969,25.55588120517383],[-100.11074351865327,25.561493703591314],[-100.11469006126264,25.565841922466486],[-100.12004880268556,25.56725066949249]]]}"
0000000000000000011b,104.0,147.0,37.0,8329.462983425416,326.0,-63.0,389.0,3.0,204.01546961325968,212.9325966850829,-3.541436464088398,291.8066298342542,36.00220994475139,7.0,35.83756906077349,105.82430939226518,35.2596685082873,40.25966850828729,96.36353591160221,0,284,Culex tarsalis,2019.56666666667,"{""type"":""Polygon"",""coordinates"":[[[-116.42954979734395,43.64465145881054],[-116.43692734311826,43.642896442749645],[-116.4414267406073,43.638316092341],[-116.44129359443349,43.63269712862283],[-116.43658095537852,43.62823093348118],[-116.42912704844528,43.62665893053318],[-116.4218379491966,43.62859398244055],[-116.41755554881307,43.63328168196122],[-116.41795042357428,43.63889420063185],[-116.42286969098839,43.64324261485025],[-116.42954979734395,43.64465145881054]]]}"
0000000000000000011d,104.32852386237514,147.0,38.0,8244.483906770254,323.9345172031076,-61.56048834628191,385.4950055493896,4.853496115427302,203.42730299667033,211.96226415094335,-2.0,266.9012208657048,32.02774694783574,7.0,32.30521642619311,91.69700332963373,34.98224195338513,40.0,81.5860155382908,0,286,Culex tarsalis,2018.80487804878,"{""type"":""Polygon"",""coordinates"":[[[-116.4461510305659,43.52014889829727],[-116.45351333605583,43.518393883266356],[-116.45800344276515,43.51381353449714],[-116.45787057635428,43.50819457071945],[-116.45316767130737,43.50372837390344],[-116.44572915447269,43.50215637002329],[-116.43845510534034,43.50409142305272],[-116.43418155103161,43.50877912417035],[-116.43457561504198,43.51439164266467],[-116.43948472391483,43.51874005518144],[-116.4461510305659,43.52014889829727]]]}"
0000000000000000011f,104.35960044395118,144.55604883462823,37.0,8324.286348501666,326.836847946726,-60.35960044395118,387.1964483906771,4.640399556048837,205.9411764705883,213.21420643729195,-2.3718091009988904,317.96559378468373,39.8379578246393,7.460599334073254,37.819089900111,116.95449500554943,36.460599334073265,41.495005549389575,106.95449500554943,0,288,Culex tarsalis,2019.12941176471,"{""type"":""Polygon"",""coordinates"":[[[-116.29675330887125,43.67784946615344],[-116.3041349349472,43.67609444981719],[-116.30863681986786,43.671514098970256],[-116.30850359879128,43.665895135267995],[-116.30378835363774,43.66142894057397],[-116.29633032629538,43.65985693787518],[-116.28903719766133,43.66179198948256],[-116.2847524289065,43.66647968857631],[-116.28514752072958,43.67209220729407],[-116.2900695079024,43.6764406219674],[-116.29675330887125,43.67784946615344]]]}"
00000000000000000134,103.58895027624308,147.0,37.0,8331.235359116024,326.16022099447514,-62.75801104972376,388.91823204419893,3.2419889502762427,204.41104972375695,212.41104972375695,-3.758011049723757,305.939226519337,38.0243093922652,7.0,37.024309392265195,112.02430939226518,36.0,41.0,102.88397790055252,0,309,Culex tarsalis,2017.66666666667,"{""type"":""Polygon"",""coordinates"":[[[-116.39634733089994,43.68614785321391],[-116.40372997800685,43.684392836808776],[-116.4082324853678,43.67981248585221],[-116.40809924554787,43.67419352215392],[-116.40338334825944,43.66972732757188],[-116.3959242898501,43.66815532493541],[-116.38863015292627,43.67009037646777],[-116.384344791524,43.67477807545472],[-116.38473993766327,43.68039059418427],[-116.3896626054126,43.68473900897139],[-116.39634733089994,43.68614785321391]]]}"
00000000000000000145,179.9847434119279,122.0,34.14563106796117,7884.374479889043,349.6324549237171,0.24133148404993068,349.3911234396672,221.05825242718447,74.40915395284328,278.6907073509016,74.40915395284328,981.603328710125,143.0,50.0,31.98474341192788,339.0582524271845,171.86407766990294,210.0679611650486,171.86407766990294,0,326,Culex tarsalis,2021.94736842105,"{""type"":""Polygon"",""coordinates"":[[[-96.72534854800037,33.04554661881183],[-96.73171750079207,33.04379167817223],[-96.73560202887407,33.03921144781677],[-96.73548738391322,33.033592479746126],[-96.7314189391542,33.029126161993034],[-96.72498356224666,33.02755409078214],[-96.7186904918685,33.02948922485944],[-96.71499352051399,33.034177041322664],[-96.71533472620932,33.03978954707717],[-96.71958169742722,33.044137836686794],[-96.72534854800037,33.04554661881183]]]}"
00000000000000000146,103.98780487804879,144.04656319290467,37.0,8306.239467849226,325.46674057649665,-60.19179600886918,385.6585365853658,4.394678492239468,205.39467849223948,212.4667405764967,-2.6053215077605327,317.33924611973396,39.81263858093127,7.953436807095344,37.03436807095345,115.8470066518847,36.95343680709534,41.953436807095336,106.12860310421287,0,327,Culex tarsalis,2019.05128205128,"{""type"":""Polygon"",""coordinates"":[[[-116.29675330887125,43.66124823293146],[-116.30413289364864,43.65949321673295],[-116.30863353415388,43.65491286610524],[-116.30850035054983,43.64929390239502],[-116.30378640917861,43.6448277074771],[-116.29633044319972,43.64325570465365],[-116.28903933039163,43.6451907564111],[-116.28475574648861,43.64987845571839],[-116.2851507297198,43.655490974412565],[-116.2900713562483,43.659839388858344],[-116.29675330887125,43.66124823293146]]]}"
00000000000000000149,104.0,146.4173140954495,37.0,8322.811320754718,326.0,-62.0,388.0,4.0,205.0,212.78024417314094,-3.0,312.8901220865705,39.11875693673696,7.0,37.24750277469478,115.1087680355161,36.0,41.0,105.38068812430632,0,330,Culex tarsalis,2019.17948717949,"{""type"":""Polygon"",""coordinates"":[[[-116.35485093649658,43.694450699375416],[-116.36223460562078,43.69269568290135],[-116.36673773602337,43.68811533183506],[-116.36660447744197,43.68249636814077],[-116.36188792738862,43.67803017367078],[-116.35442783691622,43.6764581710967],[-116.34713269072859,43.67839322255396],[-116.34284673610635,43.683080921434026],[-116.34324193661428,43.68869344017537],[-116.34816528559753,43.69304185507638],[-116.35485093649658,43.694450699375416]]]}"
0000000000000000014b,159.30079999999998,174.00799999999998,69.336,2067.5263999999997,274.1744,25.4944,248.67999999999998,176.97599999999997,129.3296,180.47359999999998,129.3296,653.2511999999999,132.1344,5.0,89.53439999999999,373.0096,21.0,197.79359999999997,21.0,0,332,Culex tarsalis,2011.9945474373,"{""type"":""Polygon"",""coordinates"":[[[-99.09085260674182,19.367147118941304],[-99.0965115739365,19.36539225267758],[-99.09996328800092,19.360812140720505],[-99.0998616849198,19.35519316836864],[-99.09624670754597,19.350726729693868],[-99.09052828067355,19.34915459115589],[-99.08493632276719,19.351089806276324],[-99.08165145501091,19.3557777380688],[-99.08195490025386,19.36139023107406],[-99.08572863105519,19.365738397794196],[-99.09085260674182,19.367147118941304]]]}"
0000000000000000015e,44.99895397489539,131.30020920502093,27.0,12121.177824267783,283.455020920502,-196.95292887029288,480.40794979079504,169.45502092050205,-119.85355648535564,194.31276150627616,-119.85355648535564,430.01673640167354,88.00836820083683,7.0,70.99163179916317,211.0083682008368,25.0,209.00836820083683,25.0,0,351,Culex tarsalis,2020.69230769231,"{""type"":""Polygon"",""coordinates"":[[[-99.24854871549692,47.13895019462549],[-99.25639706294194,47.13719514776779],[-99.26118346661602,47.13261474834051],[-99.26104167340078,47.126995786402794],[-99.25602833331644,47.122529641324235],[-99.24809900444721,47.120957666247],[-99.2403449855042,47.12289268460546],[-99.23578931323081,47.12758033637721],[-99.23620922876786,47.13319286031831],[-99.24144230958996,47.13754132541593],[-99.24854871549692,47.13895019462549]]]}"
0000000000000000016a,238.96111975116636,134.38724727838255,52.368584758942454,4363.251944012441,356.5925349922239,102.92223950233281,253.6702954898911,282.32814930015553,192.96111975116636,287.8024883359253,178.96111975116636,902.4510108864695,186.94090202177293,15.42146189735614,71.63297045101088,409.3234836702954,59.402799377916004,363.5536547433903,67.36391912908242,0,363,Culex tarsalis,1987.0,"{""type"":""Polygon"",""coordinates"":[[[-99.14895023436716,23.741248788106397],[-99.15478253295552,23.739493899875782],[-99.1583399050437,23.734913752948817],[-99.1582351102408,23.729294781860283],[-99.15450942818171,23.7248283789007],[-99.14861598271521,23.72325626024883],[-99.14285287192001,23.725191451431943],[-99.1394673963903,23.729879349161166],[-99.13978005205435,23.73549184593316],[-99.14366931099703,23.739840048949496],[-99.14895023436716,23.741248788106397]]]}"
0000000000000000016c,155.01832460732984,137.00261780104714,34.0,8997.91884816754,352.82329842931944,-43.00785340314136,395.83115183246065,204.40575916230364,36.01832460732984,269.31675392670155,36.01832460732984,704.312827225131,115.0,20.00916230366492,47.20942408376962,265.18586387434556,74.95287958115185,222.18586387434553,74.95287958115185,0,365,Culex tarsalis,2020.60240963855,"{""type"":""Polygon"",""coordinates"":[[[-99.05764568119679,35.41934906461373],[-99.0641967595431,35.41759410889329],[-99.06819231785234,35.41301385453187],[-99.06807433309604,35.407394887330625],[-99.0638895634013,35.40292859409508],[-99.05727026481833,35.401356536534514],[-99.05079733598963,35.40329165418055],[-99.04699465135722,35.40797944725994],[-99.04734554938143,35.41359195559806],[-99.05171392051481,35.41794027012447],[-99.05764568119679,35.41934906461373]]]}"
0000000000000000016d,104.0,145.46681415929203,37.0,8322.601769911505,327.0,-61.28650442477878,388.2865044247788,4.0,205.5353982300885,212.7311946902655,-2.9723451327433628,316.16482300884957,39.82190265486726,7.0,37.85840707964603,116.6825221238938,36.0,41.0,106.68252212389382,0,366,Culex tarsalis,2019.03125,"{""type"":""Polygon"",""coordinates"":[[[-116.31334562389111,43.68614785321391],[-116.32072827099802,43.684392836808776],[-116.32523077835899,43.6798124858522],[-116.32509753853904,43.67419352215392],[-116.3203816412506,43.66972732757188],[-116.31292258284127,43.66815532493541],[-116.30562844591743,43.670090376467776],[-116.30134308451515,43.67477807545472],[-116.30173823065444,43.68039059418427],[-116.30666089840376,43.68473900897139],[-116.31334562389111,43.68614785321391]]]}"
00000000000000000176,103.06006674082315,147.0,37.0,8320.146829810903,325.15239154616245,-63.0,388.1523915461625,3.0,204.0144605116797,212.01446051167972,-4.0,304.805339265851,37.97107897664072,7.0,36.80088987764183,111.51167964404893,36.0,41.0,101.83426028921025,0,375,Culex tarsalis,2018.6935483871,"{""type"":""Polygon"",""coordinates"":[[[-116.4046457179604,43.67784946615344],[-116.41202734403642,43.67609444981719],[-116.41652922895706,43.671514098970256],[-116.41639600788044,43.665895135268],[-116.4116807627269,43.66142894057397],[-116.40422273538458,43.65985693787518],[-116.3969296067505,43.66179198948256],[-116.39264483799566,43.66647968857631],[-116.39303992981874,43.67209220729407],[-116.39796191699156,43.6764406219674],[-116.4046457179604,43.67784946615344]]]}"
00000000000000000178,104.0,146.25110619469027,37.0,8322.743362831858,326.0,-62.0,388.0,4.0,205.0,212.89933628318585,-3.0,309.8307522123894,38.902654867256636,7.0,37.733407079646014,113.61946902654867,36.0,41.0,103.71681415929204,0,377,Culex tarsalis,2018.14285714286,"{""type"":""Polygon"",""coordinates"":[[[-116.36314932355707,43.68614785321391],[-116.37053197066395,43.68439283680877],[-116.3750344780249,43.67981248585221],[-116.37490123820497,43.67419352215392],[-116.37018534091654,43.66972732757188],[-116.36272628250718,43.66815532493541],[-116.35543214558335,43.670090376467776],[-116.35114678418111,43.674778075454725],[-116.3515419303204,43.68039059418426],[-116.35646459806968,43.68473900897139],[-116.36314932355707,43.68614785321391]]]}"
00000000000000000180,104.42320441988952,148.0,37.0,8368.15138121547,328.1259668508288,-63.0,391.1259668508287,3.0,205.12596685082877,214.0,-3.588950276243094,294.8906077348066,36.1878453038674,7.0,36.31381215469613,107.37569060773481,35.462983425414365,40.0,98.7767955801105,0,385,Culex tarsalis,2018.84090909091,"{""type"":""Polygon"",""coordinates"":[[[-116.47934903790883,43.6861478532139],[-116.48673168501571,43.68439283680877],[-116.49123419237667,43.6798124858522],[-116.49110095255675,43.67419352215392],[-116.4863850552683,43.66972732757187],[-116.47892599685895,43.66815532493541],[-116.47163185993512,43.67009037646777],[-116.46734649853289,43.67477807545472],[-116.46774164467216,43.68039059418426],[-116.47266431242144,43.68473900897139],[-116.47934903790883,43.6861478532139]]]}"
00000000000000000181,104.0,145.05094130675525,37.0,8323.266888150609,327.0,-61.03211517165005,388.03211517165,4.018826135105205,205.77519379844958,212.9612403100775,-2.812846068660022,317.719822812846,40.01661129568107,7.049833887043189,38.25138427464009,117.32558139534883,36.049833887043185,41.073089700996675,107.32558139534882,0,386,Culex tarsalis,2019.0400390625,"{""type"":""Polygon"",""coordinates"":[[[-116.3050516959317,43.68614785321391],[-116.31243434303859,43.68439283680877],[-116.31693685039954,43.6798124858522],[-116.31680361057963,43.67419352215392],[-116.31208771329119,43.66972732757188],[-116.30462865488182,43.66815532493541],[-116.29733451795799,43.670090376467776],[-116.29304915655577,43.67477807545472],[-116.29344430269502,43.68039059418427],[-116.29836697044432,43.68473900897139],[-116.3050516959317,43.68614785321391]]]}"
00000000000000000185,104.0,148.0,37.0,8344.826519337015,328.0,-63.0,391.0,3.0,204.22099447513816,213.0,-4.0,304.8983425414365,37.99668508287293,7.0,36.77900552486188,111.77569060773483,36.0,41.0,102.55801104972377,0,390,Culex tarsalis,2018.88888888889,"{""type"":""Polygon"",""coordinates"":[[[-116.42954979734395,43.70274908643589],[-116.43693448837435,43.7009940698929],[-116.44143824175073,43.69641371871692],[-116.44130496440982,43.6907947550266],[-116.4365877616626,43.68632856066865],[-116.42912663923944,43.68475655815694],[-116.42183048389782,43.68669160953912],[-116.41754393612015,43.691379308312335],[-116.41793919099071,43.69699182706548],[-116.42286322113382,43.70134024208036],[-116.42954979734395,43.70274908643589]]]}"
00000000000000000199,218.39339339339338,129.78828828828827,46.39489489489489,5220.262762762763,350.4474474474474,74.26576576576575,276.1816816816817,263.07957957957956,147.87087087087087,279.84234234234236,147.87087087087087,979.7777777777778,230.515015015015,19.39339339339339,79.0015015015015,496.74774774774767,65.78678678678678,401.9804804804804,65.78678678678678,0,410,Culex tarsalis,1993.0,"{""type"":""Polygon"",""coordinates"":[[[-100.16985250235149,25.467647729261667],[-100.17576583383277,25.46589283196387],[-100.17937260365866,25.46131267060278],[-100.17926631951535,25.455693700035972],[-100.17548888200585,25.451227311818155],[-100.16951361016866,25.44965520137432],[-100.16367048051067,25.451590382677235],[-100.16023797036212,25.456278266346516],[-100.16055493487144,25.461890764672983],[-100.16449820561597,25.46623898267094],[-100.16985250235149,25.467647729261667]]]}"
000000000000000001a2,170.45429362880887,126.78531855955674,39.0,7158.529085872575,325.5013850415512,5.393351800554017,320.1080332409972,91.48476454293628,222.80747922437678,260.1260387811634,75.59972299168975,1432.7673130193905,156.207756232687,80.97783933518006,18.0,438.461218836565,275.393351800554,332.6080332409972,414.4681440443213,0,419,Culex tarsalis,2020.28571428571,"{""type"":""Polygon"",""coordinates"":[[[-87.41275233023447,32.92104851739962],[-87.41911230846479,32.91929357752811],[-87.42299136534302,32.91471334839532],[-87.42287688496698,32.90909438028041],[-87.41881417232393,32.904628061278586],[-87.41238785846731,32.90305598937244],[-87.40610365091847,32.90499112428663],[-87.40241188877341,32.90967894194083],[-87.40275261687296,32.91529144756374],[-87.40699360590132,32.91963973590431],[-87.41275233023447,32.92104851739962]]]}"
000000000000000001a4,103.91602209944755,146.7060773480663,37.0,8323.963535911602,325.9160220994475,-62.096132596685095,388.0121546961326,3.903867403314917,204.90386740331488,212.90386740331493,-3.096132596685083,308.34806629834253,38.78895027624309,7.0,37.80110497237569,112.99116022099446,36.0,41.0,103.20220994475139,0,421,Culex tarsalis,2018.67857142857,"{""type"":""Polygon"",""coordinates"":[[[-116.37145216971855,43.6861478532139],[-116.37883481682546,43.68439283680877],[-116.38333732418643,43.6798124858522],[-116.38320408436648,43.67419352215392],[-116.37848818707805,43.66972732757187],[-116.37102912866871,43.66815532493541],[-116.36373499174488,43.67009037646777],[-116.35944963034261,43.67477807545472],[-116.35984477648188,43.68039059418426],[-116.3647674442312,43.68473900897139],[-116.37145216971855,43.6861478532139]]]}"
000000000000000001bc,225.0,178.04463040446305,47.0,7323.025104602511,419.4253835425384,43.163179916318,376.2622036262204,133.0,250.85216178521617,319.0,133.0,74.1534170153417,11.411436541143654,0.0,55.78103207810321,30.430962343096237,3.0,21.0,30.430962343096237,0,445,Culex tarsalis,2011.82222222222,"{""type"":""Polygon"",""coordinates"":[[[-115.466749616086,32.672052314575204],[-115.47309181048068,32.67029737623341],[-115.47696002572035,32.66571714953568],[-115.47684587148771,32.66009818133261],[-115.47279451750525,32.65563185984384],[-115.46638616282512,32.654059786553056],[-115.46011951769765,32.65599492313397],[-115.45643807803158,32.66068274316012],[-115.45677785974077,32.66629524852092],[-115.46100699456957,32.67064353433405],[-115.466749616086,32.672052314575204]]]}"
000000000000000001c0,200.18987341772151,173.0,67.0,2536.9731012658226,322.8955696202532,65.74208860759494,257.1534810126582,222.6740506329114,177.74208860759492,227.41613924050628,164.4477848101266,417.33069620253167,78.0,4.552215189873418,78.22151898734177,206.22151898734174,19.330696202531644,141.5522151898734,23.167721518987342,0,449,Culex tarsalis,1995.0,"{""type"":""Polygon"",""coordinates"":[[[-99.5058522235839,20.67024805619401],[-99.5115582754592,20.668493183522052],[-99.5150386901304,20.6639130613634],[-99.51493621893586,20.65829408937997],[-99.51129116941965,20.6538276611242],[-99.50552520139138,20.65225552838755],[-99.49988675232048,20.65419073652482],[-99.49657455500649,20.658878658380214],[-99.49688050106242,20.664491152484423],[-99.50068561373786,20.66883932979304],[-99.5058522235839,20.67024805619401]]]}"
000000000000000001c5,104.56194690265487,148.0,37.0,8395.37389380531,328.7245575221239,-63.34845132743363,392.0730088495576,2.6515486725663715,205.5033185840708,214.0,-3.7522123893805315,291.65265486725673,36.012168141592916,7.0,36.25221238938054,106.96570796460179,35.001106194690266,40.0,98.26438053097344,0,454,Culex tarsalis,2018.40816326531,"{""type"":""Polygon"",""coordinates"":[[[-116.50424865819124,43.68614785321391],[-116.51163130529812,43.684392836808776],[-116.51613381265908,43.6798124858522],[-116.51600057283916,43.67419352215392],[-116.51128467555073,43.66972732757188],[-116.50382561714136,43.66815532493541],[-116.49653148021753,43.670090376467776],[-116.4922461188153,43.674778075454725],[-116.49264126495457,43.68039059418427],[-116.49756393270386,43.68473900897139],[-116.50424865819124,43.68614785321391]]]}"
000000000000000001cd,104.0,146.86459489456158,37.0,8322.678135405105,326.0,-62.37846836847947,388.3784683684794,3.6215316315205333,204.6215316315205,212.62153163152053,-3.3784683684794667,310.0610432852386,39.0,7.0,38.10987791342952,114.20754716981133,36.0,41.0,104.20754716981133,0,462,Culex tarsalis,2018.61290322581,"{""type"":""Polygon"",""coordinates"":[[[-116.37145216971855,43.69445069937542],[-116.37883583884279,43.69269568290135],[-116.38333896924534,43.68811533183507],[-116.38320571066392,43.68249636814077],[-116.37848916061057,43.67803017367078],[-116.3710290701382,43.676458171096705],[-116.36373392395059,43.67839322255396],[-116.35944796932836,43.683080921434026],[-116.35984316983622,43.68869344017537],[-116.36476651881951,43.69304185507639],[-116.37145216971855,43.69445069937542]]]}"
000000000000000001d0,161.41612483745124,156.14694408322495,44.84135240572172,6782.937581274383,363.0169050715215,17.110533159947984,345.9063719115735,91.37971391417425,249.30559167750326,249.30559167750326,78.46423927178152,480.3836150845254,87.63719115734722,0.005201560468140442,81.49544863459039,243.97139141742522,5.005201560468141,5.005201560468141,239.20806241872566,0,465,Culex tarsalis,2021.66666666667,"{""type"":""Polygon"",""coordinates"":[[[-119.7329499579598,37.09594876520412],[-119.73964316123555,37.09419379828829],[-119.74372536397655,37.0896135261061],[-119.7436047729654,37.08399455955056],[-119.73932922702674,37.07952828451553],[-119.73256640185551,37.07795623708814],[-119.72595311725014,37.07989134253661],[-119.72206793737311,37.084579118257025],[-119.72242639899403,37.090191628512805],[-119.7268895067294,37.094539961536164],[-119.7329499579598,37.09594876520412]]]}"
000000000000000001d1,104.0,148.0,37.0,8390.418784530388,327.9425414364641,-63.99668508287293,391.93922651933707,2.0033149171270717,205.12486187845303,213.38453038674035,-4.0,301.7635359116023,37.344751381215474,7.0,36.348066298342545,110.46187845303868,36.0,40.8718232044199,101.77458563535913,0,466,Culex tarsalis,2018.84905660377,"{""type"":""Polygon"",""coordinates"":[[[-116.47934903790883,43.71104747349635],[-116.48673475128324,43.70929245688443],[-116.49123912790036,43.704712105598716],[-116.49110583179191,43.69909314191238],[-116.48638797607109,43.69462694766649],[-116.47892582125513,43.69305494521718],[-116.47162865632721,43.69498999652426],[-116.46734151513992,43.69967769519059],[-116.46773682439637,43.70529021395553],[-116.4726615359912,43.709638629084296],[-116.47934903790883,43.71104747349635]]]}"
000000000000000001d2,103.37777777777777,143.80777777777777,37.0,8238.37888888889,322.69444444444446,-60.0,382.69444444444446,5.0,203.88666666666666,210.98444444444445,-2.1133333333333333,281.6588888888889,34.32888888888889,7.0,34.44222222222222,98.42777777777778,35.0,41.0,87.75555555555556,0,467,Culex tarsalis,2019.11320754717,"{""type"":""Polygon"",""coordinates"":[[[-116.3382497032746,43.511850511236815],[-116.34561099643646,43.510095496274396],[-116.35010048601029,43.505515147614204],[-116.34996763818225,43.49989618383256],[-116.34526537971183,43.4954299869052],[-116.3378278851571,43.49385798296306],[-116.33055483572141,43.4957930360671],[-116.32628186900867,43.50048073729094],[-116.32667587916501,43.50609325577354],[-116.33158431326176,43.51044166817713],[-116.3382497032746,43.511850511236815]]]}"
000000000000000001d7,103.61461794019934,147.0,37.0,8330.087486157254,326.48283499446285,-62.84717607973421,389.3300110741971,3.15282392026578,204.15282392026575,212.15282392026575,-3.8471760797342194,313.20155038759685,39.38538205980066,7.0,38.00442967884828,115.66666666666667,36.0,41.0,105.7641196013289,0,472,Culex tarsalis,2018.63865546218,"{""type"":""Polygon"",""coordinates"":[[[-116.37145216971855,43.70274908643589],[-116.37883686074895,43.70099406989289],[-116.38334061412536,43.69641371871691],[-116.38320733678445,43.6907947550266],[-116.3784901340372,43.68632856066864],[-116.37102901161407,43.68475655815694],[-116.36373285627245,43.68669160953912],[-116.35944630849475,43.691379308312335],[-116.35984156336534,43.696991827065474],[-116.36476559350845,43.70134024208035],[-116.37145216971855,43.70274908643589]]]}"
000000000000000001d8,120.77179487179487,131.83974358974362,31.0,10061.95512820513,327.78846153846155,-93.66538461538462,421.45384615384614,222.9294871794872,-14.36923076923077,247.22564102564104,-14.36923076923077,856.8666666666667,135.45641025641027,19.405128205128207,51.91025641025642,355.45641025641027,68.40512820512821,325.5269230769231,68.40512820512821,0,473,Culex tarsalis,2021.86842105263,"{""type"":""Polygon"",""coordinates"":[[[-96.59255205952768,39.22075054908056],[-96.59944319149382,39.21899556724132],[-96.60364605826949,39.21441527130443],[-96.60352183725296,39.20879630560999],[-96.59911987290728,39.20433005483587],[-96.59215716777092,39.202758020915574],[-96.58534841895248,39.204693110105175],[-96.58134835303203,39.20938086268639],[-96.58171734755376,39.21499337549799],[-96.58631238883166,39.21934173317742],[-96.59255205952768,39.22075054908056]]]}"
000000000000000001da,183.18028169014082,164.03521126760566,47.199999999999996,6749.447887323944,357.95633802816906,15.315492957746478,342.64084507042253,263.98591549295776,215.956338028169,270.6760563380282,99.61126760563381,381.930985915493,87.01408450704226,4.0,75.28873239436619,202.76760563380282,21.97042253521127,169.57323943661973,84.17887323943663,0,475,Culex tarsalis,2021.27272727273,"{""type"":""Polygon"",""coordinates"":[[[-110.83534889793495,31.9084490955768],[-110.8416379048284,31.906694161873766],[-110.84547369517512,31.90211394256018],[-110.84536051641224,31.89649497408979],[-110.84134313364805,31.892028645059515],[-110.83498849079518,31.890456567569892],[-110.82877437089317,31.892391709205047],[-110.82512380346488,31.897079536423984],[-110.8254607547808,31.902692040989947],[-110.82965443636753,31.90704031913879],[-110.83534889793495,31.9084490955768]]]}"
000000000000000001e3,105.09734513274334,140.15597345132744,36.0,8341.087389380533,326.36393805309734,-56.62942477876107,382.9933628318584,6.675884955752212,208.34955752212392,214.7146017699115,-0.9557522123893805,325.3075221238938,41.12610619469027,8.0,37.242256637168154,118.64933628318583,37.00221238938054,43.0,108.85840707964601,0,484,Culex tarsalis,2019.33333333333,"{""type"":""Polygon"",""coordinates"":[[[-116.19715036864041,43.61974737942704],[-116.20452485808791,43.61799236357251],[-116.20902239238004,43.61341201349234],[-116.20888930231138,43.60779304976224],[-116.20417861533986,43.603326854285115],[-116.19672779477641,43.60175485115035],[-116.18944171371662,43.603689903282536],[-116.18516108734818,43.608377603123174],[-116.18555579952006,43.61399012175848],[-116.19047302971403,43.61833853563594],[-116.19715036864041,43.61974737942704]]]}"
000000000000000001e4,103.55183946488293,143.85953177257525,37.0,8234.768115942028,322.30323299888516,-60.331103678929765,382.634336677815,4.528428093645484,203.55183946488296,211.0011148272018,-2.471571906354515,286.8394648829431,35.0,7.0,35.42809364548495,100.7257525083612,35.0,41.0,89.86287625418059,0,485,Culex tarsalis,2019.40909090909,"{""type"":""Polygon"",""coordinates"":[[[-116.3382497032746,43.54504851857972],[-116.34561504889203,43.54329350334315],[-116.35010700892396,43.5387131542466],[-116.34997408670674,43.533094190480796],[-116.34526923992256,43.528627993999095],[-116.33782765307436,43.527055990305065],[-116.33055060174804,43.52899104311045],[-116.32627528282686,43.533678743909235],[-116.3266695085663,43.53929126243875],[-116.33158064386251,43.54363967529527],[-116.3382497032746,43.54504851857972]]]}"
000000000000000001e5,106.0,139.2466814159292,36.0,8348.945796460179,327.2433628318584,-55.42588495575222,382.6692477876107,7.512168141592921,209.5741150442478,215.820796460177,0.0,323.12168141592923,40.630530973451336,8.0,37.32190265486726,117.4070796460177,37.0,43.0,107.39269911504427,0,486,Culex tarsalis,2019.55555555556,"{""type"":""Polygon"",""coordinates"":[[[-116.18054913541846,43.60315060530612],[-116.18792159022327,43.60139558958902],[-116.19241788415712,43.596815239727604],[-116.19228483143823,43.59119627598957],[-116.18757544399806,43.58673008028903],[-116.18012667807763,43.58515807702988],[-116.17284260627183,43.58709312931178],[-116.1685631608919,43.59178082936551],[-116.1689577648254,43.59739334797729],[-116.17387363881117,43.6017417616277],[-116.18054913541846,43.60315060530612]]]}"
000000000000000001e8,104.12375690607735,140.82320441988952,36.271823204419896,8282.985635359115,323.82209944751384,-57.973480662983434,381.79558011049727,5.577900552486188,205.58342541436465,212.3060773480663,-1.8707182320441988,311.2651933701657,38.874033149171275,8.0,36.597790055248616,112.26519337016575,37.0,42.0,102.2707182320442,0,489,Culex tarsalis,2019.21428571429,"{""type"":""Polygon"",""coordinates"":[[[-116.26355084242729,43.60315060530611],[-116.27092329723213,43.60139558958901],[-116.27541959116596,43.596815239727604],[-116.27528653844708,43.59119627598957],[-116.27057715100689,43.58673008028902],[-116.26312838508647,43.58515807702988],[-116.25584431328066,43.58709312931178],[-116.25156486790078,43.591780829365504],[-116.2519594718342,43.59739334797729],[-116.25687534582,43.60174176162769],[-116.26355084242729,43.60315060530611]]]}"
000000000000000001e9,184.36440677966098,164.28813559322032,47.27824858757061,6765.50988700565,358.86581920903956,16.06638418079096,342.7994350282486,265.364406779661,216.86581920903953,271.57627118644064,100.32344632768358,376.96610169491515,85.63559322033898,4.0,74.50423728813558,200.02401129943502,21.711864406779657,167.02401129943502,83.34180790960451,0,490,Culex tarsalis,2020.800048828125,"{""type"":""Polygon"",""coordinates"":[[[-110.83534889793495,31.916747482637263],[-110.84163847205555,31.91499254888423],[-110.8454746082027,31.910412329491063],[-110.84536141903632,31.90479336102356],[-110.8413436739804,31.900327032074568],[-110.83498845830935,31.89875495463019],[-110.82877377824383,31.900690096210884],[-110.82512288157334,31.90537792335229],[-110.82545986307403,31.910990427926823],[-110.82965392275756,31.915338706158277],[-110.83534889793495,31.916747482637263]]]}"
000000000000000001f1,92.484700122399,146.29987760097916,35.0,8927.98041615667,318.1028151774786,-91.5483476132191,409.6511627906976,79.85434516523868,210.97307221542223,210.97307221542223,-19.52141982864137,329.58017135862906,37.118727050183594,21.118727050183594,19.64871481028152,106.74296205630357,67.3671970624235,67.3671970624235,69.84577723378213,0,498,Culex tarsalis,2022.14285714286,"{""type"":""Polygon"",""coordinates"":[[[-112.4289468915165,40.20845035062092],[-112.43593740675628,40.206695361535196],[-112.4402008606823,40.20211505406364],[-112.4400748166682,40.19649608878749],[-112.43560937562656,40.192029849793805],[-112.42854630797362,40.190457822432144],[-112.42163941382964,40.192392903726955],[-112.41758166174851,40.19708064507237],[-112.41795594468557,40.202693159124834],[-112.42261723174737,40.20704152877664],[-112.4289468915165,40.20845035062092]]]}"
000000000000000001f5,103.64079822616407,145.94567627494456,37.0,8307.190687361419,326.05099778270505,-62.0,388.05099778270505,3.807095343680709,204.64079822616404,211.92350332594233,-3.0,311.40687361419066,39.0,7.0,37.593126385809306,114.40687361419067,36.0,41.0,104.40687361419067,0,502,Culex tarsalis,2017.36363636364,"{""type"":""Polygon"",""coordinates"":[[[-116.34654809033506,43.67784946615345],[-116.35392971641106,43.67609444981719],[-116.35843160133172,43.671514098970256],[-116.3582983802551,43.665895135267995],[-116.35358313510157,43.66142894057397],[-116.34612510775924,43.65985693787518],[-116.33883197912516,43.661791989482566],[-116.33454721037032,43.66647968857631],[-116.3349423021934,43.67209220729407],[-116.33986428936622,43.6764406219674],[-116.34654809033506,43.67784946615345]]]}"
000000000000000001f6,104.73888888888888,147.0,38.0,8263.335555555555,324.22888888888883,-61.193333333333335,385.4222222222222,5.0,204.05,212.45555555555555,-2.0,266.1377777777778,32.0,7.0,32.10777777777778,91.40666666666667,34.69111111111111,40.0,81.33888888888887,0,503,Culex tarsalis,2018.33333333333,"{""type"":""Polygon"",""coordinates"":[[[-116.45445387672741,43.520148898297265],[-116.46181618221732,43.518393883266356],[-116.46630628892666,43.51381353449714],[-116.46617342251581,43.50819457071945],[-116.46147051746887,43.50372837390344],[-116.4540320006342,43.50215637002329],[-116.44675795150185,43.504091423052714],[-116.4424843971931,43.50877912417035],[-116.44287846120349,43.51439164266467],[-116.44778757007631,43.51874005518143],[-116.45445387672741,43.520148898297265]]]}"
000000000000000001f8,103.2707182320442,147.0,37.0,8328.714917127072,326.5635359116022,-63.072928176795585,389.6364640883979,2.92707182320442,203.92707182320444,211.92707182320441,-4.07292817679558,315.1878453038674,39.62541436464088,7.0,37.83756906077349,116.49171270718233,36.0,41.0,106.86298342541438,0,505,Culex tarsalis,2018.11594202899,"{""type"":""Polygon"",""coordinates"":[[[-116.3797550158801,43.71104747349635],[-116.38714072925455,43.70929245688443],[-116.39164510587166,43.704712105598716],[-116.3915118097632,43.69909314191238],[-116.38679395404239,43.694626947666485],[-116.3793317992264,43.69305494521718],[-116.37203463429847,43.69498999652426],[-116.36774749311117,43.69967769519059],[-116.36814280236766,43.70529021395553],[-116.37306751396247,43.709638629084296],[-116.3797550158801,43.71104747349635]]]}"
00000000000000000201,105.18978912319643,139.0,36.0,8353.681465038846,326.684794672586,-55.81021087680355,382.4950055493896,7.351831298557159,209.18978912319645,215.3729189789123,-0.6481687014428412,330.64150943396226,41.99334073251942,8.0,37.90344062153163,121.53829078801333,37.16204217536071,43.16204217536071,111.12097669256381,0,514,Culex tarsalis,2019.5,"{""type"":""Polygon"",""coordinates"":[[[-116.16394790219645,43.59484775914459],[-116.17131933978668,43.59309274349623],[-116.17581501360635,43.58851239374421],[-116.17568197956035,43.582893430002194],[-116.17097324181768,43.57842723418994],[-116.16352550311115,43.576855230868595],[-116.15624243582708,43.57879028322536],[-116.15196358087951,43.58347798338565],[-116.15235813069938,43.58909050198566],[-116.15727332665216,43.593438915522526],[-116.16394790219645,43.59484775914459]]]}"
0000000000000000020a,104.44605116796441,145.30700778642938,37.30700778642937,8233.393770856508,323.20133481646275,-60.33147942157953,383.53281423804225,5.008898776418242,204.01001112347052,212.20022246941048,-1.746384872080089,263.91879866518354,32.0,7.0,32.75639599555061,90.42825361512793,34.70300333704115,40.0,79.42825361512791,0,523,Culex tarsalis,2019.13513513514,"{""type"":""Polygon"",""coordinates"":[[[-116.39634733089994,43.478648044792855],[-116.40370457798895,43.47689303010432],[-116.40819160099505,43.47231268188007],[-116.40805882743834,43.4666937180826],[-116.40335915320534,43.46222752071001],[-116.39592574449969,43.46065551652],[-116.38865669065265,43.46259056992241],[-116.3843860724437,43.4672782715709],[-116.38477986735585,43.47289079000661],[-116.38968560450702,43.47723920195773],[-116.39634733089994,43.478648044792855]]]}"
0000000000000000021e,104.0,146.61495535714286,37.63727678571428,8230.635044642859,323.6640625,-61.31361607142857,384.9776785714286,4.770089285714286,203.25223214285717,211.58593749999997,-2.0,264.6339285714286,32.0,7.0,32.52232142857143,91.20758928571429,34.44642857142857,40.0,80.43750000000001,0,543,Culex tarsalis,2018.26470588235,"{""type"":""Polygon"",""coordinates"":[[[-116.43785264350544,43.503547665075295],[-116.44521292422841,43.5017926501814],[-116.44970179659903,43.49721230163026],[-116.44956896735579,43.491593337844655],[-116.4448673555328,43.4871271408059],[-116.43743088336996,43.485555136801764],[-116.43015883374058,43.48749018998044],[-116.42588645468818,43.49217789131052],[-116.42628041098456,43.497790409781395],[-116.43118817023125,43.50213882207179],[-116.43785264350544,43.503547665075295]]]}"
00000000000000000225,104.6921373200443,144.0,37.0,8326.94130675526,326.3111849390919,-59.44850498338871,385.75968992248056,5.0,206.0044296788483,213.33554817275746,-2.064230343300111,320.53931339977845,40.31229235880398,8.0,37.77630121816168,117.4296788482835,37.0,42.31229235880399,107.42967884828347,0,550,Culex tarsalis,2019.14634146341,"{""type"":""Polygon"",""coordinates"":[[[-116.28015207564924,43.66954661999193],[-116.28753268058321,43.66779160372456],[-116.2920339429958,43.663211252987296],[-116.29190074066454,43.657592289281055],[-116.28718614771688,43.653126094475034],[-116.27972915155381,43.651554091713884],[-116.27243703131928,43.65348914339633],[-116.26815285527636,43.658176842596895],[-116.26854789277729,43.66378936130286],[-116.27346919929953,43.66813777586236],[-116.28015207564924,43.66954661999193]]]}"
00000000000000000229,212.31221719457008,130.25037707390646,47.58823529411764,5013.42684766214,341.9306184012066,71.23076923076923,270.69984917043735,255.39517345399696,146.24283559577677,271.64102564102564,145.156862745098,911.8446455505278,220.91251885369527,17.752639517345397,80.27149321266967,466.37405731523364,60.22473604826544,367.8959276018099,60.22473604826544,0,554,Culex tarsalis,2000.0,"{""type"":""Polygon"",""coordinates"":[[[-100.11174595652402,25.451050955140744],[-100.11765847260338,25.449296057931328],[-100.12126474535442,25.444715896710928],[-100.1211584761918,25.439096926139033],[-100.11738155947842,25.434630537777522],[-100.11140711103765,25.433058427253684],[-100.10556478658724,25.434993608652903],[-100.10213274972992,25.43968149245923],[-100.10244967087473,25.44529399077054],[-100.10639239811543,25.44964220862248],[-100.11174595652402,25.451050955140744]]]}"
0000000000000000022d,153.73878205128207,172.00000000000003,68.0,2114.1586538461543,270.4198717948719,19.804487179487182,250.61538461538464,166.40544871794876,123.73878205128207,176.27564102564105,123.73878205128207,841.1121794871797,177.62019230769235,6.0,94.49839743589745,496.60256410256414,23.0,238.10897435897436,25.48397435897436,0,558,Culex tarsalis,2011.98412698413,"{""type"":""Polygon"",""coordinates"":[[[-99.21534624905296,19.34224749865886],[-99.22100435253543,19.340492632516572],[-99.22445554012994,19.33591252075281],[-99.22435395298348,19.330293548393954],[-99.22073952724459,19.32582710952175],[-99.21502197244081,19.32425497087385],[-99.20943086734327,19.32619018612661],[-99.20614650091433,19.330878118107385],[-99.20644990029352,19.33649061109182],[-99.21022305543941,19.340838777611307],[-99.21534624905296,19.34224749865886]]]}"
00000000000000000236,103.79644048943273,144.3637374860957,37.0,8297.876529477198,324.96885428253614,-61.31368186874306,386.28253615127926,4.0,204.7641824249166,211.96885428253617,-3.0,311.96329254727476,38.988876529477196,7.590656284760846,36.918798665183544,114.08898776418243,36.590656284760854,41.590656284760854,104.08898776418243,0,567,Culex tarsalis,2018.83333333333,"{""type"":""Polygon"",""coordinates"":[[[-116.31334562389111,43.652949845871],[-116.32072418894872,43.6511948297413],[-116.32522420781282,43.646614479223146],[-116.32509104292791,43.64099551550895],[-116.32037775285421,43.63652932047914],[-116.31292281661855,43.63495731759341],[-116.30563271080565,43.636892369425816],[-116.30134971878903,43.64158006883983],[-116.30174464777366,43.647192587522234],[-116.30666459459951,43.651541001854305],[-116.31334562389111,43.652949845871]]]}"
00000000000000000246,169.90395480225993,157.8898305084746,47.0,6492.925141242938,340.8008474576272,8.663841807909604,332.13700564971754,246.50988700564972,201.9039548022599,253.99999999999997,89.75141242937853,468.67796610169495,107.18502824858759,4.0,74.12005649717514,243.79096045197744,26.19491525423729,204.6723163841808,106.88276836158194,0,583,Culex tarsalis,2021.800048828125,"{""type"":""Polygon"",""coordinates"":[[[-110.86025297731844,31.78395099416459],[-110.86653350234602,31.782196061210534],[-110.87036412186787,31.777615843089183],[-110.87025109867186,31.771996874575645],[-110.86623913333104,31.767530544327723],[-110.85989305594596,31.76595846616014],[-110.85368731228387,31.767893608611363],[-110.85004166808271,31.772581436991647],[-110.85037816804099,31.77819394142927],[-110.85456619586822,31.78254221834064],[-110.86025297731844,31.78395099416459]]]}"
0000000000000000024c,103.76548672566372,147.0,37.0,8326.768805309734,326.4823008849558,-63.0,389.48230088495575,3.0,204.0,212.0,-4.0,310.1283185840708,39.0,7.0,38.05973451327434,114.3561946902655,36.0,41.0,104.76880530973452,0,589,Culex tarsalis,2018.85810810811,"{""type"":""Polygon"",""coordinates"":[[[-116.38804448473843,43.70274908643589],[-116.39542917576885,43.70099406989289],[-116.39993292914524,43.69641371871691],[-116.39979965180433,43.6907947550266],[-116.39508244905707,43.68632856066864],[-116.38762132663395,43.68475655815694],[-116.38032517129234,43.68669160953912],[-116.37603862351466,43.691379308312335],[-116.37643387838519,43.696991827065474],[-116.38135790852833,43.701340242080356],[-116.38804448473843,43.70274908643589]]]}"
0000000000000000024d,103.59181415929203,147.0,37.0,8327.49336283186,325.94690265486724,-62.508849557522126,388.45575221238937,3.491150442477876,204.37942477876106,212.3794247787611,-3.508849557522124,306.91814159292034,38.383849557522126,7.0,37.383849557522126,112.38384955752213,36.0,41.0,103.0,0,590,Culex tarsalis,2018.56880733945,"{""type"":""Polygon"",""coordinates"":[[[-116.38804448473843,43.68614785321391],[-116.39542713184534,43.68439283680877],[-116.39992963920629,43.6798124858522],[-116.39979639938636,43.67419352215392],[-116.39508050209791,43.66972732757188],[-116.38762144368857,43.66815532493541],[-116.38032730676474,43.670090376467776],[-116.3760419453625,43.67477807545472],[-116.37643709150178,43.68039059418426],[-116.38135975925107,43.68473900897139],[-116.38804448473843,43.68614785321391]]]}"
00000000000000000250,220.0,122.28358208955224,45.58955223880597,4983.322388059702,344.6940298507463,79.0,265.6940298507463,254.23283582089553,150.23283582089553,277.41044776119406,150.23283582089553,493.52089552238806,118.07761194029851,13.0,73.46119402985074,255.15522388059705,43.538805970149255,169.89999999999998,43.538805970149255,0,593,Culex tarsalis,1987.0,"{""type"":""Polygon"",""coordinates"":[[[-100.37734785167147,25.81624687231691],[-100.38327847722555,25.814491973157107],[-100.38689578966249,25.80991180883188],[-100.38678918781495,25.80429283837224],[-100.38300070459775,25.799826453181723],[-100.37700796908878,25.798254344423444],[-100.37114776153322,25.800189523697416],[-100.36770521322575,25.804877404479402],[-100.36802309749011,25.810489903125077],[-100.371977895568,25.814838124199593],[-100.37734785167147,25.81624687231691]]]}"
00000000000000000254,103.83795782463929,145.0,37.0,8280.019977802442,324.8246392896782,-61.026637069922316,385.85127635960055,4.0,204.53052164261933,211.82574916759157,-3.0,301.37513873473927,37.04106548279689,7.0,35.55826859045505,108.38068812430635,36.0,41.0,98.36736958934519,0,597,Culex tarsalis,2018.33333333333,"{""type"":""Polygon"",""coordinates"":[[[-116.34654809033506,43.6280457664875],[-116.35392359775719,43.62629075056424],[-116.35842175262673,43.621710400374646],[-116.35828864387106,43.616091436648524],[-116.35357730671663,43.61162524128314],[-116.34612545817204,43.6100532382106],[-116.3388383718402,43.61198829026788],[-116.33455715459833,43.616675990001944],[-116.33495192092408,43.622288508649],[-116.33986982965757,43.626636922640046],[-116.34654809033506,43.6280457664875]]]}"
00000000000000000260,83.6128640776699,159.04126213592232,39.0,8488.65776699029,299.623786407767,-105.50606796116503,405.12985436893206,170.58252427184468,-21.526699029126217,196.58252427184462,-21.526699029126217,365.93810679611653,63.0,8.0,59.0,169.97936893203882,26.0,144.97936893203882,26.0,0,609,Culex tarsalis,2022.28947368421,"{""type"":""Polygon"",""coordinates"":[[[-104.74314667467505,40.822646929722566],[-104.75020151825845,40.820891936023436],[-104.75450418863771,40.81631162120855],[-104.75437696450318,40.810692656198725],[-104.74987043659635,40.806226424704896],[-104.7427424069939,40.80465440151863],[-104.73577198601961,40.806589477787384],[-104.73167689511932,40.81127721197971],[-104.7320546009707,40.8168897268221],[-104.73675876719186,40.82123810409592],[-104.74314667467505,40.822646929722566]]]}"
00000000000000000266,104.0,146.01216814159292,37.0,8321.467920353984,326.0840707964602,-62.0,388.08407079646025,4.0,205.0,212.64823008849555,-3.0,311.23230088495575,39.0,7.0,37.57079646017699,114.31858407079648,36.0,41.0,104.33075221238937,0,615,Culex tarsalis,2018.38709677419,"{""type"":""Polygon"",""coordinates"":[[[-116.35485093649658,43.6861478532139],[-116.36223358360348,43.68439283680877],[-116.36673609096444,43.6798124858522],[-116.3666028511445,43.67419352215392],[-116.36188695385607,43.66972732757187],[-116.3544278954467,43.66815532493541],[-116.34713375852287,43.67009037646777],[-116.34284839712065,43.67477807545472],[-116.3432435432599,43.68039059418426],[-116.34816621100921,43.68473900897139],[-116.35485093649658,43.6861478532139]]]}"
0000000000000000026a,103.90265486725664,146.96017699115046,37.0,8311.977876106195,325.96017699115043,-62.52101769911505,388.4811946902655,3.478982300884956,204.0,212.42367256637166,-3.178097345132744,295.65818584070803,36.49889380530974,7.0,35.9966814159292,106.61061946902655,35.85951327433628,40.859513274336294,96.95022123893806,0,619,Culex tarsalis,2019.04347826087,"{""type"":""Polygon"",""coordinates"":[[[-116.41294856412195,43.64465145881054],[-116.42032610989625,43.642896442749645],[-116.4248255073853,43.63831609234099],[-116.42469236121148,43.63269712862283],[-116.41997972215653,43.62823093348118],[-116.4125258152233,43.62665893053318],[-116.4052367159746,43.628593982440535],[-116.40095431559104,43.63328168196123],[-116.40134919035228,43.638894200631846],[-116.40626845776639,43.64324261485025],[-116.41294856412195,43.64465145881054]]]}"
0000000000000000026d,87.6957928802589,101.80474649406686,40.21574973031284,5128.888888888889,236.92556634304205,-11.341963322545848,248.26752966558792,30.906148867313913,153.6084142394822,155.64293419633225,25.91046386192017,2505.2297734627828,404.32686084142387,30.364617044228694,62.364617044228694,1172.19309600863,166.1445523193096,175.63646170442283,1099.2923408845738,0,622,Culex tarsalis,2021.5,"{""type"":""Polygon"",""coordinates"":[[[-122.31424775308172,45.752847550363946],[-122.32189891097408,45.751092516182275],[-122.32656510654269,45.74651213693098],[-122.32642693616847,45.7408931742602],[-122.32153954076257,45.73642700857576],[-122.31380933468206,45.73485502202709],[-122.3062500399049,45.736790054194095],[-122.30180882415021,45.741477725619234],[-122.30221825285705,45.74709024739125],[-122.30731989759623,45.751438691547044],[-122.31424775308172,45.752847550363946]]]}"
0000000000000000026e,84.42078580481623,148.81875792141952,36.0,8746.216730038024,309.936628643853,-98.21292775665398,408.149556400507,69.35994930291507,200.9746514575412,200.9746514575412,-24.277566539923956,354.61089987325727,38.77313054499366,23.169835234474014,17.716096324461343,112.595690747782,72.85171102661596,72.85171102661596,78.9505703422053,0,623,Culex tarsalis,2022.42857142857,"{""type"":""Polygon"",""coordinates"":[[[-112.50364575236382,40.17524788417698],[-112.51063284632299,40.17349289533824],[-112.51489421453286,40.16891258825987],[-112.51476823327987,40.16329362296945],[-112.51030497742971,40.15882738357423],[-112.50324536476089,40.157255355989],[-112.49634184927439,40.15919043755291],[-112.49228608304566,40.16387817928131],[-112.49266018393283,40.169490693291486],[-112.49731919047902,40.1738390625352],[-112.50364575236382,40.17524788417698]]]}"
00000000000000000272,104.0,147.03218645948945,37.0,8342.392896781354,326.5915649278579,-63.0,389.59156492785786,3.0,204.55937846836844,212.803551609323,-3.4728079911209764,299.03995560488346,37.0,7.0,36.85460599334073,108.99778024417314,36.0,40.755826859045506,99.99556048834629,0,627,Culex tarsalis,2019.10126582278,"{""type"":""Polygon"",""coordinates"":[[[-116.43785264350544,43.67784946615344],[-116.44523426958143,43.67609444981719],[-116.44973615450209,43.67151409897025],[-116.44960293342548,43.665895135267995],[-116.44488768827192,43.66142894057397],[-116.43742966092961,43.659856937875176],[-116.43013653229553,43.66179198948256],[-116.42585176354069,43.66647968857631],[-116.42624685536377,43.672092207294064],[-116.4311688425366,43.6764406219674],[-116.43785264350544,43.67784946615344]]]}"
00000000000000000276,90.92503176620077,156.0,36.0,9216.293519695046,312.99491740787806,-109.73697585768745,422.7318932655654,184.04701397712836,-25.73697585768742,211.92503176620076,-25.73697585768742,432.2858958068615,82.0,9.0,69.0,227.09529860228722,29.09529860228717,193.09529860228716,29.09529860228717,0,631,Culex tarsalis,2021.5,"{""type"":""Polygon"",""coordinates"":[[[-103.02504612058024,40.49064901988931],[-103.0320659456735,40.488894028694396],[-103.03634726776158,40.48431371786557],[-103.03622068606487,40.47869475271117],[-103.03173652465571,40.47422851714632],[-103.02464385843592,40.4726564916936],[-103.01770801960836,40.474591570690556],[-103.01363325488042,40.479279308765676],[-103.01400909741137,40.4848918231793],[-103.0186899214688,40.489240196315784],[-103.02504612058024,40.49064901988931]]]}"
0000000000000000028c,122.47236180904522,129.57914572864323,30.5929648241206,9991.836683417085,327.35175879396985,-89.4070351758794,416.75879396984925,223.8793969849246,-11.527638190954773,248.0,-11.527638190954773,856.4070351758794,136.12060301507537,20.0,51.0,351.5213567839196,70.12060301507539,322.04899497487435,70.12060301507539,0,653,Culex tarsalis,2021.48484848485,"{""type"":""Polygon"",""coordinates"":[[[-96.60915329274967,39.12114760884973],[-96.61603467206675,39.11939262772988],[-96.62023159331203,39.11481233293808],[-96.62010755117652,39.10919336720212],[-96.61571181590986,39.104727115258505],[-96.60875895953887,39.10315508068711],[-96.6019598419078,39.10509017066046],[-96.59796543682906,39.109777924357104],[-96.59833391237612,39.11539043704551],[-96.60292245283341,39.119738793536406],[-96.60915329274967,39.12114760884973]]]}"
0000000000000000028e,120.07721046077211,132.0772104607721,31.0,10075.942714819428,327.23661270236613,-94.59651307596515,421.8331257783313,222.49564134495645,-15.400996264009963,246.59900373599004,-15.400996264009963,855.3138231631383,135.2590286425903,19.0,52.0,355.1183063511831,68.0,325.37733499377333,68.0,0,655,Culex tarsalis,2021.45454545455,"{""type"":""Polygon"",""coordinates"":[[[-96.6008549056892,39.22904893614102],[-96.60774685238226,39.227293954241766],[-96.61195021584174,39.22271365820931],[-96.61182597988157,39.21709469251834],[-96.60742349516465,39.2126284418418],[-96.60045996727207,39.21105640797584],[-96.59365041387365,39.21299149710004],[-96.58964987505193,39.21767924958818],[-96.5900189129282,39.22329176241006],[-96.59461449727833,39.227640120188674],[-96.6008549056892,39.22904893614102]]]}"
0000000000000000028f,103.4717607973422,146.86378737541526,37.0,8312.872646733113,325.21373200442963,-63.0,388.21373200442974,3.0,204.0,211.9933554817276,-4.0,301.4972314507199,37.119601328903656,7.0,36.04872646733112,109.18383167220378,36.0,41.0,99.73754152823922,0,656,Culex tarsalis,2018.47368421053,"{""type"":""Polygon"",""coordinates"":[[[-116.4046457179604,43.66124823293146],[-116.41202530273785,43.65949321673295],[-116.41652594324307,43.65491286610524],[-116.41639275963902,43.64929390239502],[-116.41167881826782,43.6448277074771],[-116.4042228522889,43.643255704653654],[-116.39693173948078,43.64519075641109],[-116.3926481555778,43.64987845571839],[-116.39304313880898,43.65549097441257],[-116.39796376533748,43.659839388858344],[-116.4046457179604,43.66124823293146]]]}"
000000000000000002a6,103.99557032115172,147.08859357696565,37.0,8329.925802879292,326.61572535991144,-63.0,389.6157253599114,3.0,204.0,212.08859357696568,-4.0,308.23698781838317,38.67774086378738,7.0,37.68217054263566,113.55481727574751,36.0,41.0,103.88150609080843,0,679,Culex tarsalis,2017.63636363636,"{""type"":""Polygon"",""coordinates"":[[[-116.4046457179604,43.70274908643589],[-116.4120304089908,43.7009940698929],[-116.41653416236721,43.69641371871691],[-116.4164008850263,43.6907947550266],[-116.41168368227905,43.68632856066864],[-116.40422255985592,43.68475655815694],[-116.39692640451432,43.68669160953912],[-116.39263985673661,43.691379308312335],[-116.39303511160719,43.69699182706548],[-116.3979591417503,43.701340242080356],[-116.4046457179604,43.70274908643589]]]}"
000000000000000002ac,103.58823529411768,144.0,37.0,8238.46614872364,322.7325194228635,-60.227524972253065,382.96004439511665,4.772475027746949,203.772475027747,211.5216426193119,-2.2275249722530526,279.40510543840185,34.34184239733629,7.0,34.326304106548285,97.92119866814652,35.0,40.69256381798003,86.92230854605995,0,685,Culex tarsalis,2019.39215686275,"{""type"":""Polygon"",""coordinates"":[[[-116.34654809033506,43.520148898297265],[-116.353910395825,43.518393883266356],[-116.35840050253431,43.51381353449714],[-116.35826763612343,43.50819457071945],[-116.35356473107653,43.50372837390344],[-116.34612621424185,43.50215637002329],[-116.3388521651095,43.50409142305272],[-116.33457861080078,43.50877912417035],[-116.33497267481114,43.51439164266467],[-116.33988178368399,43.51874005518144],[-116.34654809033506,43.520148898297265]]]}"
000000000000000002b8,104.0,146.0,37.0,8324.129281767957,326.4,-62.0,388.4,4.0,205.0,212.51049723756904,-3.0,311.82209944751384,39.0121546961326,7.0,37.352486187845294,114.68397790055249,36.0,41.0,104.6839779005525,0,697,Culex tarsalis,2018.7125244140625,"{""type"":""Polygon"",""coordinates"":[[[-116.34654809033506,43.68614785321391],[-116.35393073744197,43.68439283680877],[-116.35843324480292,43.6798124858522],[-116.35830000498296,43.67419352215392],[-116.35358410769456,43.66972732757188],[-116.34612504928522,43.66815532493541],[-116.33883091236139,43.67009037646777],[-116.33454555095912,43.67477807545472],[-116.33494069709839,43.68039059418426],[-116.33986336484772,43.68473900897139],[-116.34654809033506,43.68614785321391]]]}"
000000000000000002c1,133.4895666131621,162.44462279293737,68.86516853932584,1775.8587479935795,242.88603531300157,8.903691813804171,233.9823434991974,147.15890850722312,107.88443017656499,153.23916532905295,107.88443017656499,996.3675762439806,212.3242375601926,8.0,95.02728731942216,593.9566613162118,31.22471910112359,296.89406099518453,31.667736757624397,0,706,Culex tarsalis,2001.44444444444,"{""type"":""Polygon"",""coordinates"":[[[-99.09085260674182,19.20114816402468],[-99.09650584093419,19.1993932985698],[-99.09995406049231,19.194813187900362],[-99.09985256318703,19.189194215501995],[-99.09624124736006,19.18472777551214],[-99.09052860894414,19.183155636241924],[-99.08494231165551,19.185090852243775],[-99.08166077152397,19.1897787852905],[-99.08196391234833,19.195391278157043],[-99.08573382216737,19.199739443540707],[-99.09085260674182,19.20114816402468]]]}"
000000000000000002c4,103.99777034559645,146.0,38.0,8221.267558528429,322.494983277592,-61.00222965440357,383.49721293199553,4.732441471571906,203.49498327759198,211.49498327759196,-2.0022296544035676,263.5418060200669,32.0,7.0,32.734671125975474,90.27647714604238,34.5139353400223,40.0,79.27647714604237,0,709,Culex tarsalis,2019.53846153846,"{""type"":""Polygon"",""coordinates"":[[[-116.41294856412195,43.486950890954375],[-116.42030682235203,43.48519587619738],[-116.42479446177025,43.480615527864146],[-116.42466166965268,43.474996564070636],[-116.41996134960117,43.47053036680934],[-116.41252691981391,43.46895836268129],[-116.40525686744205,43.470893416009126],[-116.40098566232602,43.475581117551464],[-116.4013795110292,43.48119363599889],[-116.40628592216547,43.48554204806311],[-116.41294856412195,43.486950890954375]]]}"
000000000000000002da,104.8174778761062,140.12389380530973,36.0,8313.012168141593,324.70243362831866,-57.241150442477874,381.9435840707965,6.115044247787611,206.8174778761062,213.69358407079645,-1.182522123893805,314.4026548672566,39.075221238938056,8.0,36.07522123893805,113.07522123893806,37.0,42.25774336283185,103.66924778761062,0,731,Culex tarsalis,2019.23076923077,"{""type"":""Polygon"",""coordinates"":[[[-116.2386467630438,43.60315060530611],[-116.24601921784861,43.60139558958902],[-116.25051551178247,43.596815239727604],[-116.25038245906359,43.59119627598957],[-116.2456730716234,43.58673008028902],[-116.23822430570299,43.58515807702988],[-116.23094023389717,43.58709312931178],[-116.22666078851728,43.591780829365504],[-116.22705539245074,43.59739334797729],[-116.23197126643652,43.60174176162769],[-116.2386467630438,43.60315060530611]]]}"
000000000000000002dc,154.765903307888,159.0,45.0,6672.749363867683,357.52417302798983,11.1030534351145,346.42111959287524,73.34223918575063,241.52671755725183,241.52671755725183,73.34223918575063,566.5139949109414,102.23155216284985,1.0,81.5152671755725,284.2417302798982,7.666666666666665,7.666666666666665,284.2417302798982,0,733,Culex tarsalis,2024.87037037037,"{""type"":""Polygon"",""coordinates"":[[[-120.09815033423703,37.41134990091646],[-120.10487161561268,37.40959493183954],[-120.1089709357474,37.405014656217375],[-120.10884982982418,37.3993956897865],[-120.10455635020114,37.394929418264766],[-120.0977651700566,37.393357372793375],[-120.09112415689903,37.39529247588736],[-120.08722267932197,37.399980248256924],[-120.08758263517824,37.40559275888285],[-120.09206445899267,37.4099410954767],[-120.09815033423703,37.41134990091646]]]}"
000000000000000002f0,119.76381909547739,127.18467336683419,30.0,9961.023869346733,323.1645728643216,-90.43467336683418,413.5992462311558,220.91708542713567,-13.763819095477386,244.91708542713567,-13.763819095477386,868.4422110552764,137.0,20.0,51.0,354.1645728643216,71.16457286432161,325.5565326633166,71.16457286432161,0,753,Culex tarsalis,2022.33333333333,"{""type"":""Polygon"",""coordinates"":[[[-96.60915329274967,39.087949601506836],[-96.6160314322206,39.0861946206263],[-96.62022637835041,39.08161432621545],[-96.62010239563901,39.075995360465676],[-96.61570872968284,39.07152910813299],[-96.60875914508883,39.069957073345],[-96.6019632269549,39.07189216357908],[-96.59797070241717,39.0765799176468],[-96.5983390055595,39.08219243029422],[-96.60292538643307,39.08654078638972],[-96.60915329274967,39.087949601506836]]]}"
000000000000000002f3,222.86676646706587,121.59730538922155,44.9685628742515,5073.558383233532,350.04790419161674,82.0,268.0479041916168,257.4670658682635,159.2290419161677,281.9146706586826,152.58982035928142,561.4281437125749,130.76497005988026,17.90718562874251,68.8053892215569,276.8023952095808,56.366766467065865,189.5703592814371,56.366766467065865,0,756,Culex tarsalis,1994.0,"{""type"":""Polygon"",""coordinates"":[[[-100.28604775760218,25.89095019226528],[-100.29198213099413,25.88919529270504],[-100.29560172814939,25.88461512774235],[-100.29549505745753,25.878996157305753],[-100.29170418049831,25.874529772766284],[-100.28570766038702,25.872957664370503],[-100.27984375183178,25.874892843208134],[-100.27639902813155,25.879580723369184],[-100.27671711172452,25.885193222083494],[-100.28067440792162,25.88954144381966],[-100.28604775760218,25.89095019226528]]]}"
000000000000000002f8,104.69545957918052,148.0,37.0,8389.18161683278,328.79069767441865,-63.10299003322259,391.8936877076413,2.897009966777409,205.5891472868217,214.0,-3.7906976744186043,292.7641196013289,36.012181616832784,7.0,36.498338870431894,107.01218161683279,35.012181616832784,40.0,98.51052048726469,0,761,Culex tarsalis,2018.93959731544,"{""type"":""Polygon"",""coordinates"":[[[-116.49595027113075,43.6861478532139],[-116.50333291823766,43.68439283680877],[-116.50783542559861,43.6798124858522],[-116.5077021857787,43.67419352215392],[-116.50298628849026,43.66972732757187],[-116.4955272300809,43.66815532493541],[-116.48823309315706,43.67009037646777],[-116.48394773175484,43.67477807545472],[-116.48434287789411,43.68039059418426],[-116.48926554564339,43.68473900897139],[-116.49595027113075,43.6861478532139]]]}"
0000000000000000030c,103.62084257206207,142.9279379157428,37.0,8236.953436807094,322.12860310421286,-59.47560975609756,381.6042128603105,4.98780487804878,204.15853658536585,211.08869179600887,-2.29490022172949,288.3026607538803,35.366962305986696,7.0,35.23835920177385,101.68070953436808,35.0,41.0,90.85144124168517,0,781,Culex tarsalis,2019.22807017544,"{""type"":""Polygon"",""coordinates"":[[[-116.32164847005262,43.5367456724182],[-116.3290128014977,43.53499065725023],[-116.33350414326989,43.53041030826286],[-116.33337123966946,43.524791344493096],[-116.32866704063974,43.52032514789988],[-116.32122647793366,43.51875314414378],[-116.3139504281252,43.52068819702389],[-116.30967569787047,43.525375897929024],[-116.31006986965788,43.53098841644681],[-116.31498032894875,43.53533682919],[-116.32164847005262,43.5367456724182]]]}"
0000000000000000032b,91.14698492462311,156.35678391959797,36.35678391959799,9219.005025125627,313.714824120603,-109.1645728643216,422.8793969849246,184.14698492462313,-25.164572864321606,212.14698492462315,-25.164572864321606,430.80150753768845,81.14195979899498,9.0,70.71608040201005,225.80150753768842,29.0,192.65954773869345,29.0,0,812,Culex tarsalis,2022.31818181818,"{""type"":""Polygon"",""coordinates"":[[[-103.03334896674178,40.47404778666733],[-103.0403670560684,40.472292795596985],[-103.04464731998186,40.467712484966434],[-103.04452077012805,40.46209351980485],[-103.04003771736258,40.4576272840375],[-103.0329468040063,40.45605525847202],[-103.02601267931848,40.4579903376047],[-103.02193892210096,40.46267807587296],[-103.0223146722715,40.468290590265255],[-103.0269943393238,40.472638963195934],[-103.03334896674178,40.47404778666733]]]}"
0000000000000000032f,104.0,147.2361419068736,37.0,8346.921286031042,326.81263858093126,-63.0,389.81263858093126,3.0,204.06319290465632,212.8126385809313,-3.936807095343681,293.58425720620846,36.0,7.0,36.0,106.69623059866963,35.53325942350333,40.17738359201774,97.69623059866963,0,816,Culex tarsalis,2018.85714285714,"{""type"":""Polygon"",""coordinates"":[[[-116.47104619174729,43.66954661999192],[-116.47842679668126,43.66779160372456],[-116.48292805909382,43.663211252987296],[-116.48279485676257,43.65759228928105],[-116.4780802638149,43.65312609447503],[-116.47062326765185,43.651554091713884],[-116.4633311474173,43.65348914339633],[-116.4590469713744,43.65817684259689],[-116.45944200887534,43.66378936130286],[-116.46436331539755,43.66813777586236],[-116.47104619174729,43.66954661999192]]]}"
00000000000000000173,215.42410714285717,123.20386904761905,46.0,5033.386904761905,341.22023809523813,75.10267857142857,266.1175595238096,249.2425595238095,146.76488095238093,274.58333333333337,146.76488095238093,708.3764880952382,174.94494047619048,14.793154761904763,79.74851190476191,362.8645833333333,50.717261904761905,278.1696428571429,50.717261904761905,0,372,Culex tarsalis,2001.0,"{""type"":""Polygon"",""coordinates"":[[[-100.26114813731974,25.608751522996908],[-100.26706843042768,25.606996624946735],[-100.27067944411458,25.60241646238792],[-100.27057303207566,25.596797491864415],[-100.2667911481833,25.59233110486984],[-100.26080884645789,25.59075899510709],[-100.2549588422022,25.592694175590168],[-100.25152229125261,25.597382058092776],[-100.25183962599792,25.602994556548225],[-100.25578753699807,25.607342775789338],[-100.26114813731974,25.608751522996908]]]}"
000000000000000001fb,224.45684523809524,123.0,44.0,5280.072916666667,356.94494047619054,81.71428571428572,275.23065476190476,260.5699404761905,167.45684523809524,286.7306547619047,151.49702380952382,703.40625,149.55803571428572,24.10119047619047,63.91071428571428,327.49702380952385,76.36309523809523,246.88392857142858,78.26190476190476,0,508,Culex tarsalis,2001.0,"{""type"":""Polygon"",""coordinates"":[[[-100.16985250235147,25.965649053112607],[-100.17579063819703,25.96389415315144],[-100.17941252898221,25.959313987550523],[-100.17930578917966,25.953695017136997],[-100.17551250914285,25.94922863324937],[-100.16951218966665,25.947656525216516],[-100.16364456567533,25.949591703617276],[-100.16019765809868,25.954279583156637],[-100.16051594179982,25.959892081939678],[-100.16447574585976,25.96424030433828],[-100.16985250235147,25.965649053112607]]]}"
00000000000000000223,219.38646616541348,134.59548872180451,47.0,5259.275187969924,356.2917293233082,72.0,284.29172932330823,256.7308270676691,148.90526315789472,281.2917293233082,148.90526315789472,980.4165413533833,220.08571428571426,20.905263157894733,73.16390977443606,487.9939849624059,69.77593984962405,369.70977443609013,69.77593984962405,0,548,Culex tarsalis,2001.0,"{""type"":""Polygon"",""coordinates"":[[[-100.05364832889869,25.318250007567016],[-100.0595543463708,25.316495111063908],[-100.06315665752767,25.311914950967875],[-100.06305050776226,25.30629598035534],[-100.05927774169972,25.301829590845493],[-100.05330985557426,25.30025747968228],[-100.04747394847779,25.302192661851127],[-100.04404568366627,25.306880546752673],[-100.044362259208,25.31249304494291],[-100.04830065482348,25.316841261627825],[-100.05364832889869,25.318250007567016]]]}"
0000000000000000023e,230.0,135.0,44.61919040479761,5806.000000000001,375.0,74.87106446776613,300.1289355322339,269.72113943028484,167.68515742128938,298.6881559220391,151.2518740629685,659.0419790104947,151.9145427286357,18.0,70.65967016491754,310.82608695652175,59.0,219.49775112443774,59.0,0,575,Culex tarsalis,2001.0,"{""type"":""Polygon"",""coordinates"":[[[-99.63035032499612,25.658546304460742],[-99.63627308732057,25.656791406144627],[-99.6398856062623,25.652211243162473],[-99.63977914886199,25.646592272654274],[-99.63599568788348,25.64212588609206],[-99.6300108927268,25.640553776570048],[-99.62415845012,25.64248895676335],[-99.62072046594021,25.64717683885359],[-99.62103793200633,25.652789337354626],[-99.6249874888582,25.657137557035135],[-99.63035032499612,25.658546304460742]]]}"
000000000000000002b7,224.27272727272722,126.0,44.0,5450.047690014902,362.44709388971677,79.62891207153501,282.81818181818176,260.9701937406855,165.29955290611025,288.3725782414307,149.40238450074511,693.4038748137108,151.9955290611028,20.0,66.84947839046198,323.06557377049177,65.4456035767511,246.44262295081958,66.92101341281668,0,696,Culex tarsalis,2001.0,"{""type"":""Polygon"",""coordinates"":[[[-99.9457470016074,25.86605057198284],[-99.95168012414774,25.86429567255612],[-99.95529895877152,25.859715507805994],[-99.95519231105642,25.85409653736172],[-99.95140223301551,25.84963015260515],[-99.94540697602648,25.8480580440885],[-99.93954430269083,25.849993223071625],[-99.9361003050342,25.854681103439727],[-99.93641832210042,25.860293602131154],[-99.94037478454291,25.86464182364669],[-99.9457470016074,25.86605057198284]]]}"
000000000000000002c3,212.86696562032887,130.5994020926756,47.63079222720478,5029.970104633781,342.85799701046335,71.10612855007473,271.7518684603887,251.2137518684604,145.31838565022423,272.12257100149486,145.31838565022423,913.8490284005977,220.58146487294468,17.68759342301943,79.93871449925261,467.74289985052314,60.180866965620325,368.0298953662182,60.180866965620325,0,708,Culex tarsalis,2001.0,"{""type"":""Polygon"",""coordinates"":[[[-100.11174595652403,25.442748108979224],[-100.11765806495387,25.440993211814018],[-100.12126408919887,25.436413050663983],[-100.12115782752569,25.43079408008954],[-100.1173811711775,25.426327691656162],[-100.11140713438294,25.424755581092313],[-100.10556521248544,25.426690762539696],[-100.10213341224384,25.43137864641457],[-100.10245031170922,25.436991144718302],[-100.10639276723231,25.441339362497196],[-100.11174595652403,25.442748108979224]]]}"
00000000000000000220,210.73809523809516,128.35267857142856,46.0,5180.635416666666,337.9285714285714,62.82886904761904,275.0997023809523,244.7901785714285,154.01339285714283,270.9285714285714,138.01339285714283,269.4821428571428,70.23065476190474,5.831845238095236,73.32589285714285,129.50595238095238,26.584821428571427,89.75297619047618,32.75297619047619,0,545,Culex tarsalis,2007.0,"{""type"":""Polygon"",""coordinates"":[[[-100.64294974681893,26.05694914718191],[-100.64889250150583,26.055194246730025],[-100.65251720798597,26.050614080347923],[-100.65241038334497,26.044995109962652],[-100.64861415325537,26.04052872687284],[-100.64260916962014,26.038956619284203],[-100.63673698450239,26.04089179715025],[-100.63328739596786,26.045579675928686],[-100.63360592532761,26.05119217479585],[-100.63756880807765,26.055540398005263],[-100.64294974681893,26.05694914718191]]]}"
000000000000000001cc,205.91143317230268,145.2528180354267,67.37037037037038,1616.9935587761674,318.9951690821255,104.4589371980676,214.53623188405797,202.9114331723027,213.3204508856683,229.0708534621578,187.5185185185185,1282.2512077294684,255.71336553945244,4.0,100.00161030595814,756.1481481481482,21.86312399355877,328.12077294685986,54.22383252818034,0,461,Culex tarsalis,2011.0,"{""type"":""Polygon"",""coordinates"":[[[-100.24455136319881,19.060048829390492],[-100.25019977070085,19.058293964621843],[-100.25364504819963,19.053713855044865],[-100.25354363996242,19.048094882607046],[-100.24993540683653,19.043628441501447],[-100.24422764177504,19.042056301609986],[-100.23864611021303,19.04399151835965],[-100.23536737165162,19.048679452470502],[-100.23567025619671,19.05429194521936],[-100.23943694909076,19.058640109469135],[-100.24455136319881,19.060048829390492]]]}"
00000000000000000121,156.88782051282053,170.84134615384616,69.39423076923077,2039.655448717949,269.12179487179486,24.562500000000004,244.55929487179492,175.01282051282053,126.99679487179488,177.1714743589744,126.99679487179488,636.5865384615386,125.79487179487182,6.0,89.69871794871796,362.3092948717949,22.125000000000004,288.51442307692315,22.125000000000004,0,290,Culex tarsalis,2012.0,"{""type"":""Polygon"",""coordinates"":[[[-99.11575222702425,19.491649679454568],[-99.121415532947,19.489894812583113],[-99.12486989165858,19.485314699658563],[-99.12476820853813,19.47969572734163],[-99.12115046010783,19.47522928965495],[-99.11542765252001,19.473657151667155],[-99.10983141064769,19.475592366125337],[-99.10654402454881,19.480280296975415],[-99.10684770018761,19.4858927900849],[-99.11062432271164,19.490240957809203],[-99.11575222702425,19.491649679454568]]]}"
0000000000000000012b,159.9871794871795,173.1169871794872,69.97115384615385,2048.849358974359,274.2692307692308,27.21153846153846,247.05769230769232,177.66346153846152,130.20673076923077,180.87019230769232,130.20673076923077,622.908653846154,123.83493589743593,5.0,88.49679487179489,352.92948717948724,20.0,189.5288461538462,20.0,0,300,Culex tarsalis,2012.0,"{""type"":""Polygon"",""coordinates"":[[[-99.09915099380227,19.400349585385264],[-99.10481111479008,19.39859471895956],[-99.10826353214178,19.394014606744623],[-99.10816190777493,19.388395634402066],[-99.10454619349737,19.38392919599065],[-99.0988266016678,19.382357057599318],[-99.09323350453266,19.38429227254324],[-99.08994796707643,19.388980204084536],[-99.09025147358727,19.394592697117577],[-99.09402597338047,19.398940864105352],[-99.09915099380227,19.400349585385264]]]}"
0000000000000000015f,158.52631578947367,175.06858054226473,69.0,2094.59649122807,274.90749601275917,22.598086124401913,252.3094098883573,176.52631578947364,128.07655502392342,179.84051036682615,128.07655502392342,683.5438596491227,142.56140350877195,6.0,90.10047846889951,392.76236044657094,23.16427432216906,207.42583732057415,23.16427432216906,0,352,Culex tarsalis,2012.0,"{""type"":""Polygon"",""coordinates"":[[[-99.05764568119679,19.30904949131596],[-99.063302635186,19.307294625335505],[-99.06675312211526,19.30271451382939],[-99.06665155617644,19.297095541461236],[-99.0630378645947,19.292629102325893],[-99.05732147040449,19.291056963531478],[-99.05173150028816,19.292992178960603],[-99.04844780106328,19.297680111192335],[-99.04875113940423,19.303292604149014],[-99.052523528425,19.307640770401093],[-99.05764568119679,19.30904949131596]]]}"
00000000000000000175,150.6597110754414,171.66934189406103,68.16211878009632,2067.4157303370785,267.1524879614767,16.98234349919743,250.17014446227932,164.6179775280899,121.35313001605137,172.80738362760837,121.35313001605137,897.7945425361157,187.1797752808989,6.0,95.1653290529695,529.0674157303371,24.154093097913325,255.88121990369189,28.247191011235955,0,374,Culex tarsalis,2012.0,"{""type"":""Polygon"",""coordinates"":[[[-99.22364909521448,19.317347878376427],[-99.2293063363166,19.31559301235552],[-99.23275699825338,19.311012900785006],[-99.23265542701738,19.305393928419182],[-99.2290415520627,19.300927489349608],[-99.22332486798214,19.299355350591807],[-99.21773461437775,19.301290565976853],[-99.21445074850301,19.305978498145862],[-99.21475410208963,19.31159099110948],[-99.21852668246805,19.315939157428392],[-99.22364909521448,19.317347878376427]]]}"
000000000000000001c4,159.53269537480062,167.73684210526318,68.66666666666666,2069.9585326953743,273.0701754385965,30.039872408293462,243.030303030303,177.73684210526315,129.94896331738434,181.55980861244018,129.94896331738434,751.395534290271,160.90749601275917,6.0,93.55023923444973,441.61881977671453,22.564593301435405,213.5614035087719,24.607655502392344,0,453,Culex tarsalis,2012.0,"{""type"":""Polygon"",""coordinates"":[[[-99.19045108787158,19.416946359506195],[-99.19611178649008,19.4151914929995],[-99.19956455593311,19.410611380655624],[-99.19946292091011,19.40499240831772],[-99.19584683771176,19.40052597003799],[-99.19012666266194,19.398953831719982],[-99.18453299518714,19.40088904657565],[-99.18124712245479,19.40557697799135],[-99.18155065963883,19.411189471038277],[-99.18532554441747,19.415537638159883],[-99.19045108787158,19.416946359506195]]]}"
000000000000000001ed,157.9054487179487,173.0,68.78205128205127,2084.3429487179483,273.80769230769226,23.6875,250.12019230769232,171.69230769230768,127.90544871794873,179.39743589743588,127.90544871794873,836.4070512820513,177.36538461538458,6.0,94.0,490.70032051282044,24.90224358974359,238.35737179487182,24.90224358974359,0,494,Culex tarsalis,2012.0,"{""type"":""Polygon"",""coordinates"":[[[-99.14064738820564,19.28414987103352],[-99.14630348158882,19.282395005174415],[-99.14975344394227,19.277814893861468],[-99.14965189388174,19.27219592148634],[-99.14603875195085,19.2677294821537],[-99.14032322669149,19.266157343249436],[-99.13473410631556,19.26809255881079],[-99.131450906615,19.272780491230687],[-99.13175419925813,19.278392984166558],[-99.13552601469439,19.282741150218136],[-99.14064738820564,19.28414987103352]]]}"
00000000000000000210,149.20673076923077,170.31410256410257,68.2195512820513,2017.4535256410259,264.1330128205129,15.68589743589744,248.44711538461547,165.98076923076923,120.44871794871797,170.40865384615387,120.44871794871797,751.5641025641025,155.97756410256412,7.0,90.03525641025642,433.4294871794872,26.432692307692314,225.99358974358975,26.432692307692314,0,529,Culex tarsalis,2012.0,"{""type"":""Polygon"",""coordinates"":[[[-99.01614928679342,19.217749397246656],[-99.02180309167424,19.215994531710955],[-99.02525165909034,19.211414420912863],[-99.02515015125488,19.205795448519144],[-99.0215384709415,19.201329008660686],[-99.01582525631834,19.199756869463634],[-99.01023839554799,19.201692085377417],[-99.00695652417002,19.206380018298823],[-99.0072596952967,19.21199251117923],[-99.01102998547265,19.216340676696426],[-99.01614928679342,19.217749397246656]]]}"
000000000000000002b5,158.8443017656501,167.20866773675763,68.03049759229536,2095.863563402889,272.92134831460675,29.70465489566614,243.21669341894065,174.54414125200643,129.01605136436598,181.32744783306583,129.01605136436598,776.2134831460675,166.97913322632428,6.0,94.93258426966293,458.8523274478331,22.07062600321028,218.92134831460672,25.93258426966292,0,694,Culex tarsalis,2012.0,"{""type"":""Polygon"",""coordinates"":[[[-99.19875393403309,19.408647972445728],[-99.20441434376215,19.406893105979528],[-99.20786693711432,19.40231299370012],[-99.20776530742074,19.396694021359902],[-99.20414940873012,19.39222758301432],[-99.19842952536528,19.39065544465965],[-99.19283614313355,19.392590659559445],[-99.18955043808225,19.39727859103795],[-99.18985395992573,19.40289108407793],[-99.19362865216223,19.40723925113262],[-99.19875393403309,19.408647972445728]]]}"
000000000000000001ba,193.0,135.0,45.0,6245.759887005649,335.03107344632764,35.48022598870056,299.55084745762707,139.30367231638417,199.45621468926555,269.03107344632764,109.30508474576268,1336.2542372881353,149.67655367231637,58.0,23.0,396.81779661016947,228.0,395.80367231638417,367.70762711864404,0,443,Culex tarsalis,2019.0,"{""type"":""Polygon"",""coordinates"":[[[-84.49114932001673,31.202947963304805],[-84.49739095068837,31.201193033819624],[-84.50119785895643,31.196612821220217],[-84.50108554915857,31.190993852506807],[-84.4970984258899,31.18652751661927],[-84.49079162617022,31.184955435311743],[-84.48462429245554,31.186890581542603],[-84.48100122415106,31.191578415301695],[-84.4813356544025,31.197190919144912],[-84.4854977564331,31.201539190324873],[-84.49114932001673,31.202947963304805]]]}"
0000000000000000023d,105.58582502768553,140.859357696567,36.0,8340.00996677741,326.5581395348837,-56.992248062015506,383.55038759689927,6.376522702104098,208.27464008859363,214.69878183831673,-0.7187153931339978,318.7829457364341,40.026578073089695,8.0,37.0,116.00110741971208,37.0,42.60575858250277,106.1904761904762,0,574,Culex tarsalis,2019.0,"{""type"":""Polygon"",""coordinates"":[[[-116.2220544480239,43.61974737942704],[-116.2294289374714,43.617992363572505],[-116.23392647176354,43.61341201349234],[-116.23379338169487,43.60779304976224],[-116.22908269472335,43.603326854285115],[-116.2216318741599,43.601754851150346],[-116.21434579310012,43.60368990328253],[-116.2100651667317,43.608377603123174],[-116.21045987890355,43.61399012175848],[-116.21537710909752,43.618338535635935],[-116.2220544480239,43.61974737942704]]]}"
00000000000000000268,104.0,146.0,37.0,8326.18091009989,326.3840177580466,-62.0,388.38401775804664,4.0,205.0,212.31409544950057,-3.0,315.1609322974473,39.60599334073252,7.0,37.60599334073252,116.29300776914539,36.0,41.0,106.29300776914542,0,617,Culex tarsalis,2019.5999755859375,"{""type"":""Polygon"",""coordinates"":[[[-116.3382497032746,43.694450699375416],[-116.34563337239884,43.69269568290135],[-116.35013650280139,43.688115331835064],[-116.35000324421996,43.68249636814077],[-116.34528669416665,43.67803017367078],[-116.33782660369425,43.6764581710967],[-116.33053145750664,43.67839322255396],[-116.3262455028844,43.683080921434026],[-116.32664070339227,43.68869344017537],[-116.33156405237555,43.69304185507639],[-116.3382497032746,43.694450699375416]]]}"
000000000000000001b7,52.01175213675214,134.0,28.0,11479.637820512822,285.1346153846154,-183.9882478632479,469.12286324786334,169.62286324786328,-102.0,194.80662393162396,-102.0,422.49465811965825,80.0,10.0,64.0,202.0,31.0,192.0,31.0,0,440,Culex tarsalis,2020.0,"{""type"":""Polygon"",""coordinates"":[[[-100.91684556992578,46.77374981834827],[-100.92464053927709,46.77199477489346],[-100.92939440343918,46.76741438088238],[-100.9292535910752,46.761795418747845],[-100.92427434345795,46.757329268137674],[-100.9163989157147,46.75575728998098],[-100.90869760723224,46.757692312046295],[-100.90417291767632,46.762379969093956],[-100.90458999466571,46.76799249245281],[-100.9097874966114,46.77234095192862],[-100.91684556992578,46.77374981834827]]]}"
000000000000000002ce,194.8760683760684,124.80056980056976,38.0,7039.876068376068,353.3319088319088,26.4002849002849,326.93162393162385,233.6509971509971,116.025641025641,280.55698005698,99.85042735042734,847.9829059829057,113.22507122507122,42.374643874643866,31.0,279.22507122507125,165.97435897435892,183.06837606837604,168.0,0,719,Culex tarsalis,2020.0,"{""type"":""Polygon"",""coordinates"":[[[-97.55535224078561,30.505749677194334],[-97.5615486649571,30.503994751816013],[-97.56532801394977,30.49941454575411],[-97.56521653340535,30.49379557680411],[-97.56125828379554,30.48932923423974],[-97.55499713596083,30.48775714921476],[-97.54887444559952,30.489692299920414],[-97.545277617016,30.494380140047568],[-97.54560964175147,30.499992643187014],[-97.54974161056008,30.504340907581454],[-97.55535224078561,30.505749677194334]]]}"
000000000000000002fb,119.24780976220273,126.34167709637045,30.0,9937.877346683354,321.5894868585732,-90.37046307884856,411.9599499374217,219.58948685857322,-14.638297872340424,243.52816020025026,-14.638297872340424,874.642052565707,137.0,20.0,50.34167709637046,354.5682102628285,72.47183979974967,326.38548185231537,72.47183979974967,0,764,Culex tarsalis,2020.5,"{""type"":""Polygon"",""coordinates"":[[[-96.58424921336618,39.079646755345316],[-96.59112654338688,39.0778917745246],[-96.59532099604952,39.073311480208964],[-96.59519702818473,39.06769251445574],[-96.5908038792296,39.063226262025815],[-96.58385511206353,39.061654227183666],[-96.57705999329897,39.063589317482936],[-96.57306793859972,39.0682770716434],[-96.57343619866803,39.07388958428058],[-96.57802203998648,39.07823794027724],[-96.58424921336618,39.079646755345316]]]}"
00000000000000000303,155.35364238410594,136.85165562913906,34.0,8997.475496688741,352.6370860927152,-43.254304635761585,395.89139072847684,227.92980132450327,36.06490066225165,269.60794701986754,36.06490066225165,699.1364238410596,114.03576158940396,20.0,47.06490066225165,264.0066225165562,73.93509933774833,221.94172185430463,73.93509933774833,0,772,Culex tarsalis,2021.0,"{""type"":""Polygon"",""coordinates"":[[[-99.0825497605803,35.41105067755327],[-99.0891001643349,35.40929572188706],[-99.09309531138872,35.40471546761197],[-99.0929773390027,35.39909650040761],[-99.08879300017475,35.394630207083885],[-99.08217438283683,35.39305814947423],[-99.075702120203,35.394993267179366],[-99.07189982713183,35.39968106034284],[-99.0722506892554,35.40529356867169],[-99.07661861072417,35.40964188310847],[-99.0825497605803,35.41105067755327]]]}"
00000000000000000156,155.0,153.0,41.0,7916.693135935396,333.9057873485868,-34.0,367.9057873485868,238.97308209959618,63.0,256.0955585464334,53.0,469.9300134589501,72.0,12.0,57.43741588156123,200.70794078061908,37.34051144010767,189.90713324360695,41.0,0,343,Culex tarsalis,2022.0,"{""type"":""Polygon"",""coordinates"":[[[-101.8713518232243,33.576745950005666],[-101.8777596957874,33.574991006064224],[-101.88166795072523,33.57041077045279],[-101.88155259203012,33.56479180257246],[-101.87745928893303,33.56032549018735],[-101.8709846084754,33.55875342196514],[-101.86465310284522,33.56068855244489],[-101.86093354083206,33.565376363788346],[-101.8612768177237,33.57098887010855],[-101.8655497317761,33.57533716517357],[-101.8713518232243,33.576745950005666]]]}"
000000000000000001bb,45.14121338912133,131.2039748953975,27.0,12117.692468619245,283.1997907949791,-197.0020920502092,480.20188284518827,169.64330543933056,-119.62029288702928,193.99581589958154,-119.62029288702928,431.32949790794976,88.08891213389121,7.0,70.41422594142259,211.0889121338912,25.62133891213389,209.1757322175732,25.62133891213389,0,444,Culex tarsalis,2022.0,"{""type"":""Polygon"",""coordinates"":[[[-99.23194748227493,47.15554696874642],[-99.23979828049043,47.15379192173296],[-99.24458617816201,47.14921152205779],[-99.2444443399095,47.14359256012907],[-99.23942943452441,47.1391264153037],[-99.23149763087565,47.137554440367424],[-99.22374119182031,47.13948945855622],[-99.21918409702485,47.14417711008647],[-99.21960414288608,47.14978963405423],[-99.22483885725356,47.15413809940915],[-99.23194748227493,47.15554696874642]]]}"
00000000000000000239,162.43875,133.51500000000001,43.0,6028.51375,342.0,36.0,306.0,86.0,237.80624999999998,238.95499999999996,86.0,490.25374999999997,112.37625,1.0,87.62375,264.32874999999996,7.0,9.0,264.32874999999996,0,570,Culex tarsalis,2022.0,"{""type"":""Polygon"",""coordinates"":[[[-121.3182540235819,38.63974751822077],[-121.32508894267461,38.637992540549455],[-121.32925754024014,38.63341225124691],[-121.32913435023977,38.62779328531193],[-121.32476828942146,38.62332702776209],[-121.31786235120715,38.621754990069476],[-121.31110911521945,38.62369008379993],[-121.30714167758268,38.628377842843605],[-121.30750768077873,38.63399035494144],[-121.31206525223573,38.638338705734775],[-121.3182540235819,38.63974751822077]]]}"
000000000000000001be,13.663212435233161,127.35621761658031,42.957253886010356,5925.636010362695,184.57512953367876,-110.4119170984456,294.98704663212436,-50.17875647668394,66.06088082901553,94.17357512953367,-50.85492227979275,446.4468911917098,66.68911917098445,17.119170984455955,43.31347150259067,176.6593264248705,62.73575129533679,68.75259067357514,171.29792746113992,0,447,Culex tarsalis,2023.0,"{""type"":""Polygon"",""coordinates"":[[[-118.17254551262012,37.51094838204622],[-118.17927575206977,37.509193412283096],[-118.18338053335852,37.50461313556862],[-118.18325926315488,37.49899416917734],[-118.17896006194607,37.494527898771175],[-118.17215983539721,37.49295585392088],[-118.16550997568925,37.494890956267234],[-118.16160329847264,37.499578727572796],[-118.16196373104941,37.50519123831625],[-118.16645152606473,37.50953957604386],[-118.17254551262012,37.51094838204622]]]}"
00000000000000000212,148.0,191.0,48.0,7695.448663853727,343.3825597749649,-51.11533052039382,394.4978902953587,238.0,142.51195499296767,247.66385372714487,50.0,256.6174402250352,55.0,5.0,72.0,139.61744022503515,22.0,120.0,40.0,0,531,Culex tarsalis,2023.0,"{""type"":""Polygon"",""coordinates"":[[[-106.80985083092617,32.61395022784879],[-106.81618890705005,32.61219528986273],[-106.82005461165086,32.607615063731245],[-106.8199405329455,32.60199609550767],[-106.81589180933125,32.597529773440584],[-106.8094876135246,32.595957699827814],[-106.80322503539257,32.59789283679631],[-106.79954598614238,32.60258065737405],[-106.79988554869342,32.60819316267389],[-106.80411193840065,32.61254144789929],[-106.80985083092617,32.61395022784879]]]}"
00000000000000000232,126.58013245033115,146.77483443708613,44.22516556291391,6477.255629139074,314.7086092715232,-12.724503311258278,327.4331125827815,59.096688741721856,212.6675496688742,212.93377483443712,52.561589403973514,820.5271523178808,155.5496688741722,2.7549668874172193,82.25960264900662,423.2172185430464,14.205298013245036,22.160264900662252,419.0476821192054,0,563,Culex tarsalis,2023.0,"{""type"":""Polygon"",""coordinates"":[[[-119.2681511005528,37.03785113757877],[-119.27483917940535,37.03609617105906],[-119.27891825811749,37.0315158995074],[-119.27879776107987,37.02589693292901],[-119.27452548814743,37.021430657250015],[-119.26776783793225,37.01985860946409],[-119.26115961395722,37.02179371534414],[-119.25727740850915,37.02648149167873],[-119.25763559742195,37.032094001866675],[-119.26209528935883,37.03644233423557],[-119.2681511005528,37.03785113757877]]]}"
000000000000000002f6,104.44704570791527,141.70457079152732,36.632107023411365,8258.461538461537,323.51950947603115,-58.193979933110356,381.71348940914163,5.806020066889631,205.47157190635448,212.44704570791524,-1.2564102564102564,290.93199554069116,35.643255295429206,7.0,35.09030100334448,102.82385730211817,35.0,41.0,92.27090301003344,0,759,Culex tarsalis,2023.0,"{""type"":""Polygon"",""coordinates"":[[[-116.29675330887123,43.54504851857972],[-116.30411865448866,43.54329350334315],[-116.30861061452056,43.5387131542466],[-116.3084776923034,43.5330941904808],[-116.30377284551919,43.528627993999095],[-116.29633125867096,43.527055990305065],[-116.2890542073447,43.52899104311045],[-116.28477888842347,43.533678743909235],[-116.28517311416294,43.53929126243875],[-116.29008424945914,43.54363967529527],[-116.29675330887123,43.54504851857972]]]}"
