system:index,mode,presence,row_code,scientificName,year,.geo
00000000000000000117,5.0,0,280,Aedes communis,1999.5,"{""type"":""Polygon"",""coordinates"":[[[-73.36084960792522,43.68614785321391],[-73.36823225503211,43.68439283680877],[-73.37273476239308,43.6798124858522],[-73.37260152257315,43.67419352215392],[-73.36788562528471,43.66972732757188],[-73.36042656687538,43.66815532493541],[-73.35313242995154,43.67009037646777],[-73.34884706854929,43.67477807545472],[-73.34924221468854,43.68039059418427],[-73.35416488243787,43.68473900897139],[-73.36084960792522,43.68614785321391]]]}"
00000000000000000120,14.0,0,289,Aedes communis,2018.67094515753,"{""type"":""Polygon"",""coordinates"":[[[-89.53754965500985,46.24255048715443],[-89.54526882200759,46.24079544856772],[-89.54997647655352,46.23621506230504],[-89.549837056882,46.23059609988898],[-89.54490622411109,46.22612994136531],[-89.53710734184506,46.2245579588031],[-89.52948088795152,46.22649298617147],[-89.52500019704073,46.23118065076684],[-89.52541324277377,46.23679317329268],[-89.53056021891362,46.24114162472598],[-89.53754965500985,46.24255048715443]]]}"
00000000000000000121,8.0,0,290,Aedes communis,2020.96296296296,"{""type"":""Polygon"",""coordinates"":[[[-145.7534500131052,63.938149666973274],[-145.765601085956,63.93639437958752],[-145.77301004339978,63.931813597371104],[-145.77278869808174,63.926194649402966],[-145.7650273416781,63.92172889526798],[-145.7527539461782,63.92015713780528],[-145.7407517895647,63.922091894212635],[-145.7336986863361,63.926779173102155],[-145.7343468992784,63.93239173813558],[-145.7424475745572,63.93674060056147],[-145.7534500131052,63.938149666973274]]]}"
00000000000000000122,8.0,0,291,Aedes communis,2021.28571428571,"{""type"":""Polygon"",""coordinates"":[[[-110.53655345454565,44.964349170184164],[-110.54409873422284,44.96259414293539],[-110.54870038513165,44.95801377471903],[-110.5485641593046,44.95239481164744],[-110.54374438833548,44.94792863469295],[-110.53612109965114,44.94635664187007],[-110.52866636042138,44.94829168158952],[-110.52428660057191,44.952979363763774],[-110.52469039779507,44.95859188434931],[-110.52972146922617,44.962940317051306],[-110.53655345454565,44.964349170184164]]]}"
0000000000000000012b,5.0,0,300,Aedes communis,2019.48387096774,"{""type"":""Polygon"",""coordinates"":[[[-90.04385382502231,45.79434840386836],[-90.05151067833188,45.792593369316386],[-90.05618034588561,45.78801298947568],[-90.0560420708967,45.78239402682631],[-90.05115103783011,45.77792786174385],[-90.04341508045508,45.776355875530285],[-90.03585016143096,45.77829090729391],[-90.03140563983183,45.7829785781449],[-90.03181537145424,45.78859109998029],[-90.03692081247368,45.79293954474786],[-90.04385382502231,45.79434840386836]]]}"
0000000000000000012e,5.0,0,303,Aedes communis,1999.69565217391,"{""type"":""Polygon"",""coordinates"":[[[-73.40235046142965,43.62804576648751],[-73.40972596885177,43.626290750564245],[-73.4142241237213,43.621710400374646],[-73.41409101496563,43.616091436648524],[-73.40937967781123,43.61162524128316],[-73.40192782926664,43.6100532382106],[-73.3946407429348,43.61198829026789],[-73.39035952569292,43.616675990001944],[-73.39075429201867,43.622288508649014],[-73.39567220075216,43.62663692264005],[-73.40235046142965,43.62804576648751]]]}"
00000000000000000131,17.0,0,306,Aedes communis,2004.56980703746,"{""type"":""Polygon"",""coordinates"":[[[-87.83605033413703,41.843549197706885],[-87.84321660929817,41.84179419614696],[-87.84758721140756,41.837213868819745],[-87.84745794274069,41.83159490426387],[-87.84288024294965,41.82712868554896],[-87.83563968470631,41.82555666947714],[-87.82855922102073,41.82749173718204],[-87.82439945066754,41.832179459186214],[-87.8247830854923,41.837791975374465],[-87.82956152812335,41.842140365635444],[-87.83605033413703,41.843549197706885]]]}"
0000000000000000013d,6.0,0,318,Aedes communis,2019.80530973451,"{""type"":""Polygon"",""coordinates"":[[[-71.29414991077518,44.084550695935086],[-71.30158209600961,44.0827956762005],[-71.30611480273714,44.07821531994445],[-71.30598065348478,44.07259635643856],[-71.30123311608757,44.06813016726892],[-71.29372403270257,44.06655816764565],[-71.286380975899,44.06849321555093],[-71.282066860578,44.07318090937567],[-71.28246464196633,44.078793428675105],[-71.28742032972352,44.08314184896287],[-71.29414991077518,44.084550695935086]]]}"
00000000000000000147,5.0,0,328,Aedes communis,2019.50610820244,"{""type"":""Polygon"",""coordinates"":[[[-147.50474411544187,65.16654728427761],[-147.51745524775458,65.16479196799642],[-147.52520550409415,65.16021113980075],[-147.52497372847395,65.15459219351847],[-147.51685469890344,65.15012648634199],[-147.50401598980127,65.1485547550148],[-147.49146099852197,65.15048947996159],[-147.48408282585183,65.15517671406086],[-147.48476067530115,65.16078928402239],[-147.49323455146762,65.16513819417509],[-147.50474411544187,65.16654728427761]]]}"
0000000000000000014f,1.0,0,336,Aedes communis,2019.25,"{""type"":""Polygon"",""coordinates"":[[[-105.53164505485485,40.17524788417698],[-105.538632148814,40.17349289533825],[-105.5428935170239,40.168912588259865],[-105.54276753577089,40.16329362296945],[-105.53830427992074,40.15882738357423],[-105.53124466725193,40.157255355989],[-105.52434115176541,40.15919043755291],[-105.52028538553668,40.16387817928131],[-105.52065948642385,40.169490693291486],[-105.52531849297004,40.1738390625352],[-105.53164505485485,40.17524788417698]]]}"
0000000000000000015a,1.0,0,347,Aedes communis,2020.5799560546875,"{""type"":""Polygon"",""coordinates"":[[[-119.00254920540534,37.01294705819527],[-119.00923509213287,37.011192091845174],[-119.01331283444833,37.00661182056349],[-119.01319237761054,37.00099285397532],[-119.00892150480432,36.9965265780206],[-119.00216606833123,36.99495453008115],[-118.99556000919203,36.99688963614599],[-118.99167907614479,37.00157741274358],[-118.99203714839844,37.00718992290247],[-118.99649537912546,37.01153825499113],[-119.00254920540534,37.01294705819527]]]}"
0000000000000000015b,8.0,0,348,Aedes communis,2018.55871886121,"{""type"":""Polygon"",""coordinates"":[[[-105.58145321362183,40.06734655688569],[-105.58842922835429,40.065591568848],[-105.59268384233079,40.06101126304468],[-105.5925580643166,40.055392297708025],[-105.58810188483241,40.05092605701056],[-105.58105346053684,40.049354028700336],[-105.57416088625276,40.05128911113695],[-105.57011155086434,40.05597685410737],[-105.57048506221211,40.06158936798039],[-105.57513668370062,40.065937735900654],[-105.58145321362183,40.06734655688569]]]}"
0000000000000000015d,11.0,0,350,Aedes communis,2022.2249755859375,"{""type"":""Polygon"",""coordinates"":[[[-149.3722513094334,68.66914886625408],[-149.3869271578397,68.66739345051657],[-149.39587458957163,68.66281246407374],[-149.3956060824745,68.65719352360652],[-149.38623235410145,68.65272797804717],[-149.37141073510142,68.65115633666497],[-149.35691659650166,68.65309095334037],[-149.34839807531424,68.65777803328314],[-149.34917974197057,68.66339062019296],[-149.358962719547,68.6677396946093],[-149.3722513094334,68.66914886625408]]]}"
00000000000000000160,10.0,0,353,Aedes communis,2013.75409836066,"{""type"":""Polygon"",""coordinates"":[[[-111.8728479400402,46.65754564489548],[-111.88062614283002,46.65579060251375],[-111.88536978600348,46.651210210210685],[-111.88522928170792,46.645591248014085],[-111.88026074286208,46.64112509565952],[-111.87240224601362,46.63955311653169],[-111.86471749442417,46.64148813976598],[-111.86020253683334,46.646175798477415],[-111.86061872218066,46.651788321652646],[-111.86580504844697,46.65613677935562],[-111.8728479400402,46.65754564489548]]]}"
0000000000000000017c,8.0,0,381,Aedes communis,2019.48837209302,"{""type"":""Polygon"",""coordinates"":[[[-149.19795396745636,63.88834596730734],[-149.21008348839172,63.8865906810396],[-149.2174793118533,63.8820099006022],[-149.2172583675529,63.8763909525689],[-149.2095107750322,63.871925196616964],[-149.19725913423335,63.87035343814303],[-149.1852782520774,63.872288195767666],[-149.17823765802885,63.87697547639019],[-149.17888473013954,63.882588041232914],[-149.18697104383125,63.88693690181216],[-149.19795396745636,63.88834596730734]]]}"
0000000000000000017e,5.0,0,383,Aedes communis,2020.02777777778,"{""type"":""Polygon"",""coordinates"":[[[-90.08535021942569,45.83584925737279],[-90.0930127806611,45.83409422244995],[-90.0976859278242,45.82951384201897],[-90.09754754798944,45.82389487939104],[-90.09265286927328,45.81942871491144],[-90.08491114797464,45.817856729033494],[-90.07734059235345,45.81979176039311],[-90.07289275764947,45.82447943066912],[-90.0733027928513,45.830091952567976],[-90.0784120384876,45.83444039794824],[-90.08535021942569,45.83584925737279]]]}"
00000000000000000193,6.0,0,404,Aedes communis,2003.0,"{""type"":""Polygon"",""coordinates"":[[[-67.20224691087846,45.23824945239209],[-67.20982847312334,45.23649442275686],[-67.21445224237456,45.23191405074206],[-67.21431535023854,45.226295087808424],[-67.2094724055729,45.221828914733315],[-67.20181247812384,45.22025692407015],[-67.19432190949789,45.22219196118988],[-67.1899210898065,45.22687963966408],[-67.19032681689357,45.23249216065804],[-67.19538207257231,45.23684059730266],[-67.20224691087846,45.23824945239209]]]}"
00000000000000000195,5.0,0,406,Aedes communis,2019.90625,"{""type"":""Polygon"",""coordinates"":[[[-147.488151800422,65.19144690456005],[-147.50087488093683,65.18969158766554],[-147.5086324183203,65.18511075849393],[-147.50840041998777,65.17949181224743],[-147.50027375993562,65.17502610606768],[-147.48742299086732,65.17345437529524],[-147.47485620582572,65.17538909957426],[-147.467471098201,65.18007633272283],[-147.46814957970517,65.18568890278895],[-147.4766314175234,65.19003781395467],[-147.488151800422,65.19144690456005]]]}"
0000000000000000019b,5.0,0,412,Aedes communis,2017.92592592593,"{""type"":""Polygon"",""coordinates"":[[[-90.08535021942569,45.810949637090346],[-90.0930093545253,45.80919460239008],[-90.09768041308145,45.804614222313354],[-90.09754209617972,45.79899525967256],[-90.09264960573486,45.79452909483114],[-90.08491134418395,45.79295710875177],[-90.07734417188381,45.79489214035386],[-90.07289832584391,45.799579810974954],[-90.07330817882485,45.805192332835716],[-90.07841514077113,45.80954077784827],[-90.08535021942569,45.810949637090346]]]}"
000000000000000001a1,6.0,0,418,Aedes communis,2017.9000244140625,"{""type"":""Polygon"",""coordinates"":[[[-71.28585152371471,44.0679494627131],[-71.29328162426398,44.06619444311815],[-71.29781306013011,44.061614087084344],[-71.29767894915078,44.05599512357038],[-71.29293274324601,44.05152893417375],[-71.28542576503075,44.04995693442414],[-71.27808476689195,44.051891982481514],[-71.27377186160582,44.05657967652275],[-71.27416953209845,44.06219219579829],[-71.27912383029462,44.06654061585535],[-71.28585152371471,44.0679494627131]]]}"
000000000000000001a5,15.0,0,422,Aedes communis,2008.55882352941,"{""type"":""Polygon"",""coordinates"":[[[-114.25495323200364,48.12664999616586],[-114.26295132605367,48.12489493986553],[-114.2678290153185,48.120314525408936],[-114.2676844697399,48.1146955640175],[-114.26257548701548,48.110229434288485],[-114.25449494538829,48.10865746775638],[-114.2465930539044,48.1105924758288],[-114.2419504629426,48.11528011296046],[-114.24237834099931,48.12089263851715],[-114.24771123408786,48.12524111921459],[-114.25495323200364,48.12664999616586]]]}"
000000000000000001aa,1.0,0,427,Aedes communis,2020.66964285714,"{""type"":""Polygon"",""coordinates"":[[[-145.7534500131052,63.88834596730734],[-145.76557953404057,63.8865906810396],[-145.7729753575022,63.88200990060221],[-145.77275441320174,63.87639095256888],[-145.76500682068107,63.871925196616964],[-145.75275517988223,63.87035343814303],[-145.7407742977263,63.872288195767666],[-145.73373370367773,63.87697547639021],[-145.73438077578842,63.88258804123293],[-145.7424670894801,63.88693690181216],[-145.7534500131052,63.88834596730734]]]}"
000000000000000001ae,6.0,0,431,Aedes communis,2019.3008356546,"{""type"":""Polygon"",""coordinates"":[[[-89.58734889557475,45.5204525807615],[-89.59496839004073,45.518697548643324],[-89.59961528323676,45.514117172676436],[-89.59947769443849,45.508498209886355],[-89.59461052245668,45.50403204084753],[-89.58691229049242,45.50246005243142],[-89.57938426351338,45.50439508684631],[-89.57496142646033,45.50908276147079],[-89.57536917109465,45.514695282889676],[-89.58044971055865,45.519043723636386],[-89.58734889557475,45.5204525807615]]]}"
000000000000000001bf,5.0,0,448,Aedes communis,2020.16666666667,"{""type"":""Polygon"",""coordinates"":[[[-147.51304696160338,65.16654728427761],[-147.5257580939161,65.16479196799642],[-147.53350835025566,65.16021113980075],[-147.53327657463547,65.15459219351847],[-147.52515754506493,65.15012648634199],[-147.5123188359628,65.1485547550148],[-147.4997638446835,65.15048947996159],[-147.49238567201337,65.15517671406086],[-147.49306352146266,65.16078928402239],[-147.50153739762914,65.16513819417509],[-147.51304696160338,65.16654728427761]]]}"
000000000000000001c5,1.0,0,454,Aedes communis,2018.375,"{""type"":""Polygon"",""coordinates"":[[[-145.73684877988322,63.855147959964434],[-145.7489639822972,63.853392674439725],[-145.75635107987702,63.84881189518472],[-145.75613040198755,63.843192947108065],[-145.74839195382958,63.83872718994859],[-145.736154766302,63.83715543080257],[-145.72418801835488,63.839090189236224],[-145.71715573507512,63.84377747101054],[-145.7178020492322,63.849390035726515],[-145.72587882145518,63.853738895078465],[-145.73684877988322,63.855147959964434]]]}"
000000000000000001c6,1.0,0,455,Aedes communis,2020.11428571429,"{""type"":""Polygon"",""coordinates"":[[[-105.57315036746031,40.05074978276476],[-105.58012468335902,40.04899479485006],[-105.58437826167457,40.0444144892425],[-105.58425251482373,40.038795523898735],[-105.57979742039451,40.03432928300136],[-105.57275071166919,40.03275725457982],[-105.56585981505535,40.03469233715042],[-105.56181146574016,40.039380080311545],[-105.56218488669057,40.04499259416349],[-105.5668353757907,40.04934096188057],[-105.57315036746031,40.05074978276476]]]}"
000000000000000001d4,6.0,0,469,Aedes communis,2019.23267326733,"{""type"":""Polygon"",""coordinates"":[[[-89.58734889557475,45.503846888438474],[-89.59496614236161,45.50209185646708],[-89.5996116653464,45.49751148073385],[-89.59947411783065,45.49189251793528],[-89.59460838144145,45.48742634865783],[-89.58691241921383,45.48585436010887],[-89.57938661183213,45.48778939468367],[-89.57496507942085,45.492477069535745],[-89.57537270450689,45.49808959092952],[-89.58045174577788,45.50243803143371],[-89.58734889557475,45.503846888438474]]]}"
000000000000000001d7,14.0,0,472,Aedes communis,2019.22580645161,"{""type"":""Polygon"",""coordinates"":[[[-89.56244481619125,46.24255048715443],[-89.57016398318896,46.240795448567724],[-89.5748716377349,46.23621506230504],[-89.57473221806337,46.23059609988898],[-89.56980138529248,46.22612994136531],[-89.56200250302645,46.2245579588031],[-89.55437604913291,46.22649298617147],[-89.5498953582221,46.23118065076684],[-89.55030840395516,46.23679317329268],[-89.55545538009501,46.241141624725984],[-89.56244481619125,46.24255048715443]]]}"
000000000000000001e0,1.0,0,481,Aedes communis,2019.77966101695,"{""type"":""Polygon"",""coordinates"":[[[-105.55654913423832,40.05074978276476],[-105.56352345013703,40.04899479485006],[-105.5677770284526,40.0444144892425],[-105.56765128160175,40.03879552389874],[-105.56319618717252,40.034329283001355],[-105.55614947844721,40.03275725457982],[-105.54925858183337,40.03469233715042],[-105.54521023251819,40.039380080311545],[-105.5455836534686,40.044992594163496],[-105.55023414256871,40.04934096188057],[-105.55654913423832,40.05074978276476]]]}"
000000000000000001e4,8.0,0,485,Aedes communis,2017.77272727273,"{""type"":""Polygon"",""coordinates"":[[[-149.21455520067832,63.88834596730734],[-149.2266847216137,63.8865906810396],[-149.2340805450753,63.8820099006022],[-149.23385960077488,63.87639095256888],[-149.2261120082542,63.871925196616964],[-149.2138603674553,63.87035343814303],[-149.2018794852994,63.872288195767666],[-149.19483889125084,63.87697547639019],[-149.19548596336153,63.882588041232914],[-149.2035722770532,63.88693690181216],[-149.21455520067832,63.88834596730734]]]}"
000000000000000001e6,5.0,0,487,Aedes communis,2018.78260869565,"{""type"":""Polygon"",""coordinates"":[[[-90.06044614004219,45.810949637090346],[-90.06810527514179,45.80919460239008],[-90.07277633369795,45.80461422231336],[-90.07263801679622,45.79899525967256],[-90.06774552635136,45.79452909483115],[-90.06000726480045,45.79295710875178],[-90.0524400925003,45.79489214035386],[-90.0479942464604,45.79957981097496],[-90.04840409944134,45.805192332835716],[-90.05351106138762,45.80954077784827],[-90.06044614004219,45.810949637090346]]]}"
000000000000000001e8,1.0,0,489,Aedes communis,2020.58510638298,"{""type"":""Polygon"",""coordinates"":[[[-145.73684877988322,63.87174919318641],[-145.74897113778266,63.86999390729035],[-145.75636259600395,63.86541312744442],[-145.75614178498066,63.859794179389425],[-145.74839876705198,63.85532842283347],[-145.73615435669709,63.85375666402331],[-145.7241805453699,63.855691422052644],[-145.71714410889686,63.86037870325134],[-145.71779080183242,63.865991268030655],[-145.72587234227512,63.87034012799597],[-145.73684877988322,63.87174919318641]]]}"
000000000000000001ef,6.0,0,496,Aedes communis,2019.38922155689,"{""type"":""Polygon"",""coordinates"":[[[-71.28585152371471,44.076247849773566],[-71.2932826661024,44.074492830108824],[-71.2978147370919,44.06991247396393],[-71.29768060698532,44.064293510454014],[-71.29293373565635,44.05982732117083],[-71.28542570536531,44.05825532148437],[-71.27808367839194,44.06019036946573],[-71.27377016838102,44.06487806339876],[-71.2741678942947,44.07049058268624],[-71.27912288693535,44.0748390028586],[-71.28585152371471,44.076247849773566]]]}"
00000000000000000203,1.0,0,516,Aedes communis,2022.28571428571,"{""type"":""Polygon"",""coordinates"":[[[-119.06065575123282,37.021249904356786],[-119.06734236849944,37.01949493795015],[-119.0714205561773,37.01491466657848],[-119.07130008594268,37.009295699993565],[-119.0670287465358,37.00482942413075],[-119.06027257231958,37.00325737624247],[-119.05366579173557,37.005192482245725],[-119.04978443465296,37.00988025875566],[-119.05014254578397,37.01549276892423],[-119.05460126346814,37.019841101106294],[-119.06065575123282,37.021249904356786]]]}"
00000000000000000204,1.0,0,517,Aedes communis,2020.76470588235,"{""type"":""Polygon"",""coordinates"":[[[-110.46185459369833,44.956046324022644],[-110.46939878163788,44.954291296845845],[-110.473999767008,44.94971092874407],[-110.47386356122928,44.94409196566833],[-110.46904448755382,44.939625788596814],[-110.46142230132642,44.93805379570879],[-110.45396864019978,44.939988835506654],[-110.44958951403821,44.944676517792516],[-110.44999325319112,44.950289038365725],[-110.45502359692081,44.9546374709488],[-110.46185459369833,44.956046324022644]]]}"
00000000000000000207,8.0,0,520,Aedes communis,2021.66666666667,"{""type"":""Polygon"",""coordinates"":[[[-145.7534500131052,63.92155289285235],[-145.7655938943907,63.919797605839605],[-145.77299846921528,63.915216824216735],[-145.77277725771398,63.90959787622686],[-145.7650204941201,63.90513212148567],[-145.75275435784727,63.903560363685585],[-145.74075930021073,63.905495120499076],[-145.733710371116,63.910182399966786],[-145.73435820338221,63.915794964936595],[-145.7424540864074,63.92014382674636],[-145.7534500131052,63.92155289285235]]]}"
00000000000000000212,8.0,0,531,Aedes communis,2019.33333333333,"{""type"":""Polygon"",""coordinates"":[[[-149.24774874892017,63.88005203934792],[-149.2598746890771,63.878296753265985],[-149.26726833036946,63.87371597312424],[-149.26704745269424,63.86809702508009],[-149.2593021469972,63.863631268826225],[-149.24705412067323,63.86205951018421],[-149.23507677320114,63.86399426801116],[-149.22803825751106,63.8686815489217],[-149.22868514007374,63.87429411373273],[-149.236769067634,63.87864297400508],[-149.24774874892017,63.88005203934792]]]}"
00000000000000000214,15.0,0,533,Aedes communis,2004.77142857143,"{""type"":""Polygon"",""coordinates"":[[[-73.94184817968396,45.43745087375265],[-73.94945645899189,45.43569584236735],[-73.95409651529596,45.431115467566954],[-73.95395913248127,45.4254965047345],[-73.94909912362124,45.42103033450432],[-73.94141221687812,45.41945834542498],[-73.93389526494194,45.42139338063823],[-73.92947893760979,45.42608105639899],[-73.92988608573643,45.43169357769246],[-73.9349591497228,45.4360420172284],[-73.94184817968396,45.43745087375265]]]}"
00000000000000000219,10.0,0,538,Aedes communis,2009.06666666667,"{""type"":""Polygon"",""coordinates"":[[[-113.0099499223763,46.923147540042926],[-113.01776660149415,46.921392495201644],[-113.02253370003466,46.91681209898382],[-113.02239248875735,46.91119313692947],[-113.01739937515765,46.90672698857308],[-113.00950202489602,46.90515501167106],[-113.00177927816034,46.90709003222608],[-112.99724198741205,46.91177768712413],[-112.99766021890258,46.91739021072023],[-113.00287219138589,46.92173867248656],[-113.0099499223763,46.923147540042926]]]}"
00000000000000000236,17.0,0,567,Aedes communis,2002.85714285714,"{""type"":""Polygon"",""coordinates"":[[[-66.04855261352252,45.27974584679545],[-66.05613971825784,45.277990816796674],[-66.06076686628195,45.273410444203215],[-66.06062987235644,45.267791481290594],[-66.05578338770023,45.26332530880647],[-66.04811786335647,45.261753318472316],[-66.0406218214737,45.26368835519602],[-66.03621778470134,45.26837603310654],[-66.03662380658753,45.27398855416272],[-66.0416827566253,45.27833699140796],[-66.04855261352252,45.27974584679545]]]}"
00000000000000000239,8.0,0,570,Aedes communis,2006.0,"{""type"":""Polygon"",""coordinates"":[[[-151.4887547062494,66.56924670266008],[-151.5021799584595,66.56749134992425],[-151.51036537617344,66.56291046372291],[-151.5101202751984,66.55729151956983],[-151.50154519081863,66.55282587163435],[-151.48798570594428,66.55125417327767],[-151.47472584792945,66.55318885853625],[-151.46693318815556,66.55787603612957],[-151.4676487991851,66.5634886123058],[-151.4765985165218,66.56783758266917],[-151.4887547062494,66.56924670266008]]]}"
0000000000000000023d,11.0,0,574,Aedes communis,2020.15384615385,"{""type"":""Polygon"",""coordinates"":[[[-149.5963478919754,68.63595085891117],[-149.61100200162312,68.63419544426108],[-149.61993618811942,68.6296144595484],[-149.6196680886494,68.6239955190175],[-149.61030824268207,68.61952997169116],[-149.5955085617141,68.61795832932562],[-149.5810358770527,68.61989294718472],[-149.57252997324827,68.62458002881293],[-149.5733104924849,68.63019261553754],[-149.58307898630656,68.63454168815795],[-149.5963478919754,68.63595085891117]]]}"
00000000000000000240,14.0,0,577,Aedes communis,2018.48484848485,"{""type"":""Polygon"",""coordinates"":[[[-114.07234858476397,46.78204820540874],[-114.08014475544458,46.780293161877104],[-114.08489935194328,46.775712767743784],[-114.08475851750562,46.77009380561368],[-114.07977850260173,46.76562765512837],[-114.07190186175542,46.76405567704118],[-114.06419936696723,46.76599069902283],[-114.05967398011302,46.77067835595141],[-114.06009112098835,46.776290879323405],[-114.06528942367457,46.780639338926115],[-114.07234858476397,46.78204820540874]]]}"
00000000000000000252,8.0,0,595,Aedes communis,2020.0999755859375,"{""type"":""Polygon"",""coordinates"":[[[-145.7534500131052,63.94644805403374],[-145.7656046853163,63.94469276646131],[-145.77301583624904,63.94011198394786],[-145.77279442395493,63.93449303599062],[-145.7650307688619,63.93002728215899],[-145.752753740139,63.928455524865136],[-145.74074803050718,63.930390281069236],[-145.7336928381351,63.93507755966939],[-145.7343412416037,63.94069012473467],[-145.7424443153925,63.94503898746889],[-145.7534500131052,63.94644805403374]]]}"
00000000000000000253,5.0,0,596,Aedes communis,2018.60784313725,"{""type"":""Polygon"",""coordinates"":[[[-71.3024527569367,44.0679494627131],[-71.30988285748596,44.06619444311815],[-71.31441429335209,44.061614087084344],[-71.31428018237277,44.05599512357038],[-71.309533976468,44.05152893417375],[-71.30202699825274,44.04995693442414],[-71.29468600011394,44.05189198248152],[-71.29037309482781,44.05657967652275],[-71.29077076532045,44.062192195798296],[-71.29572506351661,44.06654061585536],[-71.3024527569367,44.0679494627131]]]}"
00000000000000000258,6.0,0,601,Aedes communis,2018.25287356322,"{""type"":""Polygon"",""coordinates"":[[[-72.19054961824625,42.54905032997889],[-72.19779633983377,42.547295322838806],[-72.20221598407183,42.54271498662951],[-72.20208523913486,42.53709602239595],[-72.19745615788852,42.532629812752376],[-72.1901343616293,42.53105780173082],[-72.18297445458404,42.53299286335657],[-72.17876798984868,42.53768057670877],[-72.17915590474773,42.54329309385233],[-72.18398796997946,42.54764149333248],[-72.19054961824625,42.54905032997889]]]}"
0000000000000000025f,1.0,0,608,Aedes communis,2020.02777777778,"{""type"":""Polygon"",""coordinates"":[[[-105.56485198039985,40.05074978276476],[-105.57182629629857,40.04899479485006],[-105.57607987461412,40.0444144892425],[-105.57595412776328,40.038795523898735],[-105.57149903333406,40.03432928300136],[-105.56445232460874,40.03275725457983],[-105.5575614279949,40.034692337150425],[-105.5535130786797,40.039380080311545],[-105.55388649963012,40.044992594163496],[-105.55853698873025,40.04934096188057],[-105.56485198039985,40.05074978276476]]]}"
00000000000000000264,14.0,0,613,Aedes communis,2018.94117647059,"{""type"":""Polygon"",""coordinates"":[[[-89.56244481619125,45.503846888438474],[-89.57006206297811,45.50209185646709],[-89.5747075859629,45.497511480733856],[-89.57457003844715,45.491892517935284],[-89.56970430205794,45.487426348657834],[-89.56200833983033,45.485854360108874],[-89.55448253244863,45.48778939468367],[-89.55006100003735,45.49247706953575],[-89.55046862512339,45.498089590929524],[-89.55554766639438,45.50243803143371],[-89.56244481619125,45.503846888438474]]]}"
00000000000000000282,8.0,0,643,Aedes communis,2018.71428571429,"{""type"":""Polygon"",""coordinates"":[[[-149.2560515950817,63.88834596730734],[-149.26818111601705,63.8865906810396],[-149.27557693947867,63.88200990060221],[-149.27535599517824,63.87639095256888],[-149.26760840265754,63.871925196616964],[-149.25535676185868,63.87035343814303],[-149.24337587970277,63.872288195767666],[-149.2363352856542,63.87697547639019],[-149.2369823577649,63.882588041232914],[-149.24506867145658,63.88693690181216],[-149.2560515950817,63.88834596730734]]]}"
0000000000000000028b,6.0,0,652,Aedes communis,2020.03401360544,"{""type"":""Polygon"",""coordinates"":[[[-72.17394838502426,42.54905032997889],[-72.1811951066118,42.5472953228388],[-72.18561475084985,42.54271498662951],[-72.18548400591287,42.53709602239595],[-72.18085492466653,42.532629812752376],[-72.17353312840733,42.53105780173082],[-72.16637322136205,42.53299286335657],[-72.16216675662669,42.537680576708766],[-72.16255467152574,42.54329309385232],[-72.16738673675746,42.54764149333248],[-72.17394838502426,42.54905032997889]]]}"
0000000000000000028c,8.0,0,653,Aedes communis,2021.66666666667,"{""type"":""Polygon"",""coordinates"":[[[-110.64444586363483,44.94774793696217],[-110.65198896089697,44.9459929098573],[-110.65658928137469,44.941412541870015],[-110.65645309562474,44.93579357879011],[-110.65163471856582,44.93132740160167],[-110.64401363372485,44.92975540864855],[-110.63656104965439,44.931690448524776],[-110.63218255656535,44.93637813092216],[-110.63258623770439,44.94199065148306],[-110.63761585443929,44.94633908394731],[-110.64444586363483,44.94774793696217]]]}"
0000000000000000028e,8.0,0,655,Aedes communis,2020.0999755859375,"{""type"":""Polygon"",""coordinates"":[[[-149.18135273423434,63.88834596730734],[-149.1934822551697,63.8865906810396],[-149.20087807863132,63.8820099006022],[-149.2006571343309,63.87639095256888],[-149.1929095418102,63.871925196616964],[-149.18065790101133,63.87035343814303],[-149.16867701885542,63.87228819576765],[-149.16163642480686,63.87697547639019],[-149.16228349691755,63.882588041232914],[-149.17036981060923,63.88693690181216],[-149.18135273423434,63.88834596730734]]]}"
00000000000000000299,18.0,0,666,Aedes communis,2009.800048828125,"{""type"":""Polygon"",""coordinates"":[[[-94.05275065880915,58.709149143841536],[-94.06302926801935,58.70739395578782],[-94.0692970435204,58.70281333164201],[-94.06911044163081,58.69719437789105],[-94.06254493757643,58.69272846231852],[-94.0521617882343,58.691156614999535],[-94.04200814372341,58.693091479570796],[-94.0360418649495,58.697778912441656],[-94.03659085780622,58.70339146052027],[-94.04344370339358,58.707740158869576],[-94.05275065880915,58.709149143841536]]]}"
000000000000000002a3,18.0,0,676,Aedes communis,2019.23913043478,"{""type"":""Polygon"",""coordinates"":[[[-89.49604880150544,46.217646407770935],[-89.50376446706176,46.215891369410144],[-89.50846998710078,46.21131098350704],[-89.50833063175408,46.20569202107791],[-89.50340203534994,46.201225862187016],[-89.4956066888617,46.19965387942036],[-89.48798369264028,46.201588907034825],[-89.48350503410323,46.20627657198045],[-89.4839178936192,46.211889094467644],[-89.48906253588044,46.21623754552771],[-89.49604880150544,46.217646407770935]]]}"
000000000000000002aa,8.0,0,683,Aedes communis,2020.51428571429,"{""type"":""Polygon"",""coordinates"":[[[-149.2394503618597,63.88834596730734],[-149.25157988279506,63.8865906810396],[-149.25897570625668,63.88200990060221],[-149.25875476195623,63.87639095256888],[-149.25100716943555,63.871925196616964],[-149.23875552863672,63.87035343814303],[-149.22677464648075,63.872288195767666],[-149.21973405243222,63.87697547639019],[-149.2203811245429,63.882588041232914],[-149.2284674382346,63.88693690181216],[-149.2394503618597,63.88834596730734]]]}"
000000000000000002ac,17.0,0,685,Aedes communis,2003.0,"{""type"":""Polygon"",""coordinates"":[[[-67.74175354733488,47.06424687467711],[-67.74959089072863,47.06249182851927],[-67.75437058629514,47.05791143020594],[-67.7542289952957,47.05229246822774],[-67.74922268347122,47.04782632201151],[-67.74130446646035,47.046254346300934],[-67.73356131391756,47.04818936542177],[-67.72901202882184,47.05287701827859],[-67.72943135919492,47.05848954209995],[-67.73465710533463,47.06283800604134],[-67.74175354733488,47.06424687467711]]]}"
000000000000000002ae,6.0,0,687,Aedes communis,2000.0,"{""type"":""Polygon"",""coordinates"":[[[-72.26525293819462,43.852151267231584],[-72.27265610250258,43.85039624944458],[-72.27717111754149,43.845815896288464],[-72.27703750107344,43.84019693267003],[-72.27230849940157,43.835730740334384],[-72.26482872213417,43.83415873894856],[-72.25751432405086,43.83609378897549],[-72.25321705364023,43.84078148581988],[-72.25361329123236,43.846394004785964],[-72.25854963488335,43.85074242185612],[-72.26525293819462,43.852151267231584]]]}"
000000000000000002b1,5.0,0,690,Aedes communis,2019.78787878788,"{""type"":""Polygon"",""coordinates"":[[[-147.488151800422,65.17484567133805],[-147.50086691199473,65.17309035485258],[-147.5086195932327,65.16850952633186],[-147.5083877434407,65.16289058006149],[-147.50026617259468,65.158424873217],[-147.48742344700878,65.15685314207458],[-147.4748645279031,65.15878786679895],[-147.46748404559773,65.16347510058158],[-147.46816210554917,65.16908767057794],[-147.47663863328535,65.17343658106805],[-147.488151800422,65.17484567133805]]]}"
000000000000000002c4,1.0,0,709,Aedes communis,2022.63636363636,"{""type"":""Polygon"",""coordinates"":[[[-119.01084759246581,36.98804743791284],[-119.01753129015896,36.986292471732206],[-119.02160769796183,36.981712200720295],[-119.02148728126721,36.976093234122345],[-119.0172178066131,36.971626957892106],[-119.01046458076112,36.97005490979927],[-119.00386068340573,36.97199001604876],[-118.99998102096538,36.97667779290912],[-119.00033897672431,36.98229030303897],[-119.00479574830152,36.986638634847644],[-119.01084759246581,36.98804743791284]]]}"
000000000000000002c7,8.0,0,712,Aedes communis,2019.12121212121,"{""type"":""Polygon"",""coordinates"":[[[-149.23115197479925,63.88834596730734],[-149.24328149573464,63.88659068103959],[-149.25067731919623,63.8820099006022],[-149.2504563748958,63.87639095256888],[-149.24270878237513,63.871925196616964],[-149.23045714157624,63.87035343814301],[-149.21847625942033,63.87228819576765],[-149.21143566537177,63.87697547639019],[-149.21208273748246,63.882588041232914],[-149.22016905117414,63.88693690181216],[-149.23115197479925,63.88834596730734]]]}"
000000000000000002cb,14.0,0,716,Aedes communis,2020.56923076923,"{""type"":""Polygon"",""coordinates"":[[[-147.488151800422,65.16654728427761],[-147.50086293273472,65.16479196799642],[-147.50861318907428,65.16021113980075],[-147.50838141345406,65.15459219351847],[-147.50026238388355,65.15012648634199],[-147.48742367478138,65.1485547550148],[-147.4748686835021,65.15048947996159],[-147.46749051083196,65.15517671406086],[-147.46816836028128,65.16078928402239],[-147.47664223644776,65.16513819417509],[-147.488151800422,65.16654728427761]]]}"
000000000000000002cc,15.0,0,717,Aedes communis,2012.14285714286,"{""type"":""Polygon"",""coordinates"":[[[-111.60724604489276,45.86074887765523],[-111.61491203677897,45.85899384250963],[-111.619587275301,45.85441346172406],[-111.61944883244976,45.84879449910901],[-111.61455196257869,45.844328334991545],[-111.60680677697387,45.84275634931521],[-111.59923283357381,45.84469138043215],[-111.5947830075851,45.84937905036276],[-111.5951932252474,45.85499157229974],[-111.60030475758286,45.85934001804804],[-111.60724604489276,45.86074887765523]]]}"
000000000000000002e2,1.0,0,739,Aedes communis,2003.0,"{""type"":""Polygon"",""coordinates"":[[[-67.34335516371476,47.736549999606204],[-67.3512931542417,47.73479494707807],[-67.35613420447741,47.73021453862546],[-67.35599076373329,47.72459557701577],[-67.35092016889018,47.72012944115485],[-67.34290031904567,47.7185574712091],[-67.33505777869993,47.72049248339063],[-67.33045007412476,47.72518012637078],[-67.33087475640944,47.73079265128209],[-67.33616758812184,47.73514112574763],[-67.34335516371476,47.736549999606204]]]}"
000000000000000002f6,5.0,0,759,Aedes communis,2024.68421052632,"{""type"":""Polygon"",""coordinates"":[[[-147.80354847703327,64.89265146117074],[-147.81612980079268,64.890896151561],[-147.82380095343294,64.88631533398097],[-147.82357159689735,64.8806963873093],[-147.81553546711152,64.87623066929109],[-147.8028277816786,64.87465893192983],[-147.79040092190456,64.87659366414013],[-147.78309809252823,64.88128090858055],[-147.7837690746081,64.88689347740443],[-147.79215645280956,64.89124237653797],[-147.80354847703327,64.89265146117074]]]}"
000000000000000002f7,8.0,0,760,Aedes communis,2018.46666666667,"{""type"":""Polygon"",""coordinates"":[[[-149.26434998214214,63.88834596730734],[-149.27647950307752,63.8865906810396],[-149.28387532653912,63.88200990060221],[-149.28365438223867,63.8763909525689],[-149.27590678971802,63.87192519661698],[-149.26365514891913,63.87035343814303],[-149.25167426676322,63.872288195767666],[-149.24463367271466,63.87697547639019],[-149.24528074482535,63.88258804123293],[-149.25336705851703,63.88693690181216],[-149.26434998214214,63.88834596730734]]]}"
000000000000000002fc,17.0,0,765,Aedes communis,2000.0,"{""type"":""Polygon"",""coordinates"":[[[-72.70514771621811,43.420545958066455],[-72.71249789957672,43.41879094385647],[-72.71698061638911,43.414210596393936],[-72.71684797249566,43.408591632568815],[-72.71215280988612,43.404125434418276],[-72.7047265343555,43.40255342979516],[-72.6974644561045,43.40448848371891],[-72.69319793796946,43.409176186109384],[-72.69359135710157,43.414788704463184],[-72.69849238585995,43.41913711562366],[-72.70514771621811,43.420545958066455]]]}"
00000000000000000302,14.0,0,771,Aedes communis,2020.2750244140625,"{""type"":""Polygon"",""coordinates"":[[[-89.52094842178788,46.250848874214896],[-89.52866875654486,46.249093835552856],[-89.53337712296614,46.244513449170285],[-89.53323768184167,46.23889448675858],[-89.52830610322424,46.23442832835736],[-89.5205060417477,46.23285634586331],[-89.51287843469251,46.234791373149626],[-89.5083970659685,46.23947903762822],[-89.50881017380632,46.24509156016695],[-89.51395792831363,46.24944001172468],[-89.52094842178788,46.250848874214896]]]}"
00000000000000000318,18.0,0,793,Aedes communis,2009.38554216867,"{""type"":""Polygon"",""coordinates"":[[[-93.77884591750018,58.742347151184454],[-93.7891343358365,58.740591962596014],[-93.79540808998154,58.736011337599265],[-93.7952213065945,58.73039238387938],[-93.78864953779313,58.72592646917592],[-93.77825648531079,58.72435462234069],[-93.76809315633957,58.72628948632964],[-93.76212118406525,58.73097691837158],[-93.76267069723608,58.7365894665415],[-93.76953008011027,58.74093816577409],[-93.77884591750018,58.742347151184454]]]}"
00000000000000000326,5.0,0,807,Aedes communis,2020.48837209302,"{""type"":""Polygon"",""coordinates"":[[[-90.04385382502231,45.80265125002988],[-90.05151181928302,45.80089621540377],[-90.05618218237218,45.796315835445036],[-90.05604388642585,45.790696872799955],[-90.0511521246343,45.78623070783803],[-90.0434150151146,45.78465872169157],[-90.03584896939702,45.786593753374405],[-90.03140378554494,45.79128142411044],[-90.03181357784963,45.79689394595852],[-90.0369197793699,45.801242390848586],[-90.04385382502231,45.80265125002988]]]}"
0000000000000000032f,1.0,0,816,Aedes communis,2022.25,"{""type"":""Polygon"",""coordinates"":[[[-119.01084759246584,37.00464867113481],[-119.0175327493463,37.0028937048412],[-119.02161004672129,36.99831343364945],[-119.02148960326767,36.99269446705801],[-119.01721919662,36.98822819101145],[-119.01046449719118,36.98665614302087],[-119.00385915881338,36.98859124914726],[-118.9999786493998,36.99327902583245],[-119.00033668281289,36.99889153598166],[-119.00479442704408,37.00323986797699],[-119.01084759246584,37.00464867113481]]]}"
00000000000000000162,17.0,0,355,Aedes communis,2002.0,"{""type"":""Polygon"",""coordinates"":[[[-64.8782481647425,46.134649159863145],[-64.88595219452138,46.13289412225375],[-64.89065062129355,46.12831373754666],[-64.89051147970329,46.12269477507408],[-64.8855903150584,46.11822861496169],[-64.87780671845853,46.11665663151503],[-64.87019521256916,46.118591659948045],[-64.8657233078934,46.1232793260587],[-64.86613554858008,46.1288918484173],[-64.87127243503481,46.133240298235975],[-64.8782481647425,46.134649159863145]]]}"
00000000000000000177,17.0,0,376,Aedes communis,2002.0,"{""type"":""Polygon"",""coordinates"":[[[-64.69564797660388,46.076551532237794],[-64.70334389185736,46.07479649515305],[-64.70803737194436,46.07021611128101],[-64.7078983794195,46.06459714877809],[-64.70298239751462,46.06013098781286],[-64.69520699502436,46.0585590038914],[-64.68760350223558,46.06049403289593],[-64.68313630754871,46.065181699820016],[-64.68354811667432,46.070794222088836],[-64.68867959440416,46.07514267104076],[-64.69564797660388,46.076551532237794]]]}"
00000000000000000179,5.0,0,378,Aedes communis,2002.0,"{""type"":""Polygon"",""coordinates"":[[[-66.57144909855485,45.76944878358593],[-66.5791025332376,45.767693749256196],[-66.58377011676126,45.76311336976923],[-66.5836319045666,45.757494407107004],[-66.57874305497556,45.753028241663266],[-66.57101054976697,45.751456255248584],[-66.56344900665007,45.753391287254296],[-66.55900646935658,45.75807895844987],[-66.5594160191566,45.76369148024723],[-66.56451918149051,45.76803992464764],[-66.57144909855485,45.76944878358593]]]}"
00000000000000000181,1.0,0,386,Aedes communis,2002.0,"{""type"":""Polygon"",""coordinates"":[[[-66.73744805347147,45.8441521035343],[-66.74511175816463,45.8423970685372],[-66.74978560239097,45.837816687988024],[-66.74964720155248,45.83219772536439],[-66.74475179251044,45.82773156100549],[-66.73700891653644,45.826159575194765],[-66.72943723174691,45.828094606473485],[-66.72498873333507,45.832782276634354],[-66.72539882935219,45.83839479854591],[-66.7305088371599,45.84274324404886],[-66.73744805347147,45.8441521035343]]]}"
000000000000000001ed,17.0,0,494,Aedes communis,2002.0,"{""type"":""Polygon"",""coordinates"":[[[-64.72885044304783,46.12635077280267],[-64.73655331225442,46.1245957352683],[-64.74125103153177,46.12001535068059],[-64.74111191126164,46.11439638820366],[-64.73619148787317,46.10993022796934],[-64.72840906322776,46.108358244454806],[-64.72079870340421,46.11029327296952],[-64.71632747237015,46.11498093919648],[-64.71673965133338,46.12059346154224],[-64.72187576421051,46.124941911236995],[-64.72885044304783,46.12635077280267]]]}"
000000000000000002d0,15.0,0,721,Aedes communis,2002.0,"{""type"":""Polygon"",""coordinates"":[[[-64.7952509168347,46.15954878014557],[-64.80295843202478,46.15779374231101],[-64.80765898353316,46.15321335724548],[-64.80751977791434,46.14759439478592],[-64.8025963871407,46.1431282350396],[-64.79480927094754,46.14155625179672],[-64.7871943232131,46.143491279984424],[-64.78272039546803,46.14817894574594],[-64.78313282152111,46.153791468143076],[-64.78827203117083,46.15813991833378],[-64.7952509168347,46.15954878014557]]]}"
00000000000000000125,6.0,0,294,Aedes communis,2004.0,"{""type"":""Polygon"",""coordinates"":[[[-64.80354930389517,46.126350772802674],[-64.81125217310175,46.1245957352683],[-64.81594989237912,46.12001535068059],[-64.81581077210897,46.11439638820366],[-64.8108903487205,46.10993022796935],[-64.80310792407509,46.108358244454806],[-64.79549756425153,46.11029327296953],[-64.79102633321747,46.11498093919648],[-64.79143851218073,46.12059346154224],[-64.79657462505784,46.124941911236995],[-64.80354930389517,46.126350772802674]]]}"
00000000000000000172,6.0,0,371,Aedes communis,2004.0,"{""type"":""Polygon"",""coordinates"":[[[-64.98615395113482,46.22594925393245],[-64.99387078353223,46.22419421549636],[-64.99857701488703,46.21961382947341],[-64.9984376381044,46.21399486704863],[-64.99350829644013,46.20952870828013],[-64.98571177166825,46.20795672558162],[-64.9780876231916,46.209891753114064],[-64.97360828737426,46.21457941794295],[-64.97402120894637,46.220191940443016],[-64.9791666289632,46.224540391627485],[-64.98615395113482,46.22594925393245]]]}"
000000000000000002e6,17.0,0,743,Aedes communis,2004.0,"{""type"":""Polygon"",""coordinates"":[[[-64.81185215005668,46.11804792664117],[-64.8195538585789,46.11629288918181],[-64.82425087029308,46.1117125047135],[-64.82411177134506,46.10609354223225],[-64.81919208928461,46.101627381875986],[-64.81141083670694,46.10005539829354],[-64.80380162305998,46.10199042689],[-64.79933106573264,46.10667809323327],[-64.79974318296644,46.11229061556619],[-64.80487852219119,46.116639065137],[-64.81185215005668,46.11804792664117]]]}"
00000000000000000163,8.0,0,356,Aedes communis,2007.0,"{""type"":""Polygon"",""coordinates"":[[[-78.32424823590951,53.015349763302815],[-78.33312219549423,53.01359465421937],[-78.33853379466976,53.00901415575351],[-78.33837312886551,53.003395197418925],[-78.3327047393937,52.998929153489044],[-78.3237397932234,52.99735723472004],[-78.31497303190352,52.9992921852984],[-78.30982205658768,53.00397974059614],[-78.31029648442913,53.00959227518011],[-78.31621316170069,53.013940843076334],[-78.32424823590951,53.015349763302815]]]}"
00000000000000000251,1.0,0,594,Aedes communis,2007.0,"{""type"":""Polygon"",""coordinates"":[[[-78.49855003698765,53.46355184658888],[-78.5075174057097,53.46179673207323],[-78.51298594329677,53.45721622496175],[-78.51282355601423,53.45159726694207],[-78.50709550762636,53.44713123184199],[-78.49803624550722,53.44555931798828],[-78.48917725134295,53.44749426264993],[-78.48397205812938,53.45218180952589],[-78.48445144798787,53.45779434503856],[-78.49043038285129,53.46214292190868],[-78.49855003698765,53.46355184658888]]]}"
0000000000000000028d,18.0,0,654,Aedes communis,2007.0,"{""type"":""Polygon"",""coordinates"":[[[-76.58125252063331,53.2394463458448],[-76.59017287109997,53.23769123405952],[-76.59561274831789,53.23311073129357],[-76.59545122761236,53.227491773115595],[-76.58975320901469,53.22302573357742],[-76.5807414215064,53.221453817253156],[-76.57192885341097,53.223388764888696],[-76.56675095121649,53.22807631599767],[-76.56722784346287,53.23368885104355],[-76.5731754404992,53.23803742340315],[-76.58125252063331,53.2394463458448]]]}"
00000000000000000211,5.0,0,530,Aedes communis,2008.0,"{""type"":""Polygon"",""coordinates"":[[[-148.07745321834224,64.76814444155643],[-148.08997650047178,64.76638913493454],[-148.09761228301463,64.76180832210889],[-148.09738400782047,64.75618937526286],[-148.08938494530636,64.75172365238903],[-148.07673584534282,64.75015191232532],[-148.06436627782645,64.7520866477887],[-148.05709713691365,64.75677389686052],[-148.05776504804223,64.76238646517487],[-148.0661137499563,64.76673535937334],[-148.07745321834224,64.76814444155643]]]}"
00000000000000000288,1.0,0,649,Aedes communis,2008.0,"{""type"":""Polygon"",""coordinates"":[[[-148.09404999246317,64.75984605449597],[-148.10656942724867,64.75809074807225],[-148.1142028652457,64.75350993556191],[-148.1139746617225,64.74789098870433],[-148.1059780562491,64.74342526550845],[-148.09333283968988,64.74185352526551],[-148.08096706985543,64.74378826094463],[-148.07370016201466,64.74847551032363],[-148.0743678695752,64.75408807860418],[-148.08271400779012,64.75843697247537],[-148.09404999246317,64.75984605449597]]]}"
00000000000000000331,1.0,0,818,Aedes communis,2008.0,"{""type"":""Polygon"",""coordinates"":[[[-148.10234837952362,64.75984605449597],[-148.11486781430912,64.75809074807225],[-148.12250125230617,64.75350993556191],[-148.12227304878297,64.74789098870433],[-148.1142764433096,64.74342526550845],[-148.10163122675036,64.74185352526551],[-148.08926545691588,64.74378826094464],[-148.0819985490751,64.74847551032364],[-148.0826662566357,64.75408807860418],[-148.09101239485057,64.75843697247537],[-148.10234837952362,64.75984605449597]]]}"
000000000000000001b7,1.0,0,440,Aedes communis,2009.0,"{""type"":""Polygon"",""coordinates"":[[[-105.88024865701112,39.90134760196906],[-105.88720774362451,39.89959261515878],[-105.8914520376998,39.89501231130919],[-105.89132657021109,39.889393345901674],[-105.88688120281572,39.88492710320887],[-105.8798498734164,39.88335507378775],[-105.87297401637184,39.88529015756157],[-105.86893450676267,39.8899779024351],[-105.86930711733768,39.89559041609794],[-105.87394745507953,39.89993878199034],[-105.88024865701112,39.90134760196906]]]}"
00000000000000000201,1.0,0,514,Aedes communis,2009.0,"{""type"":""Polygon"",""coordinates"":[[[-105.87195026995066,39.90965044813058],[-105.87891019992654,39.907895461259045],[-105.88315500814163,39.90331515731195],[-105.88302952518266,39.897696191907976],[-105.87858361912666,39.893229949314744],[-105.87155143805572,39.89165791994906],[-105.86467474815444,39.89359300365616],[-105.86063474902288,39.89828074843472],[-105.86100740447476,39.90389326210805],[-105.86564830437538,39.90824162810164],[-105.87195026995066,39.90965044813058]]]}"
00000000000000000230,5.0,0,561,Aedes communis,2010.0,"{""type"":""Polygon"",""coordinates"":[[[-106.07115169131124,53.911745011672835],[-106.08021501515329,53.909989891609165],[-106.08574204268392,53.905409375667816],[-106.08557788652732,53.89979041796982],[-106.07978855326657,53.89532439188772],[-106.07063240529828,53.89375248305402],[-106.0616786651194,53.89568742167292],[-106.05641777626849,53.900374959947584],[-106.05690226288961,53.90598749640869],[-106.06294515189899,53.91033608244399],[-106.07115169131124,53.911745011672835]]]}"
00000000000000000268,14.0,0,617,Aedes communis,2010.0,"{""type"":""Polygon"",""coordinates"":[[[-93.78714876366169,58.64274867005469],[-93.79740781963187,58.64099348306741],[-93.80366367745656,58.63641286061876],[-93.80347743734312,58.63079390680582],[-93.79692442126573,58.62632798949997],[-93.78656101259539,58.62475614121619],[-93.77642667284425,58.626691006948825],[-93.77047174333744,58.63137844147293],[-93.77101969899773,58.636990989369394],[-93.77785951332694,58.64133968595708],[-93.78714876366169,58.64274867005469]]]}"
00000000000000000145,1.0,0,326,Aedes communis,2012.0,"{""type"":""Polygon"",""coordinates"":[[[-117.94844893007811,53.19794995144143],[-117.95736064340315,53.19619484015859],[-117.96279525576898,53.19161433819228],[-117.9626338942391,53.18599537998519],[-117.95694139204564,53.18152933963033],[-117.94793832553148,53.17995742285144],[-117.93913428581423,53.18189237103423],[-117.933961396916,53.18657992292214],[-117.93443783034378,53.19219245788213],[-117.94037967068648,53.19654102941172],[-117.94844893007811,53.19794995144143]]]}"
00000000000000000158,1.0,0,345,Aedes communis,2012.0,"{""type"":""Polygon"",""coordinates"":[[[-117.90695253567475,53.19794995144142],[-117.91586424899975,53.19619484015859],[-117.92129886136564,53.191614338192274],[-117.92113749983571,53.18599537998518],[-117.91544499764224,53.18152933963033],[-117.90644193112809,53.17995742285143],[-117.89763789141087,53.18189237103422],[-117.89246500251264,53.186579922922135],[-117.8929414359404,53.19219245788213],[-117.89888327628312,53.19654102941171],[-117.90695253567475,53.19794995144142]]]}"
0000000000000000015c,1.0,0,349,Aedes communis,2012.0,"{""type"":""Polygon"",""coordinates"":[[[-116.15564505603497,51.413448923559756],[-116.16420466581388,51.41169383300632],[-116.16942464737728,51.407113364032135],[-116.16926977155853,51.4014944046238],[-116.16380215310531,51.39702833057391],[-116.15515461399546,51.39545639503782],[-116.14669824913322,51.3973913657993],[-116.14172973358639,51.402078949825146],[-116.14218745926537,51.40769148124069],[-116.14789461857175,51.412040018525445],[-116.15564505603497,51.413448923559756]]]}"
00000000000000000186,1.0,0,391,Aedes communis,2012.0,"{""type"":""Polygon"",""coordinates"":[[[-116.06434496196565,51.35535129593441],[-116.07289371289049,51.35359620602846],[-116.07810707516794,51.349015738084844],[-116.0779523992676,51.343396778638976],[-116.07249171624235,51.33893070353659],[-116.06385514174735,51.33735876741459],[-116.05540949931766,51.33929373888135],[-116.05044728664161,51.343981323911066],[-116.0509044352687,51.349593855215886],[-116.05660435694969,51.353942391430955],[-116.06434496196565,51.35535129593441]]]}"
00000000000000000197,6.0,0,408,Aedes communis,2012.0,"{""type"":""Polygon"",""coordinates"":[[[-112.81905580627826,53.67104719590887],[-112.82806727599332,53.66929207883938],[-112.83356269562047,53.66471156766338],[-112.83339949542298,53.65909260979177],[-112.82764328047952,53.65462657884281],[-112.81853948950325,53.65305466729988],[-112.80963694995621,53.654989609179964],[-112.80440615901153,53.659677152096606],[-112.80488789140635,53.66528968804587],[-112.81089621965323,53.669638269134865],[-112.81905580627826,53.67104719590887]]]}"
00000000000000000216,1.0,0,535,Aedes communis,2012.0,"{""type"":""Polygon"",""coordinates"":[[[-112.01394727467441,59.80475027267319],[-112.02456172463222,59.80299506641481],[-112.03103419191528,59.798414413298055],[-112.0308413729618,59.792795460605475],[-112.02406137990168,59.788329574621024],[-112.0133391760942,59.78675774377144],[-112.00285396388544,59.788692588517804],[-111.99669275366695,59.79337999316737],[-111.99725955762594,59.7989925443549],[-112.00433622183742,59.80334127277572],[-112.01394727467441,59.80475027267319]]]}"
00000000000000000248,1.0,0,585,Aedes communis,2012.0,"{""type"":""Polygon"",""coordinates"":[[[-113.78185152843514,49.07284894420181],[-113.79000085018411,49.07109387850867],[-113.79497072703411,49.066513449102196],[-113.79482340081178,49.06089448825433],[-113.7896178297482,49.05642837379372],[-113.7813845815471,49.05485641576148],[-113.77333335663761,49.05679141360233],[-113.7686029873857,49.061479036171285],[-113.76903890560193,49.06709156333483],[-113.77447259737752,49.07144005954968],[-113.78185152843514,49.07284894420181]]]}"
000000000000000002a7,1.0,0,680,Aedes communis,2012.0,"{""type"":""Polygon"",""coordinates"":[[[-115.93985131965448,51.288946363046506],[-115.94838770345949,51.28719127387863],[-115.95359352704381,51.28261080710972],[-115.95343907882284,51.2769918476211],[-115.94798629453976,51.272525771318975],[-115.93936220762741,51.27095383452911],[-115.93092877695896,51.27288880679981],[-115.92597374260613,51.27757639297381],[-115.92643023402269,51.28318892415241],[-115.93212191278614,51.287537459148176],[-115.93985131965448,51.288946363046506]]]}"
000000000000000001b8,14.0,0,441,Aedes communis,2013.0,"{""type"":""Polygon"",""coordinates"":[[[-64.95295148469087,46.815250671852695],[-64.9607524673247,46.81349562801351],[-64.96550999721458,46.80891523339066],[-64.96536907435963,46.80329627127835],[-64.96038598607088,46.798830121292994],[-64.95250448611249,46.79725814348413],[-64.94479723954933,46.799193165130745],[-64.94026905965033,46.803880821582474],[-64.94068645642157,46.8094933450071],[-64.94588796649259,46.81384180511792],[-64.95295148469087,46.815250671852695]]]}"
000000000000000001cf,1.0,0,464,Aedes communis,2013.0,"{""type"":""Polygon"",""coordinates"":[[[-64.95295148469087,46.82354905891315],[-64.96075367132724,46.821794014997046],[-64.96551193518306,46.81721362025175],[-64.96537099020499,46.81159465814388],[-64.96038713292229,46.807128508283576],[-64.95250441716196,46.80555653054434],[-64.94479598165377,46.80749155210716],[-64.94026710290488,46.81217920843961],[-64.9406845637039,46.8177917318774],[-64.94588687629701,46.822140192115306],[-64.95295148469087,46.82354905891315]]]}"
00000000000000000180,14.0,0,385,Aedes communis,2014.0,"{""type"":""Polygon"",""coordinates"":[[[-93.46344924088889,58.72575037706352],[-93.47373275255022,58.72399518874254],[-93.4800035160866,58.719414564171416],[-93.47981682348804,58.71379561043599],[-93.47324818840882,58.709329695297846],[-93.46286008962764,58.707757848220666],[-93.45270160497061,58.70969271250085],[-93.44673248067225,58.714380144957396],[-93.44728173357471,58.71999269308165],[-93.45413784639848,58.72434139187246],[-93.46344924088889,58.72575037706352]]]}"
0000000000000000018c,18.0,0,397,Aedes communis,2014.0,"{""type"":""Polygon"",""coordinates"":[[[-93.4551463947274,58.734048764123976],[-93.46543235903317,58.732293575669324],[-93.4717046174516,58.72771295088542],[-93.47151787947179,58.722093997157764],[-93.46494767797408,58.7176280822369],[-93.45455710304172,58.71605623528067],[-93.44439619691157,58.71799109941528],[-93.43842564902747,58.72267853166458],[-93.43897503202751,58.728291079811655],[-93.44583277941476,58.73263977882329],[-93.4551463947274,58.734048764123976]]]}"
00000000000000000198,18.0,0,409,Aedes communis,2014.0,"{""type"":""Polygon"",""coordinates"":[[[-93.46344924088889,58.734048764123976],[-93.47373520519467,58.73229357566931],[-93.4800074636131,58.72771295088542],[-93.4798207256333,58.722093997157764],[-93.4732505241356,58.7176280822369],[-93.46285994920324,58.71605623528067],[-93.45269904307308,58.71799109941528],[-93.44672849518898,58.72267853166456],[-93.44727787818903,58.728291079811655],[-93.45413562557627,58.73263977882329],[-93.46344924088889,58.734048764123976]]]}"
000000000000000001b3,18.0,0,436,Aedes communis,2014.0,"{""type"":""Polygon"",""coordinates"":[[[-93.44685246676796,58.72575037706352],[-93.45713597842929,58.72399518874254],[-93.46340674196567,58.7194145641714],[-93.46322004936711,58.71379561043599],[-93.45665141428789,58.709329695297846],[-93.44626331550671,58.707757848220666],[-93.43610483084967,58.70969271250085],[-93.43013570655133,58.714380144957396],[-93.43068495945379,58.71999269308165],[-93.43754107227755,58.72434139187246],[-93.44685246676796,58.72575037706352]]]}"
000000000000000001eb,1.0,0,492,Aedes communis,2014.0,"{""type"":""Polygon"",""coordinates"":[[[-116.05605103400623,50.89054797942638],[-116.06451420296412,50.88879289464226],[-116.06967539644151,50.884212434850454],[-116.06952229595234,50.878593475107934],[-116.06411627321972,50.874127391680034],[-116.05556611457348,50.87255545092338],[-116.04720497925916,50.87449042796904],[-116.04229244146126,50.87917802093949],[-116.04274504194612,50.884790551368404],[-116.04838792152218,50.88913907912215],[-116.05605103400623,50.89054797942638]]]}"
00000000000000000224,14.0,0,549,Aedes communis,2014.0,"{""type"":""Polygon"",""coordinates"":[[[-140.3667489221173,68.43674943755059],[-140.3812740329038,68.43499402935845],[-140.39012962105673,68.43041305492069],[-140.38986393990822,68.42479411401163],[-140.3805864729613,68.42032855619158],[-140.36591697429097,68.41875690798624],[-140.3515715992357,68.42069153287503],[-140.34314056764552,68.4253786245126],[-140.34391427744947,68.43099121013736],[-140.3535968235425,68.43534027209213],[-140.3667489221173,68.43674943755059]]]}"
000000000000000002de,5.0,0,735,Aedes communis,2014.0,"{""type"":""Polygon"",""coordinates"":[[[-79.98425116237897,44.83155268171149],[-79.99177903743129,44.82979765561155],[-79.99637007823019,44.82521728922378],[-79.99623417201018,44.8195983260858],[-79.99142551738971,44.81513214726374],[-79.98381980422892,44.81356015340117],[-79.97638225226947,44.815495194372126],[-79.97201259475635,44.82018287832761],[-79.97241546621015,44.82579539871652],[-79.97743493652527,44.83014382952053],[-79.98425116237897,44.83155268171149]]]}"
000000000000000002e4,1.0,0,741,Aedes communis,2014.0,"{""type"":""Polygon"",""coordinates"":[[[-137.42854913777865,60.72604960042672],[-137.4394666480987,60.72429437790806],[-137.44612382334284,60.71971369891512],[-137.44592538877197,60.71409474716842],[-137.43895184369717,60.709628887611345],[-137.42792368854472,60.70805707147159],[-137.41713928045974,60.70999189851112],[-137.41080216587608,60.714679277954],[-137.4113850367774,60.72029183191781],[-137.41866366934622,60.72464058719786],[-137.42854913777865,60.72604960042672]]]}"
000000000000000002ee,6.0,0,751,Aedes communis,2014.0,"{""type"":""Polygon"",""coordinates"":[[[-151.0737461712052,60.47704893850123],[-151.08457980211824,60.475293720468194],[-151.09118585531974,60.47071304861349],[-151.09098897552187,60.4650940966058],[-151.08406900059504,60.46062822975843],[-151.07312552413748,60.45905640956084],[-151.06242392505658,60.46099124148497],[-151.0561354962912,60.4656786278814],[-151.05671392081172,60.47129118107941],[-151.06393665405437,60.475639928950024],[-151.0737461712052,60.47704893850123]]]}"
00000000000000000133,1.0,0,308,Aedes communis,2017.0,"{""type"":""Polygon"",""coordinates"":[[[-138.20874913089796,61.01654665675554],[-138.2197664211038,61.01479142891503],[-138.2264844088401,61.01021074145312],[-138.22628412425559,61.004591790016114],[-138.21924685421607,61.00012593910841],[-138.2081179692359,60.99855412778296],[-138.197235055388,61.00048894902729],[-138.1908400259689,61.00517632022032],[-138.19142818558288,61.01078887509266],[-138.19877331357057,61.01513763916345],[-138.20874913089796,61.01654665675554]]]}"
0000000000000000016d,18.0,0,366,Aedes communis,2017.0,"{""type"":""Polygon"",""coordinates"":[[[-138.41624893931902,61.03314788997751],[-138.42727199542432,61.03139266182995],[-138.43399349726866,61.02681197387936],[-138.43379310576188,61.02119302246023],[-138.42675215330382,61.01672717205159],[-138.41561744755933,61.015155361003934],[-138.40472884146558,61.017090181913886],[-138.39833046537012,61.021777552630894],[-138.3989189305807,61.027390107555654],[-138.4062679010726,61.031738872133666],[-138.41624893931902,61.03314788997751]]]}"
00000000000000000241,1.0,0,578,Aedes communis,2019.0,"{""type"":""Polygon"",""coordinates"":[[[-132.76394595318365,60.18655188217238],[-132.77468359469555,60.184796669286264],[-132.78123114476602,60.18021600562224],[-132.78103604372777,60.17459705331514],[-132.77417737320155,60.17013117810262],[-132.76333080164005,60.16855935324889],[-132.75272396778172,60.1704941907778],[-132.74649125383198,60.175181585153005],[-132.7470645895225,60.18079413747223],[-132.75422335267746,60.185142876841],[-132.76394595318365,60.18655188217238]]]}"
000000000000000002a1,1.0,0,674,Aedes communis,2019.0,"{""type"":""Polygon"",""coordinates"":[[[-128.81315120612322,60.10355017516355],[-128.82386178323836,60.10179496373134],[-128.8303928381609,60.09721430238098],[-128.8301982385545,60.09159534998933],[-128.82335685294595,60.08712947241383],[-128.81253760406295,60.08555764624482],[-128.8019574895888,60.08749248535699],[-128.79574048454597,60.09217988198603],[-128.79631238533318,60.097792434057],[-128.8034531119293,60.102141171024186],[-128.81315120612322,60.10355017516355]]]}"
000000000000000002d5,1.0,0,726,Aedes communis,2019.0,"{""type"":""Polygon"",""coordinates"":[[[-132.05015089295225,59.97074922758984],[-132.06081849664804,59.96899401846863],[-132.06732336015727,59.96441336079604],[-132.06712955665117,59.958794408269945],[-132.06031561642055,59.95432852693838],[-132.0495397512031,59.952756698678684],[-132.03900206246263,59.9546915403075],[-132.03281000035972,59.959378940519095],[-132.03337962268884,59.96499149219548],[-132.0404917103942,59.969340225345206],[-132.05015089295225,59.97074922758984]]]}"
0000000000000000018e,1.0,0,399,Aedes communis,2020.0,"{""type"":""Polygon"",""coordinates"":[[[-135.3286514332857,60.8837457091818],[-135.33962284867033,60.88199048378622],[-135.34631287730008,60.87740980021503],[-135.3461134433474,60.871790848635726],[-135.33910547149335,60.86732499375442],[-135.32802289796356,60.865753180217254],[-135.31718527303644,60.86768800412394],[-135.31081687054882,60.87237537910703],[-135.31140259869608,60.877987933561975],[-135.3187171547877,60.882336693594226],[-135.3286514332857,60.8837457091818]]]}"
00000000000000000274,11.0,0,629,Aedes communis,2020.0,"{""type"":""Polygon"",""coordinates"":[[[-149.5133506440676,68.58614715924523],[-149.52797227089644,68.58439174622046],[-149.53688666585302,68.57981076409375],[-149.53661917542323,68.57419182346767],[-149.5272800730485,68.5697262735003],[-149.5125131727458,68.568154629665],[-149.49807254539476,68.57008924929332],[-149.48958549493247,68.57477633344067],[-149.4903642996009,68.58038891988849],[-149.50011115124823,68.58473798982457],[-149.5133506440676,68.58614715924523]]]}"
00000000000000000170,14.0,0,369,Aedes communis,2021.0,"{""type"":""Polygon"",""coordinates"":[[[-89.52925126794939,46.26745010743687],[-89.53697394039945,46.26569506862407],[-89.54168373189694,46.26111468200156],[-89.54154424782641,46.25549571959858],[-89.53661117612707,46.25102956144241],[-89.5288087540339,46.249457579084805],[-89.5211788385083,46.25139260620689],[-89.51669611289569,46.25608027045175],[-89.51710934505857,46.261692793016266],[-89.52225865775011,46.266041244823064],[-89.52925126794939,46.26745010743687]]]}"
000000000000000001b6,1.0,0,439,Aedes communis,2021.0,"{""type"":""Polygon"",""coordinates"":[[[-119.01915043862736,36.97974905085238],[-119.02583340737182,36.977994084728195],[-119.02990937078188,36.97341381380615],[-119.02978896745492,36.96779484720493],[-119.02551995838564,36.96332857088292],[-119.01876746867072,36.96175652273899],[-119.01216429118953,36.96369162904997],[-119.0082850518614,36.96837940599787],[-119.00864296882754,36.97399191611807],[-119.01309925450778,36.978340247833465],[-119.01915043862736,36.97974905085238]]]}"
000000000000000001e3,11.0,0,484,Aedes communis,2021.0,"{""type"":""Polygon"",""coordinates"":[[[-149.330750455929,68.63595085891117],[-149.34540456557673,68.63419544426108],[-149.35433875207306,68.6296144595484],[-149.354070652603,68.6239955190175],[-149.34471080663567,68.61952997169116],[-149.32991112566768,68.61795832932562],[-149.3154384410063,68.61989294718472],[-149.30693253720187,68.62458002881293],[-149.3077130564385,68.63019261553754],[-149.31748155026017,68.63454168815795],[-149.330750455929,68.63595085891117]]]}"
000000000000000001b1,8.0,0,434,Aedes communis,2022.0,"{""type"":""Polygon"",""coordinates"":[[[-110.43695051431484,44.931146703740204],[-110.44449143105692,44.929391676779154],[-110.44909042225864,44.92481130902079],[-110.44895427655081,44.91919234593257],[-110.44413729219174,44.914726168510335],[-110.43651840928086,44.91315417542705],[-110.42906797849865,44.91508921545995],[-110.42469075107012,44.91977689808033],[-110.42509431622562,44.92538941861662],[-110.43012247952733,44.92973785084325],[-110.43695051431484,44.931146703740204]]]}"
0000000000000000011a,18.0,0,283,Aedes excrucians,2007.5,"{""type"":""Polygon"",""coordinates"":[[[-93.81204838394413,58.64274867005469],[-93.82230743991431,58.64099348306741],[-93.828563297739,58.63641286061876],[-93.82837705762556,58.63079390680583],[-93.82182404154818,58.626327989499984],[-93.81146063287783,58.62475614121619],[-93.80132629312669,58.626691006948825],[-93.79537136361988,58.63137844147293],[-93.79591931928017,58.636990989369394],[-93.80275913360938,58.64133968595708],[-93.81204838394413,58.64274867005469]]]}"
00000000000000000123,10.0,0,292,Aedes excrucians,2021.36170212766,"{""type"":""Polygon"",""coordinates"":[[[-99.10745383996378,47.1721482019684],[-99.11530709179932,47.170393154799044],[-99.12009648520528,47.16581275487573],[-99.11995460186286,47.16019379295604],[-99.11493812935706,47.155727648384094],[-99.10700384805176,47.154155673588896],[-99.09924498607062,47.15609069160786],[-99.0946864670991,47.160778342896414],[-99.09510664343577,47.16639086689085],[-99.10034299324778,47.170739332503324],[-99.10745383996378,47.1721482019684]]]}"
00000000000000000142,17.0,0,323,Aedes excrucians,2019.48888888889,"{""type"":""Polygon"",""coordinates"":[[[-71.02024962856727,42.15894587431817],[-71.02745151080828,42.157190870278995],[-71.03184381989553,42.152610539005515],[-71.03171389783104,42.14699157459283],[-71.02711345564833,42.14252535990829],[-71.01983693990768,42.14095334608029],[-71.01272131307559,42.14288841108422],[-71.008540874921,42.14757612924436],[-71.00892640421434,42.153188645857064],[-71.01372858122275,42.15753704021409],[-71.02024962856727,42.15894587431817]]]}"
0000000000000000015f,17.0,0,352,Aedes excrucians,2019.52272727273,"{""type"":""Polygon"",""coordinates"":[[[-71.02854801562773,42.17554710754016],[-71.03575178794807,42.173792103369806],[-71.04014524927459,42.16921177188751],[-71.04001529252554,42.16359280748241],[-71.03541364314152,42.15912659301112],[-71.02813521872281,42.157554579301845],[-71.02101772537793,42.15948964416288],[-71.01683619014429,42.16417736211962],[-71.01722181999776,42.16978987875476],[-71.02202525686305,42.174138273328516],[-71.02854801562773,42.17554710754016]]]}"
00000000000000000184,5.0,0,389,Aedes excrucians,1999.0,"{""type"":""Polygon"",""coordinates"":[[[-72.85455435611487,44.17585079000439],[-72.86199803839925,44.174095769500504],[-72.86653775393157,44.16951541201993],[-72.86640339360015,44.16389644855851],[-72.86164851301585,44.15943026063947],[-72.85412781961365,44.15785826171244],[-72.8467734092675,44.15979330877965],[-72.84245262059807,44.16448100141159],[-72.84285101357358,44.17009352084271],[-72.84781436476491,44.174441942401444],[-72.85455435611487,44.17585079000439]]]}"
000000000000000001a8,10.0,0,425,Aedes excrucians,2021.50757575758,"{""type"":""Polygon"",""coordinates"":[[[-99.24025032843646,47.13895019462549],[-99.24809867588147,47.137195147767784],[-99.25288507955555,47.13261474834051],[-99.25274328634032,47.126995786402794],[-99.24772994625597,47.12252964132423],[-99.23980061738675,47.12095766624701],[-99.23204659844373,47.12289268460546],[-99.22749092617035,47.12758033637721],[-99.2279108417074,47.13319286031831],[-99.2331439225295,47.137541325415924],[-99.24025032843646,47.13895019462549]]]}"
000000000000000001cd,14.0,0,462,Aedes excrucians,2019.45238095238,"{""type"":""Polygon"",""coordinates"":[[[-71.26925029049274,42.12574786697527],[-71.27644839786768,42.12399286319821],[-71.28083840570262,42.11941253234195],[-71.28070855290973,42.11379356791413],[-71.27611052174935,42.109327352803476],[-71.26883781802073,42.10775533873824],[-71.26172591898816,42.10969040402774],[-71.25754767191965,42.114378122594296],[-71.257933000374,42.11999063916211],[-71.26273266119621,42.12433903308608],[-71.26925029049274,42.12574786697527]]]}"
000000000000000001ee,5.0,0,495,Aedes excrucians,1995.0,"{""type"":""Polygon"",""coordinates"":[[[-72.5142536001201,41.32064825357351],[-72.52136208245854,41.318893256070616],[-72.52569745252636,41.314312935201116],[-72.52556924428279,41.30869397041094],[-72.52102845703305,41.30422774510072],[-72.51384626051203,41.302655725357084],[-72.50682286925218,41.30459079748186],[-72.50269664421724,41.309278525776435],[-72.50307720409252,41.31489104127009],[-72.507817124076,41.31923942482829],[-72.5142536001201,41.32064825357351]]]}"
0000000000000000021d,18.0,0,542,Aedes excrucians,2007.5,"{""type"":""Polygon"",""coordinates"":[[[-93.82035123010564,58.64274867005469],[-93.83061028607582,58.64099348306741],[-93.83686614390051,58.63641286061876],[-93.83667990378707,58.63079390680582],[-93.8301268877097,58.62632798949997],[-93.81976347903934,58.62475614121619],[-93.8096291392882,58.626691006948825],[-93.80367420978139,58.63137844147293],[-93.80422216544169,58.636990989369394],[-93.8110619797709,58.641339685957064],[-93.82035123010564,58.64274867005469]]]}"
00000000000000000244,17.0,0,581,Aedes excrucians,2019.45238095238,"{""type"":""Polygon"",""coordinates"":[[[-70.99535446738588,42.20044672782259],[-71.00256107756663,42.198691723455354],[-71.00695626892306,42.19411139165969],[-71.00682626009666,42.18849242726595],[-71.00222279815978,42.18402621311472],[-70.99494150795601,42.18245419958363],[-70.98782121213507,42.18438926423018],[-70.98363802969168,42.18907698188165],[-70.98402381053089,42.19468949855051],[-70.98882913900864,42.199037893449535],[-70.99535446738588,42.20044672782259]]]}"
000000000000000002f8,8.0,0,761,Aedes excrucians,2006.5,"{""type"":""Polygon"",""coordinates"":[[[-94.12744951965648,58.750649997345974],[-94.13774039473026,58.74889480862365],[-94.1440156462515,58.74431418341382],[-94.14382881740683,58.73869522970171],[-94.13725547957307,58.734229315215885],[-94.12685994680841,58.732657468501785],[-94.1166941923241,58.73459233234491],[-94.11072079408837,58.73927976417929],[-94.11127043757321,58.74489231237209],[-94.11813145773816,58.749241011825845],[-94.12744951965648,58.750649997345974]]]}"
000000000000000002f9,10.0,0,762,Aedes excrucians,2020.45454545455,"{""type"":""Polygon"",""coordinates"":[[[-99.24025032843646,47.14724858168595],[-99.24809990099308,47.14549353475038],[-99.25288705149914,47.14091313519918],[-99.25274523577035,47.13529417326596],[-99.24773111321036,47.13082802831398],[-99.23980054722763,47.12925605330722],[-99.23204531849859,47.13119107158085],[-99.22748893512299,47.13587872323187],[-99.22790891580763,47.1414912471863],[-99.23314281322006,47.145839712412545],[-99.24025032843646,47.14724858168595]]]}"
0000000000000000030a,5.0,0,779,Aedes excrucians,1999.0,"{""type"":""Polygon"",""coordinates"":[[[-72.5806496148059,44.41654860576835],[-72.58812386965101,44.41479358322483],[-72.59268222273562,44.410213222497795],[-72.59254730108485,44.404594259154244],[-72.58777289375583,44.40012807455084],[-72.58022132743649,44.3985560774697],[-72.57283672617936,44.40049112231495],[-72.56849819197262,44.40517881178453],[-72.56889821123319,44.41079133156475],[-72.57388194074692,44.415139756493176],[-72.5806496148059,44.41654860576835]]]}"
00000000000000000320,10.0,0,801,Aedes excrucians,2020.5,"{""type"":""Polygon"",""coordinates"":[[[-99.18215270081113,47.22195190163433],[-99.19001332667982,47.22019685399672],[-99.19480721531792,47.21561645332809],[-99.194665196462,47.20999749143549],[-99.18964401418097,47.205531347624735],[-99.18170228660668,47.20395937325329],[-99.17393614284245,47.20589439076217],[-99.16937334369676,47.2105820413247],[-99.1697939121585,47.216194565399256],[-99.1750351770833,47.22054303178535],[-99.18215270081113,47.22195190163433]]]}"
0000000000000000019e,18.0,0,415,Aedes excrucians,2009.0,"{""type"":""Polygon"",""coordinates"":[[[-93.91995417033647,58.75894838440643],[-93.93024750221699,58.75719319555024],[-93.93652425115633,58.75261257012735],[-93.9363373768524,58.746993616423026],[-93.92976246994213,58.742527702154774],[-93.91936445682582,58.7409558555618],[-93.9091962767606,58.74289071925914],[-93.9032214525233,58.74757815088596],[-93.90377122632547,58.75319069910162],[-93.91063388382707,58.757539398776544],[-93.91995417033647,58.75894838440643]]]}"
000000000000000002d4,8.0,0,725,Aedes excrucians,2009.0,"{""type"":""Polygon"",""coordinates"":[[[-93.86184762450901,58.77554515852736],[-93.87214587417215,58.7737899694032],[-93.87842562048802,58.76920934355387],[-93.87823865518743,58.76359038986512],[-93.87166060746164,58.759124476032405],[-93.86125762943456,58.757552629681854],[-93.8510845940929,58.75948749308738],[-93.84510691543264,58.76417492429879],[-93.84565695008958,58.76978747256023],[-93.85252288504226,58.77413617267777],[-93.86184762450901,58.77554515852736]]]}"
0000000000000000023e,1.0,0,575,Aedes excrucians,2014.0,"{""type"":""Polygon"",""coordinates"":[[[-147.7039499959035,64.96735032201806],[-147.7165664297778,64.96559501060237],[-147.72425897815916,64.96101419014872],[-147.72402896741352,64.95539524358246],[-147.7159704151907,64.95092952849907],[-147.70322729082395,64.94935779277122],[-147.69076577438688,64.95129252301531],[-147.6834425664408,64.9559797646564],[-147.68411540607983,64.96159233378826],[-147.69252617998657,64.96594123590465],[-147.7039499959035,64.96735032201806]]]}"
00000000000000000314,14.0,0,789,Aedes excrucians,2019.5,"{""type"":""Polygon"",""coordinates"":[[[-71.28585152371471,42.25854881454899],[-71.29306476991468,42.256793809721735],[-71.29746400675174,42.252213477193834],[-71.29733387614722,42.246594512826675],[-71.29272617575843,42.24212829942327],[-71.28543818423849,42.24055628630852],[-71.27831133514236,42.24249135045391],[-71.27412430088322,42.24717906739211],[-71.27451043478466,42.252791584139736],[-71.27932018658588,42.25713997979878],[-71.28585152371471,42.25854881454899]]]}"
0000000000000000026f,17.0,0,624,Aedes excrucians,2020.0,"{""type"":""Polygon"",""coordinates"":[[[-71.16964735026191,42.25854881454899],[-71.17686059646188,42.256793809721735],[-71.18125983329892,42.25221347719383],[-71.18112970269442,42.246594512826675],[-71.17652200230562,42.24212829942327],[-71.16923401078569,42.24055628630851],[-71.16210716168956,42.2424913504539],[-71.1579201274304,42.24717906739211],[-71.15830626133184,42.252791584139736],[-71.16311601313308,42.25713997979878],[-71.16964735026191,42.25854881454899]]]}"
000000000000000001d1,15.0,0,466,Aedes excrucians,2025.0,"{""type"":""Polygon"",""coordinates"":[[[-83.70265093983694,42.10084824669282],[-83.70984622011628,42.09909324311218],[-83.71423450448312,42.09451291256857],[-83.71410470356922,42.0888939481294],[-83.70950847808639,42.08442773269943],[-83.70223862927348,42.082855718456436],[-83.69512952208767,42.084790783959924],[-83.69095291598065,42.08947850283102],[-83.6913380940211,42.09509101936521],[-83.69613587040567,42.09943941296467],[-83.70265093983694,42.10084824669282]]]}"
000000000000000001fc,17.0,0,509,Aedes excrucians,2025.0,"{""type"":""Polygon"",""coordinates"":[[[-83.70265093983694,42.20874957398411],[-83.70985849710982,42.206994569551185],[-83.71425426583698,42.20241423765096],[-83.71412423963051,42.19679527326103],[-83.7095201727821,42.192329059216576],[-83.70223792616687,42.19075704574493],[-83.69511669506288,42.19269211031992],[-83.69093296288864,42.19737982786955],[-83.69131879411698,42.202992344549656],[-83.69612475389118,42.2073407395572],[-83.70265093983694,42.20874957398411]]]}"
00000000000000000221,8.0,0,546,Aedes fitchii,2022.9375,"{""type"":""Polygon"",""coordinates"":[[[-112.45385097089998,40.18354627123744],[-112.46083891941568,40.18179128233699],[-112.4651008085891,40.177210975160385],[-112.46497481165986,40.171592009873535],[-112.46051100999955,40.16712577057863],[-112.4534505343558,40.165553743049266],[-112.44654617495898,40.167488824545934],[-112.44248991271037,40.172176566178656],[-112.44286405906942,40.177789080199396],[-112.44752363523554,40.182137449545074],[-112.45385097089998,40.18354627123744]]]}"
00000000000000000231,17.0,0,562,Aedes fitchii,2008.85714285714,"{""type"":""Polygon"",""coordinates"":[[[-104.18704772319877,46.99784640089025],[-104.19487532260548,46.99609135535284],[-104.19964907820014,46.99151095802701],[-104.19950766625641,46.98589199601292],[-104.19450757789309,46.981425848788135],[-104.1865992003391,46.979853872516095],[-104.17886566990178,46.9817888923128],[-104.17432204059398,46.98647654613155],[-104.17474085280493,46.992089069846756],[-104.17996010414687,46.996437532763146],[-104.18704772319877,46.99784640089025]]]}"
0000000000000000029a,10.0,0,667,Aedes fitchii,2017.66666666667,"{""type"":""Polygon"",""coordinates"":[[[-107.11694912047697,47.9689494283097],[-107.1249227634752,47.96719437354117],[-107.12978554742757,47.96261396152264],[-107.12964145133304,47.95699500004256],[-107.12454808539309,47.952528867823546],[-107.11649223409698,47.95095689990525],[-107.1086144875511,47.95289190964627],[-107.10398608891461,47.95757954915285],[-107.10441266690258,47.96319207444747],[-107.10972926241273,47.9675405526143],[-107.11694912047697,47.9689494283097]]]}"
000000000000000002b6,1.0,0,695,Aedes fitchii,2019.800048828125,"{""type"":""Polygon"",""coordinates"":[[[-121.98224538414739,45.8441521035343],[-121.98990908884055,45.8423970685372],[-121.99458293306691,45.837816687988024],[-121.99444453222839,45.83219772536439],[-121.98954912318636,45.82773156100549],[-121.98180624721236,45.826159575194765],[-121.97423456242282,45.82809460647349],[-121.96978606401099,45.83278227663436],[-121.97019616002811,45.83839479854592],[-121.97530616783583,45.84274324404886],[-121.98224538414739,45.8441521035343]]]}"
000000000000000002bb,17.0,0,700,Aedes fitchii,2019.48571428571,"{""type"":""Polygon"",""coordinates"":[[[-71.19455142964541,42.11744947991481],[-71.2017485944261,42.11569447620324],[-71.20613802763206,42.1111141454512],[-71.20600819213641,42.1054951810196],[-71.20141076301483,42.10102896580249],[-71.19413901115604,42.099456951678],[-71.1870280429652,42.10139201703884],[-71.1828503430168,42.106079735706906],[-71.18323562132102,42.11169225226352],[-71.18803465384471,42.116040646079306],[-71.19455142964541,42.11744947991481]]]}"
0000000000000000030e,10.0,0,783,Aedes fitchii,2020.76923076923,"{""type"":""Polygon"",""coordinates"":[[[-100.91684556992578,46.79864943863071],[-100.92464414551337,46.79689439494535],[-100.92940020805572,46.79231400056734],[-100.92925932942917,46.78669503844614],[-100.92427777851601,46.782228888210724],[-100.91639870919356,46.78065691026265],[-100.90869383957394,46.78259193207683],[-100.9041670568182,46.787279588767056],[-100.90458432558472,46.79289211216536],[-100.90978423125048,46.797240572022055],[-100.91684556992578,46.79864943863071]]]}"
000000000000000002b4,17.0,0,693,Aedes fitchii,2005.5,"{""type"":""Polygon"",""coordinates"":[[[-104.72654544145307,47.12234896140351],[-104.73439133965776,47.120593914701516],[-104.73917625026691,47.116013515522056],[-104.73903450206058,47.110394553575325],[-104.73402272629974,47.10592840824367],[-104.72609587066533,47.10435643302554],[-104.71834427032401,47.106291451553616],[-104.71379001968455,47.11097910356675],[-104.71420980497851,47.11659162748121],[-104.71944125327497,47.12094009232161],[-104.72654544145307,47.12234896140351]]]}"
00000000000000000310,8.0,0,785,Aedes fitchii,2019.0,"{""type"":""Polygon"",""coordinates"":[[[-106.71855073685684,48.002147435652596],[-106.72652950966636,48.00039238056239],[-106.7313954207434,47.995811968031845],[-106.73125123034977,47.990193006570394],[-106.72615458802021,47.98572687487428],[-106.71809355670835,47.9841549072471],[-106.71021074456996,47.98608991663771],[-106.7055793683947,47.99077755564554],[-106.70600621913849,47.99639008099519],[-106.71132623386939,48.000738559693474],[-106.71855073685684,48.002147435652596]]]}"
0000000000000000030f,1.0,0,784,Aedes fitchii,2020.0,"{""type"":""Polygon"",""coordinates"":[[[-105.48185027339102,40.20845035062093],[-105.4888407886308,40.206695361535196],[-105.49310424255681,40.20211505406364],[-105.4929781985427,40.19649608878749],[-105.48851275750108,40.19202984979381],[-105.48144968984813,40.190457822432144],[-105.47454279570415,40.192392903726955],[-105.47048504362303,40.19708064507237],[-105.47085932656009,40.20269315912484],[-105.47552061362188,40.20704152877664],[-105.48185027339102,40.20845035062093]]]}"
000000000000000001c8,1.0,0,457,Aedes fitchii,2021.0,"{""type"":""Polygon"",""coordinates"":[[[-120.23924966887122,39.378446657835674],[-120.2461563411196,39.37669167485328],[-120.25036868175044,39.37211137709676],[-120.25024417569283,39.366492411468286],[-120.24583228567111,39.362026162552574],[-120.23885388710423,39.360454129666934],[-120.23202979155275,39.3623892176111],[-120.22802070540877,39.36707696841984],[-120.22839052688188,39.372689481427194],[-120.2329959268381,39.377037840995314],[-120.23924966887122,39.378446657835674]]]}"
00000000000000000225,15.0,0,550,Aedes fitchii,2025.0,"{""type"":""Polygon"",""coordinates"":[[[-83.71925217305893,42.217047961044564],[-83.72646067731532,42.21529295654597],[-83.73085702334701,42.210712624541216],[-83.73072697976244,42.20509366015508],[-83.72612230807185,42.200627446217375],[-83.71883910515488,42.19905543280517],[-83.71171693887516,42.20099049730862],[-83.70753265703311,42.205678214756425],[-83.70791853864475,42.211290731447775],[-83.71272512964296,42.21563912656382],[-83.71925217305893,42.217047961044564]]]}"
00000000000000000107,17.0,1,264,Aedes sierrensis,2006.0,"{""type"":""Polygon"",""coordinates"":[[[-114.30699985949947,48.217798480799345],[-114.3150121821257,48.21604342360937],[-114.31989854509155,48.21146300773677],[-114.31975373793603,48.20584404639681],[-114.31463566748282,48.20137791811397],[-114.30654075805934,48.19980595238694],[-114.29862481615349,48.20174095949026],[-114.29397396638305,48.2064285952426],[-114.29440260096335,48.21204112095149],[-114.2997449779426,48.216389603118685],[-114.30699985949947,48.217798480799345]]]}"
00000000000000000109,15.0,1,266,Aedes sierrensis,2005.0,"{""type"":""Polygon"",""coordinates"":[[[-114.27600018897591,48.27800080412192],[-114.28402194832296,48.2762457463426],[-114.28891406388362,48.27166532953199],[-114.28876908323905,48.266046368226135],[-114.28364498559523,48.26158024090129],[-114.27554054712569,48.260008275707584],[-114.26761528666326,48.26194328216893],[-114.26295895946029,48.26663091700754],[-114.26338809577906,48.272243442817256],[-114.26873676269008,48.27659192595808],[-114.27600018897591,48.27800080412192]]]}"
0000000000000000010a,14.0,1,267,Aedes sierrensis,2005.0,"{""type"":""Polygon"",""coordinates"":[[[-109.97100120883607,45.846502049789464],[-109.97866523725209,45.84474701477135],[-109.98333927882317,45.840166634188705],[-109.98320087203831,45.834547671566284],[-109.97830525623462,45.83008150724157],[-109.97056205336193,45.82850952144987],[-109.96299004889501,45.830444552705686],[-109.95854136258166,45.83513222283396],[-109.9589514758161,45.84074474474912],[-109.9640616994012,45.84509319028679],[-109.97100120883607,45.846502049789464]]]}"
0000000000000000010b,1.0,1,268,Aedes sierrensis,1983.0,"{""type"":""Polygon"",""coordinates"":[[[-126.9629988334317,50.56699560698835],[-126.97140375676872,50.56524052570959],[-126.97652944487989,50.56066007149692],[-126.97637741637922,50.55504111155138],[-126.97100859455908,50.5505750224255],[-126.96251724941166,50.54900307849686],[-126.95421362852387,50.550938059360746],[-126.94933489861351,50.555625657765866],[-126.94978440349,50.56123818759526],[-126.95538846103015,50.56558670955807],[-126.9629988334317,50.56699560698835]]]}"
0000000000000000010c,1.0,1,269,Aedes sierrensis,1981.0,"{""type"":""Polygon"",""coordinates"":[[[-123.58300023491971,49.006002560309604],[-123.59113861209725,49.00424749529171],[-123.59610181722611,48.99966706695997],[-123.5959546922794,48.99404810607302],[-123.590756111447,48.98958199051477],[-123.58253391478456,48.98801003187149],[-123.57449349729767,48.98994503044788],[-123.56976948068716,48.99463265406373],[-123.5702048170635,49.00024518111177],[-123.57563121391668,49.00459367621107],[-123.58300023491971,49.006002560309604]]]}"
0000000000000000010d,1.0,1,270,Aedes sierrensis,1981.0,"{""type"":""Polygon"",""coordinates"":[[[-131.442995234414,52.58499746153371],[-131.451781818973,52.583242357561],[-131.45714015754456,52.57866186722912],[-131.45698110160333,52.57304290859832],[-131.45136851726224,52.568576856361155],[-131.44249179503993,52.56700493296772],[-131.43381130908853,52.56893988911267],[-131.42871104929495,52.57362745233381],[-131.42918083522727,52.579239986043966],[-131.43503927636235,52.583588545497356],[-131.442995234414,52.58499746153371]]]}"
0000000000000000010e,8.0,1,271,Aedes sierrensis,1981.0,"{""type"":""Polygon"",""coordinates"":[[[-131.4660041958498,52.67400111856048],[-131.4748086688655,52.67224601353905],[-131.48017791160947,52.6676655215381],[-131.48001852611003,52.66204656296807],[-131.47439451666924,52.65758051243555],[-131.46549973213467,52.656008589991046],[-131.45680158281067,52.65794354499374],[-131.4516909399284,52.662631106589],[-131.45216167624153,52.66824364047847],[-131.45803204019657,52.67259220166431],[-131.4660041958498,52.67400111856048]]]}"
0000000000000000010f,1.0,1,272,Aedes sierrensis,1981.0,"{""type"":""Polygon"",""coordinates"":[[[-131.61700273482262,52.774999757421035],[-131.62582762139263,52.77324465120437],[-131.63120930750267,52.76866415730113],[-131.63104954590506,52.76304519880038],[-131.6254124986262,52.75857915021067],[-131.61649710217472,52.75700722884767],[-131.60777879618485,52.75894218254852],[-131.60265630456007,52.76362974229075],[-131.60312812538658,52.769242276384574],[-131.60901209514716,52.77359083954493],[-131.61700273482262,52.774999757421035]]]}"
00000000000000000110,8.0,1,273,Aedes sierrensis,1981.0,"{""type"":""Polygon"",""coordinates"":[[[-131.61199962344065,52.97699703514213],[-131.6208657053905,52.97524192651828],[-131.62627250266286,52.97066142878387],[-131.6261119820183,52.96504247042264],[-131.6204486238707,52.96057642574572],[-131.61149163184587,52.959004506560866],[-131.60273264899135,52.96093945763981],[-131.59758624612917,52.96562701365006],[-131.59806025547834,52.97123954815545],[-131.6039716822569,52.975588115292446],[-131.61199962344065,52.97699703514213]]]}"
00000000000000000105,15.0,1,262,Aedes sierrensis,2007.0,"{""type"":""Polygon"",""coordinates"":[[[-114.26000093439615,48.21299602896479],[-114.26801250557439,48.211240971821766],[-114.27289841045982,48.206660556023905],[-114.2727536171191,48.20104159468123],[-114.26763602661234,48.19657546632205],[-114.25954187598899,48.19500350055254],[-114.25162667612197,48.19693850770701],[-114.24697626252059,48.20162614353213],[-114.24740485714716,48.20723866923299],[-114.25274673325775,48.211587151322625],[-114.26000093439615,48.21299602896479]]]}"
00000000000000000106,1.0,1,263,Aedes sierrensis,2007.0,"{""type"":""Polygon"",""coordinates"":[[[-114.34100496413303,48.343299879948574],[-114.34903699431877,48.34154482152845],[-114.35393537094585,48.336964403697905],[-114.35379020147266,48.331345442429125],[-114.34865954389221,48.32687931614595],[-114.34054473410603,48.325307351532125],[-114.33260933142127,48.32724235729545],[-114.3279470426324,48.33192999114054],[-114.3283767250336,48.33754251705989],[-114.33373223784402,48.341891001259356],[-114.34100496413303,48.343299879948574]]]}"
00000000000000000108,15.0,1,265,Aedes sierrensis,2007.0,"{""type"":""Polygon"",""coordinates"":[[[-114.29100060491969,48.28839942777856],[-114.2990239974016,48.2866443698973],[-114.3039171085157,48.28206395292445],[-114.30377209784638,48.27644499162448],[-114.29864695712688,48.271978864465346],[-114.29054086954523,48.270406899363884],[-114.28261399639831,48.272341905714185],[-114.27795672126167,48.27702954039476],[-114.27838594441168,48.28264206622191],[-114.28373569986863,48.28699054953114],[-114.29100060491969,48.28839942777856]]]}"
00000000000000000104,3.0,1,261,Aedes sierrensis,2008.0,"{""type"":""Polygon"",""coordinates"":[[[-116.90862223722297,33.346076652510924],[-116.91501308339764,33.34432171000823],[-116.91891095845016,33.33974147668703],[-116.91879591199209,33.334122508723766],[-116.91471348377263,33.32965619399961],[-116.90825599760187,33.32808412447511],[-116.90194130640042,33.330019256522455],[-116.89823162721348,33.334707070096805],[-116.89857399800731,33.34031957617051],[-116.90283556274159,33.3446678688584],[-116.90862223722297,33.346076652510924]]]}"
00000000000000000102,17.0,1,259,Aedes sierrensis,2009.0,"{""type"":""Polygon"",""coordinates"":[[[-116.24099670929897,43.65679805008012],[-116.24837574717611,43.65504303391852],[-116.25287605428025,43.650462683349566],[-116.25274288071574,43.64484371963721],[-116.24802928865105,43.640377524659286],[-116.2405738749482,43.63880552180243],[-116.23328330221585,43.640740573600084],[-116.22900003575576,43.64542827296461],[-116.22939498989324,43.65104079165247],[-116.23431525188083,43.65538920603726],[-116.24099670929897,43.65679805008012]]]}"
00000000000000000103,8.0,1,260,Aedes sierrensis,2009.0,"{""type"":""Polygon"",""coordinates"":[[[-116.09600012034406,43.55699890940296],[-116.10336692643455,43.55524389406762],[-116.10785977679998,43.55066354481388],[-116.10772682777339,43.54504458105378],[-116.1030210481813,43.54057838473263],[-116.09557798650303,43.539006381127976],[-116.08829949292706,43.54094143382577],[-116.08402332628849,43.54562913447143],[-116.08441762972224,43.551241653017854],[-116.08932973850935,43.555590066037546],[-116.09600012034406,43.55699890940296]]]}"
000000000000000000f5,1.0,1,246,Aedes sierrensis,2010.0,"{""type"":""Polygon"",""coordinates"":[[[-125.67999952372791,49.049001671767975],[-125.68814493638143,49.04724660631595],[-125.69311243027941,49.04266617729323],[-125.69296517594779,49.037047216431404],[-125.68776210159949,49.03258110157887],[-125.67953280069844,49.031009143328454],[-125.67148543589762,49.032944141431926],[-125.66675733563187,49.03763176437469],[-125.6671930460318,49.04324429149698],[-125.67262413226521,49.047592787313526],[-125.67999952372791,49.049001671767975]]]}"
000000000000000000ff,1.0,1,256,Aedes sierrensis,2010.0,"{""type"":""Polygon"",""coordinates"":[[[-125.8399965286266,49.088999808217395],[-125.84814850079361,49.08724474236083],[-125.85311999331603,49.08266431269426],[-125.85297261835042,49.07704535185586],[-125.84776535448121,49.07257923766089],[-125.83952942995957,49.07100727977654],[-125.83147558784641,49.072942277439374],[-125.82674368019214,49.07762989975496],[-125.82717973931008,49.08324242694646],[-125.83261519767717,49.087590923431286],[-125.8399965286266,49.088999808217395]]]}"
00000000000000000100,1.0,1,257,Aedes sierrensis,2010.0,"{""type"":""Polygon"",""coordinates"":[[[-125.5500033507168,49.03899544900405],[-125.55814712466584,49.03724038365311],[-125.56311361962304,49.032659954791285],[-125.56296639542795,49.02704099392361],[-125.55776436771025,49.02257487890675],[-125.54953672152953,49.02100292056485],[-125.54149097489814,49.02293791877845],[-125.53676382579818,49.027625541877946],[-125.53719944908067,49.03323806898295],[-125.54262944306289,49.03758656463248],[-125.5500033507168,49.03899544900405]]]}"
00000000000000000101,1.0,1,258,Aedes sierrensis,2010.0,"{""type"":""Polygon"",""coordinates"":[[[-125.58999702806516,48.97899824432993],[-125.59813099537091,48.97724317958431],[-125.60309151227673,48.972662751685924],[-125.60294446842794,48.967043790783215],[-125.5977487041542,48.96257767478239],[-125.58953096046632,48.96100571589272],[-125.58149489759266,48.962940714765686],[-125.57677344063791,48.96762833880368],[-125.57720854257309,48.973240865805124],[-125.58263200009827,48.977589360454644],[-125.58999702806516,48.97899824432993]]]}"
000000000000000000fd,17.0,1,254,Aedes sierrensis,2011.0,"{""type"":""Polygon"",""coordinates"":[[[-122.57599698491899,49.18199881978805],[-122.5841642648278,49.180243752988424],[-122.58914508881463,49.17566332182085],[-122.58899743232115,49.17004436103702],[-122.5837803914934,49.16557824837504],[-122.57552900963857,49.164006291344094],[-122.5674600516266,49.16594128797967],[-122.56271925878346,49.170628908833116],[-122.56315613168577,49.17624143618594],[-122.56860179316546,49.18058993422875],[-122.57599698491899,49.18199881978805]]]}"
000000000000000000fe,17.0,1,255,Aedes sierrensis,2011.0,"{""type"":""Polygon"",""coordinates"":[[[-114.27400251170397,48.2299004810584],[-114.28201672882626,48.228145423750064],[-114.28690424667116,48.22356500768908],[-114.28675940468666,48.21794604635597],[-114.28164012422735,48.21347991826552],[-114.27354330177222,48.21190795264561],[-114.26562548909217,48.21384295962],[-114.26097353968396,48.218530595188824],[-114.26140227499256,48.224143120917965],[-114.26674591472543,48.2284916032807],[-114.27400251170397,48.2299004810584]]]}"
000000000000000000fa,10.0,1,251,Aedes sierrensis,2013.0,"{""type"":""Polygon"",""coordinates"":[[[-122.69238844061601,38.592026218746796],[-122.69921881444893,38.5902712414148],[-122.7033846410727,38.585690952652385],[-122.70326153443537,38.58007198669783],[-122.69889837670472,38.57560572859634],[-122.6919970285543,38.5740336905966],[-122.6852482812269,38.57596878469675],[-122.68128348184771,38.58065654426656],[-122.68164924316812,38.586269056306286],[-122.6862037848887,38.590617406538996],[-122.69238844061601,38.592026218746796]]]}"
000000000000000000fb,15.0,1,252,Aedes sierrensis,2013.0,"{""type"":""Polygon"",""coordinates"":[[[-116.39199970737285,43.69449974948701],[-116.39938338253606,43.69274473301253],[-116.40388651662012,43.6881643819456],[-116.40375325792786,43.682545418251316],[-116.3990367040174,43.678079223781985],[-116.39157660744664,43.67650722120829],[-116.38428145529538,43.6784422726651],[-116.37999549716787,43.68312997154453],[-116.38039069799703,43.688742490285954],[-116.38531405100565,43.693090905187645],[-116.39199970737285,43.69449974948701]]]}"
000000000000000000fc,14.0,1,253,Aedes sierrensis,2013.0,"{""type"":""Polygon"",""coordinates"":[[[-112.02900119983083,40.85499770786532],[-112.03605948709776,40.853242713920835],[-112.0403642568452,40.8486623987154],[-112.04023696953205,40.843043433719764],[-112.03572824212654,40.83857720262478],[-112.02859673492736,40.83700517966058],[-112.02162291318216,40.83894025566203],[-112.01752582342641,40.84362798947393],[-112.01790371251285,40.84924050435833],[-112.02261017417777,40.85358888203751],[-112.02900119983083,40.85499770786532]]]}"
000000000000000000ee,17.0,1,239,Aedes sierrensis,2014.0,"{""type"":""Polygon"",""coordinates"":[[[-111.92299499048727,40.78129768565396],[-111.93004544067608,40.77954269226809],[-111.9343454327157,40.77496237795182],[-111.93421828918287,40.769343412923924],[-111.92971456736026,40.764877180920834],[-111.92259097441912,40.76330515745106],[-111.91562489209304,40.76524023406108],[-111.91153235129957,40.76992796873911],[-111.91190982338213,40.77554048352786],[-111.91661106111367,40.77988886028415],[-111.92299499048727,40.78129768565396]]]}"
000000000000000000ef,1.0,1,240,Aedes sierrensis,2014.0,"{""type"":""Polygon"",""coordinates"":[[[-123.2320020954977,48.76600036430998],[-123.24010150938938,48.76424530170161],[-123.2450409627797,48.759664877204926],[-123.24489455433921,48.75404591617852],[-123.23972085913212,48.74957979670351],[-123.2315380066427,48.74800783587979],[-123.22353606425729,48.74994283708085],[-123.21883466340869,48.75463046443243],[-123.21926792835373,48.76024299106829],[-123.224668354841,48.76459148218696],[-123.2320020954977,48.76600036430998]]]}"
000000000000000000f0,1.0,1,241,Aedes sierrensis,2014.0,"{""type"":""Polygon"",""coordinates"":[[[-123.30100222519873,48.789999246179626],[-123.30910551201622,48.78824418333135],[-123.31404732631694,48.78366375845284],[-123.3139008466594,48.778044797440316],[-123.30872467783615,48.77357867835528],[-123.30053791455555,48.77200671774865],[-123.29253214776445,48.7739417186884],[-123.28782849892326,48.77862934566803],[-123.28826196977064,48.78424187234492],[-123.29366497769816,48.788590363859925],[-123.30100222519873,48.789999246179626]]]}"
000000000000000000f1,1.0,1,242,Aedes sierrensis,2014.0,"{""type"":""Polygon"",""coordinates"":[[[-123.30999623202355,48.80299752575042],[-123.31810161863655,48.801242462772116],[-123.32304471295868,48.796662037686644],[-123.3228981946889,48.79104307668164],[-123.31772068473806,48.786576957807966],[-123.30953180113286,48.785004997319014],[-123.301523960853,48.786939998117106],[-123.29681909321113,48.79162762489515],[-123.2972526756929,48.79724015159428],[-123.3026570832072,48.801588643324095],[-123.30999623202355,48.80299752575042]]]}"
000000000000000000f2,1.0,1,243,Aedes sierrensis,2014.0,"{""type"":""Polygon"",""coordinates"":[[[-125.75299946707389,49.079996883190475],[-125.76114996153426,49.07824181742503],[-125.76612055325921,49.07366138790346],[-125.76597320546983,49.06804242705978],[-125.76076688540273,49.06357631271672],[-125.75253245302927,49.06200435474992],[-125.74448007010446,49.063939352512],[-125.73974902016671,49.068626974968836],[-125.74018500072675,49.07423950214475],[-125.74561947415343,49.07858799847906],[-125.75299946707389,49.079996883190475]]]}"
000000000000000000f3,1.0,1,244,Aedes sierrensis,2014.0,"{""type"":""Polygon"",""coordinates"":[[[-125.68399933737287,49.05299702631188],[-125.69214540459345,49.05124196081946],[-125.69711329751009,49.04666153173247],[-125.69696603114059,49.04104257087298],[-125.69176253872435,49.03657645608609],[-125.68353257685892,49.03500449787221],[-125.67548456569367,49.03693949593171],[-125.67075608549256,49.04162711881186],[-125.67119183069077,49.04723964594106],[-125.67662335321498,49.05158814182431],[-125.68399933737287,49.05299702631188]]]}"
000000000000000000f4,1.0,1,245,Aedes sierrensis,2014.0,"{""type"":""Polygon"",""coordinates"":[[[-125.65599618275718,49.02199735578831],[-125.66413717503322,49.02024229060902],[-125.66910197430515,49.01566186202039],[-125.66895480126611,49.010042901142775],[-125.66375455018607,49.0055767858469],[-125.6555297128655,49.00400482734968],[-125.64748671304967,49.00593982575025],[-125.64276117853748,49.01062744911586],[-125.64319665393933,49.0162399761915],[-125.6486247938434,49.02058847155746],[-125.65599618275718,49.02199735578831]]]}"
000000000000000000f6,1.0,1,247,Aedes sierrensis,2014.0,"{""type"":""Polygon"",""coordinates"":[[[-123.2738017087727,48.77563648168648],[-123.28190267711982,48.77388141898181],[-123.28684307809615,48.76930099433186],[-123.28669664107174,48.76368203331103],[-123.28152195304257,48.75921591399255],[-123.27333753089974,48.75764395325597],[-123.26533405353302,48.759578954352136],[-123.2606317504197,48.764266581554416],[-123.26106509800677,48.76987910820674],[-123.2664665605929,48.774227599484504],[-123.2738017087727,48.77563648168648]]]}"
000000000000000000f7,17.0,1,248,Aedes sierrensis,2014.0,"{""type"":""Polygon"",""coordinates"":[[[-114.29299828219163,48.203899462815755],[-114.3010084305549,48.20214440576165],[-114.30589346809653,48.19756399010531],[-114.30574870091309,48.19194502875749],[-114.30063201915188,48.18747890025379],[-114.29253930526448,48.1859069344038],[-114.28462551039696,48.18784194165512],[-114.27997592265167,48.1925295776181],[-114.28040444162855,48.19814210330375],[-114.28574536937876,48.202490585246494],[-114.29299828219163,48.203899462815755]]]}"
000000000000000000f8,15.0,1,249,Aedes sierrensis,2014.0,"{""type"":""Polygon"",""coordinates"":[[[-114.15399918415362,46.92329914947874],[-114.16181588539106,46.92154410463605],[-114.1665829974158,46.91696370841597],[-114.16644178573202,46.9113447463617],[-114.16144865800457,46.90687859800761],[-114.15355128540659,46.90530662110687],[-114.14582851682798,46.90724164166034],[-114.1412912132406,46.91192929655622],[-114.14170944590744,46.91754182015255],[-114.14692143313444,46.921890281921215],[-114.15399918415362,46.92329914947874]]]}"
000000000000000000f9,15.0,1,250,Aedes sierrensis,2014.0,"{""type"":""Polygon"",""coordinates"":[[[-114.23200223888155,48.31110071124165],[-114.2400291998982,48.30934565313771],[-114.24492448637852,48.30476523581043],[-114.24477941010224,48.29914627452335],[-114.23965199017621,48.29468014772618],[-114.23154229914893,48.293108182826245],[-114.2236119021537,48.29504318893398],[-114.21895255570357,48.2997308232693],[-114.21938196858662,48.30534334913455],[-114.22473410260609,48.309691832811666],[-114.23200223888155,48.31110071124165]]]}"
000000000000000000d3,17.0,1,212,Aedes sierrensis,2015.0,"{""type"":""Polygon"",""coordinates"":[[[-117.56800288729919,33.949299383920014],[-117.574438672679,33.94754443763851],[-117.57836394425892,33.94296419830213],[-117.57824807369539,33.93734523055669],[-117.57413694247795,33.932878921975906],[-117.56763407393886,33.931306855871796],[-117.56127500296206,33.93324198380193],[-117.55753923918482,33.937929791516986],[-117.55788400152929,33.9435422982381],[-117.56217552149727,33.94789059716939],[-117.56800288729919,33.949299383920014]]]}"
000000000000000000e7,14.0,1,232,Aedes sierrensis,2015.0,"{""type"":""Polygon"",""coordinates"":[[[-112.05000356579257,40.811097857994135],[-112.05705718135589,40.809342864382536],[-112.06135910309885,40.80476254970698],[-112.06123190149377,40.79914358469211],[-112.0567261579298,40.794677353055974],[-112.04959936844104,40.793105329790485],[-112.0426301601843,40.7950404061546],[-112.03853578207735,40.79972814048264],[-112.03891342258687,40.805340655310054],[-112.04361677025102,40.80968903243926],[-112.05000356579257,40.811097857994135]]]}"
000000000000000000e8,14.0,1,233,Aedes sierrensis,2015.0,"{""type"":""Polygon"",""coordinates"":[[[-112.014999622523,40.83099882599567],[-112.02205535461391,40.82924383223322],[-112.02635856665285,40.82466351731754],[-112.02623132621758,40.81904455231139],[-112.02172423081635,40.81457832092047],[-112.01459530395637,40.813006297791524],[-112.00762400554646,40.81494137399129],[-112.0035283989199,40.81962910808544],[-112.00390615204793,40.82524162293867],[-112.00861091051837,40.82959000031711],[-112.014999622523,40.83099882599567]]]}"
000000000000000000e9,14.0,1,234,Aedes sierrensis,2015.0,"{""type"":""Polygon"",""coordinates"":[[[-112.0120031066151,40.80230005161568],[-112.0190557871812,40.80054505807075],[-112.02335713892302,40.7959647435013],[-112.0232299544715,40.79034577848259],[-112.01872480809517,40.78587954673807],[-112.01159896281153,40.78430752341226],[-112.00463067790093,40.786242599849],[-112.00053684250479,40.7909303342804],[-112.0009144332639,40.79654284909639],[-112.00561715769028,40.80089122611546],[-112.0120031066151,40.80230005161568]]]}"
000000000000000000ea,17.0,1,235,Aedes sierrensis,2015.0,"{""type"":""Polygon"",""coordinates"":[[[-117.03299548380568,33.963599720998424],[-117.03943235088876,33.96184477462669],[-117.04335828191347,33.95726453514668],[-117.04324239151376,33.95164556740644],[-117.03913056940445,33.94717925897235],[-117.03262660849451,33.94560719294991],[-117.02626646927962,33.947542320781736],[-117.02253007763666,33.952230128356874],[-117.02287489754694,33.95784263509345],[-117.02716713854869,33.962190934173826],[-117.03299548380568,33.963599720998424]]]}"
000000000000000000eb,17.0,1,236,Aedes sierrensis,2015.0,"{""type"":""Polygon"",""coordinates"":[[[-117.03199664516971,33.96269898258562],[-117.03843344409677,33.96094403621957],[-117.04235933357114,33.95636379674861],[-117.04224344442123,33.950744829008045],[-117.03813166584371,33.94627852056472],[-117.03162777376193,33.944706454537126],[-117.02526770185469,33.94664158237514],[-117.02153134977233,33.9513293899591],[-117.02187616605552,33.9569418966947],[-117.02616836162628,33.961290195765685],[-117.03199664516971,33.96269898258562]]]}"
000000000000000000ec,17.0,1,237,Aedes sierrensis,2015.0,"{""type"":""Polygon"",""coordinates"":[[[-117.35199957316921,33.701796979948504],[-117.35841675765764,33.700042035223866],[-117.36233068947419,33.69546179836572],[-117.36221516001483,33.68984283053052],[-117.35811590932313,33.6853765194187],[-117.35163182511165,33.683804451905395],[-117.3452911234765,33.685739581531806],[-117.34156615643323,33.690427391660876],[-117.34190992888193,33.69603989811527],[-117.34618905000671,33.700388194474286],[-117.35199957316921,33.701796979948504]]]}"
000000000000000000ed,17.0,1,238,Aedes sierrensis,2015.0,"{""type"":""Polygon"",""coordinates"":[[[-117.60199907373062,33.902398559039874],[-117.60843131680853,33.90064361305409],[-117.61235442887526,33.89606337418843],[-117.61223862327036,33.890444406425935],[-117.6081297545472,33.88597809736441],[-117.60163046324367,33.88440603099263],[-117.59527489047356,33.88634115924496],[-117.59154118279628,33.89102896741854],[-117.5918857566274,33.89664147408898],[-117.59617491539402,33.9009897725317],[-117.60199907373062,33.902398559039874]]]}"
000000000000000000be,17.0,1,191,Aedes sierrensis,2016.0,"{""type"":""Polygon"",""coordinates"":[[[-117.34799975952427,33.957999090075305],[-117.35443620287447,33.956244143738914],[-117.3583618755765,33.951663904315154],[-117.35824599294718,33.94604493657287],[-117.35413444147919,33.941578628081324],[-117.34763090848094,33.940006562026895],[-117.34127118772427,33.94194168989723],[-117.33753504203358,33.94662949752718],[-117.33787983939374,33.95224200425769],[-117.3421717979467,33.956590303279675],[-117.34799975952427,33.957999090075305]]]}"
000000000000000000ce,14.0,1,207,Aedes sierrensis,2016.0,"{""type"":""Polygon"",""coordinates"":[[[-117.60299791236662,33.914299899751526],[-117.60943105354566,33.91254495369074],[-117.61335471312677,33.90796471470566],[-117.61323889105249,33.9023457469475],[-117.60912944870553,33.89787943800792],[-117.60262925044395,33.89630737170403],[-117.5962727907525,33.898242499874634],[-117.59253856177982,33.90293030793191],[-117.59288318340583,33.9085428146152],[-117.59717294082205,33.91289111318186],[-117.60299791236662,33.914299899751526]]]}"
000000000000000000e3,9.0,1,228,Aedes sierrensis,2016.0,"{""type"":""Polygon"",""coordinates"":[[[-119.18215287763606,34.540295260240576],[-119.18863401006959,34.53854031020456],[-119.19258692683415,34.53396006489166],[-119.19247022470806,34.52834109736266],[-119.18833012999123,34.523874794885764],[-119.1817814671761,34.522302732180016],[-119.17537761361753,34.52423785601944],[-119.17161552851604,34.52892565791288],[-119.17196270413912,34.5345381652772],[-119.1762844512178,34.53888647041176],[-119.18215287763606,34.540295260240576]]]}"
000000000000000000e4,14.0,1,229,Aedes sierrensis,2016.0,"{""type"":""Polygon"",""coordinates"":[[[-117.58200000550596,33.951899039834174],[-117.58843598747156,33.95014409353627],[-117.5923613788972,33.945563854173784],[-117.5922455047287,33.93994488642929],[-117.58813424795044,33.93547857787517],[-117.58163118088682,33.9339065117859],[-117.57527191577135,33.935841639698154],[-117.57153603788751,33.94052944738778],[-117.57188081069384,33.94614195411171],[-117.57617246170051,33.950490253070114],[-117.58200000550596,33.951899039834174]]]}"
000000000000000000e5,17.0,1,230,Aedes sierrensis,2016.0,"{""type"":""Polygon"",""coordinates"":[[[-117.58200000550593,33.93909696070974],[-117.58843501962326,33.9373420144926],[-117.59235982101414,33.932761775258655],[-117.59224396459399,33.92714280750949],[-117.58813332598756,33.922676498824096],[-117.58163123631707,33.921104432661735],[-117.57527292700198,33.92303956066198],[-117.57153761089769,33.92772736847682],[-117.57188233219729,33.93333987518691],[-117.5761733380628,33.937688174011875],[-117.58200000550593,33.93909696070974]]]}"
000000000000000000e6,17.0,1,231,Aedes sierrensis,2016.0,"{""type"":""Polygon"",""coordinates"":[[[-116.14200020681139,43.58159976991482],[-116.14937002223941,43.579844754376055],[-116.15386470715686,43.57526440479851],[-116.1537317028886,43.56964544105017],[-116.14902400122506,43.56517924505971],[-116.14157790062673,43.56360724163917],[-116.13429643526345,43.56554229411535],[-116.13001852188414,43.57022999444559],[-116.13041298540846,43.57584251302685],[-116.13532710009528,43.580190926382606],[-116.14200020681139,43.58159976991482]]]}"
00000000000000000055,10.0,1,86,Aedes sierrensis,2017.0,"{""type"":""Polygon"",""coordinates"":[[[-119.72599821941749,37.1019953062326],[-119.73269195686699,37.10024033927551],[-119.7367744852591,37.095660067027644],[-119.73665388445211,37.09004110047448],[-119.73237799733278,37.08557482550654],[-119.72561463272021,37.08400277811648],[-119.71900082059095,37.08593788352],[-119.71511533065716,37.090625659176446],[-119.71547382070537,37.09623816943929],[-119.71993728450617,37.1005865025308],[-119.72599821941749,37.1019953062326]]]}"
00000000000000000064,7.0,1,101,Aedes sierrensis,2017.0,"{""type"":""Polygon"",""coordinates"":[[[-116.81824963617278,32.691195235397636],[-116.82459319001761,32.68944029693854],[-116.82846223402464,32.68486007005409],[-116.82834805486036,32.679241101857784],[-116.82429583258764,32.67477478055972],[-116.81788610505423,32.67320270737511],[-116.81161811740262,32.67513784382821],[-116.80793588865508,32.67982566367249],[-116.80827574270899,32.685438169053384],[-116.81250578370842,32.68978645506032],[-116.81824963617278,32.691195235397636]]]}"
000000000000000000c9,17.0,1,202,Aedes sierrensis,2017.0,"{""type"":""Polygon"",""coordinates"":[[[-100.28471894548824,25.686464736156363],[-100.29064309508745,25.68470983769105],[-100.29425645972373,25.680129674471388],[-100.29414997683854,25.674510703971773],[-100.29036562980889,25.67004431765214],[-100.2843794337722,25.668472208265182],[-100.27852562123098,25.670407388295907],[-100.2750868318224,25.675095270154795],[-100.27540437166866,25.68070776868141],[-100.27935485320631,25.685055988608436],[-100.28471894548824,25.686464736156363]]]}"
000000000000000000ca,17.0,1,203,Aedes sierrensis,2017.0,"{""type"":""Polygon"",""coordinates"":[[[-117.40000179600959,33.96809895396135],[-117.40643900358086,33.966344007561226],[-117.41036514217932,33.961763768036015],[-117.41024924553574,33.9561448002974],[-117.40613720595411,33.951678491909476],[-117.39963290119805,33.950106425912736],[-117.39327242573341,33.95204155371363],[-117.38953583645687,33.95672936124475],[-117.38988067448716,33.962341867986176],[-117.39417314244905,33.96669016711347],[-117.40000179600959,33.96809895396135]]]}"
000000000000000000cb,3.0,1,204,Aedes sierrensis,2017.0,"{""type"":""Polygon"",""coordinates"":[[[-116.90854197340398,33.3531666231859],[-116.91493334002078,33.351411680639096],[-116.91883153235307,33.34683144724768],[-116.91871647635088,33.341212479286966],[-116.91463371572127,33.33674616463452],[-116.90817570397638,33.33517409514994],[-116.90186049881179,33.33710922714923],[-116.89815051753855,33.34179704065519],[-116.8984929160288,33.34740954673644],[-116.90275482767534,33.35175783949721],[-116.90854197340398,33.3531666231859]]]}"
000000000000000000cc,17.0,1,205,Aedes sierrensis,2017.0,"{""type"":""Polygon"",""coordinates"":[[[-117.3499974367962,33.70759827041904],[-117.3564150546771,33.705843325658016],[-117.36032925070499,33.70126308874194],[-117.36021371329802,33.695644120908845],[-117.35611418579542,33.69117780985617],[-117.34962966391757,33.68960574237581],[-117.34328853428505,33.69154087196257],[-117.33956331568272,33.69622868203522],[-117.33990711119549,33.70184118849585],[-117.34418652120775,33.706189484914994],[-117.3499974367962,33.70759827041904]]]}"
000000000000000000cd,14.0,1,206,Aedes sierrensis,2017.0,"{""type"":""Polygon"",""coordinates"":[[[-117.60099577599362,33.935699125707],[-117.60743053333452,33.933944179511286],[-117.6113551781853,33.929363940311454],[-117.6112393264739,33.92374497256106],[-117.60712885187252,33.91927866384083],[-117.60062702151075,33.91770659765906],[-117.59426896577573,33.919641725682666],[-117.59053379871523,33.924329533530724],[-117.59087850634975,33.929942040237144],[-117.59516934105513,33.93429033902672],[-117.60099577599362,33.935699125707]]]}"
000000000000000000cf,14.0,1,208,Aedes sierrensis,2017.0,"{""type"":""Polygon"",""coordinates"":[[[-117.49600178258918,33.973298265789666],[-117.50243938372284,33.97154331935672],[-117.50636576225094,33.96696307977926],[-117.50624985839023,33.96134411204255],[-117.50213756743742,33.95687780370799],[-117.49563286523774,33.95530573774094],[-117.4892720011098,33.95724086550607],[-117.48553518339322,33.96192867298631],[-117.48588004236805,33.96754117973337],[-117.4901727726678,33.97188947891488],[-117.49600178258918,33.973298265789666]]]}"
000000000000000000d0,17.0,1,209,Aedes sierrensis,2017.0,"{""type"":""Polygon"",""coordinates"":[[[-117.61900162604744,33.895197110838566],[-117.62543332594487,33.893442164898154],[-117.6293561068695,33.88886192610472],[-117.62924031122543,33.88324295833961],[-117.62513178943563,33.87877664920431],[-117.61863304666927,33.877204582791464],[-117.61227801031804,33.87913971109324],[-117.60854461792539,33.88382751933717],[-117.6088891628497,33.889440025999846],[-117.61317795954707,33.893788324367584],[-117.61900162604744,33.895197110838566]]]}"
000000000000000000d1,17.0,1,210,Aedes sierrensis,2017.0,"{""type"":""Polygon"",""coordinates"":[[[-117.42600281425219,33.91719831543626],[-117.432436174232,33.9154433693572],[-117.43635996720185,33.91086313034305],[-117.43624414111518,33.90524416258594],[-117.43213455901858,33.900777853676054],[-117.42563413979845,33.89920578738871],[-117.41927746402986,33.9011409155394],[-117.4155431080561,33.90582872356835],[-117.4158877413262,33.91144123025477],[-117.420177644589,33.915789528851604],[-117.42600281425219,33.91719831543626]]]}"
000000000000000000d2,17.0,1,211,Aedes sierrensis,2017.0,"{""type"":""Polygon"",""coordinates"":[[[-117.48400234165436,33.99719904743614],[-117.49044175326136,33.995444100852296],[-117.49436923551842,33.99086386103462],[-117.49425329845742,33.98524489330661],[-117.49013985114193,33.98077858521737],[-117.48363332061417,33.97920651938692],[-117.47727066854989,33.98114164698764],[-117.47353279995899,33.98582945423388],[-117.47387775528323,33.99144196100679],[-117.47817169239494,33.99579026043764],[-117.48400234165436,33.99719904743614]]]}"
000000000000000000d4,17.0,1,213,Aedes sierrensis,2017.0,"{""type"":""Polygon"",""coordinates"":[[[-117.29099907075806,33.67989833467504],[-117.29741462040163,33.67814339008771],[-117.3013275555589,33.67356315344816],[-117.30121205607958,33.667944185605045],[-117.29711384957528,33.66347787426998],[-117.29063141633064,33.661905806632376],[-117.28429232918901,33.6638409364084],[-117.28056831107796,33.66852874675038],[-117.28091199652427,33.674141253181254],[-117.28519002790651,33.678489549313404],[-117.29099907075806,33.67989833467504]]]}"
000000000000000000d5,6.0,1,214,Aedes sierrensis,2017.0,"{""type"":""Polygon"",""coordinates"":[[[-122.21975940175919,37.88362221168901],[-122.22652355509783,37.881867239341865],[-122.23064901146573,37.87728695851422],[-122.23052711931085,37.871667992272016],[-122.22620625706216,37.867201726066696],[-122.21937178223754,37.86562968355519],[-122.2126884308692,37.86756478308627],[-122.20876206861884,37.872252550385234],[-122.20912430597458,37.877865061571256],[-122.21363470702886,37.88221340356811],[-122.21975940175919,37.88362221168901]]]}"
000000000000000000d6,3.0,1,215,Aedes sierrensis,2017.0,"{""type"":""Polygon"",""coordinates"":[[[-116.95863551463843,34.1052653614664],[-116.96508313896517,34.10351041419917],[-116.96901562798881,34.098930173293695],[-116.96889954032403,34.09331120560507],[-116.96478084748385,34.08884489862683],[-116.95826602324252,34.087272833414936],[-116.95189526069056,34.089207960271075],[-116.94815262509415,34.0938957664577],[-116.94849801748167,34.09950827334769],[-116.95279742896787,34.10385657390761],[-116.95863551463843,34.1052653614664]]]}"
000000000000000000d7,17.0,1,216,Aedes sierrensis,2017.0,"{""type"":""Polygon"",""coordinates"":[[[-117.39700528010164,33.70110136018416],[-117.40342241263129,33.699346415463886],[-117.40733631277193,33.69476617861269],[-117.40722078426539,33.68914721077724],[-117.40312156676016,33.684680899658325],[-117.39663753501982,33.683108832141066],[-117.39029688469665,33.68504396177224],[-117.3865719478124,33.68973177190807],[-117.38691571749601,33.6953442783617],[-117.39119480398648,33.69969257471353],[-117.39700528010164,33.70110136018416]]]}"
000000000000000000d8,17.0,1,217,Aedes sierrensis,2017.0,"{""type"":""Polygon"",""coordinates"":[[[-117.53999973268355,33.914897419292686],[-117.54643291896663,33.91314247322813],[-117.55035660604477,33.90856223423707],[-117.55024078314337,33.902943266479106],[-117.54613131198815,33.898476957545654],[-117.53963106817767,33.89690489124518],[-117.53327456394362,33.89884001941167],[-117.52954030879067,33.9035278274631],[-117.52988493281707,33.909140334147054],[-117.53417472029837,33.913488632719925],[-117.53999973268355,33.914897419292686]]]}"
000000000000000000d9,1.0,1,218,Aedes sierrensis,2017.0,"{""type"":""Polygon"",""coordinates"":[[[-122.36757414257985,45.7772477513284],[-122.3752286475485,45.775492716929065],[-122.37989688352948,45.770912337331346],[-122.37975865167562,45.76529337467315],[-122.37486911849338,45.76082720934254],[-122.36713553249838,45.759255222990824],[-122.35957293246994,45.76119025492073],[-122.35512977394038,45.76587792600841],[-122.35553938066445,45.771490447817676],[-122.36064325639738,45.77583889233305],[-122.36757414257985,45.7772477513284]]]}"
000000000000000000da,8.0,1,219,Aedes sierrensis,2017.0,"{""type"":""Polygon"",""coordinates"":[[[-118.6810034284414,35.03407381539391],[-118.68752347663411,35.03231886217989],[-118.69150011784446,35.027738611808225],[-118.691382702101,35.022119644462464],[-118.68721775159786,35.01765334715213],[-118.68062978921145,35.01608128732291],[-118.6741875042945,35.01801640769978],[-118.67040283086007,35.022704204665544],[-118.67075207751157,35.0283167125743],[-118.67509976478247,35.03266502295956],[-118.6810034284414,35.03407381539391]]]}"
000000000000000000db,10.0,1,220,Aedes sierrensis,2017.0,"{""type"":""Polygon"",""coordinates"":[[[-118.70586291681433,35.015109258613606],[-118.71238145278475,35.013354305522356],[-118.71635717208989,35.008774055346116],[-118.7162397840767,35.003155087993264],[-118.71207579944131,34.99868879048336],[-118.70548936419188,34.99711673054303],[-118.69904857267413,34.99905185105365],[-118.69526477699678,35.00373964820975],[-118.69561394317036,35.009352156097485],[-118.69996062243469,35.013700466279914],[-118.70586291681433,35.015109258613606]]]}"
000000000000000000dc,1.0,1,221,Aedes sierrensis,2017.0,"{""type"":""Polygon"",""coordinates"":[[[-117.71464042544176,34.39792954090721],[-117.72111051282157,34.39617459178046],[-117.7250566961254,34.391594347914946],[-117.7249401965392,34.385975380333534],[-117.7208071563804,34.3815090763784],[-117.71426964755017,34.379937012849645],[-117.7078767015608,34.38187213767974],[-117.70412102747001,34.38655994098305],[-117.70446761529605,34.392172448191616],[-117.70878200004171,34.39652075182387],[-117.71464042544176,34.39792954090721]]]}"
000000000000000000dd,1.0,1,222,Aedes sierrensis,2017.0,"{""type"":""Polygon"",""coordinates"":[[[-123.54660951122254,48.48748937161281],[-123.55466435142228,48.485734311771864],[-123.55957663293745,48.481153891679895],[-123.55943104408617,48.47553493049333],[-123.55428581786089,48.47106880651976],[-123.54614797494368,48.469496843191706],[-123.53819004791072,48.47143184740731],[-123.53351451932232,48.47611947904954],[-123.53394541447332,48.48173200521195],[-123.53931613100083,48.486080491758706],[-123.54660951122254,48.48748937161281]]]}"
000000000000000000de,17.0,1,223,Aedes sierrensis,2017.0,"{""type"":""Polygon"",""coordinates"":[[[-117.59600158281374,33.90789663063877],[-117.60243424072246,33.90614168461833],[-117.60635760568482,33.90156144569751],[-117.60624179247274,33.89594247793702],[-117.60213265879409,33.89147616893182],[-117.59563294856872,33.88990410259141],[-117.58927696613175,33.89183923080598],[-117.58554301766935,33.896527038925825],[-117.58588761357682,33.902139545602225],[-117.59017704885828,33.90648784410218],[-117.59600158281374,33.90789663063877]]]}"
000000000000000000df,1.0,1,224,Aedes sierrensis,2017.0,"{""type"":""Polygon"",""coordinates"":[[[-122.33339513300518,37.41021728924888],[-122.34011631276549,37.40846232017975],[-122.34421557095196,37.40388204456998],[-122.34409446689227,37.398263078138655],[-122.33980105217165,37.39379680660426],[-122.33300997464443,37.39222476112582],[-122.32636906183716,37.39415986422828],[-122.32246764324188,37.39884763660993],[-122.3228275936905,37.40446014723452],[-122.32730934977099,37.408808483815505],[-122.33339513300518,37.41021728924888]]]}"
000000000000000000e0,17.0,1,225,Aedes sierrensis,2017.0,"{""type"":""Polygon"",""coordinates"":[[[-111.82299964936372,40.76939634494231],[-111.83004883671849,40.767641351646525],[-111.83434805889807,40.763061037473655],[-111.83422093853325,40.757442072440554],[-111.82971802328942,40.75297584029101],[-111.82259570561904,40.751403816739696],[-111.81563087039093,40.75333889344787],[-111.81153906259826,40.758026628265576],[-111.81191646748638,40.763639143038915],[-111.81661686345495,40.76798751964636],[-111.82299964936372,40.76939634494231]]]}"
000000000000000000e1,17.0,1,226,Aedes sierrensis,2017.0,"{""type"":""Polygon"",""coordinates"":[[[-111.87699936312096,40.742200287617344],[-111.88404566757946,40.740445294527305],[-111.88834313226228,40.735864980681924],[-111.88821606478699,40.73024601563696],[-111.88371499086425,40.72577978315294],[-111.87659558448195,40.724207759415414],[-111.86963359622675,40.72614283634773],[-111.86554346178559,40.73083057148445],[-111.86592071327684,40.73644308622256],[-111.87061918760307,40.74079146249008],[-111.87699936312096,40.742200287617344]]]}"
000000000000000000e2,17.0,1,227,Aedes sierrensis,2017.0,"{""type"":""Polygon"",""coordinates"":[[[-111.88200247450294,40.758400201744514],[-111.88905049574508,40.75664520853195],[-111.89334900702879,40.75206489449152],[-111.89322190805746,40.74644592945362],[-111.88871973761592,40.74197969716881],[-111.8815985975424,40.74040767354219],[-111.87463491389609,40.74234275034101],[-111.87054378296311,40.74703048528774],[-111.87092112580325,40.752643000046824],[-111.87562074448013,40.756991376516794],[-111.88200247450294,40.758400201744514]]]}"
00000000000000000025,1.0,1,38,Aedes sierrensis,2018.0,"{""type"":""Polygon"",""coordinates"":[[[-121.95191011968083,45.829490579270576],[-121.95957180554636,45.8277355444046],[-121.96424441907524,45.82315516406411],[-121.96410605531976,45.817536201432894],[-121.95921193570189,45.813070036860864],[-121.95147109836078,45.81149805093146],[-121.94390140717026,45.81343308235303],[-121.93945408056541,45.818120752717185],[-121.93986406921024,45.823733274606305],[-121.94497273136902,45.82808171989264],[-121.95191011968083,45.829490579270576]]]}"
0000000000000000002e,1.0,1,47,Aedes sierrensis,2018.0,"{""type"":""Polygon"",""coordinates"":[[[-121.99703176324064,45.83690606432246],[-122.00469446999028,45.83515102939017],[-122.00936770586033,45.83057064894414],[-122.00922932335267,45.82495168631676],[-122.00433455169663,45.82048552185252],[-121.99659268345621,45.81891353598313],[-121.98902198413919,45.82084856733245],[-121.984574064973,45.82553623759381],[-121.98498410791406,45.831148759494276],[-121.99009345054286,45.835497204890146],[-121.99703176324064,45.83690606432246]]]}"
00000000000000000043,1.0,1,68,Aedes sierrensis,2018.0,"{""type"":""Polygon"",""coordinates"":[[[-121.99299627678725,45.825000264509754],[-122.00065734466925,45.82324522968391],[-122.00532958146908,45.81866484940733],[-122.00519122906509,45.81304588677379],[-122.000297504153,45.80857972213651],[-121.99255729085814,45.807007736170775],[-121.98498820992855,45.80894276763606],[-121.98054124202562,45.81363043806247],[-121.98095119780272,45.81924295994472],[-121.9860594480447,45.82359140516472],[-121.99299627678725,45.825000264509754]]]}"
00000000000000000082,1.0,1,131,Aedes sierrensis,2018.0,"{""type"":""Polygon"",""coordinates"":[[[-122.00351083707129,45.83815015351637],[-122.01117371513294,45.836395118572945],[-122.01584705543652,45.83181473810921],[-122.01570866978209,45.82619577548247],[-122.01081378870914,45.82172961103632],[-122.0030717474761,45.820157625176996],[-121.99550087898787,45.8220926565142],[-121.99105286038544,45.82678032675831],[-121.99146291243781,45.832392848660675],[-121.9965723692546,45.83674129407493],[-122.00351083707129,45.83815015351637]]]}"
00000000000000000094,6.0,1,149,Aedes sierrensis,2018.0,"{""type"":""Polygon"",""coordinates"":[[[-122.48990066177906,47.399544519289925],[-122.49778774410424,47.39778946997535],[-122.50259776065859,47.39320906663758],[-122.502455255589,47.38759010484199],[-122.4974171756452,47.383123963757235],[-122.48944873248172,47.38155199090338],[-122.48165646326655,47.38348700658549],[-122.47707830777145,47.388174654548024],[-122.47750028307289,47.39378717890952],[-122.48275918235775,47.39813564806605],[-122.48990066177906,47.399544519289925]]]}"
000000000000000000aa,1.0,1,171,Aedes sierrensis,2018.0,"{""type"":""Polygon"",""coordinates"":[[[-119.26599735474399,37.037998287913524],[-119.27268544655715,37.036243321392824],[-119.27676453317054,37.031663049839565],[-119.2766440358952,37.026044083261226],[-119.27237175468476,37.021577807583874],[-119.26561409138118,37.020005759798856],[-119.25900585460687,37.0219408656778],[-119.25512364163593,37.02662864201085],[-119.25548183123846,37.03224115219897],[-119.2599415318145,37.03658948456951],[-119.26599735474399,37.037998287913524]]]}"
000000000000000000b1,7.0,1,178,Aedes sierrensis,2018.0,"{""type"":""Polygon"",""coordinates"":[[[-117.23846194214636,33.41693622735122],[-117.24485799801336,33.41518128440737],[-117.24875904907717,33.41060105038393],[-117.24864390708116,33.40498208244609],[-117.24455815139356,33.40051576843915],[-117.2380954041581,33.39894369931396],[-117.23177556811994,33.400878830880636],[-117.22806286501027,33.405566643770946],[-117.22840551304918,33.41117914992024],[-117.23267055041947,33.41552744333701],[-117.23846194214636,33.41693622735122]]]}"
000000000000000000b2,7.0,1,179,Aedes sierrensis,2018.0,"{""type"":""Polygon"",""coordinates"":[[[-100.21291404122462,25.636197289980867],[-100.21883569450138,25.634442391784138],[-100.22244753735835,25.629862228992035],[-100.22234110033196,25.624243258476962],[-100.21855834770116,25.619776871720656],[-100.21257467246842,25.618204762090567],[-100.20672332504631,25.620139942413957],[-100.20328598460135,25.62482782468932],[-100.20360339168465,25.63044032316989],[-100.20755220930273,25.63478854265314],[-100.21291404122462,25.636197289980867]]]}"
000000000000000000b3,7.0,1,180,Aedes sierrensis,2018.0,"{""type"":""Polygon"",""coordinates"":[[[-119.79506969473535,34.039556048342824],[-119.80151232012369,34.037801101491326],[-119.80544176161632,34.03322086124762],[-119.80532576562133,34.027601893535035],[-119.80121026564001,34.023135585880915],[-119.79470048963671,34.02156352029272],[-119.78833466379642,34.02349864760182],[-119.78459492979262,34.02818645443306],[-119.78494005614729,34.03379896125183],[-119.78923613547775,34.038147261124884],[-119.79506969473535,34.039556048342824]]]}"
000000000000000000b4,6.0,1,181,Aedes sierrensis,2018.0,"{""type"":""Polygon"",""coordinates"":[[[-122.15097776800981,37.936302031534424],[-122.15774676603543,37.934547058819916],[-122.16187517589077,37.929966777407486],[-122.16175319488705,37.92434781118648],[-122.15742923830305,37.919881545578384],[-122.15058987102589,37.91830950339939],[-122.14390173528935,37.920244602530225],[-122.13997256098092,37.924932369259565],[-122.14033505615245,37.930544880508506],[-122.14484868653697,37.93489322311233],[-122.15097776800981,37.936302031534424]]]}"
000000000000000000b5,1.0,1,182,Aedes sierrensis,2018.0,"{""type"":""Polygon"",""coordinates"":[[[-122.21854206717157,37.261537482823826],[-122.22524995706605,37.259782514775665],[-122.2293411132856,37.25520224079104],[-122.22922025294422,37.249583274300825],[-122.22493532655618,37.24511700110664],[-122.21815766994183,37.24354495470412],[-122.21152988155123,37.24548005891892],[-122.20763617694817,37.250167832883605],[-122.20799542014987,37.255780343333335],[-122.212468317577,37.2601286782275],[-122.21854206717157,37.261537482823826]]]}"
000000000000000000b6,1.0,1,183,Aedes sierrensis,2018.0,"{""type"":""Polygon"",""coordinates"":[[[-121.49531600821214,36.771040826045834],[-121.50198074159921,36.7692858613375],[-121.50604558809027,36.76470559266917],[-121.50592551916635,36.75908662598629],[-121.50166815715289,36.75462034736252],[-121.49493408262332,36.7530482979371],[-121.48834891349681,36.754983405790654],[-121.48448025873111,36.759671184933886],[-121.48483720525661,36.765283694811565],[-121.48928133575025,36.76963202418772],[-121.49531600821214,36.771040826045834]]]}"
000000000000000000b7,17.0,1,184,Aedes sierrensis,2018.0,"{""type"":""Polygon"",""coordinates"":[[[-116.40499798694364,43.61879759090265],[-116.41237235990704,43.61704257505599],[-116.41686982318821,43.61246222498835],[-116.41673673525779,43.6068432612578],[-116.41202612268494,43.602377065767875],[-116.40457541975061,43.600805062626],[-116.39728945372143,43.602740114766746],[-116.39300889496506,43.60742781461959],[-116.39340360094022,43.61304033325354],[-116.39832075349076,43.617388747118014],[-116.40499798694364,43.61879759090265]]]}"
000000000000000000b8,17.0,1,185,Aedes sierrensis,2018.0,"{""type"":""Polygon"",""coordinates"":[[[-116.25499828660676,43.733601606624674],[-116.2623867808176,43.7318465898253],[-116.2668928526862,43.727266238241214],[-116.26675950552867,43.72164727456571],[-116.2620398736811,43.717181080624556],[-116.25457491069582,43.71560907834489],[-116.24727499963363,43.71754412944775],[-116.24298624433708,43.722231827823435],[-116.24338170152625,43.72784434662048],[-116.24830826670984,43.73219276205893],[-116.25499828660676,43.733601606624674]]]}"
000000000000000000b9,17.0,1,186,Aedes sierrensis,2018.0,"{""type"":""Polygon"",""coordinates"":[[[-116.29699855942917,43.6581982078109],[-116.3043777693636,43.65644319163768],[-116.30887818135724,43.65186284105024],[-116.30874500463423,43.64624387733856],[-116.30403130267617,43.641777682379505],[-116.29657571522475,43.64020567953317],[-116.28928497258214,43.642140731318165],[-116.2850016062531,43.646828430664684],[-116.28539656954356,43.652440949354535],[-116.29031694621737,43.65678936375852],[-116.29699855942917,43.6581982078109]]]}"
000000000000000000ba,17.0,1,187,Aedes sierrensis,2018.0,"{""type"":""Polygon"",""coordinates"":[[[-117.24899879793567,33.67009723055956],[-117.25541361645041,33.66834228603366],[-117.25932610588572,33.66376204949191],[-117.25921061981401,33.65814308164525],[-117.255112880287,33.6536767702103],[-117.24863118538117,33.6521047025171],[-117.24229282026683,33.65403983236006],[-117.23856922653346,33.65872764279731],[-117.23891287307092,33.66434014921765],[-117.24319041710285,33.66868844524829],[-117.24899879793567,33.67009723055956]]]}"
000000000000000000bb,3.0,1,188,Aedes sierrensis,2018.0,"{""type"":""Polygon"",""coordinates"":[[[-119.84034740683202,34.53028903747664],[-119.84682776042042,34.52853408750463],[-119.85078020237304,34.523953842293636],[-119.85066351452909,34.518334874760946],[-119.84652391726647,34.51386857217997],[-119.83997604097779,34.51229650941631],[-119.83357295656964,34.51423163332546],[-119.82981132354246,34.518919435318146],[-119.83015845771679,34.52453194267151],[-119.83447968563843,34.52888024770031],[-119.84034740683202,34.53028903747664]]]}"
000000000000000000bc,1.0,1,189,Aedes sierrensis,2018.0,"{""type"":""Polygon"",""coordinates"":[[[-122.21887204064957,37.2616177466428],[-122.2255799376921,37.25986277859408],[-122.22967109826936,37.25528250460858],[-122.22955023779693,37.2496635381184],[-122.22526530684335,37.2451972649251],[-122.21848764301043,37.243625218523086],[-122.21185984756076,37.24556032273729],[-122.2079661388086,37.250248096701135],[-122.20832538239068,37.25586060715095],[-122.21279828458255,37.26020894204603],[-122.21887204064957,37.2616177466428]]]}"
000000000000000000bd,17.0,1,190,Aedes sierrensis,2018.0,"{""type"":""Polygon"",""coordinates"":[[[-116.27899716847642,43.65439905371336],[-116.28637591158368,43.652644037571655],[-116.29087603899033,43.64806368703437],[-116.29074287083694,43.64244472332087],[-116.28602946704251,43.63797852831059],[-116.27857435100704,43.63640652543574],[-116.27128406936625,43.63834157725506],[-116.2670009740025,43.64302927665043],[-116.26739591245892,43.648641795334896],[-116.2723159779652,43.65299020968682],[-116.27899716847642,43.65439905371336]]]}"
000000000000000000bf,1.0,1,192,Aedes sierrensis,2018.0,"{""type"":""Polygon"",""coordinates"":[[[-123.50870715226824,48.533395816958034],[-123.51676929257124,48.53164075666302],[-123.52168602419415,48.52706033584837],[-123.52154030112023,48.52144137468809],[-123.51639041235586,48.5169752514526],[-123.50824519793785,48.51540328853543],[-123.50028006223413,48.51733829225643],[-123.49560029638864,48.5220259231947],[-123.4960315796619,48.52763844943479],[-123.50140716197409,48.531986936731656],[-123.50870715226824,48.533395816958034]]]}"
000000000000000000c0,17.0,1,193,Aedes sierrensis,2018.0,"{""type"":""Polygon"",""coordinates"":[[[-111.93699656779509,40.8213983814276],[-111.94405127858512,40.819643387737926],[-111.94835386800976,40.8150630729381],[-111.94822664631147,40.809444107927746],[-111.94372020322045,40.80497787641851],[-111.93659230771911,40.80340585322369],[-111.92962201788342,40.80534092950275],[-111.92552700406185,40.81002866370975],[-111.92590470284742,40.81564117855053],[-111.93060878055297,40.81998955580871],[-111.93699656779509,40.8213983814276]]]}"
000000000000000000c1,17.0,1,194,Aedes sierrensis,2018.0,"{""type"":""Polygon"",""coordinates"":[[[-111.87299954947602,40.71939644483002],[-111.8800434396712,40.71764145191237],[-111.88433943254923,40.71306113834139],[-111.88421240936574,40.70744217328646],[-111.87971287744584,40.702975940522194],[-111.87259590910375,40.70140391662865],[-111.86563630502843,40.70333899374877],[-111.861547571925,40.70802672915279],[-111.86192469495478,40.71363924386139],[-111.86662156001356,40.71798761984409],[-111.87299954947602,40.71939644483002]]]}"
000000000000000000c2,17.0,1,195,Aedes sierrensis,2018.0,"{""type"":""Polygon"",""coordinates"":[[[-111.85700029489627,40.73989939147377],[-111.86404635563112,40.738144398401126],[-111.86834367173297,40.73356408458344],[-111.86821660872901,40.727945119537466],[-111.86371569047385,40.72347888702516],[-111.85659653021548,40.72190686327189],[-111.84963478264696,40.72384194022317],[-111.84554478967301,40.728529675386866],[-111.84592202819589,40.73414219012199],[-111.85062034006407,40.73849056636076],[-111.85700029489627,40.73989939147377]]]}"
000000000000000000c3,17.0,1,196,Aedes sierrensis,2018.0,"{""type"":""Polygon"",""coordinates"":[[[-111.93499889052313,40.797399499557955],[-111.94205105045693,40.79564450605013],[-111.94635208480629,40.791064191539775],[-111.94622490990635,40.78544522651892],[-111.94172009606064,40.78097899471405],[-111.9345947765366,40.779406971354646],[-111.92762700577072,40.78134204783182],[-111.92353347257097,40.78602978232078],[-111.9239110356277,40.79164229713042],[-111.92861341301797,40.79599067408815],[-111.93499889052313,40.797399499557955]]]}"
000000000000000000c4,17.0,1,197,Aedes sierrensis,2018.0,"{""type"":""Polygon"",""coordinates"":[[[-111.90399921999959,40.79479984364381],[-111.9110511037993,40.79304485015568],[-111.91535196980938,40.78846453567667],[-111.91522479997542,40.78284557065467],[-111.910720162498,40.7783793388178],[-111.90359512182745,40.776807315440564],[-111.89662762375472,40.7787423919392],[-111.89253425083454,40.7834301264587],[-111.89291179919839,40.789042641264956],[-111.89761399252694,40.79339101819016],[-111.90399921999959,40.79479984364381]]]}"
000000000000000000c5,10.0,1,198,Aedes sierrensis,2018.0,"{""type"":""Polygon"",""coordinates"":[[[-119.73252634335971,37.095792696667246],[-119.7392195328499,37.09403772975249],[-119.74330172718673,37.089457457571996],[-119.7431811364284,37.083838491016394],[-119.73890559929467,37.07937221597964],[-119.73214278804492,37.07780016855128],[-119.72552951705353,37.07973527400092],[-119.72164434517819,37.08442304972298],[-119.72200280606546,37.09003555997858],[-119.72646590461179,37.09438389300016],[-119.73252634335971,37.095792696667246]]]}"
000000000000000000c6,17.0,1,199,Aedes sierrensis,2018.0,"{""type"":""Polygon"",""coordinates"":[[[-112.00599669749612,40.773998137229476],[-112.01304637305067,40.772243143898855],[-112.01734589285094,40.76766282967054],[-112.01721876352958,40.76204386463946],[-112.01271553646995,40.757577632546536],[-112.00559272579184,40.756005609026744],[-111.99862740844733,40.75794068569698],[-111.99453531728342,40.76262842046068],[-111.99491274814831,40.76824093523998],[-111.99961346953454,40.77258931190496],[-112.00599669749612,40.773998137229476]]]}"
000000000000000000c7,18.0,1,200,Aedes sierrensis,2018.0,"{""type"":""Polygon"",""coordinates"":[[[-112.03199771573875,40.84000175102258],[-112.03905440601478,40.838246757191854],[-112.04335820219083,40.833666442167505],[-112.04323094417649,40.8280474771653],[-112.03872323677741,40.82358124588537],[-112.03159334229613,40.82200922281822],[-112.02462109764127,40.8239442989436],[-112.02052493484467,40.8286320329319],[-112.02090273895682,40.83424454779681],[-112.02560813612128,40.83859292528805],[-112.03199771573875,40.84000175102258]]]}"
000000000000000000c8,1.0,1,201,Aedes sierrensis,2018.0,"{""type"":""Polygon"",""coordinates"":[[[-122.36371702016862,45.738716659125586],[-122.37136624164062,45.73696162506987],[-122.37603125674707,45.73238124601906],[-122.37589312194116,45.726762283341],[-122.37100696332625,45.722296117451805],[-122.36327871266475,45.720724130789144],[-122.35572133011088,45.72265916309336],[-122.3512812383309,45.7273468347138],[-122.35169056404725,45.73295935646426],[-122.35679091806517,45.737307800411955],[-122.36371702016862,45.738716659125586]]]}"
0000000000000000001b,1.0,1,28,Aedes sierrensis,2019.0,"{""type"":""Polygon"",""coordinates"":[[[-119.26061521977249,37.043340290975564],[-119.26730378215863,37.04158532441845],[-119.27138315564989,37.03700505280725],[-119.27126264974504,37.03138608623102],[-119.26699006797621,37.02691981061283],[-119.26023192945921,37.025347762860754],[-119.25362322796995,37.027282868700055],[-119.24974074185883,37.031970644976674],[-119.250098956504,37.037583155171006],[-119.254558970751,37.0419314876017],[-119.26061521977249,37.043340290975564]]]}"
00000000000000000026,1.0,1,39,Aedes sierrensis,2019.0,"{""type"":""Polygon"",""coordinates"":[[[-119.00601838602495,37.01482879883983],[-119.01270443829411,37.01307383247692],[-119.0167822815296,37.00849356117485],[-119.01666182165607,37.00287459458742],[-119.01239084311717,36.99840831865352],[-119.00563523947001,36.996836270725666],[-118.99902901684995,36.99877137677655],[-118.99514798771543,37.00345915335428],[-118.99550606877878,37.00907166351535],[-118.99996440985124,37.01341999562519],[-119.00601838602495,37.01482879883983]]]}"
00000000000000000028,1.0,1,41,Aedes sierrensis,2019.0,"{""type"":""Polygon"",""coordinates"":[[[-122.33031835327832,45.77143754265577],[-122.33797206084512,45.769682508308286],[-122.3426398107217,45.765102128793075],[-122.3425015935147,45.75948316613188],[-122.33761256963271,45.75501700071698],[-122.3298797888628,45.75344501431836],[-122.32231797627182,45.755380046304744],[-122.31787528058562,45.7600677174728],[-122.31828484489924,45.765680239273195],[-122.32338818912402,45.77002868370292],[-122.33031835327832,45.77143754265577]]]}"
0000000000000000002b,8.0,1,44,Aedes sierrensis,2019.0,"{""type"":""Polygon"",""coordinates"":[[[-119.7453239633831,37.12351046881546],[-119.75201960285808,37.12175550171151],[-119.75610329079187,37.11717522922986],[-119.75598265510472,37.11155626268517],[-119.75170555314796,37.10708998795599],[-119.74494026775388,37.10551794069886],[-119.73832457727721,37.10745304594237],[-119.7344379833285,37.112140821371085],[-119.7347965745973,37.117753331659095],[-119.73926130623555,37.12210166499327],[-119.7453239633831,37.12351046881546]]]}"
00000000000000000044,1.0,1,69,Aedes sierrensis,2019.0,"{""type"":""Polygon"",""coordinates"":[[[-119.27302043890316,37.04066483034351],[-119.27970876559445,37.03890986380462],[-119.28378799539784,37.03432959222244],[-119.28366749381524,37.028710625645154],[-119.27939506258643,37.02424434999733],[-119.27263716208847,37.022672302228756],[-119.26602869335998,37.02460740808791],[-119.26214634405596,37.029295184392794],[-119.26250454615807,37.034907694584014],[-119.26696440329741,37.03925602698458],[-119.27302043890316,37.04066483034351]]]}"
00000000000000000052,10.0,1,83,Aedes sierrensis,2019.0,"{""type"":""Polygon"",""coordinates"":[[[-119.72400054214552,37.09899879032468],[-119.73069401485179,37.09724382338804],[-119.7347763818471,37.09266355117273],[-119.73465578589506,37.087044584618376],[-119.73038006786918,37.08257830961719],[-119.72361697061052,37.081006262208625],[-119.71700341992876,37.08294136763443],[-119.71311808366299,37.08762914332257],[-119.71347655962228,37.09324165358193],[-119.71793984695258,37.09758998663965],[-119.72400054214552,37.09899879032468]]]}"
00000000000000000054,10.0,1,85,Aedes sierrensis,2019.0,"{""type"":""Polygon"",""coordinates"":[[[-119.73523747680021,37.10543773224585],[-119.74193151843775,37.10368276526527],[-119.74601423227361,37.09910249298001],[-119.74589362588827,37.0934835264282],[-119.74161754448184,37.089017251498454],[-119.73485387268163,37.08744520412966],[-119.72823976015111,37.08938030950759],[-119.7243540936539,37.0940680851276],[-119.72471259989015,37.09968059539447],[-119.72917626645429,37.104028928524805],[-119.73523747680021,37.10543773224585]]]}"
0000000000000000005e,1.0,1,95,Aedes sierrensis,2019.0,"{""type"":""Polygon"",""coordinates"":[[[-122.38960210178388,45.76750015642556],[-122.39725526911701,45.7657451221132],[-122.40192268966156,45.76116474265391],[-122.40178448237768,45.75554577999068],[-122.39689580354269,45.75107961451869],[-122.3891635683067,45.74950762808827],[-122.38160228919863,45.751442660112914],[-122.37715990708534,45.75613033133544],[-122.37756944266617,45.761742853129824],[-122.38267242679818,45.76609129750151],[-122.38960210178388,45.76750015642556]]]}"
00000000000000000061,1.0,1,98,Aedes sierrensis,2019.0,"{""type"":""Polygon"",""coordinates"":[[[-119.0169966928185,36.98299973552034],[-119.02367994707468,36.98124476937404],[-119.02775608454272,36.97666449841679],[-119.02763567597997,36.971045531816856],[-119.02336648455227,36.96657925553079],[-119.01661370651014,36.96500720740687],[-119.01001024707156,36.96694231369377],[-119.0061308420205,36.97163009060738],[-119.00648877418085,36.97724260073136],[-119.01094525017528,36.981590932483286],[-119.0169966928185,36.98299973552034]]]}"
0000000000000000009d,9.0,1,158,Aedes sierrensis,2019.0,"{""type"":""Polygon"",""coordinates"":[[[-117.46655387923224,33.684482290557966],[-117.47296977094486,33.682727345941906],[-117.47688291463949,33.6781471092566],[-117.47676740888728,33.67252814141515],[-117.47266898390096,33.6680618301268],[-117.466186205214,33.666489762515226],[-117.45984678026153,33.66842489225993],[-117.45612256359934,33.673112702557354],[-117.45646626724974,33.67872520899315],[-117.46074452664577,33.683073505172786],[-117.46655387923224,33.684482290557966]]]}"
0000000000000000009e,6.0,1,159,Aedes sierrensis,2019.0,"{""type"":""Polygon"",""coordinates"":[[[-122.23566501521685,37.41766398800814],[-122.24238686318249,37.41590901888778],[-122.24648652873024,37.41132874319646],[-122.24636541241651,37.405709776768084],[-122.24207157090837,37.40124350531698],[-122.23527981858696,37.39967145988492],[-122.2286382458931,37.401606562931555],[-122.22473643944356,37.40629433523375],[-122.22509642545201,37.41190684586712],[-122.22957862693949,37.416255182532765],[-122.23566501521685,37.41766398800814]]]}"
0000000000000000009f,17.0,1,160,Aedes sierrensis,2019.0,"{""type"":""Polygon"",""coordinates"":[[[-122.32127529634192,37.5417919840329],[-122.32800831889618,37.5400370140569],[-122.33211479686221,37.53545673700357],[-122.3319934756195,37.52983777062457],[-122.32769249682204,37.52537150056448],[-122.32088945972643,37.52379945590687],[-122.31423685156261,37.52573455802128],[-122.31032855891613,37.53042232899678],[-122.31068913960073,37.5360348397767],[-122.31517878975528,37.54038317785602],[-122.32127529634192,37.5417919840329]]]}"
000000000000000000a0,17.0,1,161,Aedes sierrensis,2019.0,"{""type"":""Polygon"",""coordinates"":[[[-121.76205497412822,38.550324705694976],[-121.76888138488297,38.548569728659125],[-121.77304479548202,38.543989440368115],[-121.77292176152976,38.538370474396466],[-121.7685611350436,38.533904215813536],[-121.76166378903727,38.532332177545754],[-121.75491895543867,38.53426727196855],[-121.75095645639466,38.53895503199754],[-121.75132200681985,38.54456754398655],[-121.75587390686886,38.54891589372997],[-121.76205497412822,38.550324705694976]]]}"
000000000000000000a1,10.0,1,162,Aedes sierrensis,2019.0,"{""type"":""Polygon"",""coordinates"":[[[-122.50329134224256,38.36354633986929],[-122.51010010307974,38.361791364155685],[-122.51425275369678,38.35721107796939],[-122.51413004345018,38.35159211192143],[-122.50978069008524,38.347125851188935],[-122.50290116798632,38.345553811724415],[-122.49617376452944,38.34748890758777],[-122.49222151023106,38.35217666966694],[-122.49258612141186,38.3577891814295],[-122.4971262565412,38.362137528988356],[-122.50329134224256,38.36354633986929]]]}"
000000000000000000a2,1.0,1,163,Aedes sierrensis,2019.0,"{""type"":""Polygon"",""coordinates"":[[[-126.1287456173425,49.8756654978642],[-126.13702961038898,49.87391042391661],[-126.14208158136603,49.86932998137224],[-126.1419317780056,49.86371102100221],[-126.1366401933248,49.85924491995943],[-126.12827095840453,49.85767296939678],[-126.12008675054014,49.85960795824624],[-126.11527821303264,49.8642955680175],[-126.11572129020334,49.869908096592994],[-126.12124474454451,49.87425660644452],[-126.1287456173425,49.8756654978642]]]}"
000000000000000000a3,6.0,1,164,Aedes sierrensis,2019.0,"{""type"":""Polygon"",""coordinates"":[[[-120.4745207586531,35.298944417968585],[-120.4810620761084,35.297189463034],[-120.48505168382702,35.29260920992351],[-120.48493387806023,35.28699024267696],[-120.48075534271972,35.282523948163806],[-120.4741459012971,35.28095188989194],[-120.46768261186264,35.2828870083942],[-120.46388559285934,35.2875748026921],[-120.46423597142528,35.29318731089561],[-120.46859783621227,35.29753562412361],[-120.4745207586531,35.298944417968585]]]}"
000000000000000000a4,1.0,1,165,Aedes sierrensis,2019.0,"{""type"":""Polygon"",""coordinates"":[[[-123.12930453913579,50.14639981832416],[-123.13763532890619,50.144644741530854],[-123.14271582647443,50.14006429445722],[-123.14256516213072,50.13444533425195],[-123.13724368876193,50.129979237834924],[-123.12882720037102,50.1284072898474],[-123.12059678278875,50.1303422755971],[-123.11576108272934,50.13502988095639],[-123.11620664733675,50.14064241001862],[-123.121761292981,50.14499092457137],[-123.12930453913579,50.14639981832416]]]}"
000000000000000000a5,1.0,1,166,Aedes sierrensis,2019.0,"{""type"":""Polygon"",""coordinates"":[[[-132.54207000296628,53.4230721272257],[-132.55102883207874,53.42131701320536],[-132.55649216428284,53.41673650688219],[-132.55632993439943,53.411117548833786],[-132.55060734011823,53.40665151292861],[-132.54155670047902,53.40507959862671],[-132.53270613835588,53.40701454382786],[-132.52750590182592,53.41170209147172],[-132.52798483806896,53.41731462689971],[-132.53395808125998,53.4216632029516],[-132.54207000296628,53.4230721272257]]]}"
000000000000000000a6,1.0,1,167,Aedes sierrensis,2019.0,"{""type"":""Polygon"",""coordinates"":[[[-124.12718892748222,43.35024822995888],[-124.1345305926261,43.348493216326666],[-124.13900811655942,43.343912869783786],[-124.13887562902556,43.33829390592528],[-124.13418590702318,43.3338277068355],[-124.12676823345542,43.33225570168949],[-124.11951456714107,43.33419075624266],[-124.11525299332149,43.338878459528964],[-124.11564595929455,43.344490977783856],[-124.12054131015873,43.348839387989784],[-124.12718892748222,43.35024822995888]]]}"
000000000000000000a7,1.0,1,168,Aedes sierrensis,2019.0,"{""type"":""Polygon"",""coordinates"":[[[-122.29142607389018,37.20756898277398],[-122.29812916391079,37.20581401509541],[-122.30221739395891,37.201233741699106],[-122.30209662164019,37.195614775187565],[-122.29781476096619,37.191148501392526],[-122.29104195155662,37.18957645465549],[-122.28441890328587,37.19151155927296],[-122.28052798472976,37.19619933381071],[-122.28088697249588,37.201811844197145],[-122.28535667046079,37.20616017848067],[-122.29142607389018,37.20756898277398]]]}"
000000000000000000a8,1.0,1,169,Aedes sierrensis,2019.0,"{""type"":""Polygon"",""coordinates"":[[[-122.28694467733143,37.209013731515284],[-122.2936478956788,37.207258763826836],[-122.2977362039594,37.20267849041479],[-122.29761542928739,37.19705952390381],[-122.29333348665016,37.19259325012485],[-122.28656054764842,37.191021203396765],[-122.27993737264848,37.19295630800347],[-122.27604637960614,37.1976440825259],[-122.27640537420146,37.20325659291401],[-122.28087515770538,37.20760492721388],[-122.28694467733143,37.209013731515284]]]}"
000000000000000000a9,1.0,1,170,Aedes sierrensis,2019.0,"{""type"":""Polygon"",""coordinates"":[[[-119.2850020434338,37.03600061064159],[-119.291689959305,37.03424564413448],[-119.29576893865799,37.029665372602885],[-119.29564844460913,37.02404640602376],[-119.2913762757741,37.01958013032428],[-119.28461879014742,37.01800808252694],[-119.27801072712481,37.01994318842073],[-119.2741286162779,37.02463096477487],[-119.27448679651724,37.03024347496065],[-119.2789463798153,37.034591807308715],[-119.2850020434338,37.03600061064159]]]}"
000000000000000000ab,1.0,1,172,Aedes sierrensis,2019.0,"{""type"":""Polygon"",""coordinates"":[[[-123.13960060346821,49.31399712917216],[-123.14778974655044,49.31224206102789],[-123.15278389811878,49.307661627720144],[-123.15263583951564,49.302042667014156],[-123.14740483482129,49.29757655653793],[-123.13913137617295,49.29600460072379],[-123.13104082901681,49.297939595894654],[-123.12628734596733,49.30262721466336],[-123.12672538113088,49.308239742246194],[-123.13218561511898,49.31258824251042],[-123.13960060346821,49.31399712917216]]]}"
000000000000000000ac,1.0,1,173,Aedes sierrensis,2019.0,"{""type"":""Polygon"",""coordinates"":[[[-119.03600138150831,37.04899889021238],[-119.04269044249182,37.047243923616705],[-119.04677011994562,37.04266365194414],[-119.04664960489731,37.03704468537012],[-119.04237670467073,37.032578409814626],[-119.03561806263957,37.03100636209746],[-119.02900886875989,37.03294146789474],[-119.02512609324205,37.037629244111564],[-119.02548433442126,37.04324175431251],[-119.02994468101946,37.047590086806906],[-119.03600138150831,37.04899889021238]]]}"
000000000000000000ad,17.0,1,174,Aedes sierrensis,2019.0,"{""type"":""Polygon"",""coordinates"":[[[-124.09202445657476,49.25255963485779],[-124.10020340368409,49.25080456734027],[-124.10519133988718,49.24622413503007],[-124.10504346881227,49.2406051742878],[-124.09981897621873,49.23613906279278],[-124.09155581316102,49.234567106411475],[-124.08347533417869,49.23650210226506],[-124.0787277692543,49.241189722005466],[-124.07916526239599,49.24680224948109],[-124.08461870044226,49.25115074870991],[-124.09202445657476,49.25255963485779]]]}"
000000000000000000ae,1.0,1,175,Aedes sierrensis,2019.0,"{""type"":""Polygon"",""coordinates"":[[[-122.36578604305744,37.445747406442734],[-122.37251041321558,37.44399243712903],[-122.37661161637982,37.43941216112996],[-122.37649045381217,37.433793194712734],[-122.37219500136166,37.42932692357594],[-122.36540070197776,37.42775487831887],[-122.35875663849136,37.429689981154866],[-122.35485336805615,37.43437775315729],[-122.35521348828786,37.43999026382378],[-122.35969737099813,37.44433860080884],[-122.36578604305744,37.445747406442734]]]}"
000000000000000000af,1.0,1,176,Aedes sierrensis,2019.0,"{""type"":""Polygon"",""coordinates"":[[[-119.93742649586662,38.30987214048897],[-119.9442302149012,38.30811716515407],[-119.94837979186529,38.303536879570586],[-119.94825717408602,38.297917913500775],[-119.94391104095465,38.29345165215262],[-119.93703661036137,38.29187961234533],[-119.93031418592855,38.293814708621284],[-119.92636485810205,38.29850247128765],[-119.92672920098097,38.30411498298536],[-119.93126597539113,38.30846332991852],[-119.93742649586662,38.30987214048897]]]}"
000000000000000000b0,1.0,1,177,Aedes sierrensis,2019.0,"{""type"":""Polygon"",""coordinates"":[[[-122.24314738678454,37.27329167320071],[-122.24985632377967,37.27153670507198],[-122.25394811834848,37.26695643095911],[-122.25382723880477,37.261337464473534],[-122.24954164362602,37.25687119141034],[-122.2427629295857,37.25529914508074],[-122.23613410712994,37.257234249207755],[-122.23223979474596,37.261922023047525],[-122.23259909367131,37.267534533511046],[-122.23707268906657,37.27188286853833],[-122.24314738678454,37.27329167320071]]]}"
00000000000000000060,1.0,1,97,Aedes sierrensis,2020.0,"{""type"":""Polygon"",""coordinates"":[[[-123.45072992037134,49.40749110095976],[-123.45893464642015,49.40573603185871],[-123.46393829720421,49.401155597028136],[-123.46378995198357,49.39553663637753],[-123.45854899455348,49.39107052745658],[-123.4502598007046,49.389498572508245],[-123.4421538659183,49.39143356663691],[-123.43739133793133,49.396121183922226],[-123.43783020148125,49.401733711668726],[-123.44330082200742,49.40608221351359],[-123.45072992037134,49.40749110095976]]]}"
0000000000000000008b,6.0,1,140,Aedes sierrensis,2020.0,"{""type"":""Polygon"",""coordinates"":[[[-122.16275425389193,37.36231762573276],[-122.16947114141581,37.36056265699301],[-122.17356778290505,37.3559823819075],[-122.17344675755947,37.35036341545718],[-122.16915608432099,37.34589714338733],[-122.16236934135414,37.344325097610785],[-122.15573266734768,37.346260201072084],[-122.15183374014534,37.35094797396442],[-122.15219346217427,37.35656048453261],[-122.15667235717001,37.36090882056943],[-122.16275425389193,37.36231762573276]]]}"
0000000000000000008c,17.0,1,141,Aedes sierrensis,2020.0,"{""type"":""Polygon"",""coordinates"":[[[-122.5541072578476,38.06996358561147],[-122.56088860498706,38.068208611962476],[-122.56502454328452,38.06362832906256],[-122.56490233580323,38.05800936289547],[-122.56057049175459,38.053543098806564],[-122.55371865361221,38.051971057473374],[-122.54701832251733,38.05390615558609],[-122.54308198026929,38.05859392086649],[-122.54344513261175,38.064206432275476],[-122.54796699456205,38.06855477642323],[-122.5541072578476,38.06996358561147]]]}"
0000000000000000008d,17.0,1,142,Aedes sierrensis,2020.0,"{""type"":""Polygon"",""coordinates"":[[[-122.78773739844185,38.5619317457371],[-122.79456491143952,38.56017676861887],[-122.79872899400263,38.5555964801967],[-122.79860593983464,38.54997751422979],[-122.79424460933859,38.54551125578081],[-122.78734615022397,38.543939217587614],[-122.78060022810789,38.54587431192064],[-122.77663708927629,38.55056207182188],[-122.77700269835739,38.556174583825],[-122.7815553331292,38.56052293370455],[-122.78773739844185,38.5619317457371]]]}"
0000000000000000008e,17.0,1,143,Aedes sierrensis,2020.0,"{""type"":""Polygon"",""coordinates"":[[[-122.53293544604587,37.88614606288527],[-122.53969983120126,37.88439109052054],[-122.54382542889266,37.87981080966488],[-122.5437035324864,37.8741918434237],[-122.53938252217472,37.869725577246975],[-122.53254781324772,37.86815353475139],[-122.5258642329488,37.870088634263304],[-122.52193773614226,37.874776401535],[-122.52229998583442,37.88038891272403],[-122.52681054141121,37.88473725474994],[-122.53293544604587,37.88614606288527]]]}"
0000000000000000008f,8.0,1,144,Aedes sierrensis,2020.0,"{""type"":""Polygon"",""coordinates"":[[[-118.7217194801604,35.91946400236401],[-118.72831172828846,35.91770904335402],[-118.73233238517732,35.9131287837563],[-118.73221364547156,35.90750981674476],[-118.7280025803293,35.9030435288571],[-118.72134170592027,35.90147147427398],[-118.71482811976585,35.90340658833598],[-118.71100153847168,35.908094376314764],[-118.71135462748049,35.91370688521638],[-118.71575044127717,35.91805520517776],[-118.7217194801604,35.91946400236401]]]}"
00000000000000000090,15.0,1,145,Aedes sierrensis,2020.0,"{""type"":""Polygon"",""coordinates"":[[[-122.85925692023808,38.52504160272192],[-122.86608093222644,38.523286625865474],[-122.87024288045728,38.51870633786],[-122.87011989049957,38.513087371878],[-122.86576079612158,38.50862111300344],[-122.85886587252767,38.5070490745733],[-122.85212340782562,38.508984169191535],[-122.8481623011253,38.51367192949866],[-122.84852772389993,38.51928444145696],[-122.85307802500161,38.523632790903996],[-122.85925692023808,38.52504160272192]]]}"
00000000000000000091,1.0,1,146,Aedes sierrensis,2020.0,"{""type"":""Polygon"",""coordinates"":[[[-122.19045418963594,37.31615701162749],[-122.1971669503781,37.31440204320473],[-122.20126107603697,37.309821768623834],[-122.20114012637106,37.30420280215523],[-122.19685208893762,37.29973652957002],[-122.19006951344524,37.29816448350655],[-122.183436914845,37.30009958731324],[-122.17954038299882,37.30478736069709],[-122.17989988541275,37.31039987121098],[-122.18437602961114,37.31474820672405],[-122.19045418963594,37.31615701162749]]]}"
00000000000000000092,18.0,1,147,Aedes sierrensis,2020.0,"{""type"":""Polygon"",""coordinates"":[[[-124.09670651268088,41.246591503277884],[-124.10380693292727,41.244836506344306],[-124.10813738812243,41.240256186380996],[-124.10800932779942,41.23463722155795],[-124.10347368984708,41.230170995322226],[-124.09629963479357,41.228598975063335],[-124.08928420514367,41.23053404780833],[-124.08516265967737,41.235221776985625],[-124.08554279058875,41.24083429238181],[-124.09027733666117,41.245182674999434],[-124.09670651268088,41.246591503277884]]]}"
00000000000000000093,18.0,1,148,Aedes sierrensis,2020.0,"{""type"":""Polygon"",""coordinates"":[[[-124.94658887796241,49.25908775880002],[-124.95476890680645,49.25733269121598],[-124.95975750242464,49.2527522587999],[-124.95960961145428,49.247133298061485],[-124.95438442796383,49.2426671866746],[-124.94612017260212,49.2410952303535],[-124.93803862544347,49.24303022613461],[-124.93329043263968,49.24771784577188],[-124.93372798328704,49.25333037325889],[-124.93918214234427,49.2576788725976],[-124.94658887796241,49.25908775880002]]]}"
00000000000000000095,17.0,1,150,Aedes sierrensis,2020.0,"{""type"":""Polygon"",""coordinates"":[[[-122.20343017370148,37.841470329430784],[-122.21019045965724,37.839715357377216],[-122.21431355833565,37.835135077016865],[-122.2141917371061,37.82951611075774],[-122.20987334498186,37.82504984407514],[-122.20304277567047,37.823477801297926],[-122.19636324353459,37.82541290114885],[-122.19243912607422,37.83010066890302],[-122.19280115762227,37.83571318003875],[-122.19730898078924,37.840061521550574],[-122.20343017370148,37.841470329430784]]]}"
00000000000000000096,1.0,1,151,Aedes sierrensis,2020.0,"{""type"":""Polygon"",""coordinates"":[[[-123.9099549014615,40.32003043628131],[-123.91695695608472,40.318275446363714],[-123.92122744476586,40.313695137568075],[-123.92110118906722,40.30807617233994],[-123.91662837775603,40.30360993469858],[-123.90955365704755,40.30203790808979],[-123.90263536728426,40.303972988478336],[-123.89857091726924,40.30866072853396],[-123.89894581422638,40.314273242728866],[-123.9036147930682,40.31862161375502],[-123.9099549014615,40.32003043628131]]]}"
00000000000000000097,1.0,1,152,Aedes sierrensis,2020.0,"{""type"":""Polygon"",""coordinates"":[[[-125.14897409747513,50.15227245441155],[-125.15730591026195,50.15051737755617],[-125.16238703144492,50.14593693038371],[-125.16223634827819,50.14031797018204],[-125.15691422151738,50.13585187386593],[-125.14849670012717,50.13427992593459],[-125.14026527236284,50.13621491161666],[-125.13542897850688,50.14090251687969],[-125.1358745974905,50.14651504595255],[-125.14142992500246,50.15086356060785],[-125.14897409747513,50.15227245441155]]]}"
00000000000000000098,1.0,1,153,Aedes sierrensis,2020.0,"{""type"":""Polygon"",""coordinates"":[[[-124.25739021914181,48.504059391127406],[-124.2654476922061,48.50230433112266],[-124.27036157870303,48.49772391077],[-124.27021594144313,48.492104949592914],[-124.26506903362049,48.4876388258856],[-124.25692853208791,48.48606686270577],[-124.24896800516613,48.48800186674295],[-124.24429094836316,48.49268949813123],[-124.24472198349514,48.49830202432167],[-124.25009445492297,48.50265051113901],[-124.25739021914181,48.504059391127406]]]}"
00000000000000000099,1.0,1,154,Aedes sierrensis,2020.0,"{""type"":""Polygon"",""coordinates"":[[[-122.22347829203775,48.77288967543757],[-122.23157881719823,48.77113461276035],[-122.23651894801084,48.766554188154075],[-122.2363725191359,48.76093522713167],[-122.2311981141676,48.75646910776856],[-122.22301413954449,48.75489714700714],[-122.21501109981219,48.756832148133206],[-122.21030905394115,48.761519775378055],[-122.21074237796637,48.76713230202568],[-122.21614354515314,48.77148079325809],[-122.22347829203775,48.77288967543757]]]}"
0000000000000000009a,8.0,1,155,Aedes sierrensis,2020.0,"{""type"":""Polygon"",""coordinates"":[[[-121.43065904293717,35.97358857095073],[-121.43725580790385,35.971833611582255],[-121.44127921841971,35.96725335141387],[-121.44116039588617,35.96163438442301],[-121.43694644580543,35.95716809711816],[-121.43028101001025,35.95559604285953],[-121.42376296324059,35.95753115653095],[-121.41993376018458,35.962218943953864],[-121.42028708957129,35.967831452916876],[-121.4246859141702,35.972179773470565],[-121.43065904293717,35.97358857095073]]]}"
0000000000000000009b,1.0,1,156,Aedes sierrensis,2020.0,"{""type"":""Polygon"",""coordinates"":[[[-123.43003077328126,48.52859782422452],[-123.43809214973975,48.52684276397702],[-123.44300841572687,48.52226234323796],[-123.4428627066974,48.51664338207493],[-123.43771330579662,48.512177258762236],[-123.42956886269359,48.51060529580209],[-123.42160448126715,48.51254029957482],[-123.416925158786,48.51722793058673],[-123.41735640144833,48.522840456818685],[-123.4227314746304,48.5271889440371],[-123.43003077328126,48.52859782422452]]]}"
0000000000000000009c,1.0,1,157,Aedes sierrensis,2020.0,"{""type"":""Polygon"",""coordinates"":[[[-122.31426558948591,45.75517074201279],[-122.32191706587422,45.753415707810404],[-122.32658345560125,45.748835328526134],[-122.32644527937688,45.74321636585655],[-122.32155768054771,45.73875020020579],[-122.31382715284649,45.737178213675854],[-122.30626754355328,45.739113245820306],[-122.30182614293099,45.74380091721332],[-122.30223558857735,45.74941343898889],[-122.30733744561002,45.7537618831789],[-122.31426558948591,45.75517074201279]]]}"
00000000000000000065,17.0,1,102,Aedes sierrensis,2021.0,"{""type"":""Polygon"",""coordinates"":[[[-121.31985038175905,38.63627833760119],[-121.32668497006267,38.63452335995456],[-121.33085336596818,38.629943070691304],[-121.33073018203471,38.6243241047549],[-121.32636433249357,38.61985784716492],[-121.31945872832901,38.618285809449965],[-121.31270581901123,38.620220903207326],[-121.30873857337819,38.62490866228926],[-121.30910455897134,38.63052117438287],[-121.31366190993411,38.63486952513543],[-121.31985038175905,38.63627833760119]]]}"
00000000000000000076,17.0,1,119,Aedes sierrensis,2021.0,"{""type"":""Polygon"",""coordinates"":[[[-122.53968652504076,37.98685486017734],[-122.54646018406268,37.98509988710979],[-122.55059143542097,37.980519605135406],[-122.55046936893687,37.97490063893478],[-122.54614243534213,37.97043437390061],[-122.53929836111487,37.968862332041155],[-122.53260562241441,37.97079743078736],[-122.52867374266975,37.975485196969295],[-122.52903648588135,37.981097708278696],[-122.5335532231528,37.9854460514658],[-122.53968652504076,37.98685486017734]]]}"
00000000000000000077,17.0,1,120,Aedes sierrensis,2021.0,"{""type"":""Polygon"",""coordinates"":[[[-122.9011680110394,38.50320538486321],[-122.90798995371401,38.50145040816158],[-122.91215064042196,38.49687012040256],[-122.91202768841639,38.49125115441162],[-122.90766991572298,38.48678489528537],[-122.90077708184141,38.485212856715094],[-122.89403666068576,38.487147951502],[-122.89007675510106,38.4918357120492],[-122.89044206775696,38.49744822398098],[-122.89499098951465,38.50179657317222],[-122.9011680110394,38.50320538486321]]]}"
00000000000000000078,17.0,1,121,Aedes sierrensis,2021.0,"{""type"":""Polygon"",""coordinates"":[[[-118.35772752026868,34.274515001050986],[-118.36418809551373,34.27276005270997],[-118.3681284798798,34.2681798100952],[-118.36801215472406,34.26256084246848],[-118.3638851900364,34.258094537235955],[-118.35735728715261,34.256522472996004],[-118.3509737348936,34.25845759868219],[-118.34722358204318,34.263145403203815],[-118.34756966365204,34.26875791027777],[-118.35187770786733,34.27310621261184],[-118.35772752026868,34.274515001050986]]]}"
00000000000000000079,1.0,1,122,Aedes sierrensis,2021.0,"{""type"":""Polygon"",""coordinates"":[[[-122.95686218319695,38.42272306994957],[-122.96367651831275,38.420968093817784],[-122.96783256719765,38.41638780696583],[-122.96770975471745,38.410768840942005],[-122.96335684102306,38.40630258088935],[-122.95647168969413,38.40473054180332],[-122.94973878136824,38.40666563721106],[-122.94578329152687,38.41135339864183],[-122.94614819934482,38.416965910476016],[-122.95069205012602,38.42131425872577],[-122.95686218319695,38.42272306994957]]]}"
0000000000000000007a,17.0,1,123,Aedes sierrensis,2021.0,"{""type"":""Polygon"",""coordinates"":[[[-122.2567387267954,38.28381315393262],[-122.26354000286246,38.282058178781384],[-122.267688090511,38.27747789349025],[-122.2675655175359,38.27185892740984],[-122.26322094474452,38.26739266576311],[-122.25634898120228,38.26582062578959],[-122.2496289693184,38.26775572226563],[-122.24568105949182,38.272443485216776],[-122.24604527236697,38.278055996883026],[-122.25058041836577,38.282404343512745],[-122.2567387267954,38.28381315393262]]]}"
0000000000000000007b,8.0,1,124,Aedes sierrensis,2021.0,"{""type"":""Polygon"",""coordinates"":[[[-123.16279238804718,39.270487362230696],[-123.16968840817164,39.26873238003146],[-123.17389425492611,39.26415208352155],[-123.1737699442512,39.25853311784788],[-123.16936485780789,39.25406686765899],[-123.16239721633978,39.252494834064514],[-123.15558364024251,39.254429922861924],[-123.15158073703246,39.25911767488497],[-123.15194999167038,39.26473018775821],[-123.15654829124603,39.26907854603242],[-123.16279238804718,39.270487362230696]]]}"
0000000000000000007c,17.0,1,125,Aedes sierrensis,2021.0,"{""type"":""Polygon"",""coordinates"":[[[-122.26861777200179,37.976081672032215],[-122.27539043675007,37.97432669903994],[-122.27952108196514,37.969746417185384],[-122.27939903371555,37.964127450980406],[-122.27507273517028,37.95966118582387],[-122.2682296650194,37.958089143896274],[-122.26153790821317,37.960024242724494],[-122.25760660558629,37.96471200902315],[-122.25796929588655,37.970324520319664],[-122.26248537040364,37.974672863382395],[-122.26861777200179,37.976081672032215]]]}"
0000000000000000007d,6.0,1,126,Aedes sierrensis,2021.0,"{""type"":""Polygon"",""coordinates"":[[[-122.34879686804379,37.29631401193966],[-122.35550785770823,37.29455904365305],[-122.35960090365612,37.28997876928888],[-122.35947998646931,37.28435980281242],[-122.35519308023595,37.27989353000587],[-122.34841229328546,37.27832148381917],[-122.34178144371447,37.28025658777419],[-122.33788593987565,37.284944361369156],[-122.33824534803806,37.29055687185972],[-122.34272031168541,37.29490520714785],[-122.34879686804379,37.29631401193966]]]}"
0000000000000000007e,17.0,1,127,Aedes sierrensis,2021.0,"{""type"":""Polygon"",""coordinates"":[[[-122.77151072970837,38.452643638018195],[-122.7783278895011,38.4508886616747],[-122.78248566040389,38.44630837448577],[-122.78236279611825,38.440689408474164],[-122.77800807828366,38.43622314876567],[-122.77112007443246,38.43465110987125],[-122.76438437660221,38.43658620504834],[-122.76042724720097,38.44127396615087],[-122.76079230533487,38.446886478021305],[-122.7653380389633,38.45123482662083],[-122.77151072970837,38.452643638018195]]]}"
0000000000000000007f,1.0,1,128,Aedes sierrensis,2021.0,"{""type"":""Polygon"",""coordinates"":[[[-124.21951907389489,48.61524707589509],[-124.22759427605463,48.61349201478846],[-124.23251897011725,48.60891159268201],[-124.23237300687644,48.60329263156869],[-124.22721477557178,48.598826509652525],[-124.21905637155807,48.59725454746982],[-124.2110783376049,48.59918955030673],[-124.20639099016228,48.60387717998665],[-124.20682296788456,48.60948970636559],[-124.21220725639529,48.6138381950033],[-124.21951907389489,48.61524707589509]]]}"
00000000000000000080,18.0,1,129,Aedes sierrensis,2021.0,"{""type"":""Polygon"",""coordinates"":[[[-122.59530043337932,49.20676020793785],[-122.60347180236903,49.205005140886534],[-122.60845511902194,49.20042470931835],[-122.60830738732342,49.19480574854909],[-122.60308773482586,49.190339636296244],[-122.59483222393372,49.18876767949307],[-122.58675922808993,49.190702675854475],[-122.58201606179068,49.19539029631769],[-122.58245315207317,49.201002823713566],[-122.5879015390581,49.205351322172184],[-122.59530043337932,49.20676020793785]]]}"
00000000000000000081,1.0,1,130,Aedes sierrensis,2021.0,"{""type"":""Polygon"",""coordinates"":[[[-121.9826556214443,45.84641286776841],[-121.9903196375741,45.84465783275109],[-121.99499367165535,45.8400774521697],[-121.99485526509616,45.834458489547245],[-121.9899596571397,45.829992325221234],[-121.98221646667379,45.8284203394288],[-121.97464447433954,45.83035537068548],[-121.97019579515761,45.835043040815],[-121.97060590773862,45.84065556273002],[-121.97571612313433,45.845004008266386],[-121.9826556214443,45.84641286776841]]]}"
00000000000000000083,1.0,1,132,Aedes sierrensis,2021.0,"{""type"":""Polygon"",""coordinates"":[[[-122.0682391479631,37.23670028995613],[-122.074944827284,37.23494532207813],[-122.07903463586042,37.23036504836437],[-122.07891381605775,37.224746081864325],[-122.074630301579,37.220279808393514],[-122.06785487733632,37.21870776183699],[-122.06122927199961,37.22064286623718],[-122.0573368505056,37.2253306404657],[-122.05769597606695,37.23094315088628],[-122.06216739998736,37.235291485499324],[-122.0682391479631,37.23670028995613]]]}"
00000000000000000084,8.0,1,133,Aedes sierrensis,2021.0,"{""type"":""Polygon"",""coordinates"":[[[-118.86404060848325,37.59402589377298],[-118.8707783539587,37.592270923436054],[-118.87488771118146,37.58769064580823],[-118.87476630332536,37.582071679450046],[-118.87046230796459,37.577605409976705],[-118.86365450137893,37.576033365645756],[-118.85699722909301,37.57796846736695],[-118.85308619506627,37.582656237782835],[-118.85344702708917,37.58826874862457],[-118.85793982541003,37.59261708730019],[-118.86404060848325,37.59402589377298]]]}"
00000000000000000085,1.0,1,134,Aedes sierrensis,2021.0,"{""type"":""Polygon"",""coordinates"":[[[-122.07536033234544,37.24554714644617],[-122.08206679874758,37.24379217850758],[-122.0861570871563,37.239211904697356],[-122.08603625291973,37.23359293820081],[-122.0817522357265,37.22912666482851],[-122.0749760166413,37.22755461832683],[-122.0683496340218,37.229489722661],[-122.06445675567302,37.23417749679557],[-122.06481592312055,37.239790007226524],[-122.0692878716874,37.24413834193968],[-122.07536033234544,37.24554714644617]]]}"
00000000000000000086,1.0,1,135,Aedes sierrensis,2021.0,"{""type"":""Polygon"",""coordinates"":[[[-122.33609734824357,45.772458676797],[-122.34375119593466,45.77070364244042],[-122.34841903123244,45.76612326291071],[-122.3482808114516,45.760504300250034],[-122.34339169807228,45.75603813484995],[-122.33565877580337,45.75446614845957],[-122.32809682483912,45.75640118043602],[-122.3236540478193,45.76108885158996],[-122.32406361958552,45.766701373391925],[-122.32916705721016,45.77104981783669],[-122.33609734824357,45.772458676797]]]}"
00000000000000000087,1.0,1,136,Aedes sierrensis,2021.0,"{""type"":""Polygon"",""coordinates"":[[[-122.30850889002592,45.7563479446909],[-122.31616052781672,45.754592910478],[-122.3208270159364,45.750012531177035],[-122.3206888367474,45.74439356850805],[-122.31580113483052,45.739927402874365],[-122.30807044414321,45.738355416353926],[-122.30051067546438,45.74029044848693],[-122.29606918115776,45.744978119863674],[-122.29647863538844,45.75059064164104],[-122.30158060000394,45.7549390858484],[-122.30850889002592,45.7563479446909]]]}"
00000000000000000088,1.0,1,137,Aedes sierrensis,2021.0,"{""type"":""Polygon"",""coordinates"":[[[-119.00353020763714,37.03451127088974],[-119.01021799234866,37.03275630439278],[-119.01429689174208,37.02817603287733],[-119.01417640009849,37.02255706629763],[-119.00990431503605,37.01809079058165],[-119.00314696186248,37.01651874277513],[-118.99653902836674,37.01845384867997],[-118.99265699365041,37.02314162504985],[-118.99301516690977,37.028754135233896],[-118.9974746627804,37.033102467565186],[-119.00353020763714,37.03451127088974]]]}"
00000000000000000089,1.0,1,138,Aedes sierrensis,2021.0,"{""type"":""Polygon"",""coordinates"":[[[-128.83575438936316,53.47929247330754],[-128.84472508433842,53.47753735859904],[-128.8501956494672,53.47295685118061],[-128.85003320087526,53.46733789317212],[-128.84430302806504,53.46287185838553],[-128.83524040741568,53.461299944706305],[-128.82637812889868,53.46323488915791],[-128.8211710050132,53.46792243573487],[-128.82165057155783,53.47353497128051],[-128.82763172337707,53.47788354846923],[-128.83575438936316,53.47929247330754]]]}"
0000000000000000008a,1.0,1,139,Aedes sierrensis,2021.0,"{""type"":""Polygon"",""coordinates"":[[[-128.55299387336203,53.45812066150578],[-128.56196009511467,53.456365547056635],[-128.56742793355815,53.45178504005103],[-128.56726556741637,53.44616608202748],[-128.56153825157872,53.4417000468193],[-128.55248014755907,53.4401281329054],[-128.54362228591614,53.4420630776395],[-128.53841775844307,53.446750624618566],[-128.53889708737594,53.452363160119866],[-128.5448752577814,53.45671173688011],[-128.55299387336203,53.45812066150578]]]}"
0000000000000000002c,1.0,1,45,Aedes sierrensis,2022.0,"{""type"":""Polygon"",""coordinates"":[[[-119.2430641980261,37.04340717749136],[-119.24975276630504,37.04165221093379],[-119.25383214338872,37.03707193932187],[-119.25371163737583,37.03145297274567],[-119.24943905184325,37.02698669712822],[-119.24268090737533,37.02541464937656],[-119.23607220006666,37.02734975521536],[-119.23218971053514,37.03203753149127],[-119.23254792549392,37.037650041685694],[-119.23700794366886,37.041998374117135],[-119.2430641980261,37.04340717749136]]]}"
0000000000000000002f,1.0,1,48,Aedes sierrensis,2022.0,"{""type"":""Polygon"",""coordinates"":[[[-121.9896564100982,45.84055806808523],[-121.9973196197636,45.83880303312028],[-122.00199316221608,45.83422265262227],[-122.00185477047054,45.82860368999677],[-121.9969596776025,45.82413752558562],[-121.98921730151261,45.822565539745796],[-121.98164610556466,45.82450057105954],[-121.97719789448641,45.82918824127026],[-121.97760796417528,45.83480076317631],[-121.98271764202237,45.83914920862614],[-121.9896564100982,45.84055806808523]]]}"
0000000000000000005f,1.0,1,96,Aedes sierrensis,2022.0,"{""type"":""Polygon"",""coordinates"":[[[-119.01211397716499,37.001406904668954],[-119.01879884901199,36.99965193839741],[-119.02287597262045,36.995071667240786],[-119.0227555343939,36.98945270064808],[-119.01848530979917,36.98498642456564],[-119.01173089821467,36.98341437655509],[-119.00512584132207,36.985349482705516],[-119.0012454973538,36.990037259424916],[-119.00160351559818,36.995649769570356],[-119.0060610698339,36.99999810152923],[-119.01211397716499,37.001406904668954]]]}"
00000000000000000066,17.0,1,103,Aedes sierrensis,2022.0,"{""type"":""Polygon"",""coordinates"":[[[-122.71522795621176,38.460206273404836],[-122.72204583062681,38.45845129700782],[-122.72620403718733,38.45387100973366],[-122.72608115979527,38.44825204372514],[-122.7217259855266,38.44378578410369],[-122.71483726000848,38.44221374525772],[-122.70810085645437,38.44414884037649],[-122.70414331225663,38.448836601396],[-122.70450840841931,38.4544491132756],[-122.7090546183941,38.458797461963584],[-122.71522795621176,38.460206273404836]]]}"
00000000000000000067,17.0,1,104,Aedes sierrensis,2022.0,"{""type"":""Polygon"",""coordinates"":[[[-121.79399105587302,39.771895439286475],[-121.80093703859608,39.77014045342925],[-121.80517334413325,39.76556015109671],[-121.8050481170142,39.75994118563417],[-121.80061111915163,39.755474941391995],[-121.7935930227517,39.75390291110829],[-121.78673010636564,39.75583799592043],[-121.7826982027959,39.7605257422717],[-121.78307011608626,39.76613825577134],[-121.78770171918707,39.770486620089144],[-121.79399105587302,39.771895439286475]]]}"
00000000000000000068,17.0,1,105,Aedes sierrensis,2022.0,"{""type"":""Polygon"",""coordinates"":[[[-122.40692125027549,37.688358176558616],[-122.41366755618259,37.686603205568616],[-122.41778213214106,37.68202292690124],[-122.41766056729477,37.676403960580735],[-122.41335110432581,37.6719376921691],[-122.4065346529025,37.670365648429254],[-122.39986892676133,37.67230074943893],[-122.3959529239034,37.676988518842194],[-122.39631421148337,37.68260102979578],[-122.40081271594634,37.6869493695504],[-122.40692125027549,37.688358176558616]]]}"
00000000000000000069,1.0,1,106,Aedes sierrensis,2022.0,"{""type"":""Polygon"",""coordinates"":[[[-121.26721961202524,39.34900321357976],[-121.27412337345527,39.347248230811196],[-121.27833393955811,39.34266793339504],[-121.27820948689137,39.337048967754235],[-121.27379945602755,39.332582718490904],[-121.26682399696422,39.33101068541173],[-121.26000277597713,39.332945773588854],[-121.25599537939264,39.33763352472914],[-121.25636504597163,39.34324603769987],[-121.26096850566542,39.34759439691471],[-121.26721961202524,39.34900321357976]]]}"
0000000000000000006a,17.0,1,107,Aedes sierrensis,2022.0,"{""type"":""Polygon"",""coordinates"":[[[-121.91766422359032,37.2340114520209],[-121.9243696637608,37.232256484161326],[-121.92845932654271,37.227676210476865],[-121.92833851112572,37.22205724397577],[-121.92405514939404,37.217590970475015],[-121.91727996666006,37.21601892390183],[-121.91065459749663,37.217954028322076],[-121.9067623148155,37.222641802579155],[-121.90712142764994,37.22825431299658],[-121.91159269215932,37.23260264757919],[-121.91766422359032,37.2340114520209]]]}"
0000000000000000006b,17.0,1,108,Aedes sierrensis,2022.0,"{""type"":""Polygon"",""coordinates"":[[[-123.27655743322374,44.589267425972515],[-123.28405386320311,44.58751240195503],[-123.28862573460691,44.5829320388819],[-123.28849040579236,44.57731307562354],[-123.2837018351746,44.57284689341623],[-123.27612787590303,44.57127489766903],[-123.26872137636951,44.573209940908576],[-123.26436997082952,44.577897628092835],[-123.2647711696558,44.58351014812533],[-123.26976968012,44.587858575488895],[-123.27655743322374,44.589267425972515]]]}"
0000000000000000006c,1.0,1,109,Aedes sierrensis,2022.0,"{""type"":""Polygon"",""coordinates"":[[[-119.26218482334329,37.04033931596659],[-119.26887312136051,37.038584349429925],[-119.27295233368316,37.03400407785128],[-119.27283183262642,37.02838511127386],[-119.26855941971193,37.02391883562243],[-119.26180154817082,37.02234678785185],[-119.25519310775944,37.02428189371343],[-119.25131077509907,37.028969670021745],[-119.25166897567522,37.034582180212595],[-119.25612881370122,37.0389305126095],[-119.26218482334329,37.04033931596659]]]}"
0000000000000000006d,1.0,1,110,Aedes sierrensis,2022.0,"{""type"":""Polygon"",""coordinates"":[[[-119.28155515831949,37.0448117943232],[-119.28824385035108,37.04305682775606],[-119.29232330287878,37.038476556128906],[-119.29220279459646,37.03285758955325],[-119.2879301300221,37.02839131395136],[-119.28117186058118,37.02681926620836],[-119.2745630310604,37.028754372036744],[-119.27068046969765,37.0334421482978],[-119.27103869124221,37.039054658493875],[-119.27549879190725,37.043402990941125],[-119.28155515831949,37.0448117943232]]]}"
0000000000000000006e,1.0,1,111,Aedes sierrensis,2022.0,"{""type"":""Polygon"",""coordinates"":[[[-122.38456777669454,45.7740773304794],[-122.39222184651949,45.77232229610837],[-122.39688981723239,45.76774191655567],[-122.39675159337132,45.76212295389584],[-122.3918623381152,45.75765678851923],[-122.38412919153309,45.75608480214192],[-122.37656702121075,45.75801983410265],[-122.37212411525572,45.76270750523419],[-122.37253369883632,45.76832002703861],[-122.37763728452424,45.77266847150725],[-122.38456777669454,45.7740773304794]]]}"
0000000000000000006f,1.0,1,112,Aedes sierrensis,2022.0,"{""type"":""Polygon"",""coordinates"":[[[-119.01348292118843,36.989193426883574],[-119.02016671957125,36.98743846069514],[-119.02424318875816,36.982858189670814],[-119.02412277021706,36.97723922307332],[-119.0198532312517,36.97277294685575],[-119.01309990371708,36.97120089876998],[-119.00649590692541,36.973136005010964],[-119.00261618604053,36.977823781859236],[-119.00297414715791,36.98343629199043],[-119.00743098585212,36.98778462381198],[-119.01348292118843,36.989193426883574]]]}"
00000000000000000070,1.0,1,113,Aedes sierrensis,2022.0,"{""type"":""Polygon"",""coordinates"":[[[-121.8495737505042,45.834582872673614],[-121.8572361373788,45.8328278377621],[-121.8619091782498,45.82824745734914],[-121.86177080161782,45.82262849472056],[-121.85687623426581,45.81816233022254],[-121.84913468903851,45.81659034433436],[-121.84156430559922,45.81852537570631],[-121.83711657210112,45.82321304599987],[-121.83752659802946,45.82882556789679],[-121.84263572744564,45.833174013258336],[-121.8495737505042,45.834582872673614]]]}"
00000000000000000071,1.0,1,114,Aedes sierrensis,2022.0,"{""type"":""Polygon"",""coordinates"":[[[-122.00301587685433,45.82737696537124],[-122.01067727181363,45.825621930524164],[-122.01534970800307,45.82104155021375],[-122.01521134959117,45.815422587581445],[-122.01031741577498,45.81095642297869],[-122.00257687219404,45.809384437032186],[-121.99500746827447,45.81131946847433],[-121.99056031052307,45.8160071388678],[-121.9909702836959,45.82161966075368],[-121.99607875195117,45.82596810600879],[-122.00301587685433,45.82737696537124]]]}"
00000000000000000072,1.0,1,115,Aedes sierrensis,2022.0,"{""type"":""Polygon"",""coordinates"":[[[-122.06012358404581,37.04711269046678],[-122.0668124788147,37.04535772388397],[-122.07089205493818,37.04077745223186],[-122.07077154293799,37.0351584856571],[-122.0664987488739,37.03069221008071],[-122.05974027469645,37.0291201623519],[-122.05313124496223,37.03105526816319],[-122.04924856592227,37.03574304439994],[-122.04960679825598,37.04135555459869],[-122.0540670340601,37.045703887071845],[-122.06012358404581,37.04711269046678]]]}"
00000000000000000073,17.0,1,116,Aedes sierrensis,2022.0,"{""type"":""Polygon"",""coordinates"":[[[-122.84002481739455,49.15661315749079],[-122.84818791095852,49.15485809094895],[-122.85316618298738,49.15027766019165],[-122.85301860348696,49.1446586993929],[-122.84780423645107,49.14019258631189],[-122.8395570818493,49.13862062904767],[-122.83149225771537,49.14055562596404],[-122.8267538947841,49.145243247217145],[-122.82719054513473,49.15085577452587],[-122.83263341627891,49.15520427214283],[-122.84002481739455,49.15661315749079]]]}"
00000000000000000074,1.0,1,117,Aedes sierrensis,2022.0,"{""type"":""Polygon"",""coordinates"":[[[-125.53391491411598,49.59059516751741],[-125.54215039493472,49.588840096531946],[-125.54717279348078,49.58425965870213],[-125.54702388255328,49.578640698160605],[-125.54176328226767,49.57417459230282],[-125.53344303325545,49.57260263905971],[-125.52530672927243,49.57453763113573],[-125.52052635006764,49.57922524549946],[-125.52096684849671,49.584837773568296],[-125.52645796802007,49.58918627852628],[-125.53391491411598,49.59059516751741]]]}"
00000000000000000075,1.0,1,118,Aedes sierrensis,2022.0,"{""type"":""Polygon"",""coordinates"":[[[-120.8607012053868,40.44428328713557],[-120.8677161862641,40.442528296288415],[-120.87199455517478,40.43794798601313],[-120.87186806234577,40.432329020838665],[-120.86738699496402,40.42786278470847],[-120.86029922067488,40.426290758941],[-120.85336816570687,40.42822583831683],[-120.84929621276137,40.43291357693115],[-120.84967179753059,40.438526091285226],[-120.85434939259234,40.44287446384717],[-120.8607012053868,40.44428328713557]]]}"
0000000000000000000f,8.0,1,16,Aedes sierrensis,2023.0,"{""type"":""Polygon"",""coordinates"":[[[-119.7322766337007,37.11778052396179],[-119.7389717664281,37.11602555689696],[-119.74305514543069,37.11144528447758],[-119.74293451903648,37.105826317930635],[-119.73865774074311,37.101360043137845],[-119.73189296709371,37.09978799584531],[-119.72527777705623,37.101723101131455],[-119.72139147724496,37.10641087662083],[-119.72175004154606,37.11202338690214],[-119.72621443540035,37.11637172017167],[-119.7322766337007,37.11778052396179]]]}"
00000000000000000053,10.0,1,84,Aedes sierrensis,2023.0,"{""type"":""Polygon"",""coordinates"":[[[-119.74951105927231,37.11800793811551],[-119.75620621210909,37.11625297104913],[-119.76028960337109,37.11167269862729],[-119.76016897660813,37.10605373208043],[-119.75589218547073,37.101587457290165],[-119.7491273915136,37.10001540999904],[-119.74251218161702,37.101950515283484],[-119.73862587013342,37.10663829077045],[-119.73898443550469,37.11225080105203],[-119.74344884276336,37.116599134324126],[-119.74951105927231,37.11800793811551]]]}"
00000000000000000056,10.0,1,87,Aedes sierrensis,2023.0,"{""type"":""Polygon"",""coordinates"":[[[-119.72764808680724,37.090504202817854],[-119.73434080922695,37.088749235939176],[-119.73842271882118,37.08416896381612],[-119.73830213662816,37.078549997258435],[-119.73402689781572,37.074083722163024],[-119.72726455824231,37.07251167470199],[-119.7206517485069,37.074446780190954],[-119.71676684773875,37.07913455596896],[-119.71712528376982,37.08474706621838],[-119.7215880709799,37.08909539918035],[-119.72764808680724,37.090504202817854]]]}"
00000000000000000057,8.0,1,88,Aedes sierrensis,2023.0,"{""type"":""Polygon"",""coordinates"":[[[-118.8008239328485,36.52575905439894],[-118.80746747448565,36.52400409134474],[-118.81151940173277,36.51942382530946],[-118.8113997214226,36.51380485853117],[-118.80715589473549,36.50933857721825],[-118.80044322094523,36.50776652629563],[-118.79387897976983,36.509701635951394],[-118.79002262558048,36.51438941765943],[-118.790378444329,36.52000192725378],[-118.79480844898325,36.52435025389699],[-118.8008239328485,36.52575905439894]]]}"
00000000000000000058,6.0,1,89,Aedes sierrensis,2023.0,"{""type"":""Polygon"",""coordinates"":[[[-121.74291205330582,37.39205982975924],[-121.74963160479784,37.39030486081502],[-121.75372987033515,37.38572458540408],[-121.75360879613584,37.380105618965544],[-121.74931642140182,37.375639347228095],[-121.74252698819846,37.3740673016366],[-121.73588768338848,37.376002404875145],[-121.73198720990796,37.380690177450454],[-121.73234707370516,37.386302688053654],[-121.73682774442761,37.39065102442827],[-121.74291205330582,37.39205982975924]]]}"
00000000000000000059,1.0,1,90,Aedes sierrensis,2023.0,"{""type"":""Polygon"",""coordinates"":[[[-121.08547111218783,39.3080909614144],[-121.09237083607188,39.30633597894266],[-121.09657894075724,39.301755681998976],[-121.09645456214774,39.29613671634103],[-121.09204711008987,39.29167046659516],[-121.08507572836177,39.29009843324734],[-121.07825849463391,39.29203352174784],[-121.07425344160836,39.29672127334836],[-121.07462289333604,39.302333786268264],[-121.07922366172497,39.30668214499271],[-121.08547111218783,39.3080909614144]]]}"
0000000000000000005a,17.0,1,91,Aedes sierrensis,2023.0,"{""type"":""Polygon"",""coordinates"":[[[-119.28356175379352,34.42647224675033],[-119.29003404936111,34.424717297441525],[-119.29398157885532,34.420137053286226],[-119.29386503877615,34.4145180857153],[-119.28973058823144,34.41005178205614],[-119.2831908494354,34.40847971869216],[-119.27679572274504,34.41041484332391],[-119.27303876692982,34.415102646344934],[-119.27338547227139,34.42071515358469],[-119.27770132893501,34.42506345751773],[-119.28356175379352,34.42647224675033]]]}"
0000000000000000005b,7.0,1,92,Aedes sierrensis,2023.0,"{""type"":""Polygon"",""coordinates"":[[[-116.84042920481266,34.362328078096496],[-116.84689654226801,34.36057312919664],[-116.85084104911942,34.35599288569231],[-116.85072459996037,34.350373918097816],[-116.84659331619879,34.3459076137738],[-116.84005858441373,34.34433555003967],[-116.83366835411864,34.346270675117],[-116.82991427619889,34.350958478772114],[-116.83026071767925,34.356570985941815],[-116.83457326940001,34.36091928919918],[-116.84042920481266,34.362328078096496]]]}"
0000000000000000005c,1.0,1,93,Aedes sierrensis,2023.0,"{""type"":""Polygon"",""coordinates"":[[[-122.15547254187166,37.29652358968917],[-122.16218355023277,37.29476862140112],[-122.16627660757878,37.29018834703466],[-122.16615569004915,37.284569380558274],[-122.16186877187405,37.28010310775407],[-122.15508796604252,37.27853106156868],[-122.14845709800761,37.280466165522114],[-122.14456158331646,37.28515393911486],[-122.14492099247381,37.29076644960568],[-122.14939596858389,37.29511478489618],[-122.15547254187166,37.29652358968917]]]}"
0000000000000000005d,6.0,1,94,Aedes sierrensis,2023.0,"{""type"":""Polygon"",""coordinates"":[[[-122.28696251373566,37.47648844910519],[-122.29368964879383,37.47473347957969],[-122.29779253753745,37.47015320324346],[-122.29767132426478,37.464534236838475],[-122.29337410585296,37.460067966046005],[-122.28657701430596,37.458495920980624],[-122.2799302203412,37.46043102358587],[-122.27602534504278,37.4651187952599],[-122.27638561241378,37.47073130596265],[-122.28087133812882,37.475079643297654],[-122.28696251373566,37.47648844910519]]]}"
00000000000000000062,1.0,1,99,Aedes sierrensis,2023.0,"{""type"":""Polygon"",""coordinates"":[[[-119.01820510920402,37.00316379048401],[-119.02489013552015,37.00140882420051],[-119.0289673532985,36.99682855302484],[-119.0288469122392,36.991209586432824],[-119.02457658898395,36.986743310369825],[-119.017822021407,36.9851712623701],[-119.01121681196818,36.987106368507504],[-119.00733637833963,36.99179414520836],[-119.00769440480443,36.99740665535584],[-119.012152062005,37.001754987334465],[-119.01820510920402,37.00316379048401]]]}"
00000000000000000063,1.0,1,100,Aedes sierrensis,2023.0,"{""type"":""Polygon"",""coordinates"":[[[-122.10076829014798,41.11880704438929],[-122.10785487001387,41.11705204843502],[-122.11217688772922,41.112471730030535],[-122.11204908134029,41.10685276515094],[-122.10752228330739,41.10238653732318],[-122.10036220490787,41.10081451617795],[-122.09336044314591,41.10274958998985],[-122.08924693120406,41.107437320685584],[-122.0896263256983,41.11304983591409],[-122.09435164624934,41.117398216913735],[-122.10076829014798,41.11880704438929]]]}"
00000000000000000030,1.0,1,49,Aedes sierrensis,2024.0,"{""type"":""Polygon"",""coordinates"":[[[-122.305093218619,45.762024380331944],[-122.3127456348287,45.760269346068426],[-122.31741259748063,45.755688966686876],[-122.31727440399348,45.75007000402083],[-122.31238620490076,45.74560383846943],[-122.30465472815747,45.74403185199481],[-122.29709419078678,45.745966884072665],[-122.29265224465514,45.75065455537093],[-122.29306174028676,45.75626707715695],[-122.29816422375745,45.76061552144795],[-122.305093218619,45.762024380331944]]]}"
00000000000000000032,1.0,1,51,Aedes sierrensis,2024.0,"{""type"":""Polygon"",""coordinates"":[[[-122.15682364949086,37.1251647953063],[-122.16351943529868,37.12340982819104],[-122.16760321244212,37.11882955569142],[-122.16748257407144,37.11321058914738],[-122.16320537865087,37.10874431443656],[-122.15643994548093,37.10717226718966],[-122.14982411049309,37.10910737242086],[-122.1459374316067,37.113795147832064],[-122.14629603066294,37.11940765812201],[-122.15076085984256,37.12375599147483],[-122.15682364949086,37.1251647953063]]]}"
00000000000000000033,17.0,1,52,Aedes sierrensis,2024.0,"{""type"":""Polygon"",""coordinates"":[[[-122.1506032035213,37.7494121881824],[-122.15735507130609,37.74765721676883],[-122.16147303797733,37.74307693742721],[-122.16135137113089,37.73745797113114],[-122.15703835575151,37.73299170340812],[-122.15021628761133,37.73141966005164],[-122.14354506883821,37.73335476059983],[-122.1396258376348,37.73804252934634],[-122.13998742119837,37.74365504037246],[-122.14448963305155,37.74800338082691],[-122.1506032035213,37.7494121881824]]]}"
00000000000000000034,17.0,1,53,Aedes sierrensis,2024.0,"{""type"":""Polygon"",""coordinates"":[[[-122.59810520794197,37.99976841682812],[-122.60488005947573,37.99801344367031],[-122.6090120378301,37.99343316155226],[-122.6088899494758,37.987814195356826],[-122.60456225421545,37.9833479304694],[-122.5977169757192,37.98177588869163],[-122.59102305935447,37.9837109873395],[-122.5870904874263,37.988398753381496],[-122.58745329409871,37.99401126470636],[-122.5919708262644,37.998359608042584],[-122.59810520794197,37.99976841682812]]]}"
00000000000000000035,17.0,1,54,Aedes sierrensis,2024.0,"{""type"":""Polygon"",""coordinates"":[[[-122.56664179090882,37.974075076558165],[-122.57341427052411,37.97232010357991],[-122.57754480287578,37.96773982174767],[-122.57742275802144,37.962120855541876],[-122.5730965777219,37.95765459036255],[-122.56625369452925,37.95608254842227],[-122.55956212055099,37.95801764726576],[-122.55563092538303,37.962705413586164],[-122.55599360583126,37.96831792488027],[-122.56050955694394,37.97266626791984],[-122.56664179090882,37.974075076558165]]]}"
00000000000000000036,17.0,1,55,Aedes sierrensis,2024.0,"{""type"":""Polygon"",""coordinates"":[[[-122.17108831376082,37.81071145036412],[-122.17784578272452,37.80895647852457],[-122.18196716406756,37.80437619850488],[-122.18184539449975,37.7987572322334],[-122.17752880160805,37.794290965202876],[-122.17070107706309,37.79271892223196],[-122.16402432684684,37.79465402231605],[-122.16010184448596,37.79934179040206],[-122.16046372612408,37.804954301501134],[-122.16496967156421,37.80930264265937],[-122.17108831376082,37.81071145036412]]]}"
00000000000000000037,6.0,1,56,Aedes sierrensis,2024.0,"{""type"":""Polygon"",""coordinates"":[[[-122.38396133895127,37.558018652766386],[-122.39069582739111,37.55626368267833],[-122.39480319901195,37.55168340544661],[-122.3946818508865,37.54606443907407],[-122.39037993581748,37.54159816919617],[-122.38357541838228,37.54002612464],[-122.37692136258268,37.54196122663231],[-122.37301221907511,37.54664899743404],[-122.37337287776936,37.55226150823315],[-122.377863505042,37.55660984649763],[-122.38396133895127,37.558018652766386]]]}"
00000000000000000038,1.0,1,57,Aedes sierrensis,2024.0,"{""type"":""Polygon"",""coordinates"":[[[-121.79550269113014,37.09460211668598],[-121.80219577545975,37.092847149779345],[-121.80627790568698,37.08826687761178],[-121.80615731685714,37.0826479110557],[-121.80188184689023,37.078181636005745],[-121.79511914183807,37.07660958857002],[-121.78850597469813,37.07854469402852],[-121.7846208638624,37.08323246976318],[-121.78497931915332,37.0888449800174],[-121.7894423476025,37.09319331302555],[-121.79550269113014,37.09460211668598]]]}"
00000000000000000039,1.0,1,58,Aedes sierrensis,2024.0,"{""type"":""Polygon"",""coordinates"":[[[-124.02490160841725,40.041002187861935],[-124.03187492721754,40.03924720001943],[-124.0361278976714,40.03466689452681],[-124.03600216911126,40.02904792917887],[-124.03154771153461,40.02458168816411],[-124.02450200973092,40.02300965967722],[-124.01761209779403,40.0249447423265],[-124.01356432723591,40.02963248559956],[-124.0139376951293,40.03524499943914],[-124.0185875195954,40.039593367036936],[-124.02490160841725,40.041002187861935]]]}"
0000000000000000003a,1.0,1,59,Aedes sierrensis,2024.0,"{""type"":""Polygon"",""coordinates"":[[[-122.28718992788939,37.28218757980234],[-122.29389965776532,37.28043261161262],[-122.29799193570203,37.27585233740266],[-122.297871041618,37.270233370920614],[-122.2935849400206,37.26576709795657],[-122.28680542528106,37.26419505168218],[-122.28017581981523,37.26613015574275],[-122.27628104721018,37.27081792948793],[-122.2766403883303,37.276430439961906],[-122.2811145122378,37.28077877508996],[-122.28718992788939,37.28218757980234]]]}"
0000000000000000003b,1.0,1,60,Aedes sierrensis,2024.0,"{""type"":""Polygon"",""coordinates"":[[[-119.63243290201301,37.49966239727995],[-119.63916212415879,37.497907427594676],[-119.64326628526366,37.49332715100412],[-119.64314503371622,37.48770818460835],[-119.63884648226667,37.48324191407563],[-119.63204728305264,37.48166986915487],[-119.6253984279836,37.48360497158604],[-119.62149234125256,37.488292743012316],[-119.62185271969167,37.49390525374244],[-119.62633983660078,37.49825359134142],[-119.63243290201301,37.49966239727995]]]}"
0000000000000000003c,17.0,1,61,Aedes sierrensis,2024.0,"{""type"":""Polygon"",""coordinates"":[[[-111.81328772726934,40.75871679791931],[-111.82033578207667,40.75696180470434],[-111.82463431382268,40.7523814906601],[-111.82450721423558,40.74676252562234],[-111.82000502235576,40.74229629334141],[-111.8128838483865,40.740724269716964],[-111.80592013159327,40.74265934651318],[-111.80182898117768,40.74734708145619],[-111.80220632580378,40.75295959621569],[-111.8069059668541,40.75730797268962],[-111.81328772726934,40.75871679791931]]]}"
0000000000000000003d,1.0,1,62,Aedes sierrensis,2024.0,"{""type"":""Polygon"",""coordinates"":[[[-111.78643502072549,40.661129371364645],[-111.79347275470066,40.65937437888694],[-111.79776499456825,40.65479406601622],[-111.7976380843254,40.64917510093589],[-111.79314248441608,40.64470886745644],[-111.78603173292477,40.643136843164726],[-111.77907820835969,40.64507192076414],[-111.77499304857956,40.64975965685028],[-111.77536984403987,40.65537217148355],[-111.7800626055671,40.65972054673941],[-111.78643502072549,40.661129371364645]]]}"
0000000000000000003e,17.0,1,63,Aedes sierrensis,2024.0,"{""type"":""Polygon"",""coordinates"":[[[-122.20035339397458,37.84912660593955],[-122.20711438178357,37.847371633832694],[-122.21123790833582,37.84279135338751],[-122.21111607423478,37.837172387131446],[-122.20679723383198,37.832706120535505],[-122.19996595574744,37.831134077806524],[-122.19328573049664,37.83306917759938],[-122.18936120565144,37.83775694527092],[-122.18972327454951,37.84336945641578],[-122.19423156555187,37.84771779801566],[-122.20035339397458,37.84912660593955]]]}"
0000000000000000003f,1.0,1,64,Aedes sierrensis,2024.0,"{""type"":""Polygon"",""coordinates"":[[[-123.99661307133418,41.21682254464507],[-124.00371025931086,41.215067547939974],[-124.00803874402523,41.210487228340355],[-124.00791074300628,41.204868263504125],[-124.00337716952042,41.20040203689695],[-123.9962063785609,41.198830016431266],[-123.98919414089612,41.20076508942518],[-123.98507447157166,41.20545281895674],[-123.98545443050142,41.211065334313815],[-123.99018682205448,41.21541371655395],[-123.99661307133418,41.21682254464507]]]}"
00000000000000000040,1.0,1,65,Aedes sierrensis,2024.0,"{""type"":""Polygon"",""coordinates"":[[[-122.06702627247658,37.011439882039205],[-122.07371202662497,37.009684915699374],[-122.07778968811553,37.005104644434034],[-122.07766923370905,36.99948567784526],[-122.07339844558201,36.995019401873854],[-122.06664314299547,36.99344735392512],[-122.06003721478496,36.99538246000114],[-122.05615635869215,37.00007023661464],[-122.05651442389028,37.005682746771775],[-122.06097256624373,37.01003107884348],[-122.06702627247658,37.011439882039205]]]}"
00000000000000000041,17.0,1,66,Aedes sierrensis,2024.0,"{""type"":""Polygon"",""coordinates"":[[[-123.12798464522398,49.30848122116906],[-123.13617287148013,49.30672615308112],[-123.14116646416038,49.302145719863034],[-123.14101842242007,49.296526759153785],[-123.1357880032965,49.292060648585995],[-123.12751547043159,49.29048869272088],[-123.11942582860947,49.292423687953104],[-123.11467287772025,49.29711130680914],[-123.11511086414518,49.30272383438234],[-123.12057048703953,49.30707233455351],[-123.12798464522398,49.30848122116906]]]}"
00000000000000000042,1.0,1,67,Aedes sierrensis,2024.0,"{""type"":""Polygon"",""coordinates"":[[[-121.33879710213516,40.270699401327036],[-121.34579404707642,40.26894441177757],[-121.35006142074214,40.264364103567864],[-121.34993525877864,40.25874513831847],[-121.34546571105017,40.25427890007868],[-121.33839615035734,40.252706873136724],[-121.33148290661599,40.25464195392631],[-121.327421422471,40.259329694552704],[-121.32779604753823,40.26494220868458],[-121.33246162043153,40.26929057910255],[-121.33879710213516,40.270699401327036]]]}"
00000000000000000045,7.0,1,70,Aedes sierrensis,2024.0,"{""type"":""Polygon"",""coordinates"":[[[-118.39569676573873,33.40289897723497],[-118.40209178811645,33.401144034378575],[-118.4059922091289,33.39656380049433],[-118.40587708608547,33.39094483255146],[-118.40179199049496,33.38647851840234],[-118.39533028694002,33.38490644919799],[-118.38901147152527,33.38684158085996],[-118.38529936829589,33.39152939388586],[-118.38564196133538,33.397141900020166],[-118.3899063098104,33.40149019329246],[-118.39569676573873,33.40289897723497]]]}"
00000000000000000046,17.0,1,71,Aedes sierrensis,2024.0,"{""type"":""Polygon"",""coordinates"":[[[-122.60969441157988,47.53431193042821],[-122.61760174056944,47.53255687983351],[-122.62242409951877,47.52797647445822],[-122.62228122233685,47.522357512736676],[-122.61723021091217,47.51789137373286],[-122.6092413228106,47.51631940203747],[-122.60142906027778,47.518254416325114],[-122.59683915283813,47.52294206230289],[-122.59726220474688,47.528554586883395],[-122.60253459928373,47.53290305815481],[-122.60969441157988,47.53431193042821]]]}"
00000000000000000047,1.0,1,72,Aedes sierrensis,2024.0,"{""type"":""Polygon"",""coordinates"":[[[-125.13384882670186,48.8425586702966],[-125.14196061345696,48.840803606922115],[-125.14690760926226,48.83622318120608],[-125.14676097330171,48.83060422022401],[-125.14157937561632,48.82613810199433],[-125.13338402929888,48.824566141863876],[-125.12536986906154,48.82650114223043],[-125.12066128653535,48.83118876839424],[-125.12109520927547,48.836801295161145],[-125.12650388270626,48.84114978754546],[-125.13384882670186,48.8425586702966]]]}"
00000000000000000048,1.0,1,73,Aedes sierrensis,2024.0,"{""type"":""Polygon"",""coordinates"":[[[-124.7046514321056,48.666317160260206],[-124.71273481388155,48.664562098645845],[-124.71766449419212,48.65998167573127],[-124.71751838054954,48.654362714647334],[-124.71235492496736,48.64989659355651],[-124.70418826135148,48.64832463183327],[-124.69620215024304,48.65025963411711],[-124.6915100550412,48.65494726300983],[-124.69194246763807,48.66055978947563],[-124.6973322081549,48.66490827895213],[-124.7046514321056,48.666317160260206]]]}"
00000000000000000049,1.0,1,74,Aedes sierrensis,2024.0,"{""type"":""Polygon"",""coordinates"":[[[-123.86261708467815,49.20509250414385],[-123.8707881780877,49.2033374371095],[-123.8757713267495,49.198757005568304],[-123.8756236001194,49.19313804479807],[-123.8704041236331,49.18867193251766],[-123.8621488910139,49.187099975699134],[-123.85407616729633,49.189034972079],[-123.84933316095412,49.19372259256852],[-123.8497702365865,49.199335119961496],[-123.85521843988832,49.2036836183921],[-123.86261708467815,49.20509250414385]]]}"
0000000000000000004a,17.0,1,75,Aedes sierrensis,2024.0,"{""type"":""Polygon"",""coordinates"":[[[-122.04919878646488,47.57443938080818],[-122.05711217253611,47.572684329831034],[-122.06193822388786,47.56810392384705],[-122.06179523537958,47.56248496214763],[-122.05674035531679,47.55801882376548],[-122.04874535082328,47.556446852416165],[-122.04092710700685,47.55838186628723],[-122.0363336838038,47.563069511672055],[-122.0367570577913,47.568682036318],[-122.0420334896247,47.573030508221215],[-122.04919878646488,47.57443938080818]]]}"
0000000000000000004b,1.0,1,76,Aedes sierrensis,2024.0,"{""type"":""Polygon"",""coordinates"":[[[-125.055685244336,48.83690007105977],[-125.06379611479508,48.83514500774199],[-125.06874255203263,48.83056458211621],[-125.06859593292175,48.82494562113087],[-125.06341492046941,48.820479502809015],[-125.0552204994059,48.81890754262725],[-125.0472072439845,48.82084254305556],[-125.04249919331116,48.825530169307285],[-125.04293306733726,48.8311426960645],[-125.04834113002508,48.83549118835513],[-125.055685244336,48.83690007105977]]]}"
0000000000000000004c,1.0,1,77,Aedes sierrensis,2024.0,"{""type"":""Polygon"",""coordinates"":[[[-132.2675632830151,53.371716660393155],[-132.2765113079666,53.36996154699985],[-132.28196805440882,53.36538104167463],[-132.28180602365853,53.359762083589885],[-132.27609032981675,53.3552960466655],[-132.26705059919382,53.353724131796234],[-132.2582107051467,53.355659077680336],[-132.25301673972447,53.36034662629629],[-132.2534951020556,53.3659591616171],[-132.25946114424056,53.37030773663314],[-132.2675632830151,53.371716660393155]]]}"
0000000000000000004d,1.0,1,78,Aedes sierrensis,2024.0,"{""type"":""Polygon"",""coordinates"":[[[-123.9323128341435,47.873653979696506],[-123.94027180332847,47.871898925849074],[-123.9451256421425,47.867318515296624],[-123.94498181578362,47.86169955376326],[-123.93989782195015,47.85723342004692],[-123.93185678808838,47.85566145129507],[-123.92399353166861,47.85759646203947],[-123.91937365027539,47.86228410297416],[-123.91979944803893,47.86789662811119],[-123.92510626287108,47.872245104756296],[-123.9323128341435,47.873653979696506]]]}"
0000000000000000004e,1.0,1,79,Aedes sierrensis,2024.0,"{""type"":""Polygon"",""coordinates"":[[[-118.99349723026685,37.025481591256515],[-119.00018421998064,37.02372662482106],[-119.00426263471539,37.01914635340352],[-119.00414215765072,37.01352738682027],[-118.99987058035914,37.0090611110043],[-118.99311403002298,37.00748906314211],[-118.98650688162834,37.00942416911396],[-118.98262530836185,37.01411194557921],[-118.98298343931354,37.019724455752716],[-118.98744240526067,37.0240727879824],[-118.99349723026685,37.025481591256515]]]}"
0000000000000000004f,17.0,1,80,Aedes sierrensis,2024.0,"{""type"":""Polygon"",""coordinates"":[[[-121.76325001321055,38.55238481038166],[-121.77007661955325,38.5506298333312],[-121.77424014938923,38.54604954501692],[-121.77411711184975,38.5404305790461],[-121.76975636044031,38.53596432048694],[-121.76285881691803,38.534392282232396],[-121.756113790167,38.536327376639264],[-121.75215117759565,38.541015136645576],[-121.75251673842907,38.5466276486371],[-121.75706876885125,38.550975998404674],[-121.76325001321055,38.55238481038166]]]}"
00000000000000000050,15.0,1,81,Aedes sierrensis,2024.0,"{""type"":""Polygon"",""coordinates"":[[[-121.78073414844113,38.543252571424205],[-121.78755988791443,38.54149759443855],[-121.79172288927785,38.53691730622744],[-121.79159986763725,38.53129834025288],[-121.78723966990304,38.52683208158836],[-121.78034300179537,38.52526004327515],[-121.77359883111927,38.52719513775263],[-121.76963672171492,38.53188289785944],[-121.77000223641782,38.53749540983985],[-121.77455368901032,38.54184375950036],[-121.78073414844113,38.543252571424205]]]}"
00000000000000000051,1.0,1,82,Aedes sierrensis,2024.0,"{""type"":""Polygon"",""coordinates"":[[[-122.02117333634396,45.841039650999],[-122.02883661233514,45.83928461602974],[-122.03351019522049,45.83470423552487],[-122.03337180225667,45.829085272899626],[-122.02847666702635,45.82461910849548],[-122.02073422396,45.82304712265955],[-122.01316296251508,45.824982153968605],[-122.00871471293873,45.82966982417264],[-122.00912478615514,45.83528234607944],[-122.01423450821171,45.839630791536386],[-122.02117333634396,45.841039650999]]]}"
00000000000000000000,3.0,1,1,Aedes sierrensis,2025.0,"{""type"":""Polygon"",""coordinates"":[[[-116.90202276766388,33.349091004823045],[-116.90841383508597,33.34733606230159],[-116.91231184501865,33.34275582895055],[-116.91219679450326,33.33713686098837],[-116.90811422497146,33.3326705462947],[-116.9016565153716,33.331098476787176],[-116.89534160567703,33.33303360881408],[-116.89163179806887,33.33772142235936],[-116.89197418063685,33.34333392843627],[-116.89623589284852,33.347682221155154],[-116.90202276766388,33.349091004823045]]]}"
00000000000000000005,1.0,1,6,Aedes sierrensis,2025.0,"{""type"":""Polygon"",""coordinates"":[[[-122.32708550501461,44.16188488550499],[-122.33452742510086,44.160129865118925],[-122.33906606636637,44.155549507825924],[-122.33893173838821,44.14993054435769],[-122.334177983323,44.145464356247096],[-122.32665906943326,44.143892357213424],[-122.31930639928875,44.14582740440898],[-122.31498663346964,44.150515097223646],[-122.31538493270513,44.156127616634585],[-122.320347109292,44.160476037998656],[-122.32708550501461,44.16188488550499]]]}"
00000000000000000006,6.0,1,7,Aedes sierrensis,2025.0,"{""type"":""Polygon"",""coordinates"":[[[-122.19730336885402,37.36499308636483],[-122.20402049585466,37.36323811760669],[-122.20811728333734,37.35865784249192],[-122.20799625360007,37.35303887604267],[-122.20370542740605,37.348572604002705],[-122.19691844260102,37.347000558242804],[-122.1902815320991,37.348935661684074],[-122.18638246589447,37.3536234345479],[-122.18674220066764,37.35923594511923],[-122.19122125529188,37.363584281186434],[-122.19730336885402,37.36499308636483]]]}"
00000000000000000007,1.0,1,8,Aedes sierrensis,2025.0,"{""type"":""Polygon"",""coordinates"":[[[-122.64317334228915,38.104013281255575],[-122.64995784842223,38.10225830736797],[-122.65409571254987,38.09767802408826],[-122.65397344713354,38.09205905793495],[-122.6496395854139,38.08759279423393],[-122.6427845571337,38.08602075311669],[-122.63608110637763,38.087955850969465],[-122.63214293051824,38.0926436158799],[-122.6325062509694,38.09825612732974],[-122.6370302186141,38.102604471871715],[-122.64317334228915,38.104013281255575]]]}"
00000000000000000008,17.0,1,9,Aedes sierrensis,2025.0,"{""type"":""Polygon"",""coordinates"":[[[-122.21998235681185,37.38162999239523],[-122.2267009736711,37.379875023522736],[-122.23079866942359,37.37529474822594],[-122.23067761236423,37.36967578178327],[-122.22638583458689,37.36520950992923],[-122.21959734523236,37.36363746427283],[-122.21295896341962,37.3655725675895],[-122.20905903243896,37.37026034027602],[-122.20941884649783,37.375872850866934],[-122.2138988942202,37.38022118712307],[-122.21998235681185,37.38162999239523]]]}"
00000000000000000009,15.0,1,10,Aedes sierrensis,2025.0,"{""type"":""Polygon"",""coordinates"":[[[-121.66346870893759,36.762358956294776],[-121.67013268783747,36.760603991645176],[-121.6741970743664,36.756023723070335],[-121.67407701927836,36.75040475638407],[-121.66982013916137,36.74593847766482],[-121.66308682655945,36.74436642818624],[-121.656502402528,36.746301536103786],[-121.65263418569813,36.75098931533807],[-121.6529910920716,36.75660182520569],[-121.65743471964487,36.76095015448482],[-121.66346870893759,36.762358956294776]]]}"
0000000000000000000a,1.0,1,11,Aedes sierrensis,2025.0,"{""type"":""Polygon"",""coordinates"":[[[-122.35350567875624,40.851729186793136],[-122.36056361783999,40.84997419287346],[-122.36486817532499,40.8453938777075],[-122.3647408943997,40.839774912710425],[-122.3602323893806,40.83530868157513],[-122.35310123379348,40.83373665858849],[-122.34612775589267,40.83567173461695],[-122.34203086823673,40.840359468467305],[-122.34240873879672,40.84597198334747],[-122.34711496837441,40.85032036098568],[-122.35350567875624,40.851729186793136]]]}"
0000000000000000000b,8.0,1,12,Aedes sierrensis,2025.0,"{""type"":""Polygon"",""coordinates"":[[[-122.63367099794424,38.11175873978541],[-122.64045622341531,38.11000376584351],[-122.6445945260759,38.105423482477356],[-122.64447224746714,38.09980451632717],[-122.64013792630132,38.095338252714434],[-122.63328217159129,38.093766211646354],[-122.62657801045366,38.09570130943995],[-122.62263941706057,38.1003890742662],[-122.62300277579193,38.10600158572534],[-122.62752722292667,38.11034993035703],[-122.63367099794424,38.11175873978541]]]}"
0000000000000000000c,6.0,1,13,Aedes sierrensis,2025.0,"{""type"":""Polygon"",""coordinates"":[[[-122.0841982706334,37.296059843179606],[-122.09090923762338,37.29430487489474],[-122.09500226974814,37.28972460053335],[-122.09488135297714,37.28410563405678],[-122.0905944612261,37.2796393612474],[-122.08381369717362,37.27806731505912],[-122.07718286999477,37.280002419016036],[-122.07328737931716,37.284690192613716],[-122.07364678627286,37.29030270310398],[-122.0781217348061,37.294651038389226],[-122.0841982706334,37.296059843179606]]]}"
0000000000000000000d,1.0,1,14,Aedes sierrensis,2025.0,"{""type"":""Polygon"",""coordinates"":[[[-121.70199534203938,39.85454487731209],[-121.70894968121212,39.85278989084679],[-121.71319108110072,39.84820958754634],[-121.71306570069665,39.842590622118905],[-121.70862336551971,39.83812437886527],[-121.70159683033546,39.836552349131914],[-121.69472566159308,39.838487433281585],[-121.69068890759458,39.843175178690025],[-121.69106126554915,39.8487876922938],[-121.69569843879681,39.85313605761622],[-121.70199534203938,39.85454487731209]]]}"
0000000000000000000e,8.0,1,15,Aedes sierrensis,2025.0,"{""type"":""Polygon"",""coordinates"":[[[-122.39548365607337,40.52961710399536],[-122.40250756122532,40.527862112507805],[-122.40679137063746,40.523281801213166],[-122.40666471409112,40.51766283607567],[-122.4021779467261,40.51319660098656],[-122.39508116026066,40.5116245757987],[-122.3881412922106,40.513559654476836],[-122.3840641592486,40.51824739209821],[-122.38444021887982,40.52385990656194],[-122.38912376257034,40.52820828018191],[-122.39548365607337,40.52961710399536]]]}"
00000000000000000010,17.0,1,17,Aedes sierrensis,2025.0,"{""type"":""Polygon"",""coordinates"":[[[-122.403880143357,37.81110385125682],[-122.41063764823096,37.80934887941454],[-122.41475905146609,37.80476859939051],[-122.41463728123969,37.799149633119185],[-122.4103206654119,37.794683366093096],[-122.40349290460266,37.793111323124656],[-122.39681611892328,37.795046423205775],[-122.39289361571863,37.79973419128755],[-122.39325549926771,37.805346702387105],[-122.3977614686446,37.80969504354984],[-122.403880143357,37.81110385125682]]]}"
00000000000000000011,1.0,1,18,Aedes sierrensis,2025.0,"{""type"":""Polygon"",""coordinates"":[[[-122.2950736185519,37.428526358174324],[-122.30179644165905,37.4267713889792],[-122.30589670168709,37.422191113168864],[-122.30577556749049,37.41657214674481],[-122.30148110315247,37.41210587541525],[-122.29468836607417,37.41053383005085],[-122.28804583037876,37.41246893301604],[-122.28414345791647,37.417156705202316],[-122.28450349581891,37.42276921584849],[-122.2889863473084,37.42711755263765],[-122.2950736185519,37.428526358174324]]]}"
00000000000000000012,1.0,1,19,Aedes sierrensis,2025.0,"{""type"":""Polygon"",""coordinates"":[[[-122.06901503154639,37.24430751635332],[-122.07572138764118,37.24255254842321],[-122.07981160880267,37.2379722746265],[-122.079690776589,37.23235330812947],[-122.07540682984987,37.22788703474337],[-122.06863072215971,37.226314988234],[-122.06200444847437,37.22825009257742],[-122.05811163415255,37.23293786672515],[-122.05847079572985,37.23855037715465],[-122.06294267076888,37.24289871185378],[-122.06901503154639,37.24430751635332]]]}"
00000000000000000013,17.0,1,20,Aedes sierrensis,2025.0,"{""type"":""Polygon"",""coordinates"":[[[-122.01163531919065,36.99706819934395],[-122.0183198096269,36.99531323310193],[-122.02239670071395,36.99073296199231],[-122.02227626948176,36.985113995397896],[-122.01800628849689,36.98064771926746],[-122.01125226208433,36.979075671230184],[-122.00464758185441,36.981010777412784],[-122.00076745927286,36.985698554177965],[-122.00112545721953,36.99131106431834],[-122.00558275721743,36.995659396228426],[-122.01163531919065,36.99706819934395]]]}"
00000000000000000014,7.0,1,21,Aedes sierrensis,2025.0,"{""type"":""Polygon"",""coordinates"":[[[-118.43602041656509,34.11688577881167],[-118.4424689266234,34.11513083147086],[-118.44640195562066,34.110550590448234],[-118.44628585171347,34.104931622763864],[-118.44216659314996,34.10046531590526],[-118.43565087444188,34.09889325075997],[-118.42927923718388,34.100828377535926],[-118.42553608747184,34.10551618360846],[-118.42588152699612,34.11112869051105],[-118.43018152888679,34.11547699119255],[-118.43602041656509,34.11688577881167]]]}"
00000000000000000015,1.0,1,22,Aedes sierrensis,2025.0,"{""type"":""Polygon"",""coordinates"":[[[-121.56337526759089,40.33223499586459],[-121.57037858830891,40.33048000585585],[-121.57464984883937,40.32589969691511],[-121.57452356991455,40.320280731692236],[-121.57004994994152,40.31581449419906],[-121.56297395066655,40.31424246767277],[-121.55605441058248,40.316177547962006],[-121.55198922567384,40.32086528787631],[-121.55236419000069,40.32647780208682],[-121.55703401278024,40.33082617326357],[-121.56337526759089,40.33223499586459]]]}"
00000000000000000016,1.0,1,23,Aedes sierrensis,2025.0,"{""type"":""Polygon"",""coordinates"":[[[-119.64899400332551,37.49729015551951],[-119.65572301171284,37.4955351858506],[-119.65982704250314,37.49095490928608],[-119.65970579487579,37.485335942889364],[-119.65540737995529,37.480869672330044],[-119.64860839660741,37.47929762739449],[-119.64195975263561,37.48123272984348],[-119.6380537899789,37.48592050129512],[-119.63841415704249,37.491533012022444],[-119.6429011314662,37.4958813495944],[-119.64899400332551,37.49729015551951]]]}"
00000000000000000017,1.0,1,24,Aedes sierrensis,2025.0,"{""type"":""Polygon"",""coordinates"":[[[-123.40011912341473,39.4588353316272],[-123.40703376481616,39.45708034806007],[-123.41125096369676,39.45250004937279],[-123.41112631146613,39.44688108377808],[-123.4067093314968,39.44241483581295],[-123.39972288524524,39.44084280345654],[-123.39289091979747,39.44277789076366],[-123.38887720802715,39.44746564066575],[-123.38924745356373,39.45307815377324],[-123.39385816551275,39.45742651430743],[-123.40011912341473,39.4588353316272]]]}"
00000000000000000018,8.0,1,25,Aedes sierrensis,2025.0,"{""type"":""Polygon"",""coordinates"":[[[-122.42302752328051,49.18929836821254],[-122.43119600804835,49.18754330133875],[-122.43617756650625,49.18296287005311],[-122.43602988785348,49.17734390927358],[-122.43081207748993,49.17287779673217],[-122.42255947900266,49.171305839768344],[-122.41448933123219,49.17324083632312],[-122.40974783904362,49.177928457061576],[-122.41018477599766,49.18354098442709],[-122.41563124055509,49.18788948259243],[-122.42302752328051,49.18929836821254]]]}"
00000000000000000019,8.0,1,26,Aedes sierrensis,2025.0,"{""type"":""Polygon"",""coordinates"":[[[-122.56762725224164,37.89681669170616],[-122.57439261781961,37.89506171926706],[-122.57851881321028,37.890481438293016],[-122.57839689882364,37.88486247205612],[-122.57407526230921,37.8803962060003],[-122.56723956329328,37.87882416357204],[-122.56055501477853,37.88075926300292],[-122.55662794889395,37.88544703015929],[-122.55699025076049,37.89105954136107],[-122.56150145985902,37.89540788350986],[-122.56762725224164,37.89681669170616]]]}"
0000000000000000001a,10.0,1,27,Aedes sierrensis,2025.0,"{""type"":""Polygon"",""coordinates"":[[[-124.288024243379,40.33009908645999],[-124.2950273424629,40.328344096467205],[-124.29929846787853,40.32376378755186],[-124.29917219301953,40.31814482232807],[-124.29469871460547,40.31367858480896],[-124.28762293914784,40.312106558268226],[-124.28070361793662,40.31404163857485],[-124.27663856167358,40.31872937851388],[-124.27701351420714,40.32434189272166],[-124.28168318925253,40.32869026387205],[-124.288024243379,40.33009908645999]]]}"
0000000000000000001c,17.0,1,29,Aedes sierrensis,2025.0,"{""type"":""Polygon"",""coordinates"":[[[-119.57606094649535,49.501132223082124],[-119.5842813615775,49.49937715301913],[-119.58929457622465,49.494796716657525],[-119.5891459424238,49.4891777560626],[-119.58389496451687,49.484711648705314],[-119.57558992838435,49.48313969462746],[-119.56746850124942,49.48507468770829],[-119.56269686676076,49.48976230350222],[-119.56313656432305,49.495374831413265],[-119.56861764207525,49.499723334847296],[-119.57606094649535,49.501132223082124]]]}"
0000000000000000001d,7.0,1,30,Aedes sierrensis,2025.0,"{""type"":""Polygon"",""coordinates"":[[[-116.85917526564133,33.32053492167678],[-116.86556423842835,33.31877997933292],[-116.86946097139807,33.31419974626458],[-116.8693459592953,33.30858077829216],[-116.86526472762202,33.30411446330977],[-116.85880913331201,33.30254239364149],[-116.85249629217614,33.30447752586189],[-116.84878770038152,33.30916533968256],[-116.8491299714791,33.31477784572905],[-116.85339028746533,33.31912613815449],[-116.85917526564133,33.32053492167678]]]}"
0000000000000000001e,1.0,1,31,Aedes sierrensis,2025.0,"{""type"":""Polygon"",""coordinates"":[[[-122.25499521828351,44.22217639084863],[-122.26244475501773,44.220421369953485],[-122.26698803952445,44.215841011850166],[-122.26685357170682,44.21022204841134],[-122.2620949518751,44.20575586112834],[-122.25456834650191,44.204183862555396],[-122.24720815478493,44.20611890919638],[-122.24288396795836,44.210806601221684],[-122.24328267236008,44.21641912071977],[-122.24824992587193,44.22076754292491],[-122.25499521828351,44.22217639084863]]]}"
0000000000000000001f,7.0,1,32,Aedes sierrensis,2025.0,"{""type"":""Polygon"",""coordinates"":[[[-119.90565985996184,34.623800845668455],[-119.91214750717185,34.62204589509766],[-119.91610439557796,34.61746564893349],[-119.91598757398677,34.61184668143533],[-119.91184331823364,34.60738037982783],[-119.90528807638987,34.605808317606154],[-119.8988777891477,34.607743440862905],[-119.8951119225978,34.61243124192711],[-119.89545944492535,34.61804374938307],[-119.89978553457742,34.62239205540119],[-119.90565985996184,34.623800845668455]]]}"
00000000000000000020,1.0,1,33,Aedes sierrensis,2025.0,"{""type"":""Polygon"",""coordinates"":[[[-121.70945095900072,47.51775082911571],[-121.71735579198891,47.51599577867868],[-121.72217662937314,47.51141537355434],[-121.72203379806611,47.505796411823674],[-121.7169843808294,47.501330272563564],[-121.70899801317067,47.49975830072548],[-121.70118821540511,47.50169331518488],[-121.69659975674082,47.506380961407096],[-121.69702267592689,47.51199348596063],[-121.70229340677471,47.51634195697158],[-121.70945095900072,47.51775082911571]]]}"
00000000000000000021,1.0,1,34,Aedes sierrensis,2025.0,"{""type"":""Polygon"",""coordinates"":[[[-122.92106451993988,49.290354975386784],[-122.92924973532317,49.288599907483885],[-122.93424149260517,49.2840194745603],[-122.93409350624236,49.278400513840346],[-122.92886501014333,49.27393440297178],[-122.92059551756778,49.27236244693922],[-122.91250884887877,49.274297442373],[-122.90775764561303,49.27898506151592],[-122.90819547197923,49.284597589057455],[-122.91365308803087,49.288946088922955],[-122.92106451993988,49.290354975386784]]]}"
00000000000000000022,1.0,1,35,Aedes sierrensis,2025.0,"{""type"":""Polygon"",""coordinates"":[[[-124.00372087841338,41.21770544665366],[-124.01081816218435,41.215950449941786],[-124.01514670529755,41.211370130331396],[-124.01501870252103,41.20575116549554],[-124.01048506785088,41.201284938899384],[-124.0033141801539,41.19971291843983],[-123.99630184788873,41.20164799142637],[-123.99218212296134,41.206335720947436],[-123.9925620869881,41.21194823630566],[-123.99729454239433,41.216296618556974],[-124.00372087841338,41.21770544665366]]]}"
00000000000000000023,1.0,1,36,Aedes sierrensis,2025.0,"{""type"":""Polygon"",""coordinates"":[[[-120.59793083940826,39.575552301701144],[-120.60485710838253,39.573797317282626],[-120.60908139580002,39.56921701724015],[-120.60895653028963,39.56359805169457],[-120.60453212371792,39.55913180511352],[-120.59753393531464,39.557559773527686],[-120.5906904871211,39.55949485990725],[-120.58667002622634,39.56418260848925],[-120.58704089049947,39.56979512174253],[-120.59165935302956,39.57414348368335],[-120.59793083940826,39.575552301701144]]]}"
00000000000000000024,1.0,1,37,Aedes sierrensis,2025.0,"{""type"":""Polygon"",""coordinates"":[[[-122.3006564130708,37.28283860855615],[-122.30736620098581,37.28108364036196],[-122.31145851430517,37.2765033661449],[-122.31133761915679,37.2708843996631],[-122.30705148048939,37.26641812670631],[-122.3002719071385,37.26484608043596],[-122.2936422443561,37.26678118449167],[-122.28974743806275,37.271468958229946],[-122.29010678227156,37.27708146870467],[-122.29458094486633,37.281429803840105],[-122.3006564130708,37.28283860855615]]]}"
00000000000000000027,1.0,1,40,Aedes sierrensis,2025.0,"{""type"":""Polygon"",""coordinates"":[[[-119.06154311234242,37.02213280636538],[-119.06822980731023,37.02037783995272],[-119.07230804235749,37.015797568571486],[-119.07218757069796,37.01017860198691],[-119.06791618166275,37.005712326133875],[-119.06115992897911,37.00414027825104],[-119.05455307166119,37.00607538424774],[-119.05067166947758,37.01076316074834],[-119.05102978474365,37.01637567091794],[-119.05548855422127,37.02072400310995],[-119.06154311234242,37.02213280636538]]]}"
00000000000000000029,1.0,1,42,Aedes sierrensis,2025.0,"{""type"":""Polygon"",""coordinates"":[[[-123.47733737635726,39.084689998636776],[-123.48421519800729,39.082935017779725],[-123.48840995038317,39.07835472340625],[-123.4882859735011,39.072735757655124],[-123.48389251053918,39.06826950528426],[-123.4769432468984,39.066697470475006],[-123.47014764262721,39.06863256073469],[-123.46615530256591,39.07332031483882],[-123.46652358879575,39.07893282748221],[-123.4711097578195,39.0832811835389],[-123.47733737635726,39.084689998636776]]]}"
0000000000000000002a,10.0,1,43,Aedes sierrensis,2025.0,"{""type"":""Polygon"",""coordinates"":[[[-122.70717481970924,38.58428076021696],[-122.71400445683564,38.582525782939996],[-122.71816983433854,38.57794549426518],[-122.7180467412128,38.57232652830744],[-122.71368405402156,38.56786027011649],[-122.70678344983966,38.56628823206695],[-122.7000354300451,38.568223326227056],[-122.69607105828095,38.57291108588218],[-122.69643678039756,38.578523597912486],[-122.70099083105123,38.582871948054276],[-122.70717481970924,38.58428076021696]]]}"
0000000000000000002d,1.0,1,46,Aedes sierrensis,2025.0,"{""type"":""Polygon"",""coordinates"":[[[-119.04317607510329,36.99192685582933],[-119.04986011367572,36.9901718896223],[-119.05393672929067,36.985591618568364],[-119.0538163063449,36.97997265197193],[-119.04954661396872,36.97550637578461],[-119.04279304387593,36.97393432771567],[-119.03618880988473,36.97586943393639],[-119.03230894958381,36.98055721075582],[-119.03266692348345,36.9861697208902],[-119.0371239222814,36.990518052742495],[-119.04317607510329,36.99192685582933]]]}"
00000000000000000031,1.0,1,50,Aedes sierrensis,2025.0,"{""type"":""Polygon"",""coordinates"":[[[-122.42461496325556,40.69012244641416],[-122.43165575824436,40.68836745371763],[-122.43594986419488,40.68378714049863],[-122.43582289779552,40.678168175430926],[-122.43132534280038,40.67370194230718],[-122.42421150014813,40.67212991821351],[-122.41725495271103,40.67406499557455],[-122.41316801619266,40.67875273132142],[-122.41354497452815,40.68436524599214],[-122.41823977642541,40.688713621609516],[-122.42461496325556,40.69012244641416]]]}"
00000000000000000001,17.0,1,2,Aedes sierrensis,2026.0,"{""type"":""Polygon"",""coordinates"":[[[-122.3754533741413,40.577677295149414],[-122.3824823223362,40.57592230330046],[-122.38676920613551,40.57134199143058],[-122.38664245707271,40.56572302631395],[-122.38215246868866,40.56125679181233],[-122.37505058950934,40.559684766951555],[-122.36810574125202,40.561619845235974],[-122.36402568110027,40.56630758229701],[-122.36440200907153,40.57192009682261],[-122.36908891428835,40.57626847103967],[-122.3754533741413,40.577677295149414]]]}"
00000000000000000002,18.0,1,3,Aedes sierrensis,2026.0,"{""type"":""Polygon"",""coordinates"":[[[-121.11418772297203,38.763786332224484],[-121.12103450685063,38.76203135366907],[-121.1252103375832,38.757451062959234],[-121.12508692997305,38.75183209707528],[-121.12071329103749,38.7473658409627],[-121.11379537108546,38.74579380407028],[-121.1070304180602,38.74772889683752],[-121.10305609360904,38.75241665451038],[-121.10342272818662,38.75802916675962],[-121.10798820835939,38.76237751901363],[-121.11418772297203,38.763786332224484]]]}"
00000000000000000003,1.0,1,4,Aedes sierrensis,2026.0,"{""type"":""Polygon"",""coordinates"":[[[-117.86806471538763,34.4135809856048],[-117.87453601324576,34.411826036378244],[-117.87848293450055,34.407245792353855],[-117.87836641271699,34.401626824778184],[-117.87423259941674,34.397160520985324],[-117.86769386816997,34.395588457546914],[-117.86129972676994,34.39752358226826],[-117.85754335006699,34.402211385416805],[-117.85789000231239,34.40782389264247],[-117.86220519392995,34.41217219643964],[-117.86806471538763,34.4135809856048]]]}"
00000000000000000004,17.0,1,5,Aedes sierrensis,2026.0,"{""type"":""Polygon"",""coordinates"":[[[-122.00876365811222,37.273224786684914],[-122.01547258914718,37.27146981855664],[-122.01956438008244,37.2668895444445],[-122.01944350064804,37.2612705779589],[-122.01515790927611,37.256804304894956],[-122.00837920125473,37.255232258564945],[-122.00175038468498,37.25716736269247],[-121.99785607576052,37.261855136532944],[-121.99821537436867,37.267467646996394],[-122.0026889657911,37.27181598202292],[-122.00876365811222,37.273224786684914]]]}"
00000000000000000112,17.0,0,275,Aedes sticticus,2004.96784565916,"{""type"":""Polygon"",""coordinates"":[[[-87.89414796176239,41.793749957142005],[-87.9013086667319,41.7919949559713],[-87.90567587310822,41.78741462926362],[-87.90554670665179,41.781795664685276],[-87.90097256456654,41.77732944533763],[-87.89373763133871,41.77575742891353],[-87.88666266840404,41.777692497042466],[-87.88250613121757,41.782380219650115],[-87.88288946967725,41.787992735771745],[-87.88766419941943,41.792341125389676],[-87.89414796176239,41.793749957142005]]]}"
00000000000000000115,14.0,0,278,Aedes sticticus,2021.48192771084,"{""type"":""Polygon"",""coordinates"":[[[-88.15974985690983,31.866948242072393],[-88.16603603057062,31.865193308619247],[-88.16987009368516,31.860613089703445],[-88.16975696688668,31.85499412121866],[-88.16574139372682,31.850527791782124],[-88.15938961203292,31.8489557140663],[-88.1531782900813,31.850890855973738],[-88.14952936717889,31.85557868358015],[-88.14986616772569,31.861191188103287],[-88.15405796076362,31.86553946583927],[-88.15974985690983,31.866948242072393]]]}"
00000000000000000119,17.0,0,282,Aedes sticticus,2018.86315789474,"{""type"":""Polygon"",""coordinates"":[[[-116.36314932355707,43.71104747349635],[-116.3705350369315,43.709292456884434],[-116.3750394135486,43.704712105598716],[-116.37490611744015,43.69909314191238],[-116.37018826171933,43.69462694766649],[-116.36272610690335,43.693054945217185],[-116.35542894197545,43.694989996524264],[-116.35114180078814,43.69967769519059],[-116.3515371100446,43.70529021395553],[-116.35646182163943,43.709638629084296],[-116.36314932355707,43.71104747349635]]]}"
0000000000000000011d,17.0,0,286,Aedes sticticus,2019.88601036269,"{""type"":""Polygon"",""coordinates"":[[[-87.82775194707658,41.90165128443329],[-87.83492473894567,41.89989628241849],[-87.83929931380794,41.89531595436723],[-87.83916992556118,41.88969698983763],[-87.83458806352056,41.88523077186219],[-87.82734092443158,41.88365875620205],[-87.8202540252805,41.88559382341139],[-87.81609047236398,41.890281544710284],[-87.81647445391238,41.8958940609764],[-87.82125724034498,41.90024245198891],[-87.82775194707658,41.90165128443329]]]}"
0000000000000000011f,17.0,0,288,Aedes sticticus,1998.52212389381,"{""type"":""Polygon"",""coordinates"":[[[-87.79454948063261,41.89334843827178],[-87.80172134008016,41.891593436322026],[-87.80609534651433,41.88701310837431],[-87.80596597537735,41.88139414384096],[-87.80138470887837,41.876927925759766],[-87.79413851138771,41.87535591004076],[-87.78705253303376,41.87729097732097],[-87.78288952133276,41.881978698720715],[-87.78327345327145,41.88759121497571],[-87.78805561818568,41.891939605880744],[-87.79454948063261,41.89334843827178]]]}"
00000000000000000128,5.0,0,297,Aedes sticticus,2019.57894736842,"{""type"":""Polygon"",""coordinates"":[[[-87.41275233023447,32.904447284177635],[-87.41911111592756,32.90269234440839],[-87.42298944579385,32.89811211543838],[-87.4228749872879,32.892493147317566],[-87.4188130363268,32.888026828149506],[-87.41238792676567,32.886454756150805],[-87.40610489690698,32.888389891176395],[-87.40241382696021,32.893077708989175],[-87.40275449159708,32.898690214594545],[-87.40699468571384,32.903038502766165],[-87.41275233023447,32.904447284177635]]]}"
00000000000000000129,17.0,0,298,Aedes sticticus,2006.20471281296,"{""type"":""Polygon"",""coordinates"":[[[-87.81944910091505,41.743950716577125],[-87.82660424974645,41.74219571579504],[-87.8309680689563,41.73761538970594],[-87.83083900445145,41.731996425105145],[-87.82626841109617,41.72753020512574],[-87.81903908869369,41.725958188349935],[-87.81196961263318,41.72789325690224],[-87.80781630045622,41.732580980112445],[-87.8081993432975,41.738193496167526],[-87.81297036951766,41.74254188514341],[-87.81944910091505,41.743950716577125]]]}"
0000000000000000012f,17.0,0,304,Aedes sticticus,1997.58550724638,"{""type"":""Polygon"",""coordinates"":[[[-87.9024508079239,41.735647870415605],[-87.90960503176461,41.73389286969825],[-87.91396828707596,41.72931254371219],[-87.91383923954398,41.72369357910766],[-87.90926923698439,41.71922735902302],[-87.90204084867715,41.71765534218863],[-87.89497228607637,41.71959041081145],[-87.89081951080182,41.72427813412203],[-87.89120250442818,41.72989065016603],[-87.89597291408268,41.73423903903497],[-87.9024508079239,41.735647870415605]]]}"
00000000000000000130,10.0,0,305,Aedes sticticus,2020.7619047619,"{""type"":""Polygon"",""coordinates"":[[[-99.24854871549692,47.14724858168596],[-99.25639828805356,47.145493534750386],[-99.26118543855961,47.14091313519918],[-99.26104362283081,47.13529417326597],[-99.25602950027084,47.130828028313985],[-99.2480989342881,47.12925605330722],[-99.24034370555907,47.13119107158086],[-99.23578732218346,47.135878723231876],[-99.2362073028681,47.14149124718631],[-99.24144120028053,47.14583971241256],[-99.24854871549692,47.14724858168596]]]}"
00000000000000000139,17.0,0,314,Aedes sticticus,1994.97142857143,"{""type"":""Polygon"",""coordinates"":[[[-87.80284786769307,41.84354919770689],[-87.8100141428542,41.841794196146964],[-87.8143847449636,41.83721386881975],[-87.81425547629672,41.83159490426387],[-87.8096777765057,41.82712868554896],[-87.80243721826234,41.82555666947714],[-87.79535675457677,41.82749173718204],[-87.79119698422357,41.832179459186214],[-87.79158061904835,41.837791975374465],[-87.7963590616794,41.84214036563545],[-87.80284786769307,41.84354919770689]]]}"
0000000000000000013a,17.0,0,315,Aedes sticticus,2006.63157894737,"{""type"":""Polygon"",""coordinates"":[[[-114.30474801346747,48.217950090235156],[-114.31276035981948,48.2161950330437],[-114.31764673724852,48.21161461716875],[-114.31750192965683,48.20599565582887],[-114.31238384405005,48.20152952754843],[-114.30428891066863,48.19995756182274],[-114.29637294533407,48.20189256892446],[-114.29172208179226,48.20658020467449],[-114.29215071763404,48.212192730383634],[-114.29749311042744,48.21654121255328],[-114.30474801346747,48.217950090235156]]]}"
0000000000000000013c,17.0,0,317,Aedes sticticus,2014.72483221477,"{""type"":""Polygon"",""coordinates"":[[[-93.68755474163298,41.58625014872095],[-93.69469238794727,41.584495149165534],[-93.69904553716137,41.579914825028986],[-93.69891679380996,41.574295860357346],[-93.6943573793915,41.5698296383838],[-93.68714573178866,41.56825762049778],[-93.68009354006567,41.57019269038647],[-93.67595038706519,41.57488041549863],[-93.67633249866535,41.58049293134371],[-93.68109185833154,41.58484131829295],[-93.68755474163298,41.58625014872095]]]}"
00000000000000000144,14.0,0,325,Aedes sticticus,2013.125,"{""type"":""Polygon"",""coordinates"":[[[-107.73114569957862,48.39225189131331],[-107.73918545350772,48.39049683241173],[-107.74408853849837,48.385916413814876],[-107.74394322702149,48.38029745257395],[-107.73880763632306,48.375831327073406],[-107.7306850272388,48.37425936289529],[-107.7227419975362,48.37619436813414],[-107.71807522559276,48.38088200123277],[-107.71850531864843,48.386494527234476],[-107.72386597962121,48.390843012229354],[-107.73114569957862,48.39225189131331]]]}"
0000000000000000014a,10.0,0,331,Aedes sticticus,2020.93103448276,"{""type"":""Polygon"",""coordinates"":[[[-100.90854718286533,46.77374981834827],[-100.91634215221663,46.77199477489346],[-100.92109601637871,46.76741438088238],[-100.92095520401473,46.76179541874784],[-100.91597595639749,46.75732926813767],[-100.90810052865423,46.75575728998097],[-100.90039922017178,46.757692312046295],[-100.89587453061584,46.76237996909395],[-100.89629160760525,46.767992492452805],[-100.90148910955094,46.772340951928626],[-100.90854718286533,46.77374981834827]]]}"
00000000000000000151,17.0,0,338,Aedes sticticus,2019.76923076923,"{""type"":""Polygon"",""coordinates"":[[[-83.60305245870718,41.735647870415605],[-83.6102066825479,41.73389286969825],[-83.61456993785924,41.72931254371219],[-83.61444089032727,41.72369357910767],[-83.60987088776768,41.71922735902302],[-83.60264249946043,41.71765534218863],[-83.59557393685967,41.719590410811456],[-83.5914211615851,41.72427813412203],[-83.59180415521146,41.729890650166034],[-83.59657456486599,41.734239039034975],[-83.60305245870718,41.735647870415605]]]}"
00000000000000000152,17.0,0,339,Aedes sticticus,2019.65432098765,"{""type"":""Polygon"",""coordinates"":[[[-87.88584957470192,41.75224910363759],[-87.89300564841645,41.75049410279079],[-87.89737003145919,41.74591377659867],[-87.8972409499834,41.74029481200161],[-87.89266976590116,41.73582859212742],[-87.88543950951212,41.73425657541017],[-87.87836912009816,41.73619164389198],[-87.87421527108125,41.740879367001845],[-87.87459836313168,41.74649188306801],[-87.87937000584574,41.75084027215082],[-87.88584957470192,41.75224910363759]]]}"
00000000000000000154,17.0,0,341,Aedes sticticus,2000.72527472527,"{""type"":""Polygon"",""coordinates"":[[[-87.80284786769307,41.851847584767356],[-87.81001507242215,41.85009258314251],[-87.81438624122016,41.845512255711974],[-87.81425695549603,41.83989329115984],[-87.8096786619859,41.835427072550466],[-87.80243716502564,41.83385505653739],[-87.79535578336072,41.835790124171574],[-87.79119547344834,41.84047784607509],[-87.79157915773115,41.84609036227446],[-87.79635821997861,41.85043875264269],[-87.80284786769307,41.851847584767356]]]}"
00000000000000000161,10.0,0,354,Aedes sticticus,2022.43103448276,"{""type"":""Polygon"",""coordinates"":[[[-97.57195347400759,33.41074699508905],[-97.57834907410533,33.408992052183756],[-97.58224984731618,33.4044118182217],[-97.58213471367826,33.39879285028164],[-97.5780492490938,33.394326536212006],[-97.57158696212196,33.392754467051915],[-97.56526757617922,33.3946895986606],[-97.56155513761705,33.39937741161069],[-97.56189776140118,33.40498991775338],[-97.56616249496832,33.409338211106444],[-97.57195347400759,33.41074699508905]]]}"
00000000000000000164,17.0,0,357,Aedes sticticus,2010.94117647059,"{""type"":""Polygon"",""coordinates"":[[[-109.71485260792191,48.566549233290395],[-109.72292003178198,48.56479417266697],[-109.72783998423454,48.560213751329584],[-109.7276941640134,48.55459479018831],[-109.72254090066824,48.55012866748669],[-109.71439035102077,48.54855670486672],[-109.70641999793806,48.55049170822998],[-109.70173716531555,48.555179338659045],[-109.70216872949636,48.56079186495533],[-109.7075478334906,48.565140352794764],[-109.71485260792191,48.566549233290395]]]}"
00000000000000000167,5.0,0,360,Aedes sticticus,2019.96153846154,"{""type"":""Polygon"",""coordinates"":[[[-87.43765195051691,32.88784605095565],[-87.44400954465354,32.886091111288614],[-87.4478871481058,32.88151088248133],[-87.44777271145202,32.875891914354625],[-87.44371152154643,32.871425595020376],[-87.43728761529033,32.869853522929155],[-87.43100576215312,32.87178865806613],[-87.42731538383539,32.876476476037396],[-87.42765598506183,32.88208898162526],[-87.43189538492076,32.88643726962798],[-87.43765195051691,32.88784605095565]]]}"
00000000000000000168,15.0,0,361,Aedes sticticus,2018.89189189189,"{""type"":""Polygon"",""coordinates"":[[[-83.76905141362381,41.53645090815608],[-83.77618356191714,41.53469590898678],[-83.78053335939107,41.53011558546483],[-83.78040471692077,41.52449662077089],[-83.77584881411366,41.52003039816964],[-83.76864271865382,41.518458379934174],[-83.76159595641879,41.52039345024352],[-83.7574559946946,41.525081175954355],[-83.75783781376424,41.53069369173332],[-83.76259350864416,41.53504207804463],[-83.76905141362381,41.53645090815608]]]}"
0000000000000000016b,17.0,0,364,Aedes sticticus,2018.52459016393,"{""type"":""Polygon"",""coordinates"":[[[-116.1307543539546,43.57824652592262],[-116.13812375896725,43.5764915104116],[-116.14261819368738,43.57191116087821],[-116.14248519695306,43.56629219712826],[-116.13777775742278,43.56182600109271],[-116.13033207127424,43.56025399764706],[-116.12305101120518,43.56218905015346],[-116.11877333604747,43.566876750526724],[-116.11916777773855,43.57248926910323],[-116.12408161885952,43.576837682413164],[-116.1307543539546,43.57824652592262]]]}"
0000000000000000016f,14.0,0,368,Aedes sticticus,2019.51351351351,"{""type"":""Polygon"",""coordinates"":[[[-71.17795019642344,42.17554710754016],[-71.18515396874378,42.173792103369806],[-71.18954743007028,42.16921177188751],[-71.18941747332124,42.16359280748241],[-71.18481582393723,42.15912659301112],[-71.17753739951851,42.157554579301845],[-71.17041990617363,42.15948964416288],[-71.16623837094,42.16417736211962],[-71.16662400079346,42.16978987875477],[-71.17142743765874,42.17413827332852],[-71.17795019642344,42.17554710754016]]]}"
00000000000000000171,3.0,0,370,Aedes sticticus,2020.62962962963,"{""type"":""Polygon"",""coordinates"":[[[-84.46624969973429,31.186346730082832],[-84.4724902355489,31.184591800696147],[-84.47629647635752,31.180011588253507],[-84.4761841866423,31.17439261953442],[-84.47219776266554,31.169926283486777],[-84.46589206859146,31.168354202090097],[-84.45972581609661,31.17028934842827],[-84.45610338329246,31.174977182340072],[-84.45643775528356,31.180589686166407],[-84.46059912751635,31.18493795718364],[-84.46624969973429,31.186346730082832]]]}"
00000000000000000174,15.0,0,373,Aedes sticticus,2018.69047619048,"{""type"":""Polygon"",""coordinates"":[[[-116.49595027113078,43.694450699375416],[-116.50333394025496,43.69269568290135],[-116.50783707065754,43.688115331835064],[-116.50770381207614,43.68249636814077],[-116.50298726202281,43.67803017367078],[-116.49552717155039,43.6764581710967],[-116.48823202536278,43.67839322255396],[-116.48394607074056,43.683080921434026],[-116.48434127124847,43.68869344017537],[-116.48926462023172,43.69304185507639],[-116.49595027113078,43.694450699375416]]]}"
0000000000000000017b,14.0,0,380,Aedes sticticus,2019.58181818182,"{""type"":""Polygon"",""coordinates"":[[[-71.3024527569367,42.175547107540154],[-71.30965652925705,42.173792103369806],[-71.31404999058356,42.1692117718875],[-71.3139200338345,42.16359280748241],[-71.30931838445048,42.15912659301112],[-71.30203996003179,42.15755457930184],[-71.2949224666869,42.15948964416287],[-71.29074093145327,42.1641773621196],[-71.29112656130673,42.16978987875476],[-71.295929998172,42.174138273328516],[-71.3024527569367,42.175547107540154]]]}"
00000000000000000189,17.0,0,394,Aedes sticticus,2016.33333333333,"{""type"":""Polygon"",""coordinates"":[[[-76.74725147554994,38.94685026687265],[-76.75411590455748,38.94509528700679],[-76.75830249234141,38.94051499421105],[-76.75817876109987,38.934896028402704],[-76.75379385210509,38.930429774420496],[-76.74685811310434,38.92885773871415],[-76.74007573468784,38.93079283005369],[-76.73609116827163,38.93548058569467],[-76.73645874182448,38.94109309816833],[-76.74103598371484,38.94544145258742],[-76.74725147554994,38.94685026687265]]]}"
0000000000000000018b,17.0,0,396,Aedes sticticus,2013.800048828125,"{""type"":""Polygon"",""coordinates"":[[[-76.92154881752704,39.01324628155846],[-76.928419686155,39.011491301215635],[-76.93261019974211,39.006911007660676],[-76.93248635038907,39.00129204187987],[-76.92809732836706,38.99682578867305],[-76.92115508627633,38.99525375339838],[-76.91436634843566,38.99718884421829],[-76.91037804419668,39.00187659911973],[-76.91074596042844,39.00748911167508],[-76.9153274947768,39.01183746688218],[-76.92154881752704,39.01324628155846]]]}"
00000000000000000191,17.0,0,402,Aedes sticticus,2019.67231638418,"{""type"":""Polygon"",""coordinates"":[[[-87.88584957470192,41.86844881798934],[-87.89301864024183,41.86669381623457],[-87.89739094343808,41.86211348859723],[-87.89726162356865,41.85649452405261],[-87.89268214155057,41.852028305654436],[-87.88543876546515,41.850456289758945],[-87.87835554618762,41.852391357251584],[-87.87419415618467,41.85707907895366],[-87.87457793947264,41.86269159517527],[-87.87935824206927,41.86703998575816],[-87.88584957470192,41.86844881798934]]]}"
000000000000000001a6,17.0,0,423,Aedes sticticus,2000.75179856115,"{""type"":""Polygon"",""coordinates"":[[[-87.81944910091505,41.91824805855423],[-87.8266237578043,41.91649305640933],[-87.83099946963061,41.911912728151],[-87.83087004716099,41.90629376362892],[-87.82628699392397,41.90182754586495],[-87.81903797145968,41.90025553032255],[-87.8119492305397,41.90219059739017],[-87.80778459508936,41.90687831848735],[-87.80816867586651,41.91249083477575],[-87.81295270545384,41.9168392260032],[-87.81944910091505,41.91824805855423]]]}"
000000000000000001b0,17.0,0,433,Aedes sticticus,1998.32283464567,"{""type"":""Polygon"",""coordinates"":[[[-87.86924834147995,41.75224910363759],[-87.87640441519447,41.75049410279078],[-87.88076879823721,41.74591377659866],[-87.88063971676142,41.74029481200162],[-87.87606853267918,41.73582859212742],[-87.86883827629015,41.73425657541017],[-87.86176788687618,41.73619164389198],[-87.85761403785928,41.740879367001845],[-87.8579971299097,41.746491883068],[-87.86276877262377,41.75084027215081],[-87.86924834147995,41.75224910363759]]]}"
000000000000000001b2,15.0,0,435,Aedes sticticus,2018.79259259259,"{""type"":""Polygon"",""coordinates"":[[[-116.38804448473846,43.694450699375416],[-116.39542815386264,43.69269568290135],[-116.39993128426522,43.68811533183507],[-116.39979802568382,43.68249636814077],[-116.39508147563048,43.67803017367078],[-116.38762138515807,43.6764581710967],[-116.38032623897044,43.67839322255396],[-116.37604028434824,43.683080921434026],[-116.37643548485613,43.68869344017537],[-116.3813588338394,43.69304185507639],[-116.38804448473846,43.694450699375416]]]}"
000000000000000001c1,14.0,0,450,Aedes sticticus,2020.21698113208,"{""type"":""Polygon"",""coordinates"":[[[-87.80284786769307,32.54754975406194],[-87.80918125187,32.545794816481845],[-87.81304409609974,32.54121459099659],[-87.81293010344314,32.53559562274962],[-87.8088843766079,32.53112930002253],[-87.80248491900599,32.52955722604229],[-87.79622697440212,32.53149236345311],[-87.79255064855326,32.53618018466034],[-87.79288996141791,32.54179268989062],[-87.79711322360782,32.54614097444527],[-87.80284786769307,32.54754975406194]]]}"
000000000000000001c2,15.0,0,451,Aedes sticticus,2020.68571428571,"{""type"":""Polygon"",""coordinates"":[[[-95.18984818204417,39.05474713506288],[-95.19672308659109,39.052992154421474],[-95.20091606060599,39.048411860391255],[-95.20079213722818,39.04279289462768],[-95.19640053743872,39.03832664190625],[-95.1894542196514,39.03675460690182],[-95.18266149615411,39.03868969739644],[-95.17867084930039,39.04337745183492],[-95.17903898029965,39.0489899644414],[-95.1836232048703,39.05333832014182],[-95.18984818204417,39.05474713506288]]]}"
000000000000000001c4,17.0,0,453,Aedes sticticus,2009.62368421053,"{""type"":""Polygon"",""coordinates"":[[[-87.9024508079239,41.89334843827178],[-87.90962266737147,41.891593436322026],[-87.91399667380561,41.88701310837431],[-87.91386730266865,41.88139414384096],[-87.90928603616966,41.876927925759766],[-87.90203983867902,41.87535591004075],[-87.89495386032505,41.87729097732095],[-87.89079084862406,41.88197869872071],[-87.89117478056274,41.8875912149757],[-87.89595694547697,41.89193960588074],[-87.9024508079239,41.89334843827178]]]}"
000000000000000001c9,17.0,0,458,Aedes sticticus,2019.80612244898,"{""type"":""Polygon"",""coordinates"":[[[-87.86924834147995,41.81864957742445],[-87.876411829786,41.81689457605921],[-87.88078073295647,41.81231424904188],[-87.88065151542723,41.80669528447477],[-87.8760755956127,41.80222906544337],[-87.86883785165348,41.80065704919535],[-87.8617601400805,41.80259211711235],[-87.85760198733182,41.80727983941838],[-87.85798547388056,41.8128923555733],[-87.8627620588946,41.817240745512635],[-87.86924834147995,41.81864957742445]]]}"
000000000000000001ca,17.0,0,459,Aedes sticticus,2015.26966292135,"{""type"":""Polygon"",""coordinates"":[[[-93.57964895524064,41.553047682277004],[-93.58678293433944,41.551292682979096],[-93.5911338479213,41.54671235925241],[-93.59100517185833,41.541093394565905],[-93.5864480997073,41.53662717217375],[-93.57924015541953,41.53505515405468],[-93.5721915851999,41.53699022422389],[-93.56805056080131,41.54167794973532],[-93.56843247728183,41.5472904655363],[-93.57318939251199,41.551638852060115],[-93.57964895524064,41.553047682277004]]]}"
000000000000000001d2,5.0,0,467,Aedes sticticus,2020.41176470588,"{""type"":""Polygon"",""coordinates"":[[[-76.53974720802785,38.91365225952974],[-76.54660842520265,38.911897279902036],[-76.55079305494806,38.90731698748536],[-76.5506693826156,38.90169802166328],[-76.54628652503926,38.89723176729393],[-76.53935402952794,38.89565973137202],[-76.5325748229459,38.897594822971016],[-76.52859212081066,38.90228257898126],[-76.52895952344821,38.90789509141413],[-76.53353462442686,38.91224344543976],[-76.53974720802785,38.91365225952974]]]}"
000000000000000001d9,17.0,0,474,Aedes sticticus,2009.16076294278,"{""type"":""Polygon"",""coordinates"":[[[-87.82775194707658,41.8850500512113],[-87.83492287499598,41.88329504932656],[-87.83929631354665,41.87871472148231],[-87.83916695950303,41.873095756945204],[-87.83458628797511,41.86862953875834],[-87.82734103118065,41.867057522980495],[-87.82025597274156,41.86899259033153],[-87.81609350173753,41.87368031183206],[-87.81647738411401,41.879292828075926],[-87.82125892810534,41.88364121887356],[-87.82775194707658,41.8850500512113]]]}"
000000000000000001e5,17.0,0,486,Aedes sticticus,2008.48571428571,"{""type"":""Polygon"",""coordinates"":[[[-114.06405019770352,46.8484486791956],[-114.07185600020924,46.84669363504851],[-114.07661646831669,46.842113239935586],[-114.07647545689792,46.83649427784109],[-114.07148929016697,46.83202812835624],[-114.06360292310191,46.83045615082601],[-114.05589091694584,46.83239117213723],[-114.0513599394058,46.837078828111586],[-114.05177759249301,46.84269135158889],[-114.0569823152262,46.84703981220837],[-114.06405019770352,46.8484486791956]]]}"
000000000000000001e7,17.0,0,488,Aedes sticticus,2019.71875,"{""type"":""Polygon"",""coordinates"":[[[-71.11984810969703,42.233649194266555],[-71.12705850963044,42.231894189636535],[-71.13145601131352,42.2273138574226],[-71.13132593294124,42.221694893044045],[-71.12672005047419,42.217228679319994],[-71.11943493322713,42.215656666026725],[-71.11231089490738,42.217591730387],[-71.1081255127372,42.22227944763104],[-71.1085114952063,42.227891964344884],[-71.11331934979232,42.23224035967805],[-71.11984810969703,42.233649194266555]]]}"
000000000000000001ea,5.0,0,491,Aedes sticticus,2019.35714285714,"{""type"":""Polygon"",""coordinates"":[[[-71.32734791811808,42.05934739318841],[-71.33453849435091,42.05759238993482],[-71.33892391101297,42.053012059911744],[-71.33879419642074,42.0473930954537],[-71.33420097543184,42.04292687949208],[-71.32693587695672,42.04135486495311],[-71.31983141516727,42.043289930812875],[-71.3156575394806,42.04797765019103],[-71.31604246724454,42.05359016666924],[-71.32083710808472,42.05793855972839],[-71.32734791811808,42.05934739318841]]]}"
000000000000000001f6,17.0,0,503,Aedes sticticus,2010.5999755859375,"{""type"":""Polygon"",""coordinates"":[[[-76.78874786995331,38.872151406025324],[-76.79560507947433,38.870396426695],[-76.7997872660223,38.86581613475171],[-76.79966366719502,38.860197168912464],[-76.79528336933326,38.85573091405964],[-76.7883549209768,38.85415887786857],[-76.78157967214011,38.85609396979157],[-76.77759929621342,38.86078172626292],[-76.77796648558633,38.86639423864487],[-76.78253891518251,38.87074259217916],[-76.78874786995331,38.872151406025324]]]}"
000000000000000001f7,10.0,0,504,Aedes sticticus,2022.61904761905,"{""type"":""Polygon"",""coordinates"":[[[-97.60514702224945,33.41074699508905],[-97.61154262234716,33.408992052183756],[-97.61544339555802,33.4044118182217],[-97.6153282619201,33.39879285028164],[-97.61124279733565,33.394326536212006],[-97.60478051036381,33.392754467051915],[-97.59846112442106,33.394689598660605],[-97.59474868585889,33.3993774116107],[-97.59509130964302,33.40498991775338],[-97.59935604321018,33.40933821110645],[-97.60514702224945,33.41074699508905]]]}"
000000000000000001f9,5.0,0,506,Aedes sticticus,2022.44444444444,"{""type"":""Polygon"",""coordinates"":[[[-95.18984818204417,39.04644874800242],[-95.19672227891304,39.044693767420746],[-95.2009147605411,39.04011347348561],[-95.20079085197732,39.03449450771858],[-95.19639976805705,39.03002825490005],[-95.18945426590811,39.02845621984156],[-95.1826623400302,39.03039131040126],[-95.17867216198631,39.035079064932354],[-95.17904025000581,39.04069157752859],[-95.18362393620257,39.045039933130326],[-95.18984818204417,39.04644874800242]]]}"
000000000000000001fa,5.0,0,507,Aedes sticticus,2020.45833333333,"{""type"":""Polygon"",""coordinates"":[[[-84.31684751893859,35.92564877552515],[-84.32344028259162,35.92389381647422],[-84.32746125376303,35.919313556811325],[-84.3273425046038,35.91369458980215],[-84.32313111019191,35.909228301981045],[-84.31646971517347,35.90765624743499],[-84.30995561991107,35.90959136145238],[-84.30612873938466,35.91427914936767],[-84.30648185582875,35.91989165827632],[-84.31087801326042,35.92423997830534],[-84.31684751893859,35.92564877552515]]]}"
000000000000000001fb,14.0,0,508,Aedes sticticus,2015.0999755859375,"{""type"":""Polygon"",""coordinates"":[[[-92.40934896556166,42.53244909675689],[-92.41659376074506,42.53069408974956],[-92.4210122306017,42.52611375375157],[-92.42088152101871,42.520494789510344],[-92.41625367017376,42.516028579650964],[-92.40893381927008,42.51445656850926],[-92.40177581460503,42.51639163027963],[-92.39757046803287,42.52107934383766],[-92.39795828044217,42.526691860958486],[-92.40278906160636,42.53104026021932],[-92.40934896556166,42.53244909675689]]]}"
000000000000000001ff,17.0,0,512,Aedes sticticus,2017.875,"{""type"":""Polygon"",""coordinates"":[[[-83.70265093983694,41.56134606933746],[-83.70978583491552,41.55959106997523],[-83.7141373069031,41.555010746146145],[-83.71400861403319,41.54939178146335],[-83.70945095684164,41.54492555917577],[-83.70224208755721,41.54335354111494],[-83.69519261277549,41.54528861121407],[-83.69105105670474,41.54997633662574],[-83.69143302192138,41.55558885243774],[-83.69619054771127,41.559937239067835],[-83.70265093983694,41.56134606933746]]]}"
0000000000000000020a,17.0,0,523,Aedes sticticus,2018.75438596491,"{""type"":""Polygon"",""coordinates"":[[[-83.71925217305893,41.627751002225374],[-83.72639441182578,41.62599600234773],[-83.73075036072079,41.62141567769827],[-83.73062153310346,41.61579671304524],[-83.72605918546456,41.611330491595524],[-83.71884290020267,41.60975847400116],[-83.71178617327337,41.611693543538784],[-83.70764035462561,41.616381268151336],[-83.70802271057337,41.62199378405157],[-83.71278513140543,41.62634217153318],[-83.71925217305893,41.627751002225374]]]}"
0000000000000000020b,17.0,0,524,Aedes sticticus,2016.70833333333,"{""type"":""Polygon"",""coordinates"":[[[-93.61284696258355,41.627751002225374],[-93.61998920135039,41.62599600234773],[-93.6243451502454,41.62141567769827],[-93.6242163226281,41.61579671304524],[-93.61965397498918,41.611330491595524],[-93.6124376897273,41.60975847400116],[-93.605380962798,41.611693543538784],[-93.60123514415022,41.616381268151336],[-93.60161750009799,41.62199378405157],[-93.60637992093005,41.626342171533196],[-93.61284696258355,41.627751002225374]]]}"
0000000000000000020f,17.0,0,528,Aedes sticticus,2013.79487179487,"{""type"":""Polygon"",""coordinates"":[[[-93.61284696258355,41.61944815606387],[-93.61998828179115,41.61769315625072],[-93.62434367009848,41.61311283170393],[-93.62421485935401,41.60749386704717],[-93.61965309904178,41.6030276454926],[-93.61243774239088,41.601455627839854],[-93.60538192355817,41.60339069744776],[-93.6012366386602,41.608078422160304],[-93.60161894568164,41.61369093804951],[-93.60638075356817,41.618039325424554],[-93.61284696258355,41.61944815606387]]]}"
00000000000000000210,14.0,0,529,Aedes sticticus,2006.75656324582,"{""type"":""Polygon"",""coordinates"":[[[-87.89414796176239,41.835246351545386],[-87.90131330724778,41.833491350050394],[-87.90568334260281,41.82891102282654],[-87.90555409099512,41.82329205826691],[-87.90097698499204,41.81882583944643],[-87.89373736557455,41.817253823315845],[-87.88665781997483,41.819188891091486],[-87.8824985892434,41.82387661319634],[-87.88288217460433,41.82948912937348],[-87.88765999754709,41.83383751952718],[-87.89414796176239,41.835246351545386]]]}"
00000000000000000213,15.0,0,532,Aedes sticticus,2012.97727272727,"{""type"":""Polygon"",""coordinates"":[[[-111.9807492673315,46.66584849105699],[-111.98852866464661,46.66409344859874],[-111.99327303600961,46.659513056173886],[-111.99313250976628,46.65389409398171],[-111.98816320797927,46.649427941751526],[-111.98030350489702,46.64785596269296],[-111.97261757371936,46.649790985843886],[-111.96810192277952,46.65447864443668],[-111.96851817165185,46.660091167625005],[-111.97370529412417,46.6644396254544],[-111.9807492673315,46.66584849105699]]]}"
00000000000000000215,17.0,0,534,Aedes sticticus,2014.42857142857,"{""type"":""Polygon"",""coordinates"":[[[-76.78874786995331,38.996649507437525],[-76.7956171268952,38.99489452721401],[-76.79980665794585,38.99031423384897],[-76.79968283815343,38.98469526806128],[-76.79529484552573,38.9802290146605],[-76.78835423100587,38.978656979277844],[-76.78156708477988,38.98059207022774],[-76.77757971603035,38.985279825314166],[-76.77794754649769,38.990892337849075],[-76.78252800654447,38.99524069285906],[-76.78874786995331,38.996649507437525]]]}"
00000000000000000218,15.0,0,537,Aedes sticticus,2014.04901960784,"{""type"":""Polygon"",""coordinates"":[[[-93.59625464756367,42.00954815262352],[-93.60343959222685,42.007793149761795],[-93.60782157574198,42.003212820362464],[-93.60769196449094,41.99759385588178],[-93.60310234040908,41.99312763928314],[-93.59584292892404,41.991555624389505],[-93.58874402849125,41.993490690676175],[-93.58457342159721,41.998178410661914],[-93.58495804973516,42.003790927073034],[-93.58974893677747,42.00813931948478],[-93.59625464756367,42.00954815262352]]]}"
0000000000000000021e,14.0,0,543,Aedes sticticus,2021.13513513514,"{""type"":""Polygon"",""coordinates"":[[[-88.19294786425273,31.833750234729475],[-88.1992317757197,31.83199530147607],[-88.20306445972636,31.827415082878208],[-88.20295137441899,31.821796114381915],[-88.19893724613718,31.81732978462066],[-88.19258774893456,31.815757706724032],[-88.18637866100535,31.8176928488491],[-88.18273105117417,31.82238067676522],[-88.18306773133959,31.82799318125414],[-88.18725801646639,31.8323414586601],[-88.19294786425273,31.833750234729475]]]}"
0000000000000000021f,14.0,0,544,Aedes sticticus,2019.61111111111,"{""type"":""Polygon"",""coordinates"":[[[-88.2012462513132,31.825447388567955],[-88.20752959758804,31.823692455364476],[-88.21136193703494,31.81911223684611],[-88.21124886209385,31.813493268346935],[-88.20723509480396,31.8090269385045],[-88.2008861683643,31.80745486056269],[-88.19467763858877,31.809390002742152],[-88.19103035681857,31.8140778307357],[-88.19136700690764,31.819690335216055],[-88.19555691529418,31.82403861253952],[-88.2012462513132,31.825447388567955]]]}"
00000000000000000222,14.0,0,547,Aedes sticticus,2016.75438596491,"{""type"":""Polygon"",""coordinates"":[[[-76.78874786995331,39.05474713506288],[-76.79562277450023,39.052992154421474],[-76.79981574851513,39.048411860391255],[-76.79969182513732,39.04279289462768],[-76.79530022534787,39.03832664190625],[-76.78835390756053,39.03675460690182],[-76.78156118406324,39.03868969739644],[-76.77757053720953,39.04337745183492],[-76.7779386682088,39.048989964441404],[-76.78252289277944,39.05333832014181],[-76.78874786995331,39.05474713506288]]]}"
00000000000000000223,14.0,0,548,Aedes sticticus,2019.4358974359,"{""type"":""Polygon"",""coordinates"":[[[-71.25264905727076,42.13404625403573],[-71.25984810763791,42.132291250193184],[-71.26423869034441,42.12771091923266],[-71.26410882024696,42.12209195480864],[-71.2595101867936,42.11762573980444],[-71.25223653079333,42.116053725798494],[-71.24512370052608,42.11798879101664],[-71.24094490610645,42.12267650948164],[-71.24133028473207,42.12828902606067],[-71.24613057411807,42.13263742009284],[-71.25264905727076,42.13404625403573]]]}"
00000000000000000227,5.0,0,552,Aedes sticticus,2016.69047619048,"{""type"":""Polygon"",""coordinates"":[[[-93.47174762794936,41.56134606933747],[-93.47888252302793,41.55959106997523],[-93.48323399501551,41.555010746146145],[-93.48310530214559,41.54939178146335],[-93.47854764495403,41.544925559175766],[-93.47133877566962,41.54335354111493],[-93.4642893008879,41.54528861121407],[-93.46014774481716,41.54997633662574],[-93.4605297100338,41.55558885243774],[-93.4652872358237,41.559937239067835],[-93.47174762794936,41.56134606933747]]]}"
0000000000000000022a,17.0,0,555,Aedes sticticus,2019.08333333333,"{""type"":""Polygon"",""coordinates"":[[[-116.25524799626575,43.73595155287985],[-116.26263678040205,43.73419653606093],[-116.26714302901487,43.72961618444574],[-116.26700967653503,43.723997220771366],[-116.26228985951138,43.719531026861965],[-116.25482460375089,43.71795902459999],[-116.24752440638123,43.71989407568157],[-116.24323548280023,43.724581774026966],[-116.24363095541263,43.730194292827335],[-116.24855771384838,43.73454270829808],[-116.25524799626575,43.73595155287985]]]}"
00000000000000000242,17.0,0,579,Aedes sticticus,1997.63043478261,"{""type"":""Polygon"",""coordinates"":[[[-87.8775467285404,41.86844881798934],[-87.88471579408031,41.86669381623457],[-87.88908809727656,41.86211348859723],[-87.88895877740713,41.856494524052614],[-87.88437929538904,41.852028305654436],[-87.87713591930363,41.850456289758945],[-87.8700527000261,41.852391357251584],[-87.86589131002314,41.85707907895366],[-87.86627509331112,41.86269159517527],[-87.87105539590775,41.86703998575816],[-87.8775467285404,41.86844881798934]]]}"
00000000000000000245,1.0,0,582,Aedes sticticus,2019.77083333333,"{""type"":""Polygon"",""coordinates"":[[[-72.22374762558916,42.432850615627146],[-72.23098089758842,42.43109560941475],[-72.23539234263802,42.426515274682096],[-72.23526184452936,42.42089631039495],[-72.23064135358509,42.41643009924327],[-72.22333313923177,42.41485808738212],[-72.21618651405093,42.416793150018506],[-72.21198785600315,42.4214808648091],[-72.212375055346,42.427093381793846],[-72.21719815559302,42.431441779741306],[-72.22374762558916,42.432850615627146]]]}"
0000000000000000024a,3.0,0,587,Aedes sticticus,2021.10810810811,"{""type"":""Polygon"",""coordinates"":[[[-84.46624969973429,31.202947963304812],[-84.47249133040593,31.201193033819635],[-84.47629823867399,31.196612821220217],[-84.47618592887613,31.190993852506807],[-84.47219880560746,31.18652751661928],[-84.46589200588778,31.18495543531175],[-84.4597246721731,31.18689058154261],[-84.45610160386862,31.191578415301702],[-84.45643603412006,31.19719091914492],[-84.46059813615067,31.201539190324873],[-84.46624969973429,31.202947963304812]]]}"
0000000000000000024f,17.0,0,592,Aedes sticticus,2013.239990234375,"{""type"":""Polygon"",""coordinates"":[[[-96.35185424376374,42.4411490026876],[-96.35908847362192,42.43939399640907],[-96.36350050260523,42.43481366157115],[-96.36336998691806,42.42919469728782],[-96.35874888418567,42.424728486243666],[-96.35143970254963,42.423156474442365],[-96.34429213145458,42.4250915370067],[-96.34009291742655,42.42977925169475],[-96.34048016773042,42.435391768690806],[-96.34530390644997,42.43974016674754],[-96.35185424376374,42.4411490026876]]]}"
00000000000000000255,17.0,0,598,Aedes sticticus,2017.57142857143,"{""type"":""Polygon"",""coordinates"":[[[-76.88005242312367,38.87215140602532],[-76.88690963264469,38.870396426694995],[-76.89109181919267,38.865816134751704],[-76.89096822036538,38.86019716891246],[-76.88658792250364,38.85573091405964],[-76.87965947414718,38.85415887786857],[-76.87288422531047,38.85609396979157],[-76.86890384938378,38.860781726262914],[-76.86927103875671,38.866394238644865],[-76.87384346835287,38.87074259217916],[-76.88005242312367,38.87215140602532]]]}"
00000000000000000257,17.0,0,600,Aedes sticticus,2013.34482758621,"{""type"":""Polygon"",""coordinates"":[[[-90.53354784361069,41.553047682277],[-90.54068182270949,41.551292682979096],[-90.54503273629135,41.54671235925241],[-90.54490406022838,41.541093394565905],[-90.54034698807735,41.53662717217374],[-90.53313904378957,41.53505515405468],[-90.52609047356995,41.5369902242239],[-90.52194944917136,41.54167794973532],[-90.52233136565188,41.5472904655363],[-90.52708828088204,41.551638852060115],[-90.53354784361069,41.553047682277]]]}"
0000000000000000025e,10.0,0,607,Aedes sticticus,2020.53846153846,"{""type"":""Polygon"",""coordinates"":[[[-100.90854718286533,46.80694782569118],[-100.91634696138519,46.80519278192894],[-100.92110375724117,46.80061238742856],[-100.92096285651132,46.794993425311795],[-100.91598053728771,46.790527275201356],[-100.90810025324384,46.78895529732287],[-100.90039419573586,46.79089031905331],[-100.8958667147514,46.795577975624326],[-100.89628404748892,46.80119049903578],[-100.9014847549635,46.80553895901948],[-100.90854718286533,46.80694782569118]]]}"
00000000000000000260,15.0,0,609,Aedes sticticus,2019.33333333333,"{""type"":""Polygon"",""coordinates"":[[[-83.83544742830962,41.627751002225374],[-83.84258966707647,41.62599600234773],[-83.84694561597148,41.62141567769827],[-83.84681678835418,41.61579671304524],[-83.84225444071527,41.611330491595524],[-83.83503815545336,41.60975847400116],[-83.82798142852407,41.611693543538784],[-83.8238356098763,41.61638126815133],[-83.82421796582406,41.621993784051575],[-83.82898038665611,41.62634217153319],[-83.83544742830962,41.627751002225374]]]}"
00000000000000000261,14.0,0,610,Aedes sticticus,2020.67741935484,"{""type"":""Polygon"",""coordinates"":[[[-88.19294786425273,31.825447388567955],[-88.19923121052757,31.823692455364476],[-88.20306354997447,31.819112236846102],[-88.20295047503339,31.813493268346935],[-88.1989367077435,31.809026938504505],[-88.19258778130384,31.80745486056269],[-88.18637925152831,31.809390002742152],[-88.18273196975811,31.8140778307357],[-88.18306861984718,31.819690335216055],[-88.18725852823371,31.82403861253952],[-88.19294786425273,31.825447388567955]]]}"
00000000000000000266,15.0,0,615,Aedes sticticus,2013.05208333333,"{""type"":""Polygon"",""coordinates"":[[[-93.59625464756367,42.05104900612794],[-93.60344428437956,42.04929400293969],[-93.60782912834942,42.04471367302063],[-93.60769943099588,42.0390947085588],[-93.60310681001647,42.034628492490974],[-93.595842660203,42.033056477892856],[-93.58873912611797,42.03499154382381],[-93.58456579570718,42.03967926330328],[-93.58495067348979,42.045291779770295],[-93.58974468814914,42.049640172721496],[-93.59625464756367,42.05104900612794]]]}"
00000000000000000267,15.0,0,616,Aedes sticticus,2019.0612244898,"{""type"":""Polygon"",""coordinates"":[[[-78.04205402574219,39.04644874800242],[-78.04892812261106,39.044693767420746],[-78.05312060423913,39.04011347348561],[-78.05299669567535,39.034494507718584],[-78.04860561175508,39.03002825490005],[-78.04166010960613,39.02845621984156],[-78.03486818372821,39.03039131040126],[-78.03087800568433,39.035079064932354],[-78.03124609370381,39.04069157752859],[-78.03582977990057,39.04503993313032],[-78.04205402574219,39.04644874800242]]]}"
0000000000000000026c,5.0,0,621,Aedes sticticus,2018.80459770115,"{""type"":""Polygon"",""coordinates"":[[[-83.79395103390625,41.57794730255944],[-83.80108776259219,41.57619230306845],[-83.80544035239565,41.57161197903443],[-83.80531162588152,41.56599301435908],[-83.8007527975565,41.561526792280794],[-83.79354207661494,41.55995477433649],[-83.78649079108193,41.56188984429536],[-83.78234817071048,41.566577569507395],[-83.7827302334869,41.57219008534144],[-83.78748898149455,41.576538472184254],[-83.79395103390625,41.57794730255944]]]}"
00000000000000000271,17.0,0,626,Aedes sticticus,2013.7358490566,"{""type"":""Polygon"",""coordinates"":[[[-92.44255143200562,42.54074748381737],[-92.44979718992829,42.53899247674369],[-92.45421624669353,42.53441214064009],[-92.45408551944205,42.528793176402694],[-92.44945705369199,42.524326966651174],[-92.44213623057786,42.52275495556952],[-92.43497727517969,42.5246900172676],[-92.43077136979457,42.529377730722764],[-92.43115923342414,42.53499024785495],[-92.4359906563136,42.539338647225385],[-92.44255143200562,42.54074748381737]]]}"
0000000000000000027b,17.0,0,636,Aedes sticticus,2019.53571428571,"{""type"":""Polygon"",""coordinates"":[[[-71.33564630517854,42.150651946358764],[-71.3428472437393,42.14889694238511],[-71.34723897753562,42.144316611215885],[-71.3471090727884,42.13869764679943],[-71.3425092333381,42.134231432008384],[-71.33523367056377,42.132659418121094],[-71.32811897564568,42.1345944831964],[-71.32393908524155,42.139282201458116],[-71.32432456432711,42.144894718059604],[-71.32912611231318,42.14924311230839],[-71.33564630517854,42.150651946358764]]]}"
0000000000000000027e,14.0,0,639,Aedes sticticus,2020.62790697674,"{""type"":""Polygon"",""coordinates"":[[[-87.81115071385459,32.53925136700147],[-87.8174835127423,32.53749642947208],[-87.82134600015978,32.532916204067526],[-87.82123201823723,32.52729723581763],[-87.81718666523027,32.52283091300812],[-87.81078779868785,32.52125883898201],[-87.80453043208578,32.52319397644805],[-87.80085444596313,32.52788179773388],[-87.80119372768111,32.533494302955475],[-87.80541659973403,32.53784258742638],[-87.81115071385459,32.53925136700147]]]}"
0000000000000000027f,10.0,0,640,Aedes sticticus,2006.66666666667,"{""type"":""Polygon"",""coordinates"":[[[-114.055747351542,46.649251716936064],[-114.06352436161882,46.647496674630744],[-114.06826727770742,46.64291628244931],[-114.06812679532628,46.637297320248294],[-114.06315901826412,46.6328311677695],[-114.05530172581956,46.63125918857253],[-114.0476181520288,46.63319421189006],[-114.04310388673507,46.637881870719966],[-114.04352000865367,46.64349439388212],[-114.04870553992191,46.647842851458854],[-114.055747351542,46.649251716936064]]]}"
0000000000000000029d,17.0,0,670,Aedes sticticus,2019.7037037037,"{""type"":""Polygon"",""coordinates"":[[[-71.22775389608937,42.20044672782259],[-71.23496050627011,42.198691723455354],[-71.23935569762655,42.19411139165969],[-71.23922568880015,42.188492427265956],[-71.23462222686327,42.18402621311472],[-71.22734093665949,42.18245419958363],[-71.22022064083855,42.18438926423018],[-71.21603745839515,42.18907698188165],[-71.21642323923437,42.19468949855051],[-71.22122856771213,42.19903789344954],[-71.22775389608937,42.20044672782259]]]}"
0000000000000000029f,15.0,0,672,Aedes sticticus,2006.800048828125,"{""type"":""Polygon"",""coordinates"":[[[-106.54424893577871,48.143251229387836],[-106.55224961606284,48.14149617292572],[-106.55712888188947,48.13691575821159],[-106.55698428876646,48.13129679682952],[-106.55187365422557,48.12683066736352],[-106.54379050105797,48.12525870097783],[-106.53588605572077,48.127193708873996],[-106.53124196360994,48.1318813457548],[-106.53166997917567,48.137493871339174],[-106.53700459608878,48.14184235230392],[-106.54424893577871,48.143251229387836]]]}"
000000000000000002b7,14.0,0,696,Aedes sticticus,2006.53333333333,"{""type"":""Polygon"",""coordinates"":[[[-111.49935363580357,45.9271493514421],[-111.50702879842719,45.925394315701446],[-111.51170962751999,45.92081393396876],[-111.51157101621212,45.91519497138811],[-111.50666828899642,45.91072880823795],[-111.49891384269165,45.90915682310012],[-111.4913308431625,45.91109185356884],[-111.48687569411716,45.91577952257686],[-111.48728639952606,45.92139204461567],[-111.49240404461156,45.925740491347035],[-111.49935363580357,45.9271493514421]]]}"
000000000000000002b8,5.0,0,697,Aedes sticticus,2021.125,"{""type"":""Polygon"",""coordinates"":[[[-95.19815102820569,39.05474713506288],[-95.2050259327526,39.052992154421474],[-95.2092189067675,39.048411860391255],[-95.20909498338969,39.04279289462768],[-95.20470338360025,39.03832664190625],[-95.19775706581291,39.03675460690182],[-95.19096434231562,39.03868969739644],[-95.1869736954619,39.04337745183492],[-95.18734182646116,39.048989964441404],[-95.19192605103181,39.05333832014181],[-95.19815102820569,39.05474713506288]]]}"
000000000000000002b9,17.0,0,698,Aedes sticticus,2008.13333333333,"{""type"":""Polygon"",""coordinates"":[[[-114.2715544652256,48.22624847729562],[-114.27956811051642,48.22449342002301],[-114.28445527977459,48.219913004018885],[-114.28431044830283,48.21429404268371],[-114.27919153306972,48.20982791453519],[-114.27109528804078,48.20825594888295],[-114.26317804003203,48.21019095589626],[-114.25852642253662,48.21487859152046],[-114.25895512744157,48.22049111724349],[-114.26429838602704,48.22483959954722],[-114.2715544652256,48.22624847729562]]]}"
000000000000000002bc,10.0,0,701,Aedes sticticus,2021.77777777778,"{""type"":""Polygon"",""coordinates"":[[[-97.58854578902746,33.336048134241715],[-97.5949358993665,33.33429319180139],[-97.59883332582783,33.32971295857949],[-97.59871829286396,33.32409399061264],[-97.59463633462799,33.319627675787075],[-97.5881795915488,33.31805560620611],[-97.58186562702244,33.319990738321415],[-97.5781563749452,33.32467855199249],[-97.57849870657998,33.33029105805551],[-97.58275978082672,33.33463935064034],[-97.58854578902746,33.336048134241715]]]}"
000000000000000002c0,10.0,0,705,Aedes sticticus,2022.02173913043,"{""type"":""Polygon"",""coordinates"":[[[-100.9168455699258,46.782048205408735],[-100.92464174060639,46.780293161877104],[-100.92939633710509,46.77571276774378],[-100.92925550266742,46.770093805613676],[-100.92427548776354,46.76562765512837],[-100.91639884691722,46.76405567704118],[-100.90869635212904,46.76599069902283],[-100.90417096527483,46.770678355951404],[-100.90458810615016,46.776290879323405],[-100.90978640883638,46.780639338926115],[-100.9168455699258,46.782048205408735]]]}"
000000000000000002ca,17.0,0,715,Aedes sticticus,2013.71428571429,"{""type"":""Polygon"",""coordinates"":[[[-92.30975494353295,42.46604862297004],[-92.31699204991725,42.46429361649296],[-92.32140583249956,42.45971328133899],[-92.32127526402249,42.45409431706714],[-92.31665232404207,42.449628106345756],[-92.30934023757979,42.44805609472415],[-92.30218982582984,42.44999115707218],[-92.29798894214912,42.45467887145237],[-92.29837634549278,42.460291388482425],[-92.30320200159571,42.464639786867195],[-92.30975494353295,42.46604862297004]]]}"
000000000000000002d3,14.0,0,724,Aedes sticticus,2007.46153846154,"{""type"":""Polygon"",""coordinates"":[[[-114.10555105120793,46.52474915642281],[-114.11331022048871,46.52299411526177],[-114.11804226071717,46.518413724901635],[-114.11790210612789,46.51279476263443],[-114.11294572395244,46.50832860829554],[-114.10510644719062,46.50675662806304],[-114.09744049111698,46.508691652627064],[-114.09293658131709,46.513379313231106],[-114.09335175445067,46.518991836197465],[-114.09852539400227,46.523340291883756],[-114.10555105120793,46.52474915642281]]]}"
000000000000000002d8,5.0,0,729,Aedes sticticus,2019.800048828125,"{""type"":""Polygon"",""coordinates"":[[[-90.09364860648614,45.81924802415081],[-90.10130888292532,45.81749298937639],[-90.10598063725365,45.81291260918163],[-90.10584229938725,45.807293646545126],[-90.10094907996934,45.802827481824245],[-90.09320966588172,45.80125549581199],[-90.08564136650466,45.80319052733329],[-90.08119485798635,45.807878197839415],[-90.08160477167011,45.813490719712874],[-90.08671249437604,45.81783916484793],[-90.09364860648614,45.81924802415081]]]}"
000000000000000002e1,17.0,0,738,Aedes sticticus,2015.09756097561,"{""type"":""Polygon"",""coordinates"":[[[-93.670953508411,41.652650622507814],[-93.6780985071884,41.65089562243663],[-93.6824561386588,41.64631529747911],[-93.68232726039832,41.64069633283726],[-93.67776314992814,41.63623011170216],[-93.67054407748768,41.634658094282955],[-93.66348462495267,41.636593163609746],[-93.65933720428193,41.641280887922214],[-93.65971970707943,41.646893403855586],[-93.66448396763629,41.65124179165695],[-93.670953508411,41.652650622507814]]]}"
000000000000000002f5,15.0,0,758,Aedes sticticus,2011.76470588235,"{""type"":""Polygon"",""coordinates"":[[[-113.1510447979094,46.66584849105699],[-113.15882419522453,46.66409344859874],[-113.16356856658753,46.65951305617388],[-113.1634280403442,46.65389409398171],[-113.1584587385572,46.649427941751526],[-113.15059903547494,46.64785596269295],[-113.14291310429728,46.649790985843886],[-113.13839745335744,46.65447864443668],[-113.13881370222977,46.660091167625005],[-113.14400082470208,46.6644396254544],[-113.1510447979094,46.66584849105699]]]}"
00000000000000000301,17.0,0,770,Aedes sticticus,2011.5,"{""type"":""Polygon"",""coordinates"":[[[-76.91325488956763,38.98835112037707],[-76.92012334116606,38.98659614021319],[-76.92431238125305,38.982015846943064],[-76.92418857623173,38.97639688115193],[-76.9198010979821,38.97193062765421],[-76.9128612967432,38.97035859221757],[-76.90607494583124,38.972293683232444],[-76.90208804453643,38.976981438411336],[-76.90245583214814,38.982593950936035],[-76.90703575537712,38.98694230584749],[-76.91325488956763,38.98835112037707]]]}"
00000000000000000304,17.0,0,773,Aedes sticticus,2019.44444444444,"{""type"":""Polygon"",""coordinates"":[[[-71.35224753840053,42.18384995370166],[-71.35945225661354,42.18209494946567],[-71.36384629457963,42.17751461787892],[-71.36371632047262,42.1718956534776],[-71.35911406694314,42.167429439113015],[-71.35183468732411,42.16585742546313],[-71.34471625988056,42.167792490252666],[-71.34053417561228,42.17248020810763],[-71.34091985579113,42.17809272475402],[-71.3457239231534,42.18244111943621],[-71.35224753840053,42.18384995370166]]]}"
00000000000000000307,5.0,0,776,Aedes sticticus,2014.07407407407,"{""type"":""Polygon"",""coordinates"":[[[-93.66265066224948,42.05104900612794],[-93.66984029906537,42.04929400293969],[-93.67422514303523,42.044713673020624],[-93.67409544568169,42.03909470855879],[-93.66950282470229,42.034628492490974],[-93.66223867488881,42.03305647789285],[-93.65513514080378,42.03499154382381],[-93.65096181039299,42.03967926330327],[-93.6513466881756,42.045291779770295],[-93.65614070283495,42.04964017272149],[-93.66265066224948,42.05104900612794]]]}"
0000000000000000031a,17.0,0,795,Aedes sticticus,2013.949951171875,"{""type"":""Polygon"",""coordinates"":[[[-93.61284696258355,42.05934739318841],[-93.62003753881638,42.05759238993482],[-93.62442295547844,42.053012059911744],[-93.6242932408862,42.04739309545369],[-93.61970001989731,42.04292687949208],[-93.61243492142219,42.0413548649531],[-93.60533045963275,42.043289930812875],[-93.60115658394608,42.04797765019103],[-93.60154151171001,42.05359016666924],[-93.60633615255018,42.05793855972839],[-93.61284696258355,42.05934739318841]]]}"
0000000000000000031d,14.0,0,798,Aedes sticticus,2019.46666666667,"{""type"":""Polygon"",""coordinates"":[[[-71.20284981670588,42.10084824669283],[-71.21004509698521,42.099093243112186],[-71.21443338135205,42.09451291256857],[-71.21430358043817,42.0888939481294],[-71.20970735495531,42.08442773269943],[-71.20243750614242,42.082855718456436],[-71.1953283989566,42.084790783959924],[-71.19115179284958,42.08947850283102],[-71.19153697089004,42.09509101936521],[-71.1963347472746,42.09943941296467],[-71.20284981670588,42.10084824669283]]]}"
00000000000000000325,5.0,0,806,Aedes sticticus,2022.57894736842,"{""type"":""Polygon"",""coordinates"":[[[-76.55635290035087,38.89705102630776],[-76.56321251338413,38.89529604679905],[-76.56739616519218,38.89071575457181],[-76.56727252228163,38.88509678874285],[-76.56289068928095,38.880630534180035],[-76.55595981372218,38.87905849815042],[-76.54918219130478,38.880993589879076],[-76.54520042027987,38.885681346073824],[-76.54556773755414,38.89129385848632],[-76.55014176925991,38.895642212315344],[-76.55635290035087,38.89705102630776]]]}"
00000000000000000327,8.0,0,808,Aedes sticticus,2010.5999755859375,"{""type"":""Polygon"",""coordinates"":[[[-107.44895148941127,45.611748215729754],[-107.45658337648042,45.60999318280299],[-107.46123782434766,45.605412805549086],[-107.4611000079341,45.599793842805745],[-107.45622492079784,45.595327675081364],[-107.44851417462247,45.59375568739703],[-107.44097390987544,45.59569072093106],[-107.4365438796663,45.600378394301856],[-107.43695228342735,45.60599091585912],[-107.44204108319191,45.61033935794171],[-107.44895148941127,45.611748215729754]]]}"
00000000000000000328,17.0,0,809,Aedes sticticus,2013.800048828125,"{""type"":""Polygon"",""coordinates"":[[[-76.73895308848948,38.91365225952974],[-76.7458143056643,38.911897279902036],[-76.74999893540969,38.90731698748536],[-76.74987526307724,38.90169802166328],[-76.74549240550091,38.89723176729393],[-76.73855990998958,38.89565973137202],[-76.73178070340754,38.897594822971016],[-76.7277980012723,38.90228257898126],[-76.72816540390987,38.907895091414126],[-76.73274050488851,38.91224344543976],[-76.73895308848948,38.91365225952974]]]}"
0000000000000000032c,5.0,0,813,Aedes sticticus,2019.3606557377,"{""type"":""Polygon"",""coordinates"":[[[-77.95905231873334,39.0962479885673],[-77.96593126755452,39.09449300762696],[-77.97012670709057,39.08991271312092],[-77.97000270953438,39.08429374737459],[-77.965608526641,39.07982749513913],[-77.95865812472002,39.07825546040526],[-77.95186140731542,39.0801905505742],[-77.94786841299725,39.084878304549186],[-77.94823675920826,39.09049081720685],[-77.95282367957032,39.09483917340114],[-77.95905231873334,39.0962479885673]]]}"
0000000000000000032d,17.0,0,814,Aedes sticticus,2002.33333333333,"{""type"":""Polygon"",""coordinates"":[[[-98.00354986497061,49.512748181326344],[-98.01177223195651,49.510993111143776],[-98.01678663646217,49.50641267459183],[-98.01663796675763,49.500793714003834],[-98.01138574218353,49.496327606840936],[-98.00307873508248,49.494755652871284],[-97.99495538051504,49.496690645821865],[-97.99018261306848,49.50137826143039],[-97.99062241439101,49.50699078936189],[-97.99610479314686,49.511339292993476],[-98.00354986497061,49.512748181326344]]]}"
0000000000000000025b,17.0,0,604,Aedes sticticus,2005.5,"{""type"":""Polygon"",""coordinates"":[[[-109.25005375051492,45.63665229511325],[-109.25768902846951,45.63489726196545],[-109.26234554345798,45.63031688435973],[-109.26220766476281,45.62469792162918],[-109.25733041186862,45.620231754264104],[-109.24961624153514,45.61865976677979],[-109.2420726282707,45.62059480007306],[-109.23764062985788,45.62528247310115],[-109.23804921396913,45.63089499469624],[-109.24314027393054,45.635243437143984],[-109.25005375051492,45.63665229511325]]]}"
000000000000000002af,10.0,0,688,Aedes sticticus,2005.5,"{""type"":""Polygon"",""coordinates"":[[[-111.5740524966509,46.42514621619198],[-111.58179747827441,46.4233911759426],[-111.58652086961052,46.41881078703352],[-111.5863809756834,46.4131918247136],[-111.58143365514357,46.408725668892735],[-111.57360870513213,46.4071536878352],[-111.565956759331,46.40908871339234],[-111.56146108460146,46.413776375409846],[-111.56187550321579,46.4193888982202],[-111.56703968602943,46.423737352400366],[-111.5740524966509,46.42514621619198]]]}"
000000000000000002bf,10.0,0,704,Aedes sticticus,2005.5,"{""type"":""Polygon"",""coordinates"":[[[-107.8722539524149,48.15984800350878],[-107.88025722058276,48.158092946884786],[-107.88513806397651,48.153512531913044],[-107.88499342327847,48.14789357054033],[-107.87988113586758,48.143427441337444],[-107.87179536949435,48.141855475098225],[-107.8638883686754,48.14379048281808],[-107.85924277445807,48.14847811944793],[-107.85967092762021,48.15409064505999],[-107.86500726945717,48.158439126292144],[-107.8722539524149,48.15984800350878]]]}"
000000000000000002d9,17.0,0,730,Aedes sticticus,2007.0,"{""type"":""Polygon"",""coordinates"":[[[-115.05174999924391,48.8902487560632],[-115.05986951982806,48.88849369221031],[-115.06482123012091,48.883913265732836],[-115.06467445194211,48.87829430477845],[-115.05948791470452,48.87382818732645],[-115.05128475895363,48.87225622762892],[-115.0432629617851,48.874191227474334],[-115.03854989025248,48.87887885289643],[-115.03898422415259,48.88449137974517],[-115.04439805244654,48.88883987291984],[-115.05174999924391,48.8902487560632]]]}"
00000000000000000308,18.0,0,777,Aedes sticticus,2007.0,"{""type"":""Polygon"",""coordinates"":[[[-114.23004915262015,48.08514914266143],[-114.2380407916738,48.083394086765125],[-114.24291454598796,48.07881367295159],[-114.24277011907435,48.07319471153677],[-114.2376652591284,48.068728581151],[-114.229591235662,48.06715661425328],[-114.2216957183572,48.069091622765804],[-114.21705687412188,48.073779260523864],[-114.2174844089676,48.07939178601144],[-114.22281299955165,48.0837402660414],[-114.23004915262015,48.08514914266143]]]}"
000000000000000002c6,15.0,0,711,Aedes sticticus,2009.0,"{""type"":""Polygon"",""coordinates"":[[[-108.68565195287712,48.500148759503546],[-108.69370880435247,48.498393699537466],[-108.69862231193174,48.49381327924634],[-108.69847668610059,48.488194318067016],[-108.69333017528368,48.483728194296845],[-108.68519030141948,48.482156231082016],[-108.6772303883014,48.48409123516132],[-108.67255369229227,48.48877886660956],[-108.67298469437638,48.49439139279338],[-108.67835675149252,48.498739879546854],[-108.68565195287712,48.500148759503546]]]}"
0000000000000000030b,17.0,0,780,Aedes sticticus,2010.0,"{""type"":""Polygon"",""coordinates"":[[[-114.33795047991143,48.41714705249469],[-114.34599416980215,48.4153919933479],[-114.35089965413864,48.410811574360764],[-114.35075427029666,48.405192613134034],[-114.34561616571864,48.400726488032085],[-114.33748958217247,48.39915452407587],[-114.32954266580056,48.401089529047624],[-114.32487360927529,48.40577716176607],[-114.32530391159625,48.41138968780973],[-114.3306671960331,48.415738173209704],[-114.33795047991143,48.41714705249469]]]}"
000000000000000002ec,10.0,0,749,Aedes sticticus,2011.0,"{""type"":""Polygon"",""coordinates"":[[[-111.5657496504894,45.910548118220106],[-111.57342251725181,45.908793082628364],[-111.5781019467656,45.904212701132685],[-111.57796337763057,45.89859373854343],[-111.57306211677998,45.89412757515121],[-111.5653099888576,45.89255558987862],[-111.55772925649731,45.89449062050955],[-111.55327544006005,45.89917828974844],[-111.55368602336371,45.90479081176178],[-111.55880213814444,45.90913925824714],[-111.5657496504894,45.910548118220106]]]}"
0000000000000000018d,1.0,0,398,Aedes sticticus,2012.0,"{""type"":""Polygon"",""coordinates"":[[[-117.90695253567478,53.20624833850189],[-117.9158659745303,53.204493227118654],[-117.92130163871006,53.19991272499255],[-117.9211402453803,53.194293766791276],[-117.915446641118,53.189827726599624],[-117.90644183232067,53.18825580991157],[-117.89763608880119,53.190190757985015],[-117.89246219834523,53.19487830971726],[-117.89293872343626,53.20049084469442],[-117.89888171385303,53.20483941638988],[-117.90695253567478,53.20624833850189]]]}"
00000000000000000290,1.0,0,657,Aedes sticticus,2012.0,"{""type"":""Polygon"",""coordinates"":[[[-117.76584428283849,53.131549477654566],[-117.77474221987501,53.12979436717367],[-117.78016843476615,53.1252138664837],[-117.78000732711418,53.11959490823011],[-117.77432362361785,53.11512886657174],[-117.7653344671509,53.1135569490672],[-117.75654403025656,53.11549189812347],[-117.75137913759409,53.12017945125467],[-117.75185483919519,53.12579198607756],[-117.75778749757384,53.13014055628235],[-117.76584428283849,53.131549477654566]]]}"
000000000000000002bd,1.0,0,702,Aedes sticticus,2012.0,"{""type"":""Polygon"",""coordinates"":[[[-117.78244997516151,53.131549477654566],[-117.79134791219803,53.12979436717367],[-117.79677412708918,53.1252138664837],[-117.7966130194372,53.11959490823011],[-117.79092931594087,53.11512886657174],[-117.78194015947392,53.1135569490672],[-117.77314972257959,53.11549189812347],[-117.76798482991711,53.12017945125467],[-117.76846053151822,53.12579198607756],[-117.77439318989687,53.13014055628235],[-117.78244997516151,53.131549477654566]]]}"
0000000000000000031b,6.0,0,796,Aedes sticticus,2012.0,"{""type"":""Polygon"",""coordinates"":[[[-112.84394650835858,53.571448714779116],[-112.85293674072217,53.569693598938606],[-112.85841921499758,53.56511308971857],[-112.85825640628154,53.55949413177569],[-112.8525137552707,53.555028098829105],[-112.84343140766752,53.55345618617416],[-112.83454983789122,53.55539112939281],[-112.8293313738338,53.56007867421479],[-112.8298119781661,53.565691209953954],[-112.83580615169322,53.57003978901271],[-112.84394650835858,53.571448714779116]]]}"
000000000000000001de,17.0,0,479,Aedes sticticus,2014.0,"{""type"":""Polygon"",""coordinates"":[[[-95.86215130697325,41.2874502462306],[-95.8692561715229,41.285695248983075],[-95.87358933608759,41.281114928520054],[-95.87346119422224,41.275495963715144],[-95.86892271767172,41.27102973798977],[-95.86174417455804,41.26945771801501],[-95.85472435599615,41.271392790417984],[-95.85060023087406,41.276080519108525],[-95.85098059825604,41.28169303455846],[-95.85571810674715,41.286041417694754],[-95.86215130697325,41.2874502462306]]]}"
00000000000000000113,14.0,0,276,Aedes sticticus,2015.0,"{""type"":""Polygon"",""coordinates"":[[[-76.78044948289285,39.04644874800242],[-76.78732357976172,39.044693767420746],[-76.79151606138977,39.04011347348562],[-76.79139215282599,39.034494507718584],[-76.78700106890574,39.03002825490006],[-76.78005556675677,39.02845621984157],[-76.77326364087887,39.03039131040126],[-76.76927346283499,39.035079064932354],[-76.76964155085447,39.0406915775286],[-76.77422523705123,39.045039933130326],[-76.78044948289285,39.04644874800242]]]}"
000000000000000001db,17.0,0,476,Aedes sticticus,2015.0,"{""type"":""Polygon"",""coordinates"":[[[-93.57964895524064,41.70244986307271],[-93.58679948449742,41.70069486261402],[-93.5911604874936,41.69611453703968],[-93.59103150775421,41.69049557242021],[-93.5864638649419,41.686029351915074],[-93.57923920758431,41.68445733484658],[-93.5721742935111,41.6863924037512],[-93.56802366272404,41.69108012746284],[-93.56840645977665,41.69669264346255],[-93.57317440675376,41.70104103190413],[-93.57964895524064,41.70244986307271]]]}"
00000000000000000279,17.0,0,634,Aedes sticticus,2015.0,"{""type"":""Polygon"",""coordinates"":[[[-93.56304772201867,41.627751002225374],[-93.57018996078551,41.62599600234773],[-93.57454590968052,41.62141567769827],[-93.5744170820632,41.61579671304524],[-93.5698547344243,41.611330491595524],[-93.56263844916242,41.60975847400116],[-93.55558172223311,41.611693543538784],[-93.55143590358534,41.61638126815133],[-93.5518182595331,41.621993784051575],[-93.55658068036517,41.62634217153318],[-93.56304772201867,41.627751002225374]]]}"
00000000000000000311,1.0,0,786,Aedes sticticus,2016.0,"{""type"":""Polygon"",""coordinates"":[[[-140.15095072663578,61.86314712366172],[-140.16227118990028,61.86139187973972],[-140.16917394859,61.856811166686704],[-140.16896803946625,61.851192216185865],[-140.16173714718622,61.84672639141435],[-140.15030220858537,61.84515459463637],[-140.1391199984142,61.84708939836929],[-140.13254899974993,61.85177674463326],[-140.13315322507805,61.85738930225058],[-140.14070039142624,61.86173809288481],[-140.15095072663578,61.86314712366172]]]}"
00000000000000000300,17.0,0,769,Aedes sticticus,2017.0,"{""type"":""Polygon"",""coordinates"":[[[-93.61284696258356,41.67754578368922],[-93.61999472436068,41.67579078342439],[-93.62435404022854,41.67121045815863],[-93.62422511126982,41.66559149352796],[-93.61965923605922,41.66112527270767],[-93.61243737342198,41.65955325546371],[-93.6053751923297,41.66148832457954],[-93.60122616790096,41.666176048591765],[-93.60160881770697,41.6717885645583],[-93.60637491998098,41.676136952679585],[-93.61284696258356,41.67754578368922]]]}"
0000000000000000018f,5.0,0,400,Aedes sticticus,2018.0,"{""type"":""Polygon"",""coordinates"":[[[-80.57354812119816,37.43624952119889],[-80.58027163795167,37.43449455195061],[-80.58437232085069,37.42991427605563],[-80.58425117393344,37.42429530963464],[-80.57995626655858,37.419829038391526],[-80.57316282899426,37.418256993075246],[-80.56651960828803,37.42019209598251],[-80.56261683320447,37.424879868086336],[-80.56297690802066,37.43049237874162],[-80.56746022187532,37.43484071561863],[-80.57354812119816,37.43624952119889]]]}"
0000000000000000019f,5.0,0,416,Aedes sticticus,2019.0,"{""type"":""Polygon"",""coordinates"":[[[-87.42935356345644,32.912750130339155],[-87.43571294545566,32.91099519051877],[-87.4395916388508,32.90641496146735],[-87.4394771694091,32.90079599334949],[-87.43541483758307,32.896329674264564],[-87.42898912583632,32.89475760231215],[-87.42270550709551,32.89669273728203],[-87.41901409102783,32.90138055501551],[-87.41935478739802,32.906993060629645],[-87.4235953789956,32.91134134888576],[-87.42935356345644,32.912750130339155]]]}"
00000000000000000209,5.0,0,522,Aedes sticticus,2019.0,"{""type"":""Polygon"",""coordinates"":[[[-84.39984922594742,35.958846782868044],[-84.40644475947632,35.95709182359726],[-84.4104674192635,35.95251156358439],[-84.41034861931155,35.94689259658789],[-84.40613545575927,35.94242630912422],[-84.39947126354696,35.94085425477717],[-84.39295443288674,35.94278936855501],[-84.38912594460864,35.947477156129395],[-84.3894792084605,35.953089665075694],[-84.39387721221637,35.95743798546797],[-84.39984922594742,35.958846782868044]]]}"
00000000000000000294,5.0,0,661,Aedes sticticus,2019.0,"{""type"":""Polygon"",""coordinates"":[[[-83.84375027447113,41.553047682277],[-83.85088425356992,41.551292682979096],[-83.85523516715179,41.54671235925241],[-83.85510649108882,41.541093394565905],[-83.8505494189378,41.53662717217374],[-83.84334147465,41.535055154054675],[-83.8362929044304,41.53699022422389],[-83.83215188003179,41.54167794973532],[-83.83253379651234,41.5472904655363],[-83.83729071174248,41.551638852060115],[-83.84375027447113,41.553047682277]]]}"
000000000000000002dc,14.0,0,733,Aedes sticticus,2019.0,"{""type"":""Polygon"",""coordinates"":[[[-71.1613445041004,42.19214834076212],[-71.1685501680975,42.190393336460524],[-71.17294478263699,42.18581300476931],[-71.17281479117398,42.180194040371795],[-71.16821193356839,42.17572782611386],[-71.16093159885868,42.174155812523374],[-71.15381223742368,42.17609087724143],[-71.14962960418381,42.18077859499465],[-71.15001533468222,42.186391111652284],[-71.1548200324691,42.19073950644288],[-71.1613445041004,42.19214834076212]]]}"
00000000000000000124,14.0,0,293,Aedes sticticus,2020.0,"{""type"":""Polygon"",""coordinates"":[[[-71.1613445041004,42.20044672782259],[-71.16855111428114,42.198691723455354],[-71.17294630563757,42.19411139165968],[-71.17281629681118,42.18849242726595],[-71.16821283487428,42.18402621311472],[-71.16093154467052,42.182454199583624],[-71.15381124884958,42.18438926423018],[-71.14962806640617,42.18907698188165],[-71.1500138472454,42.19468949855051],[-71.15481917572316,42.199037893449535],[-71.1613445041004,42.20044672782259]]]}"
00000000000000000146,15.0,0,327,Aedes sticticus,2020.0,"{""type"":""Polygon"",""coordinates"":[[[-83.8520486615316,41.48664720849014],[-83.85917532515671,41.48489220970641],[-83.8635217790299,41.48031188679816],[-83.8633932371947,41.47469292208196],[-83.85884083747075,41.470226698853914],[-83.85164028067133,41.4686546802695],[-83.84459893473947,41.470589750998876],[-83.84046215654115,41.475277477307536],[-83.84084368378971,41.48088999302049],[-83.84559572278313,41.4852383786948],[-83.8520486615316,41.48664720849014]]]}"
00000000000000000153,17.0,0,340,Aedes sticticus,2020.0,"{""type"":""Polygon"",""coordinates"":[[[-87.86924834147995,41.90165128443329],[-87.87642113334904,41.89989628241849],[-87.88079570821131,41.89531595436723],[-87.88066631996456,41.88969698983763],[-87.87608445792392,41.88523077186218],[-87.86883731883495,41.88365875620205],[-87.86175041968387,41.885593823411384],[-87.85758686676735,41.89028154471028],[-87.85797084831574,41.895894060976396],[-87.86275363474834,41.90024245198891],[-87.86924834147995,41.90165128443329]]]}"
00000000000000000159,17.0,0,346,Aedes sticticus,2020.0,"{""type"":""Polygon"",""coordinates"":[[[-83.5283491387588,41.719046637193635],[-83.53550151428216,41.71729163660565],[-83.53986364281086,41.71271131082554],[-83.53973462919404,41.707092346213535],[-83.535165807163,41.70262612591856],[-83.52793928536597,41.70105410896707],[-83.5208725480415,41.702989177730856],[-83.51672084560586,41.70767690124204],[-83.51710374089086,41.71328941726389],[-83.52187291852321,41.71763780591906],[-83.5283491387588,41.719046637193635]]]}"
0000000000000000021a,5.0,0,539,Aedes sticticus,2020.0,"{""type"":""Polygon"",""coordinates"":[[[-83.8520486615316,41.58625014872095],[-83.85918630784589,41.58449514916554],[-83.86353945706,41.579914825028986],[-83.86341071370857,41.57429586035735],[-83.85885129929012,41.5698296383838],[-83.85163965168726,41.56825762049779],[-83.84458745996429,41.57019269038648],[-83.84044430696379,41.57488041549863],[-83.84082641856396,41.58049293134371],[-83.84558577823016,41.58484131829296],[-83.8520486615316,41.58625014872095]]]}"
0000000000000000023b,17.0,0,572,Aedes sticticus,2020.0,"{""type"":""Polygon"",""coordinates"":[[[-83.75245018040184,41.685848629850724],[-83.75959886444922,41.684093629521286],[-83.76395874255726,41.67951330415267],[-83.76382979667578,41.67389433952573],[-83.75926333240702,41.669428118810494],[-83.75204053842144,41.66785610162502],[-83.74497744655567,41.66979117067044],[-83.74082788680357,41.674478894582485],[-83.74121058567995,41.68009141056007],[-83.74597730270638,41.68443979878811],[-83.75245018040184,41.685848629850724]]]}"
0000000000000000029b,6.0,0,668,Aedes sticticus,2020.0,"{""type"":""Polygon"",""coordinates"":[[[-72.24865170497264,42.4411490026876],[-72.25588593483084,42.43939399640907],[-72.26029796381415,42.43481366157115],[-72.26016744812696,42.429194697287826],[-72.25554634539458,42.424728486243666],[-72.24823716375855,42.423156474442365],[-72.24108959266349,42.42509153700671],[-72.23689037863545,42.42977925169475],[-72.23727762893932,42.435391768690806],[-72.24210136765889,42.43974016674754],[-72.24865170497264,42.4411490026876]]]}"
000000000000000002db,17.0,0,732,Aedes sticticus,2020.0,"{""type"":""Polygon"",""coordinates"":[[[-83.58644676638416,41.6443477763463],[-83.59359084444155,41.642592776339676],[-83.59794791461671,41.63801245148491],[-83.59781905325046,41.63239348683932],[-83.59325553084832,41.62792726559929],[-83.58603738819089,41.62635524812166],[-83.57897884489863,41.62829031751877],[-83.57483195865142,41.63297804193133],[-83.57521441246091,41.63859055785365],[-83.57997805929861,41.64293894554836],[-83.58644676638416,41.6443477763463]]]}"
000000000000000001fd,14.0,0,510,Aedes sticticus,2021.0,"{""type"":""Polygon"",""coordinates"":[[[-87.81115071385459,32.54754975406194],[-87.81748409803151,32.545794816481845],[-87.82134694226126,32.541214590996596],[-87.82123294960465,32.535595622749625],[-87.81718722276942,32.53112930002253],[-87.8107877651675,32.52955722604229],[-87.80452982056363,32.53149236345311],[-87.80085349471477,32.53618018466034],[-87.80119280757943,32.54179268989062],[-87.80541606976934,32.54614097444527],[-87.81115071385459,32.54754975406194]]]}"
000000000000000002b5,6.0,0,694,Aedes sticticus,2025.0,"{""type"":""Polygon"",""coordinates"":[[[-91.75364707385455,47.96064658214817],[-91.76161943533245,47.95889152746004],[-91.76648143807196,47.95431111556945],[-91.76633736553488,47.94869215408473],[-91.76124481809678,47.944226021735034],[-91.75319026086333,47.94265405374398],[-91.74531377979504,47.94458906357258],[-91.740686125002,47.94927670320381],[-91.74111263485042,47.95488922848467],[-91.74642837617677,47.95923770651869],[-91.75364707385455,47.96064658214817]]]}"
0000000000000000013e,3.0,0,319,Aedes triseriatus,2021.48484848485,"{""type"":""Polygon"",""coordinates"":[[[-81.94304507313667,29.692347217631053],[-81.94919071774783,29.690592296970365],[-81.952939110059,29.686012098418274],[-81.95282856112256,29.680393129196535],[-81.94890274468659,29.67592677896232],[-81.94269287649537,29.674354689666977],[-81.93662033292652,29.676289845512958],[-81.93305297888895,29.680977692955285],[-81.93338230168706,29.686590195286254],[-81.93748042254056,29.690938451885987],[-81.94304507313667,29.692347217631053]]]}"
000000000000000001a2,5.0,0,419,Aedes triseriatus,2021.5999755859375,"{""type"":""Polygon"",""coordinates"":[[[-83.51174790553682,35.66005133947874],[-83.51831867178088,35.65829638218021],[-83.52232623254116,35.653716125306765],[-83.5222078867593,35.64809715819653],[-83.51801054225687,35.643630867526525],[-83.51137136159974,35.64205881139434],[-83.50487898993516,35.643993927321006],[-83.50106487762412,35.648681717953465],[-83.50141682340482,35.65429422656193],[-83.50579831795893,35.658642543695656],[-83.51174790553682,35.66005133947874]]]}"
0000000000000000022e,5.0,0,559,Aedes triseriatus,2021.5999755859375,"{""type"":""Polygon"",""coordinates"":[[[-78.15824928099288,38.87215140602532],[-78.16510649051389,38.870396426694995],[-78.16928867706189,38.86581613475171],[-78.16916507823458,38.860197168912464],[-78.16478478037286,38.85573091405964],[-78.15785633201638,38.85415887786857],[-78.15108108317969,38.85609396979157],[-78.14710070725299,38.86078172626292],[-78.1474678966259,38.86639423864487],[-78.15204032622209,38.87074259217916],[-78.15824928099288,38.87215140602532]]]}"
0000000000000000024d,6.0,0,590,Aedes triseriatus,2021.77777777778,"{""type"":""Polygon"",""coordinates"":[[[-83.50344951847636,35.7015477338821],[-83.51002370256495,35.699792776310545],[-83.51403334696622,35.695212519002524],[-83.51391493850977,35.68959355190803],[-83.50971541100446,35.68512726168188],[-83.50307277879365,35.683555205796814],[-83.49657703182773,35.685490321426],[-83.49276093565688,35.69017811163515],[-83.49311306332936,35.695790620290374],[-83.49749683612626,35.70013893787519],[-83.50344951847636,35.7015477338821]]]}"
00000000000000000293,17.0,0,660,Aedes triseriatus,2022.66666666667,"{""type"":""Polygon"",""coordinates"":[[[-73.89205339822013,40.89735024967094],[-73.8991162023312,40.89559525540488],[-73.9034237256758,40.89101493968758],[-73.90329635549506,40.88539597471051],[-73.89878474315775,40.8809297441383],[-73.89164867463373,40.87935772146514],[-73.88467039233073,40.88129279711625],[-73.88057068081307,40.88598053042955],[-73.88094881023586,40.89159304536903],[-73.88565828267697,40.895941423579494],[-73.89205339822013,40.89735024967094]]]}"
000000000000000002a2,5.0,0,675,Aedes triseriatus,2021.66666666667,"{""type"":""Polygon"",""coordinates"":[[[-78.13334520160939,38.89705102630776],[-78.14020481464264,38.89529604679905],[-78.14438846645069,38.8907157545718],[-78.14426482354015,38.88509678874286],[-78.13988299053948,38.88063053418004],[-78.1329521149807,38.87905849815042],[-78.12617449256331,38.880993589879076],[-78.12219272153838,38.885681346073824],[-78.12256003881265,38.89129385848633],[-78.12713407051844,38.89564221231535],[-78.13334520160939,38.89705102630776]]]}"
0000000000000000018a,15.0,0,395,Aedes triseriatus,2019.0,"{""type"":""Polygon"",""coordinates"":[[[-91.65405305182585,42.192148340762124],[-91.66125871582297,42.190393336460524],[-91.66565333036245,42.18581300476931],[-91.66552333889943,42.1801940403718],[-91.66092048129383,42.17572782611387],[-91.65364014658415,42.174155812523374],[-91.64652078514915,42.17609087724143],[-91.64233815190927,42.18077859499466],[-91.6427238824077,42.186391111652284],[-91.64752858019456,42.19073950644288],[-91.65405305182585,42.192148340762124]]]}"
000000000000000001ab,3.0,0,428,Aedes triseriatus,2019.0,"{""type"":""Polygon"",""coordinates"":[[[-82.00945446512564,29.708948450853036],[-82.0156011254554,29.707193530096827],[-82.01935013697663,29.70261333139269],[-82.0192395694042,29.696994362176454],[-82.01531310422376,29.692528012097526],[-82.00910221031354,29.69095592288864],[-82.00302866368538,29.69289107863055],[-81.99946072008306,29.697578925924766],[-81.99979009692514,29.703191428272103],[-82.00388889482154,29.707539685029655],[-82.00945446512564,29.708948450853036]]]}"
00000000000000000140,17.0,0,321,Aedes triseriatus,2020.0,"{""type"":""Polygon"",""coordinates"":[[[-83.71925217305893,41.58625014872095],[-83.72638981937321,41.58449514916554],[-83.73074296858732,41.579914825028986],[-83.73061422523591,41.574295860357346],[-83.72605481081744,41.569829638383794],[-83.71884316321459,41.56825762049778],[-83.71179097149161,41.57019269038647],[-83.70764781849113,41.57488041549863],[-83.70802993009129,41.58049293134371],[-83.71278928975748,41.58484131829295],[-83.71925217305893,41.58625014872095]]]}"
00000000000000000149,17.0,0,330,Aedes triseriatus,2020.0,"{""type"":""Polygon"",""coordinates"":[[[-83.70265093983694,41.6443477763463],[-83.70979501789432,41.64259277633967],[-83.71415208806948,41.638012451484904],[-83.71402322670325,41.63239348683932],[-83.70945970430111,41.62792726559929],[-83.70224156164367,41.626355248121655],[-83.6951830183514,41.62829031751876],[-83.6910361321042,41.632978041931324],[-83.69141858591368,41.63859055785365],[-83.6961822327514,41.64293894554836],[-83.70265093983694,41.6443477763463]]]}"
0000000000000000017d,14.0,0,382,Aedes triseriatus,2020.0,"{""type"":""Polygon"",""coordinates"":[[[-83.38725426322567,41.68584862985072],[-83.39440294727304,41.68409362952128],[-83.3987628253811,41.67951330415267],[-83.3986338794996,41.67389433952573],[-83.39406741523085,41.669428118810494],[-83.38684462124527,41.66785610162502],[-83.3797815293795,41.66979117067044],[-83.3756319696274,41.674478894582485],[-83.37601466850379,41.68009141056007],[-83.38078138553021,41.68443979878811],[-83.38725426322567,41.68584862985072]]]}"
000000000000000001fe,17.0,0,511,Aedes triseriatus,2020.0,"{""type"":""Polygon"",""coordinates"":[[[-83.66944847339299,41.685848629850724],[-83.67659715744034,41.684093629521286],[-83.68095703554842,41.67951330415268],[-83.68082808966693,41.67389433952574],[-83.67626162539817,41.669428118810494],[-83.66903883141259,41.66785610162502],[-83.66197573954682,41.66979117067044],[-83.65782617979472,41.674478894582485],[-83.6582088786711,41.68009141056007],[-83.66297559569753,41.68443979878812],[-83.66944847339299,41.685848629850724]]]}"
00000000000000000246,17.0,0,583,Aedes triseriatus,2020.0,"{""type"":""Polygon"",""coordinates"":[[[-83.54495037198079,41.7024498630727],[-83.55210090123757,41.70069486261401],[-83.55646190423376,41.69611453703967],[-83.55633292449436,41.690495572420204],[-83.55176528168205,41.68602935191507],[-83.54454062432444,41.68445733484657],[-83.53747571025124,41.686392403751185],[-83.53332507946419,41.69108012746283],[-83.53370787651681,41.69669264346254],[-83.5384758234939,41.701041031904126],[-83.54495037198079,41.7024498630727]]]}"
00000000000000000323,17.0,0,804,Aedes triseriatus,2020.0,"{""type"":""Polygon"",""coordinates"":[[[-83.70265093983694,41.685848629850724],[-83.70979962388431,41.68409362952128],[-83.71415950199237,41.67951330415268],[-83.71403055611088,41.67389433952573],[-83.70946409184212,41.669428118810494],[-83.70224129785655,41.66785610162502],[-83.69517820599077,41.66979117067044],[-83.69102864623868,41.674478894582485],[-83.69141134511506,41.68009141056007],[-83.69617806214148,41.68443979878812],[-83.70265093983694,41.685848629850724]]]}"
0000000000000000011e,17.0,0,287,Aedes triseriatus,2021.0,"{""type"":""Polygon"",""coordinates"":[[[-79.7352505004535,40.31634721881115],[-79.74225217313392,40.314592228921065],[-79.74652242897129,40.3100119201692],[-79.74639618027923,40.30439295493947],[-79.74192361291708,40.299926717253406],[-79.73484927791375,40.29835469061973],[-79.72793136533471,40.30028977103824],[-79.72386713701502,40.30497751113651],[-79.72424201364873,40.310590025326704],[-79.72891073789987,40.31493839630741],[-79.7352505004535,40.31634721881115]]]}"
0000000000000000022d,5.0,0,558,Aedes triseriatus,2021.0,"{""type"":""Polygon"",""coordinates"":[[[-84.93105301624233,35.11224631596186],[-84.93757931283056,35.110491362241206],[-84.94155976328771,35.10591111106308],[-84.94144223296479,35.10029214374653],[-84.93727329156464,35.095825847259846],[-84.93067901915639,35.09425378788921],[-84.92423056361973,35.09618890771408],[-84.92044226335545,35.10087670389428],[-84.92079184253602,35.10648921188982],[-84.92514369481859,35.11083752311215],[-84.93105301624233,35.11224631596186]]]}"
000000000000000002fb,5.0,0,764,Aedes triseriatus,2021.0,"{""type"":""Polygon"",""coordinates"":[[[-72.88774790435673,41.436847967925246],[-72.89486909760831,41.43509296952646],[-72.89921221659436,41.43051264723092],[-72.89908377513107,41.42489368249249],[-72.89453486936041,41.420427458638684],[-72.8873398367876,41.41885543970588],[-72.88030389304389,41.420790510854616],[-72.87617029007431,41.42547823776012],[-72.8765515262614,41.43109075340717],[-72.8812999188959,41.43543913844552],[-72.88774790435673,41.436847967925246]]]}"
000000000000000001da,5.0,0,475,Aedes triseriatus,2022.0,"{""type"":""Polygon"",""coordinates"":[[[-78.1416480477709,38.905349413368235],[-78.14850846249374,38.90359443380005],[-78.15269260303808,38.899014141478126],[-78.15256894542357,38.89339517565261],[-78.14818660037852,38.888928921186476],[-78.14125491522843,38.88735688521069],[-78.13447650110515,38.88929197687455],[-78.13049426474635,38.89397973297708],[-78.13086162468198,38.89959224539976],[-78.13543619077011,38.90394059932705],[-78.1416480477709,38.905349413368235]]]}"
000000000000000002b0,6.0,0,689,Aedes triseriatus,2022.0,"{""type"":""Polygon"",""coordinates"":[[[-73.56005102928582,40.89735024967094],[-73.56711383339689,40.89559525540488],[-73.57142135674148,40.89101493968758],[-73.57129398656075,40.88539597471051],[-73.56678237422344,40.8809297441383],[-73.5596463056994,40.87935772146514],[-73.55266802339642,40.88129279711625],[-73.54856831187875,40.88598053042955],[-73.54894644130155,40.891593045369014],[-73.55365591374266,40.89594142357949],[-73.56005102928582,40.89735024967094]]]}"
000000000000000002f3,18.0,0,756,Aedes triseriatus,2022.0,"{""type"":""Polygon"",""coordinates"":[[[-81.46994782866922,41.81034673126293],[-81.47711038847336,41.80859172996258],[-81.48147872560502,41.80401140304854],[-81.48134952511334,41.79839243847768],[-81.47677419833705,41.79392621934079],[-81.46953739201844,41.79235420303404],[-81.46246059737223,41.794289271021725],[-81.45830298356397,41.79897699342836],[-81.45868642071126,41.80458950957218],[-81.4634623868194,41.80893789940431],[-81.46994782866922,41.81034673126293]]]}"
0000000000000000011c,6.0,0,285,Aedes triseriatus,2023.0,"{""type"":""Polygon"",""coordinates"":[[[-80.00914632356036,43.45374842451041],[-80.01650054090338,43.45199341002707],[-80.02098571691491,43.44741306212944],[-80.02085299897307,43.44179409832011],[-80.01615525984685,43.43732790061394],[-80.0087249106727,43.43575589623823],[-80.00145884876906,43.43769094986418],[-79.9971899891468,43.44237865183082],[-79.99758362288117,43.44799117023141],[-80.00248734052818,43.45233958184351],[-80.00914632356036,43.45374842451041]]]}"
0000000000000000017a,5.0,0,379,Aedes triseriatus,2023.0,"{""type"":""Polygon"",""coordinates"":[[[-76.68914938882355,39.50294921834893],[-76.69606841696977,39.50119423446035],[-76.7002882901493,39.4966139352614],[-76.70016355745483,39.49099496968524],[-76.69574377564449,39.48652872224268],[-76.68875289942024,39.48495669017721],[-76.68191660186612,39.486891777134126],[-76.67790034384757,39.491579526537805],[-76.67827082281585,39.49719203970034],[-76.68288445883378,39.50154040076562],[-76.68914938882355,39.50294921834893]]]}"
000000000000000002ff,18.0,0,768,Aedes triseriatus,2023.0,"{""type"":""Polygon"",""coordinates"":[[[-65.25174692808017,44.40825021870788],[-65.25922012251715,44.40649519623496],[-65.26377782915947,44.401914835620296],[-65.26364292697866,44.39629587227267],[-65.25886919693389,44.391829687554505],[-65.25131870143946,44.39025769040946],[-65.24393514735198,44.39219273533163],[-65.23959722864846,44.39688042491066],[-65.23999719150207,44.40249294467881],[-65.2449802141949,44.40684136949059],[-65.25174692808017,44.40825021870788]]]}"
00000000000000000275,1.0,0,630,Aedes triseriatus,2024.0,"{""type"":""Polygon"",""coordinates"":[[[-97.82095413593306,30.265047402329316],[-97.82713531627044,30.263292478355158],[-97.83090537217056,30.258712274528474],[-97.8307941712763,30.253093305497586],[-97.82684565798782,30.248626960650373],[-97.82059990413568,30.24705487435436],[-97.81449226767778,30.248990026589976],[-97.81090428724387,30.253677868894414],[-97.81123550085196,30.259290371793227],[-97.81535730861981,30.263638633867657],[-97.82095413593306,30.265047402329316]]]}"
000000000000000001c3,5.0,0,452,Aedes triseriatus,2025.0,"{""type"":""Polygon"",""coordinates"":[[[-94.08595312525311,36.290849151802355],[-94.0925766106451,36.28909419032255],[-94.09661631088942,36.28451392679336],[-94.09649699836653,36.27889495992426],[-94.09226598175147,36.27442867605184],[-94.08557356200356,36.27285662370423],[-94.07902912741508,36.274791735075304],[-94.07518441470798,36.279479519224495],[-94.07553916610479,36.28509202854918],[-94.07995580181331,36.2894403525912],[-94.08595312525311,36.290849151802355]]]}"
000000000000000001d0,17.0,0,465,Aedes triseriatus,2025.0,"{""type"":""Polygon"",""coordinates"":[[[-81.17115238527992,34.116248127361025],[-81.17760084672199,34.11449318002426],[-81.18153384608104,34.10991293900806],[-81.18141774306538,34.10429397132346],[-81.17729851555345,34.099827664458275],[-81.17078284594106,34.09825559930934],[-81.16441125669417,34.10019072608971],[-81.16066813520104,34.10487853216848],[-81.16101357213805,34.11049103907039],[-81.16531354162248,34.11483933974523],[-81.17115238527992,34.116248127361025]]]}"
0000000000000000022c,5.0,0,557,Aedes triseriatus,2025.0,"{""type"":""Polygon"",""coordinates"":[[[-70.58865323760423,41.4285495808648],[-70.59577352062902,41.42679458253009],[-70.60011608471623,41.42221426033656],[-70.59998765995397,41.416595295594426],[-70.59543933554944,41.412129071636436],[-70.58824522216429,41.410557052645636],[-70.58121017730198,41.4124921238642],[-70.5770771026653,41.41717985086906],[-70.57745829042196,41.42279236650513],[-70.58220607633119,41.427140751437605],[-70.58865323760423,41.4285495808648]]]}"
00000000000000000277,15.0,0,632,Aedes triseriatus,2025.0,"{""type"":""Polygon"",""coordinates"":[[[-91.2473518220442,39.8930492149086],[-91.2543100660982,39.891294228159516],[-91.25855384652328,39.886713924407346],[-91.2584283944901,39.88109495899629],[-91.25398356524236,39.876628716203996],[-91.24695308670371,39.875056686727476],[-91.24007806172276,39.87699177056798],[-91.23603904116986,39.88167951553641],[-91.23641160691072,39.88729202918878],[-91.24105138302907,39.89164039498005],[-91.2473518220442,39.8930492149086]]]}"
0000000000000000028a,15.0,0,651,Aedes triseriatus,2025.0,"{""type"":""Polygon"",""coordinates"":[[[-84.58244941408603,38.905349413368235],[-84.58930982880885,38.903594433800045],[-84.59349396935319,38.899014141478126],[-84.5933703117387,38.89339517565261],[-84.58898796669367,38.888928921186476],[-84.58205628154356,38.88735688521069],[-84.5752778674203,38.88929197687455],[-84.57129563106147,38.89397973297708],[-84.57166299099711,38.89959224539976],[-84.57623755708524,38.90394059932705],[-84.58244941408603,38.905349413368235]]]}"
000000000000000002cf,17.0,0,720,Aedes triseriatus,2025.0,"{""type"":""Polygon"",""coordinates"":[[[-80.30795068515177,26.081848767464354],[-80.3138947033699,26.080093866878503],[-80.31752018011261,26.075513700283157],[-80.31741333226373,26.069894729905585],[-80.31361629515689,26.065428347033574],[-80.30761003559245,26.06385623956621],[-80.3017366027311,26.065791417286285],[-80.29828628079312,26.07047929585699],[-80.29860487735586,26.07609179474712],[-80.30256860231341,26.080440018177875],[-80.30795068515177,26.081848767464354]]]}"
000000000000000001cc,17.0,0,461,Aedes vexans,2014.800048828125,"{""type"":""Polygon"",""coordinates"":[[[-111.93094556766556,40.73964968181479],[-111.9379916019515,40.73789468874403],[-111.9422889019293,40.73331437492936],[-111.94216183941057,40.72769540988327],[-111.93766093804848,40.723229177367884],[-111.93054180449953,40.72165715361292],[-111.92358008305035,40.72359223056624],[-111.91949010542847,40.72827996573288],[-111.91986734254401,40.73389248046768],[-111.9245656367822,40.73824085670333],[-111.93094556766556,40.73964968181479]]]}"
00000000000000000208,14.0,0,521,Aedes vexans,2017.9000244140625,"{""type"":""Polygon"",""coordinates"":[[[-112.12184860196568,40.80605015560163],[-112.12890168102786,40.80429516202829],[-112.13320327570432,40.799714847413604],[-112.13307608394194,40.79409588239653],[-112.12857068304409,40.7896296506982],[-112.12144443533997,40.78805762739812],[-112.114475756899,40.7899927038039],[-112.11038169019935,40.79468043819125],[-112.11075930216212,40.800292953012104],[-112.11546229221258,40.80464133007812],[-112.12184860196568,40.80605015560163]]]}"
00000000000000000217,14.0,0,536,Aedes vexans,2016.78571428571,"{""type"":""Polygon"",""coordinates"":[[[-112.03054850789638,40.85584939616652],[-112.03760688589988,40.85409440221557],[-112.04191171096289,40.84951408699986],[-112.04178442198506,40.84389512200459],[-112.03727563662565,40.83942889092012],[-112.03014403779636,40.83785686796176],[-112.02317012644531,40.839791943956165],[-112.01907298402234,40.84447967775805],[-112.01945087793678,40.850092192643565],[-112.02415740008364,40.85444057033342],[-112.03054850789638,40.85584939616652]]]}"
00000000000000000233,17.0,0,564,Aedes vexans,2017.33333333333,"{""type"":""Polygon"",""coordinates"":[[[-116.3299468571131,43.54504851857971],[-116.33731220273052,43.54329350334315],[-116.34180416276241,43.5387131542466],[-116.34167124054525,43.53309419048079],[-116.33696639376105,43.528627993999095],[-116.32952480691281,43.52705599030506],[-116.32224775558656,43.528991043110445],[-116.31797243666534,43.53367874390923],[-116.3183666624048,43.53929126243875],[-116.323277797701,43.54363967529527],[-116.3299468571131,43.54504851857971]]]}"
00000000000000000237,18.0,0,568,Aedes vexans,2017.16666666667,"{""type"":""Polygon"",""coordinates"":[[[-112.03054850789638,40.83924816294455],[-112.03760511795105,40.83749316911955],[-112.04190886522186,40.832912854104286],[-112.04178160867927,40.827293889101746],[-112.03727395251799,40.82282765781253],[-112.0301441390481,40.821255634740204],[-112.02317197361494,40.82319071087181],[-112.01907585738212,40.82787844486897],[-112.01945365722577,40.83349095973291],[-112.02415900091736,40.8378393372147],[-112.03054850789638,40.83924816294455]]]}"
0000000000000000023c,17.0,0,573,Aedes vexans,2017.09090909091,"{""type"":""Polygon"",""coordinates"":[[[-111.93924841382706,40.822646929722566],[-111.94630325741046,40.820891936023436],[-111.95060592778974,40.81631162120855],[-111.95047870365521,40.81069265619874],[-111.94597217574837,40.806226424704896],[-111.93884414614591,40.80465440151863],[-111.93187372517163,40.806589477787384],[-111.92777863427135,40.81127721197971],[-111.92815634012271,40.8168897268221],[-111.93286050634387,40.82123810409592],[-111.93924841382706,40.822646929722566]]]}"
00000000000000000256,14.0,0,599,Aedes vexans,2016.55357142857,"{""type"":""Polygon"",""coordinates"":[[[-112.01394727467441,40.8143485426621],[-112.02100123581286,40.81259354902586],[-112.02530336822836,40.80801323431109],[-112.02517616028331,40.80239426929766],[-112.02067019599869,40.79792803770156],[-112.01354305753152,40.796356014458375],[-112.00657350800591,40.798291090795644],[-112.00247892931293,40.802978825085496],[-112.00285658821022,40.80859133991713],[-112.00756016622317,40.81293971708703],[-112.01394727467441,40.8143485426621]]]}"
0000000000000000026b,17.0,0,620,Aedes vexans,2015.59016393443,"{""type"":""Polygon"",""coordinates"":[[[-111.94754680088752,40.83924816294454],[-111.9546034109422,40.83749316911954],[-111.95890715821301,40.83291285410428],[-111.95877990167041,40.82729388910174],[-111.95427224550915,40.82282765781253],[-111.94714243203926,40.8212556347402],[-111.94017026660609,40.82319071087181],[-111.93607415037326,40.827878444868965],[-111.93645195021692,40.83349095973291],[-111.9411572939085,40.8378393372147],[-111.94754680088752,40.83924816294454]]]}"
0000000000000000026d,14.0,0,622,Aedes vexans,2016.93023255814,"{""type"":""Polygon"",""coordinates"":[[[-112.04714974111836,40.8143485426621],[-112.05420370225681,40.81259354902586],[-112.05850583467232,40.80801323431109],[-112.05837862672726,40.80239426929766],[-112.05387266244263,40.79792803770155],[-112.04674552397547,40.796356014458375],[-112.03977597444987,40.798291090795644],[-112.03568139575688,40.802978825085496],[-112.03605905465417,40.808591339917115],[-112.04076263266712,40.812939717087026],[-112.04714974111836,40.8143485426621]]]}"
0000000000000000026e,14.0,0,623,Aedes vexans,2016.28985507246,"{""type"":""Polygon"",""coordinates"":[[[-112.01394727467441,40.80605015560163],[-112.02100035373658,40.80429516202829],[-112.02530194841304,40.799714847413604],[-112.02517475665067,40.79409588239653],[-112.02066935575282,40.78962965069821],[-112.0135431080487,40.78805762739812],[-112.00657442960772,40.7899927038039],[-112.00248036290807,40.79468043819124],[-112.00285797487084,40.800292953012104],[-112.00756096492131,40.80464133007812],[-112.01394727467441,40.80605015560163]]]}"
00000000000000000285,17.0,0,646,Aedes vexans,2017.800048828125,"{""type"":""Polygon"",""coordinates"":[[[-116.37145216971855,43.611448992366576],[-116.37882564162703,43.60969397658077],[-116.38332255560732,43.60511362660999],[-116.38318948421754,43.59949466287593],[-116.37847944715072,43.59502846728708],[-116.3710296541286,43.593456464090124],[-116.36374457791077,43.59539151629717],[-116.35946454216295,43.600079216244374],[-116.35985920020407,43.60569173486792],[-116.36477575214886,43.610040148631825],[-116.37145216971855,43.611448992366576]]]}"
00000000000000000292,15.0,0,659,Aedes vexans,2017.125,"{""type"":""Polygon"",""coordinates"":[[[-116.4046457179604,43.69445069937542],[-116.41202938708464,43.69269568290135],[-116.4165325174872,43.68811533183507],[-116.41639925890577,43.68249636814077],[-116.41168270885242,43.67803017367078],[-116.40422261838008,43.676458171096705],[-116.39692747219244,43.67839322255396],[-116.39264151757021,43.683080921434026],[-116.39303671807808,43.68869344017537],[-116.39796006706138,43.69304185507639],[-116.4046457179604,43.69445069937542]]]}"
000000000000000002d1,15.0,0,722,Aedes vexans,2017.75,"{""type"":""Polygon"",""coordinates"":[[[-112.06375097434032,40.797747309440126],[-112.07080317122103,40.79599231592968],[-112.0751042280943,40.79141200141512],[-112.07497705251654,40.78579303639442],[-112.07047221507261,40.78132680459383],[-112.06334685823781,40.779754781236804],[-112.0563790509854,40.78168985771111],[-112.05228549634015,40.786377592196],[-112.05266306136278,40.79199010700608],[-112.05736546338063,40.79633848396817],[-112.06375097434032,40.797747309440126]]]}"
000000000000000002e8,17.0,0,745,Aedes vexans,2017.5,"{""type"":""Polygon"",""coordinates"":[[[-116.28015207564924,43.652949845871],[-116.28753064070686,43.65119482974131],[-116.29203065957097,43.646614479223146],[-116.29189749468605,43.64099551550895],[-116.28718420461236,43.63652932047914],[-116.27972926837667,43.63495731759341],[-116.27243916256377,43.636892369425816],[-116.26815617054717,43.64158006883983],[-116.2685510995318,43.647192587522234],[-116.27347104635763,43.651541001854305],[-116.28015207564924,43.652949845871]]]}"
000000000000000002f0,8.0,0,753,Aedes vexans,2017.72222222222,"{""type"":""Polygon"",""coordinates"":[[[-112.07205382050185,40.830949775884086],[-112.07910954737352,40.82919478212201],[-112.08341275623064,40.82461446720692],[-112.08328551589113,40.81899550220075],[-112.07877842382345,40.814529270809224],[-112.07164950223411,40.81295724767995],[-112.06467820897839,40.814892323880116],[-112.06058260538128,40.81958005797485],[-112.06096035823161,40.825192572828016],[-112.06566511322309,40.82954095020584],[-112.07205382050185,40.830949775884086]]]}"
000000000000000002f2,17.0,0,755,Aedes vexans,2017.5,"{""type"":""Polygon"",""coordinates"":[[[-116.3548509364966,43.66954661999193],[-116.36223154143053,43.66779160372456],[-116.3667328038431,43.663211252987296],[-116.36659960151185,43.657592289281055],[-116.36188500856417,43.653126094475034],[-116.3544280124011,43.651554091713884],[-116.34713589216659,43.65348914339633],[-116.34285171612369,43.658176842596895],[-116.34324675362464,43.66378936130286],[-116.34816806014686,43.66813777586236],[-116.3548509364966,43.66954661999193]]]}"
0000000000000000032b,14.0,0,812,Aedes vexans,2016.80555555556,"{""type"":""Polygon"",""coordinates"":[[[-112.01394727467441,40.830949775884086],[-112.02100300154606,40.82919478212201],[-112.02530621040322,40.82461446720692],[-112.02517897006369,40.81899550220076],[-112.02067187799602,40.814529270809224],[-112.01354295640668,40.81295724767995],[-112.00657166315096,40.814892323880116],[-112.00247605955386,40.81958005797485],[-112.00285381240417,40.82519257282802],[-112.00755856739565,40.82954095020584],[-112.01394727467441,40.830949775884086]]]}"
000000000000000002e9,18.0,0,746,Aedes vexans,2012.0,"{""type"":""Polygon"",""coordinates"":[[[-121.11904814312028,48.724245342045506],[-121.12714083080876,48.72249027985399],[-121.13207618394797,48.71790985602078],[-121.1319298991901,48.712290894970245],[-121.12676049997197,48.707824774817645],[-121.11858443945026,48.706252813616686],[-121.1105891390047,48.70818781527183],[-121.1058916422989,48.71287544326971],[-121.10632454964659,48.718487969834236],[-121.11172049288336,48.72283646026425],[-121.11904814312028,48.724245342045506]]]}"
000000000000000002c9,15.0,0,714,Aedes vexans,2017.0,"{""type"":""Polygon"",""coordinates"":[[[-116.4793490379088,43.719350319657856],[-116.48673577461508,43.71759530297694],[-116.49124077507507,43.713014951581414],[-116.49110746018087,43.707395987899076],[-116.4863889508556,43.70292979376533],[-116.47892576264935,43.701357791378456],[-116.47162758715973,43.703292842610374],[-116.46733985198945,43.70798054116974],[-116.46773521568436,43.7135930599465],[-116.47266060938925,43.71794147518924],[-116.4793490379088,43.719350319657856]]]}"
00000000000000000269,17.0,0,618,Aedes vexans,2018.0,"{""type"":""Polygon"",""coordinates"":[[[-116.27184922948776,43.68614785321391],[-116.27923187659464,43.684392836808776],[-116.28373438395559,43.6798124858522],[-116.28360114413567,43.67419352215392],[-116.27888524684724,43.66972732757187],[-116.27142618843787,43.66815532493541],[-116.26413205151404,43.670090376467776],[-116.25984669011181,43.67477807545472],[-116.26024183625108,43.68039059418427],[-116.26516450400037,43.68473900897139],[-116.27184922948776,43.68614785321391]]]}"
000000000000000002d7,17.0,0,728,Aedes vexans,2018.0,"{""type"":""Polygon"",""coordinates"":[[[-116.3299468571131,43.66124823293146],[-116.3373264418905,43.65949321673295],[-116.34182708239574,43.65491286610524],[-116.34169389879169,43.64929390239503],[-116.33697995742047,43.6448277074771],[-116.32952399144158,43.643255704653654],[-116.32223287863349,43.6451907564111],[-116.31794929473047,43.64987845571839],[-116.31834427796166,43.65549097441257],[-116.32326490449016,43.65983938885835],[-116.3299468571131,43.66124823293146]]]}"
00000000000000000182,17.0,0,387,Culex pipiens,2019.5999755859375,"{""type"":""Polygon"",""coordinates"":[[[-71.21945104992786,42.28344843483143],[-71.22666714600572,42.28169342980677],[-71.23106812019812,42.27711309696466],[-71.2309379372948,42.2714941326089],[-71.22632841667775,42.267027919526406],[-71.21903754723853,42.26545590659031],[-71.21190788380012,42.26739097052064],[-71.20771919535582,42.272078687152785],[-71.20810548088146,42.27769120393419],[-71.2129171323049,42.28203959991937],[-71.21945104992786,42.28344843483143]]]}"
00000000000000000196,17.0,0,407,Culex pipiens,2019.78571428571,"{""type"":""Polygon"",""coordinates"":[[[-86.14285385942573,39.710449026769986],[-86.14979365182992,39.7086940413639],[-86.15402618355537,39.70411373974943],[-86.15390106998618,39.69849477426085],[-86.1494680259175,39.6940285292853],[-86.14245618083054,39.69245649859329],[-86.13559937765453,39.69439158389691],[-86.13157106720173,39.69907933094767],[-86.13194265109105,39.70469184437005],[-86.13657012791899,39.70904020794251],[-86.14285385942573,39.710449026769986]]]}"
000000000000000001c0,17.0,0,449,Culex pipiens,2019.5652173913,"{""type"":""Polygon"",""coordinates"":[[[-71.41034516602589,42.09254985963236],[-71.41753950490391,42.09079485611716],[-71.42192721536892,42.08621452567768],[-71.42179743173028,42.08059556123473],[-71.41720180752435,42.076129345698405],[-71.40993290937674,42.0745573313962],[-71.40282473185475,42.07649239697096],[-71.39864867217543,42.081180115943496],[-71.39903380012913,42.08679263246649],[-71.40383094901024,42.09114102595786],[-71.41034516602589,42.09254985963236]]]}"
0000000000000000020c,17.0,0,525,Culex pipiens,2019.83333333333,"{""type"":""Polygon"",""coordinates"":[[[-76.99624767837436,38.82234770635939],[-77.00310008937136,38.82059272738549],[-77.00727935058111,38.81601243600956],[-77.00715583976402,38.81039347014974],[-77.00277860675097,38.80592721471747],[-76.99585500421547,38.8043551782038],[-76.98908449414611,38.80629027051513],[-76.98510690348189,38.81097802753913],[-76.98547383750405,38.816590539860044],[-76.99004306854694,38.82093889280545],[-76.99624767837436,38.82234770635939]]]}"
00000000000000000235,5.0,0,566,Culex pipiens,2021.11111111111,"{""type"":""Polygon"",""coordinates"":[[[-84.43305169239139,35.9339471625856],[-84.43964514799478,35.93219220347974],[-84.44366654100398,35.927611943729396],[-84.44354777915609,35.921992976723374],[-84.43933594279034,35.91752668899159],[-84.43267384899714,35.91595463449527],[-84.42615907039743,35.9178897484528],[-84.42233178823413,35.92257753628291],[-84.42268494150257,35.92819004520096],[-84.4270815601696,35.93253836532076],[-84.43305169239139,35.9339471625856]]]}"
000000000000000002eb,17.0,0,748,Culex pipiens,2019.625,"{""type"":""Polygon"",""coordinates"":[[[-76.91325488956763,38.92194618748915],[-76.92011690866381,38.92019120780196],[-76.9243020272868,38.915610915290614],[-76.9241783402461,38.909991949471966],[-76.91979497047737,38.90552569519931],[-76.91286166514068,38.90395365933123],[-76.90608166662386,38.90588875086544],[-76.9020984990202,38.91057650678345],[-76.90246594433142,38.91618901922651],[-76.90704157984692,38.920537373350406],[-76.91325488956763,38.92194618748915]]]}"
00000000000000000305,17.0,0,774,Culex pipiens,2019.8399658203125,"{""type"":""Polygon"",""coordinates"":[[[-86.10965139298176,39.85154836140417],[-86.11660542858114,39.84979337496095],[-86.12084664340202,39.84521307169564],[-86.12072126856648,39.83959410626693],[-86.11627912728369,39.8351278629774],[-86.10925289866378,39.83355583322407],[-86.10238202971321,39.835490917397784],[-86.09834545192125,39.84017866284045],[-86.09871779372207,39.84579117644043],[-86.10335476461728,39.8501395417264],[-86.10965139298176,39.85154836140417]]]}"
00000000000000000141,5.0,0,322,Culex pipiens,2020.0,"{""type"":""Polygon"",""coordinates"":[[[-86.31714674230176,39.88475082784812],[-86.32410414414632,39.88299584116023],[-86.32834741113447,39.87841553750546],[-86.32822197455036,39.87279657209088],[-86.3237776832268,39.868330329199104],[-86.31674805519546,39.86675829966721],[-86.30987386193257,39.868693383574374],[-86.30583533023284,39.87338112863768],[-86.30620785115812,39.87899364227956],[-86.31084706588626,39.88334200796975],[-86.31714674230176,39.88475082784812]]]}"
00000000000000000143,17.0,0,324,Culex pipiens,2020.0,"{""type"":""Polygon"",""coordinates"":[[[-87.81944910091505,41.860150430928876],[-87.82661723610346,41.85839542923906],[-87.83098897213347,41.8538151017051],[-87.83085966933572,41.848196137156734],[-87.82628078153718,41.84372991865297],[-87.81903834495986,41.842157902698695],[-87.81195604443536,41.844092970262096],[-87.8077951944464,41.84878069206488],[-87.80817892823468,41.85439320827537],[-87.81295861069268,41.858741598750946],[-87.81944910091505,41.860150430928876]]]}"
0000000000000000014e,17.0,0,335,Culex pipiens,2020.0,"{""type"":""Polygon"",""coordinates"":[[[-87.86924834147995,41.8767472050498],[-87.87641833776331,41.87499220323007],[-87.8807912083647,41.87041187548932],[-87.88066187141638,41.864792910948445],[-87.87608179492842,41.86032669265588],[-87.86883747893916,41.8587546768192],[-87.86175334052156,41.860689744241064],[-87.85759141027711,41.86537746584241],[-87.8579752430856,41.87098998207514],[-87.86275616608212,41.87533837276535],[-87.86924834147995,41.8767472050498]]]}"
00000000000000000175,17.0,0,374,Culex pipiens,2020.0,"{""type"":""Polygon"",""coordinates"":[[[-76.9298472045875,38.95514865393311],[-76.93671243727535,38.953393674007685],[-76.94089951500912,38.94881338111713],[-76.94077576902701,38.94319441531223],[-76.93639034671642,38.93872816142686],[-76.92945379611412,38.9371561257744],[-76.92267062402591,38.939091217049054],[-76.91868559112032,38.94377897259769],[-76.91905320744038,38.94939148508154],[-76.92363098503999,38.953739839599045],[-76.9298472045875,38.95514865393311]]]}"
000000000000000001af,17.0,0,432,Culex pipiens,2020.0,"{""type"":""Polygon"",""coordinates"":[[[-86.30885281434237,39.7519498802744],[-86.31579678559676,39.75019489456371],[-86.3200318648799,39.745614592464385],[-86.31990667465757,39.7399956269934],[-86.31547096153211,39.735529382513015],[-86.30845489641997,39.7339573520967],[-86.30159396644686,39.73589243706848],[-86.29756323041666,39.74058018364694],[-86.29793503667226,39.74619269712149],[-86.30256529899108,39.7505410611972],[-86.30885281434237,39.7519498802744]]]}"
000000000000000001d5,17.0,0,470,Culex pipiens,2020.0,"{""type"":""Polygon"",""coordinates"":[[[-87.79454948063261,41.91824805855423],[-87.80172413752186,41.91649305640933],[-87.80609984934817,41.911912728151],[-87.80597042687855,41.906293763628916],[-87.80138737364153,41.901827545864954],[-87.79413835117724,41.90025553032255],[-87.78704961025726,41.90219059739017],[-87.78288497480693,41.90687831848735],[-87.78326905558407,41.91249083477575],[-87.7880530851714,41.91683922600319],[-87.79454948063261,41.91824805855423]]]}"
00000000000000000206,17.0,0,519,Culex pipiens,2020.0,"{""type"":""Polygon"",""coordinates"":[[[-86.24244788145444,39.78514788761731],[-86.24939520176983,39.78339290166268],[-86.25363232274495,39.77881259917509],[-86.25350707109011,39.77319363371818],[-86.2490692188993,39.76872738963435],[-86.24204977172779,39.76715535943881],[-86.23518553441114,39.76909044414483],[-86.23115285444752,39.77377819034508],[-86.23152483891408,39.779390703861395],[-86.23615733361203,39.78373906834011],[-86.24244788145444,39.78514788761731]]]}"
0000000000000000025c,17.0,0,605,Culex pipiens,2020.0,"{""type"":""Polygon"",""coordinates"":[[[-86.1843502538291,39.735348647052426],[-86.19129255241272,39.73359366146362],[-86.19552661198354,39.72901335955832],[-86.19540145244326,39.7233943940803],[-86.19096680766268,39.71892814940176],[-86.18395243170234,39.71735611887513],[-86.17709315356458,39.7192912039797],[-86.17306338842162,39.72397895074715],[-86.1734351056706,39.72959146420082],[-86.17806425303944,39.73393982807515],[-86.1843502538291,39.735348647052426]]]}"
0000000000000000026a,17.0,0,619,Culex pipiens,2020.0,"{""type"":""Polygon"",""coordinates"":[[[-87.7862466344711,41.876747205049796],[-87.79341663075445,41.87499220323007],[-87.79778950135585,41.87041187548932],[-87.79766016440753,41.86479291094844],[-87.79308008791958,41.86032669265588],[-87.78583577193031,41.858754676819196],[-87.77875163351271,41.86068974424106],[-87.77458970326826,41.8653774658424],[-87.77497353607676,41.87098998207512],[-87.77975445907326,41.87533837276535],[-87.7862466344711,41.876747205049796]]]}"
000000000000000002a0,17.0,0,673,Culex pipiens,2020.0,"{""type"":""Polygon"",""coordinates"":[[[-85.99344721952899,39.85154836140417],[-86.00040125512837,39.84979337496095],[-86.00464246994923,39.84521307169564],[-86.0045170951137,39.83959410626692],[-86.00007495383092,39.8351278629774],[-85.99304872521101,39.83355583322406],[-85.98617785626044,39.83549091739778],[-85.98214127846846,39.840178662840444],[-85.98251362026929,39.84579117644043],[-85.98715059116451,39.85013954172639],[-85.99344721952899,39.85154836140417]]]}"
000000000000000002a4,17.0,0,677,Culex pipiens,2020.0,"{""type"":""Polygon"",""coordinates"":[[[-87.80284786769307,41.793749957142005],[-87.81000857266257,41.7919949559713],[-87.81437577903891,41.78741462926362],[-87.81424661258248,41.78179566468527],[-87.80967247049722,41.77732944533762],[-87.8024375372694,41.775757428913536],[-87.79536257433473,41.777692497042466],[-87.79120603714826,41.782380219650115],[-87.79158937560794,41.787992735771745],[-87.79636410535012,41.792341125389676],[-87.80284786769307,41.793749957142005]]]}"
00000000000000000286,17.0,0,647,Culex pipiens,2025.0,"{""type"":""Polygon"",""coordinates"":[[[-83.68604970661497,42.24194758132702],[-83.6932610547331,42.24019257663128],[-83.69765913445289,42.23561224431273],[-83.69752903868037,42.22999327993797],[-83.69292255060397,42.22552706632076],[-83.68563647584232,42.22395505308696],[-83.67851150116074,42.22589011737565],[-83.67432556862555,42.23057783451778],[-83.67471160154177,42.23619035124289],[-83.67952008815239,42.240538746684635],[-83.68604970661497,42.24194758132702]]]}"
00000000000000000111,17.0,0,274,Culex quinquefasciatus,2019.31428571429,"{""type"":""Polygon"",""coordinates"":[[[-81.10475191149305,28.563548081456492],[-81.11083045912585,28.561793167217964],[-81.11453794740073,28.557212978889094],[-81.11442862968967,28.55159400929751],[-81.1105456683837,28.54712764862219],[-81.1044035575191,28.545555553513513],[-81.09839727442306,28.547490716357153],[-81.09486886621278,28.55217857375771],[-81.09519461910736,28.557791074988014],[-81.0992480155518,28.56213932097671],[-81.10475191149305,28.563548081456492]]]}"
00000000000000000132,14.0,0,307,Culex quinquefasciatus,2019.44444444444,"{""type"":""Polygon"",""coordinates"":[[[-81.38694612166039,28.389250739479404],[-81.39301464817709,28.38749582622013],[-81.39671602734781,28.382915639450122],[-81.39660689355344,28.37729666980215],[-81.39273033277003,28.37283030753475],[-81.38659834159613,28.371258211539633],[-81.38060195463457,28.373193375450295],[-81.37707936308716,28.377881234369312],[-81.37740458283842,28.383493735431777],[-81.38145129959301,28.38784197980247],[-81.38694612166039,28.389250739479404]]]}"
00000000000000000155,17.0,0,342,Culex quinquefasciatus,2019.54166666667,"{""type"":""Polygon"",""coordinates"":[[[-81.09644906533154,28.58014931467848],[-81.10252857210479,28.578394400346504],[-81.10623664509426,28.57381421186889],[-81.1061273097806,28.56819524228268],[-81.10224373586809,28.563728881759282],[-81.09610065642754,28.562156786735194],[-81.09009342615258,28.564091949477014],[-81.08656446121816,28.568779806732685],[-81.08689026514139,28.574392307979004],[-81.09094430091221,28.578740554122078],[-81.09644906533154,28.58014931467848]]]}"
0000000000000000019c,17.0,0,413,Culex quinquefasciatus,2019.42857142857,"{""type"":""Polygon"",""coordinates"":[[[-81.50315029511319,28.522047227952076],[-81.50922644857789,28.520292313947003],[-81.51293247731189,28.51571212598977],[-81.51282320354001,28.510093156384745],[-81.50894177139791,28.505626795329867],[-81.50280207825342,28.504054700009867],[-81.49679815946705,28.505989863107878],[-81.49327114092924,28.510677720870447],[-81.49359676644849,28.516290222060732],[-81.49764856703214,28.520638467663687],[-81.50315029511319,28.522047227952076]]]}"
0000000000000000019d,15.0,0,414,Culex quinquefasciatus,2019.55555555556,"{""type"":""Polygon"",""coordinates"":[[[-82.16715057388076,27.476249798786363],[-82.17316804732357,27.474494890604877],[-82.17683830347866,27.46991471191811],[-82.17673010680045,27.464295741977775],[-82.17288615376081,27.459829371454877],[-82.1668057176128,27.45825727086327],[-82.16085974677338,27.460192440306837],[-82.15736678849315,27.46488030709956],[-82.15768929227022,27.47049280729168],[-82.16170197911985,27.47484104327252],[-82.16715057388076,27.476249798786363]]]}"
000000000000000001b4,,0,437,Culex quinquefasciatus,2021.5,"{""type"":""Polygon"",""coordinates"":[[[-155.2818444263526,19.56634854030189],[-155.287510351462,19.56459367306537],[-155.29096630668798,19.560013559559636],[-155.29086457525446,19.554394587263698],[-155.28724515400222,19.549928150170583],[-155.281519701873,19.54835601251329],[-155.27592087386503,19.55029122657364],[-155.27263196750243,19.55497915685761],[-155.27293578223072,19.560591650029703],[-155.27671415042232,19.564939818357225],[-155.2818444263526,19.56634854030189]]]}"
000000000000000001ba,17.0,0,443,Culex quinquefasciatus,2019.06666666667,"{""type"":""Polygon"",""coordinates"":[[[-81.33715134019656,28.455646754165222],[-81.34322367358682,28.453891840533284],[-81.34692737351486,28.44931165317006],[-81.34681816985227,28.44369268354354],[-81.3429391776054,28.43922632188201],[-81.3368033421126,28.43765422622422],[-81.33080319575774,28.439589389728834],[-81.32727839454635,28.444277248070005],[-81.3276038168298,28.449889749196338],[-81.33165307109886,28.45423799418276],[-81.33715134019656,28.455646754165222]]]}"
000000000000000001ce,14.0,0,463,Culex quinquefasciatus,2021.89473684211,"{""type"":""Polygon"",""coordinates"":[[[-81.98455038574214,29.73384807113548],[-81.99069857111081,29.732093150235958],[-81.99444851233794,29.72751295130367],[-81.99433791678486,29.72189398209569],[-81.99041047755453,29.717427632249763],[-81.98419804359014,29.715855543170612],[-81.97812299092999,29.717790698756367],[-81.97455416213249,29.722478545828352],[-81.97488362011838,29.72809104820025],[-81.97898343455313,29.7324393051946],[-81.98455038574214,29.73384807113548]]]}"
000000000000000001dd,17.0,0,478,Culex quinquefasciatus,2019.55555555556,"{""type"":""Polygon"",""coordinates"":[[[-81.44505266748783,28.563548081456492],[-81.45113121512063,28.561793167217964],[-81.45483870339551,28.557212978889098],[-81.45472938568444,28.55159400929751],[-81.45084642437847,28.54712764862219],[-81.44470431351388,28.545555553513513],[-81.43869803041785,28.547490716357153],[-81.43516962220755,28.55217857375771],[-81.43549537510214,28.557791074988014],[-81.43954877154655,28.56213932097671],[-81.44505266748783,28.563548081456492]]]}"
0000000000000000022f,14.0,0,560,Culex quinquefasciatus,2019.71052631579,"{""type"":""Polygon"",""coordinates"":[[[-81.1877536185019,28.389250739479404],[-81.1938221450186,28.387495826220132],[-81.19752352418932,28.382915639450122],[-81.19741439039497,28.37729666980215],[-81.19353782961154,28.372830307534752],[-81.18740583843764,28.371258211539637],[-81.18140945147609,28.3731933754503],[-81.17788685992868,28.377881234369312],[-81.17821207967992,28.383493735431777],[-81.18225879643452,28.38784197980247],[-81.1877536185019,28.389250739479404]]]}"
00000000000000000262,14.0,0,611,Culex quinquefasciatus,2019.21428571429,"{""type"":""Polygon"",""coordinates"":[[[-81.17115238527992,28.430747133882768],[-81.17722328951365,28.428992220390644],[-81.18092611819502,28.424412033249975],[-81.18081694076184,28.418793063615407],[-81.17693886132228,28.414326701726576],[-81.1708044690438,28.412754605942236],[-81.16480573402092,28.414689769599185],[-81.16128176235001,28.419377628157136],[-81.16160710859972,28.424990129259513],[-81.16565541024829,28.429338374014936],[-81.17115238527992,28.430747133882768]]]}"
00000000000000000272,14.0,0,627,Culex quinquefasciatus,2019.36842105263,"{""type"":""Polygon"",""coordinates"":[[[-81.20435485172388,28.488849220609172],[-81.21042909365926,28.487094306790716],[-81.21413395708053,28.482514119130563],[-81.21402471839052,28.476895149514785],[-81.2101445071491,28.47242878815651],[-81.20400674433749,28.47085669266757],[-81.19800471324062,28.472791855968932],[-81.1944788042321,28.477479714020873],[-81.1948043280539,28.483092215179173],[-81.19885485448556,28.48744046047379],[-81.20435485172388,28.488849220609172]]]}"
00000000000000000283,,0,644,Culex quinquefasciatus,2021.78378378378,"{""type"":""Polygon"",""coordinates"":[[[-155.24865087811077,19.56634854030189],[-155.2543168032202,19.564593673065367],[-155.25777275844615,19.560013559559636],[-155.2576710270126,19.554394587263698],[-155.25405160576037,19.549928150170583],[-155.24832615363118,19.548356012513285],[-155.2427273256232,19.550291226573638],[-155.2394384192606,19.554979156857605],[-155.2397422339889,19.5605916500297],[-155.24352060218052,19.564939818357225],[-155.24865087811077,19.56634854030189]]]}"
00000000000000000287,17.0,0,648,Culex quinquefasciatus,2019.23529411765,"{""type"":""Polygon"",""coordinates"":[[[-81.43675428042738,28.638246942303827],[-81.44283715021271,28.636492027644614],[-81.44654727337392,28.631911838646086],[-81.44643787634134,28.626292869078725],[-81.44255215446049,28.621826509087345],[-81.43640567892334,28.620254414359458],[-81.43039512757578,28.622189576744727],[-81.42686421061237,28.62687743349298],[-81.42719019345681,28.632489934795384],[-81.43124647088351,28.63683818147914],[-81.43675428042738,28.638246942303827]]]}"
00000000000000000295,,0,662,Culex quinquefasciatus,2021.69230769231,"{""type"":""Polygon"",""coordinates"":[[[-155.29844565957458,19.566348540301895],[-155.30411158468402,19.56459367306537],[-155.30756753990997,19.560013559559636],[-155.30746580847645,19.554394587263698],[-155.3038463872242,19.549928150170583],[-155.29812093509503,19.54835601251329],[-155.29252210708705,19.55029122657364],[-155.28923320072442,19.55497915685761],[-155.28953701545274,19.5605916500297],[-155.29331538364434,19.564939818357225],[-155.29844565957458,19.566348540301895]]]}"
000000000000000002df,17.0,0,736,Culex quinquefasciatus,2019.45454545455,"{""type"":""Polygon"",""coordinates"":[[[-81.3952489678219,28.472247987387203],[-81.40132225507985,28.47049307366202],[-81.40502653650766,28.465912886150353],[-81.40491731533874,28.460293916529203],[-81.4010377138532,28.455827555019273],[-81.39490091510991,28.4542554594459],[-81.38889982678394,28.456190622848904],[-81.38537447190899,28.460878481045484],[-81.38569994494004,28.4664909821878],[-81.3897498350205,28.470839227328288],[-81.3952489678219,28.472247987387203]]]}"
000000000000000002ea,17.0,0,747,Culex quinquefasciatus,2019.41176470588,"{""type"":""Polygon"",""coordinates"":[[[-81.65254801680783,28.563548081456492],[-81.65862656444062,28.561793167217967],[-81.66233405271551,28.557212978889098],[-81.66222473500443,28.55159400929751],[-81.65834177369847,28.547127648622194],[-81.65219966283388,28.545555553513513],[-81.64619337973784,28.547490716357153],[-81.64266497152755,28.55217857375771],[-81.64299072442213,28.557791074988017],[-81.64704412086655,28.56213932097671],[-81.65254801680783,28.563548081456492]]]}"
000000000000000002ed,14.0,0,750,Culex quinquefasciatus,2020.5,"{""type"":""Polygon"",""coordinates"":[[[-81.42845143426585,28.14025007755393],[-81.43450579881863,28.138495165688056],[-81.43819854454098,28.133914981136165],[-81.43808967067494,28.12829601140796],[-81.43422215518454,28.123829646875173],[-81.4281044652562,28.122257549618734],[-81.42212206360935,28.124192715047677],[-81.41860769224,28.12888057612732],[-81.41893215856233,28.13449307695096],[-81.42296943550865,28.138841319019388],[-81.42845143426585,28.14025007755393]]]}"
00000000000000000309,17.0,0,778,Culex quinquefasciatus,2019.5250244140625,"{""type"":""Polygon"",""coordinates"":[[[-81.44505266748783,28.55524969439604],[-81.45113073598391,28.5534947802042],[-81.45483793216582,28.54891459194966],[-81.45472862324812,28.543295622355387],[-81.45084596796852,28.538829261604157],[-81.44470434095409,28.5372571664532],[-81.43869853101936,28.539192329347728],[-81.43517040091949,28.54388018682069],[-81.43549612832284,28.54949268804299],[-81.43954920539305,28.553840933954525],[-81.44505266748783,28.55524969439604]]]}"
0000000000000000030c,14.0,0,781,Culex quinquefasciatus,2019.48148148148,"{""type"":""Polygon"",""coordinates"":[[[-82.15885218682031,27.360050084434615],[-82.16486333328653,27.358295176893314],[-82.1685297324003,27.35371499922563],[-82.1684216518766,27.348096029248445],[-82.1645817398903,27.343629657684733],[-82.15850769289476,27.342057556513634],[-82.15256797006596,27.343992726654754],[-82.14907868421723,27.34868059444015],[-82.14940085142452,27.354293094522546],[-82.15340932098219,27.358641329445632],[-82.15885218682031,27.360050084434615]]]}"
0000000000000000030d,17.0,0,782,Culex quinquefasciatus,2019.1500244140625,"{""type"":""Polygon"",""coordinates"":[[[-81.25414963318771,28.546951307335572],[-81.26022722275009,28.545196393190427],[-81.26393412696278,28.540616205010217],[-81.26382482683474,28.534997235413254],[-81.25994247745184,28.530530874586113],[-81.25380133408252,28.528958779392894],[-81.2477959971086,28.53089394233829],[-81.24426814500131,28.53558179988366],[-81.24459384692426,28.541194301097953],[-81.24864660475559,28.545542546932346],[-81.25414963318771,28.546951307335572]]]}"
00000000000000000321,17.0,0,802,Culex quinquefasciatus,2019.39285714286,"{""type"":""Polygon"",""coordinates"":[[[-81.32884849403504,28.414150359761848],[-81.33491844667854,28.41239544636288],[-81.33862069524871,28.407815259370487],[-81.33851153528025,28.402196289730565],[-81.33463406362469,28.397729927690285],[-81.3285006322965,28.396157831821622],[-81.32250283699537,28.398092995580065],[-81.31897941766607,28.402780854282465],[-81.31930471328955,28.40839335536887],[-81.32335238064493,28.412741599970385],[-81.32884849403504,28.414150359761848]]]}"
000000000000000001cb,17.0,0,460,Culex quinquefasciatus,2011.0,"{""type"":""Polygon"",""coordinates"":[[[-101.19075031123475,20.404650620147617],[-101.19644646339448,20.402895748790474],[-101.19992084359471,20.39831562872493],[-101.19981855483987,20.392696656665905],[-101.19617982811613,20.388230226272416],[-101.19042385592043,20.386658092345474],[-101.1847951819094,20.388593301915513],[-101.18148873073507,20.39328122580975],[-101.18179415089784,20.39889371968849],[-101.18559266536396,20.40324189482461],[-101.19075031123475,20.404650620147617]]]}"
000000000000000002e5,7.0,0,742,Culex quinquefasciatus,2011.0,"{""type"":""Polygon"",""coordinates"":[[[-99.04934729413634,20.86114663139308],[-99.05506055866762,20.859391757773256],[-99.05854536990695,20.854811634105655],[-99.05844276581753,20.849192662176733],[-99.05479310968498,20.844726235462073],[-99.04901985892951,20.8431541035835],[-99.04337428798279,20.84508931068788],[-99.0400579041901,20.84977723107345],[-99.04036423342407,20.855389725340203],[-99.04417415338945,20.859737904214995],[-99.04934729413634,20.86114663139308]]]}"
00000000000000000315,8.0,0,790,Culex quinquefasciatus,2011.0,"{""type"":""Polygon"",""coordinates"":[[[-100.26114813731972,19.267548637811537],[-100.26680365765304,19.265793772033312],[-100.27025327070854,19.26121366084913],[-100.27015173122106,19.25559468846935],[-100.26653895528494,19.251128249005216],[-100.2608240086183,19.249556110027722],[-100.25523545405679,19.251491325677215],[-100.25195258697337,19.25617925822254],[-100.25225584918803,19.261791751144543],[-100.256027282693,19.26613991706247],[-100.26114813731972,19.267548637811537]]]}"
00000000000000000126,17.0,0,295,Culex quinquefasciatus,2012.0,"{""type"":""Polygon"",""coordinates"":[[[-99.18215270081112,19.491649679454568],[-99.18781600673387,19.489894812583113],[-99.19127036544545,19.485314699658563],[-99.19116868232501,19.47969572734163],[-99.1875509338947,19.47522928965495],[-99.1818281263069,19.473657151667158],[-99.17623188443456,19.475592366125337],[-99.17294449833568,19.480280296975415],[-99.17324817397449,19.4858927900849],[-99.17702479649851,19.490240957809203],[-99.18215270081112,19.491649679454568]]]}"
0000000000000000012a,17.0,0,299,Culex quinquefasciatus,2012.0,"{""type"":""Polygon"",""coordinates"":[[[-99.11575222702425,19.425249205667708],[-99.1214132148358,19.42349433912049],[-99.12486616055477,19.418914226712104],[-99.1247645201968,19.413295254376532],[-99.1211482522968,19.40882881616269],[-99.1154277852554,19.407256677881364],[-99.10983383223774,19.40919189269287],[-99.10654779164808,19.413879824045733],[-99.10685134418887,19.41949231709961],[-99.11062642171198,19.423840484288174],[-99.11575222702425,19.425249205667708]]]}"
000000000000000001a0,3.0,0,417,Culex quinquefasciatus,2016.0,"{""type"":""Polygon"",""coordinates"":[[[-91.21414935560024,16.32105046641241],[-91.21971228240608,16.319295614747055],[-91.22310545819444,16.314715526030096],[-91.2230056299579,16.309096552839193],[-91.21945199081141,16.304630090428976],[-91.21383052848503,16.30305793867495],[-91.20833339383083,16.304993169703817],[-91.20510427088284,16.309681124133807],[-91.20540261946647,16.31529361463525],[-91.20911234255317,16.319641757233917],[-91.21414935560024,16.32105046641241]]]}"
0000000000000000027c,18.0,0,637,Culex quinquefasciatus,2016.0,"{""type"":""Polygon"",""coordinates"":[[[-87.60365090543354,20.080951097374818],[-87.60933520338477,20.079196227614005],[-87.61280235778001,20.074616110089742],[-87.61270028754005,20.06899713793893],[-87.60906913189834,20.064530704950002],[-87.60332512890983,20.06295856957792],[-87.59770815975193,20.064893780887505],[-87.59440858916875,20.06958170725713],[-87.59471337967098,20.075194200862118],[-87.59850399329045,20.079542373360585],[-87.60365090543354,20.080951097374818]]]}"
0000000000000000032e,3.0,0,815,Culex quinquefasciatus,2016.0,"{""type"":""Polygon"",""coordinates"":[[[-87.47914834492028,19.79044958194492],[-87.48482220023172,19.788694713611115],[-87.48828298929706,19.784114598358574],[-87.48818111160554,19.778495626125718],[-87.48455662548716,19.774029190816652],[-87.47882316635288,19.77245705415271],[-87.47321650817916,19.774392267017333],[-87.46992299885986,19.779080195599782],[-87.47022723473657,19.78469268896005],[-87.47401088836205,19.789040859100634],[-87.47914834492028,19.79044958194492]]]}"
00000000000000000114,,0,277,Culex quinquefasciatus,2018.0,"{""type"":""Polygon"",""coordinates"":[[[-155.7217481225782,20.03945024387039],[-155.72743091739983,20.037695374313767],[-155.73089715555707,20.033115257114545],[-155.73079511302964,20.027496284951994],[-155.72716491741016,20.023029851631087],[-155.72142243212556,20.02145771607416],[-155.71580694715158,20.023392927606253],[-155.7125082490363,20.028080854292497],[-155.7128129597015,20.03369334786247],[-155.7166025714864,20.03804152002356],[-155.7217481225782,20.03945024387039]]]}"
00000000000000000136,17.0,0,311,Culex quinquefasciatus,2018.0,"{""type"":""Polygon"",""coordinates"":[[[-117.59985424612394,33.950249172444416],[-117.6062901033238,33.94849422615691],[-117.61021541868776,33.94391398681098],[-117.61009954680719,33.93829501906589],[-117.60598836971778,33.93382871049484],[-117.59948542865038,33.93225664439616],[-117.59312628674758,33.93419177231977],[-117.58939048128303,33.93887958002553],[-117.58973524744958,33.94449208674767],[-117.59402681529082,33.948840385688875],[-117.59985424612394,33.950249172444416]]]}"
00000000000000000137,17.0,0,312,Culex quinquefasciatus,2018.0,"{""type"":""Polygon"",""coordinates"":[[[-117.44214476006566,33.92534955216196],[-117.44857873554867,33.9235946060315],[-117.4525029037511,33.91901436693555],[-117.45238706637738,33.913395399181404],[-117.44827709115434,33.90892909035506],[-117.44177605036106,33.90735702411423],[-117.4354187667512,33.909292152208934],[-117.43168405351366,33.913979960158194],[-117.43202871953949,33.91959246685344],[-117.4363190330798,33.92394076553517],[-117.44214476006566,33.92534955216196]]]}"
0000000000000000013f,17.0,0,320,Culex quinquefasciatus,2018.0,"{""type"":""Polygon"",""coordinates"":[[[-117.47534722650961,33.90874831893998],[-117.4817799486885,33.90699337291417],[-117.48570335283222,33.902413133984815],[-117.48558753844158,33.89679416622463],[-117.48147836371308,33.89232785722815],[-117.47497858858374,33.8907557908926],[-117.46862254267664,33.89269091910132],[-117.46488855690913,33.89737872721285],[-117.46523315623692,33.902991233890155],[-117.4695226343591,33.90733953239899],[-117.47534722650961,33.90874831893998]]]}"
0000000000000000016c,17.0,0,365,Culex quinquefasciatus,2018.0,"{""type"":""Polygon"",""coordinates"":[[[-117.61644656114382,33.89214708571801],[-117.62287803104664,33.890392139796816],[-117.62680067175835,33.885811901033975],[-117.62668488033192,33.880192933267764],[-117.62257650544137,33.87572662410121],[-117.6160779949378,33.874154557670984],[-117.60972318571817,33.87608968599367],[-117.60598992682402,33.880777494267406],[-117.60633445950855,33.886390000926795],[-117.61062310289782,33.890738299262786],[-117.61644656114382,33.89214708571801]]]}"
00000000000000000178,14.0,0,377,Culex quinquefasciatus,2018.0,"{""type"":""Polygon"",""coordinates"":[[[-80.97194650481828,29.061549405307446],[-80.97805418056927,29.05979448825295],[-80.98177942605733,29.05521429544145],[-80.98166957380666,29.04959532601202],[-80.977768008256,29.045128969914874],[-80.97159648267109,29.04355687735521],[-80.96556143466434,29.045492037130543],[-80.96201611930739,29.050179890164657],[-80.96234342192469,29.05579239187758],[-80.96641623408478,29.060140642518952],[-80.97194650481828,29.061549405307446]]]}"
00000000000000000190,17.0,0,401,Culex quinquefasciatus,2018.0,"{""type"":""Polygon"",""coordinates"":[[[-117.60814817408338,33.86724746543556],[-117.61457776766572,33.86549251967119],[-117.61849926450583,33.86091228115798],[-117.61838350748738,33.85529331338272],[-117.61427633101648,33.85082700396122],[-117.60777971533724,33.849254937389034],[-117.60142675908118,33.8511900658826],[-117.59769458928177,33.855877874399496],[-117.59803902211281,33.86149038103202],[-117.60232641479837,33.86583867910891],[-117.60814817408338,33.86724746543556]]]}"
00000000000000000192,3.0,0,403,Culex quinquefasciatus,2018.0,"{""type"":""Polygon"",""coordinates"":[[[-81.09644906533154,28.96194646507662],[-81.1025508560765,28.960191548587495],[-81.10627251391655,28.95561135667598],[-81.10616276965824,28.949992387213996],[-81.10226496288564,28.94552603019768],[-81.09609938022041,28.943953937126246],[-81.09007014384615,28.945889097517604],[-81.0865282443869,28.950576951428385],[-81.0868552338947,28.95618945304441],[-81.09092412332559,28.96053770275165],[-81.09644906533154,28.96194646507662]]]}"
00000000000000000194,17.0,0,405,Culex quinquefasciatus,2018.0,"{""type"":""Polygon"",""coordinates"":[[[-117.59155139996246,33.850646232213585],[-117.59797974383504,33.848891286553716],[-117.60190047880772,33.84431104820686],[-117.60178474470646,33.83869208042559],[-117.5976783664344,33.83422577083419],[-117.59118301278917,33.832653704167406],[-117.58483129068614,33.834588832774834],[-117.58109984627045,33.839276641453786],[-117.58144421259482,33.844889148068404],[-117.58573077225815,33.84923744597262],[-117.59155139996246,33.850646232213585]]]}"
000000000000000001b9,17.0,0,442,Culex quinquefasciatus,2018.0,"{""type"":""Polygon"",""coordinates"":[[[-117.3840471324403,33.9502491724444],[-117.39048298964018,33.94849422615691],[-117.3944083050041,33.94391398681098],[-117.39429243312355,33.93829501906589],[-117.39018125603414,33.93382871049484],[-117.38367831496676,33.93225664439616],[-117.37731917306394,33.93419177231977],[-117.3735833675994,33.93887958002553],[-117.37392813376594,33.94449208674767],[-117.3782197016072,33.94884038568887],[-117.3840471324403,33.9502491724444]]]}"
000000000000000001be,17.0,0,447,Culex quinquefasciatus,2018.0,"{""type"":""Polygon"",""coordinates"":[[[-117.59155139996243,33.950249172444416],[-117.59798725716226,33.94849422615691],[-117.60191257252625,33.94391398681098],[-117.60179670064568,33.93829501906589],[-117.59768552355624,33.93382871049484],[-117.59118258248887,33.93225664439616],[-117.58482344058608,33.934191772319764],[-117.58108763512152,33.93887958002553],[-117.58143240128807,33.94449208674767],[-117.58572396912929,33.94884038568887],[-117.59155139996243,33.950249172444416]]]}"
000000000000000001c7,17.0,0,456,Culex quinquefasciatus,2018.0,"{""type"":""Polygon"",""coordinates"":[[[-117.55005054645802,33.90874831893998],[-117.5564832686369,33.90699337291417],[-117.56040667278064,33.902413133984815],[-117.56029085838998,33.89679416622463],[-117.5561816836615,33.89232785722815],[-117.54968190853214,33.89075579089259],[-117.54332586262501,33.89269091910132],[-117.53959187685753,33.89737872721285],[-117.53993647618533,33.902991233890155],[-117.54422595430752,33.90733953239899],[-117.55005054645802,33.90874831893998]]]}"
000000000000000001f1,17.0,0,498,Culex quinquefasciatus,2018.0,"{""type"":""Polygon"",""coordinates"":[[[-117.30934827159301,33.65974765701451],[-117.31576231844961,33.65799271255348],[-117.31967433745483,33.65341247611496],[-117.31955886553395,33.64779350826457],[-117.31546161887061,33.64332719672419],[-117.30898070323262,33.64175512897227],[-117.3026431001704,33.64369025888589],[-117.29891995433958,33.648378069423714],[-117.29926355981135,33.653990575832935],[-117.30354058947727,33.65833887175643],[-117.30934827159301,33.65974765701451]]]}"
00000000000000000205,17.0,0,518,Culex quinquefasciatus,2018.0,"{""type"":""Polygon"",""coordinates"":[[[-117.48365007267114,33.90874831893998],[-117.49008279485004,33.90699337291417],[-117.49400619899376,33.902413133984815],[-117.4938903846031,33.89679416622463],[-117.48978120987462,33.89232785722815],[-117.48328143474528,33.8907557908926],[-117.47692538883815,33.89269091910132],[-117.47319140307067,33.89737872721285],[-117.47353600239845,33.902991233890155],[-117.47782548052064,33.90733953239899],[-117.48365007267114,33.90874831893998]]]}"
00000000000000000228,17.0,0,553,Culex quinquefasciatus,2018.0,"{""type"":""Polygon"",""coordinates"":[[[-117.5583489335185,33.98344717978731],[-117.56478730316654,33.9816922332903],[-117.56871415020831,33.97711199361087],[-117.56859823225466,33.97149302587784],[-117.56448545044604,33.96702671764743],[-117.55797997215296,33.96545465173838],[-117.55161834907723,33.9673897794337],[-117.5478810852828,33.9720775868146],[-117.54822598515628,33.97769009357263],[-117.55251922772668,33.982038392860005],[-117.5583489335185,33.98344717978731]]]}"
0000000000000000022b,7.0,0,556,Culex quinquefasciatus,2018.0,"{""type"":""Polygon"",""coordinates"":[[[-117.292747038371,33.692945664357424],[-117.29916356185069,33.691190719688294],[-117.3030770906929,33.68661048291851],[-117.30296157335525,33.680991515080116],[-117.29886274485467,33.67652520387804],[-117.29237932817047,33.6749531363145],[-117.28603927931552,33.676888266001384],[-117.28231469594931,33.68157607621652],[-117.28265843322076,33.6871885826614],[-117.28693711373532,33.691536878928716],[-117.292747038371,33.692945664357424]]]}"
00000000000000000234,17.0,0,565,Culex quinquefasciatus,2018.0,"{""type"":""Polygon"",""coordinates"":[[[-81.32055010697458,29.103050258811855],[-81.32666024359406,29.10129534152148],[-81.33038698929019,29.096715148334464],[-81.3302770918823,29.09109617891863],[-81.32637395456443,29.086629823204994],[-81.32019994389265,29.085057730858853],[-81.31416246569803,29.086992890377154],[-81.31061572195252,29.091680743045497],[-81.31094315550018,29.09729324479886],[-81.31501760798551,29.10164149582998],[-81.32055010697458,29.103050258811855]]]}"
0000000000000000023f,17.0,0,576,Culex quinquefasciatus,2018.0,"{""type"":""Polygon"",""coordinates"":[[[-117.57495016674045,33.95854755950487],[-117.58138665158161,33.95679261316502],[-117.58531234957802,33.952212373735755],[-117.58519646618784,33.946593405993674],[-117.58108488821928,33.94212709750776],[-117.57458131332085,33.940555031456455],[-117.56822155158973,33.942490159323015],[-117.56448538181594,33.94717796694759],[-117.56483018138417,33.952790473678704],[-117.56912216759392,33.95713877270641],[-117.57495016674045,33.95854755950487]]]}"
00000000000000000243,17.0,0,580,Culex quinquefasciatus,2018.0,"{""type"":""Polygon"",""coordinates"":[[[-117.57495016674045,33.850646232213585],[-117.58137851061306,33.848891286553716],[-117.58529924558577,33.84431104820686],[-117.58518351148452,33.83869208042559],[-117.58107713321242,33.83422577083419],[-117.5745817795672,33.832653704167406],[-117.56823005746416,33.834588832774834],[-117.56449861304844,33.83927664145379],[-117.56484297937286,33.844889148068404],[-117.56912953903618,33.84923744597262],[-117.57495016674045,33.850646232213585]]]}"
00000000000000000247,14.0,0,584,Culex quinquefasciatus,2018.0,"{""type"":""Polygon"",""coordinates"":[[[-117.60814817408335,33.9170511651015],[-117.61458152295407,33.91529621902335],[-117.61850530915137,33.91071598001068],[-117.61838948326847,33.90509701225352],[-117.61427990826732,33.900630703342124],[-117.60777950026583,33.89905863705393],[-117.60142283546809,33.90099376520564],[-117.59768848594248,33.905681573236016],[-117.5980331186214,33.91129407992229],[-117.60232301447917,33.915642378517596],[-117.60814817408335,33.9170511651015]]]}"
00000000000000000254,17.0,0,597,Culex quinquefasciatus,2018.0,"{""type"":""Polygon"",""coordinates"":[[[-117.3840471324403,33.97514879272684],[-117.39048487367421,33.97339384628222],[-117.39441133761235,33.96881360668618],[-117.39429543118248,33.963194638950135],[-117.39018305074666,33.95872833063456],[-117.38367820706509,33.95715626467808],[-117.37731720458093,33.959091392430494],[-117.37358030554437,33.96377919989261],[-117.373925171975,33.96939170664167],[-117.37821799566173,33.97374000584248],[-117.3840471324403,33.97514879272684]]]}"
00000000000000000263,17.0,0,612,Culex quinquefasciatus,2018.0,"{""type"":""Polygon"",""coordinates"":[[[-117.35085358419848,33.958547559504865],[-117.3572900690396,33.95679261316502],[-117.36121576703604,33.952212373735755],[-117.36109988364585,33.946593405993674],[-117.35698830567729,33.94212709750776],[-117.3504847307789,33.940555031456455],[-117.34412496904777,33.94249015932301],[-117.34038879927398,33.947177966947585],[-117.34073359884222,33.952790473678704],[-117.34502558505191,33.95713877270641],[-117.35085358419848,33.958547559504865]]]}"
00000000000000000270,17.0,0,625,Culex quinquefasciatus,2018.0,"{""type"":""Polygon"",""coordinates"":[[[-117.37574874537984,34.00835125917081],[-117.38218900249382,34.00659631251652],[-117.38611700020205,34.00201607258673],[-117.38600104763617,33.99639710486277],[-117.3818870602892,33.991930796888056],[-117.37537967591611,33.99035873112137],[-117.3690161888698,33.992293858645326],[-117.36527782951136,33.99698166578235],[-117.3656228298316,34.00259417256733],[-117.36991733053513,34.00694247211456],[-117.37574874537984,34.00835125917081]]]}"
00000000000000000278,17.0,0,633,Culex quinquefasciatus,2018.0,"{""type"":""Polygon"",""coordinates"":[[[-117.55834893351847,33.892147085718],[-117.56478040342128,33.89039213979681],[-117.568703044133,33.88581190103397],[-117.56858725270656,33.88019293326776],[-117.56447887781603,33.87572662410121],[-117.55798036731245,33.87415455767097],[-117.55162555809285,33.87608968599367],[-117.54789229919868,33.880777494267406],[-117.5482368318832,33.8863900009268],[-117.55252547527247,33.890738299262786],[-117.55834893351847,33.892147085718]]]}"
00000000000000000280,14.0,0,641,Culex quinquefasciatus,2018.0,"{""type"":""Polygon"",""coordinates"":[[[-81.30394887375259,29.161147886437202],[-81.31006246410027,29.15939296881628],[-81.31379131527768,29.154812775103093],[-81.31368135449422,29.149193805706282],[-81.30977601126519,29.144727450530045],[-81.30359851287442,29.14315535848311],[-81.29755762400941,29.145090517641247],[-81.29400887557895,29.149778369797044],[-81.29433649288282,29.155390871607057],[-81.29841324749803,29.159739123184323],[-81.30394887375259,29.161147886437202]]]}"
00000000000000000281,14.0,0,642,Culex quinquefasciatus,2018.0,"{""type"":""Polygon"",""coordinates"":[[[-117.58325301290199,33.950249172444416],[-117.5896888701018,33.94849422615691],[-117.59361418546578,33.94391398681098],[-117.59349831358521,33.93829501906589],[-117.58938713649577,33.93382871049484],[-117.5828841954284,33.93225664439616],[-117.57652505352561,33.934191772319764],[-117.57278924806106,33.93887958002553],[-117.5731340142276,33.94449208674767],[-117.57742558206881,33.94884038568887],[-117.58325301290199,33.950249172444416]]]}"
00000000000000000291,14.0,0,658,Culex quinquefasciatus,2018.0,"{""type"":""Polygon"",""coordinates"":[[[-117.49195291883268,33.97514879272684],[-117.49839066006656,33.97339384628222],[-117.50231712400468,33.96881360668618],[-117.50220121757485,33.963194638950135],[-117.49808883713901,33.958728330634564],[-117.49158399345744,33.95715626467808],[-117.48522299097331,33.9590913924305],[-117.4814860919367,33.96377919989261],[-117.48183095836737,33.96939170664168],[-117.48612378205411,33.97374000584249],[-117.49195291883268,33.97514879272684]]]}"
000000000000000002a6,17.0,0,679,Culex quinquefasciatus,2018.0,"{""type"":""Polygon"",""coordinates"":[[[-117.56665177967999,33.9502491724444],[-117.57308763687985,33.94849422615691],[-117.57701295224378,33.94391398681098],[-117.57689708036324,33.93829501906589],[-117.57278590327383,33.93382871049485],[-117.56628296220642,33.932256644396155],[-117.55992382030362,33.934191772319764],[-117.55618801483908,33.93887958002553],[-117.55653278100563,33.94449208674767],[-117.56082434884686,33.94884038568887],[-117.56665177967999,33.9502491724444]]]}"
000000000000000002ba,17.0,0,699,Culex quinquefasciatus,2018.0,"{""type"":""Polygon"",""coordinates"":[[[-81.93475560427832,26.496848384306464],[-81.94072092730859,26.495093481479397],[-81.94435939172756,26.490513311316274],[-81.94425215259656,26.484894341067708],[-81.94044150810063,26.48042796183951],[-81.93441373462069,26.47885585640095],[-81.92851926309478,26.4807910316789],[-81.92505657499943,26.485478906774322],[-81.92537630472906,26.491091406048636],[-81.92935423044733,26.495439633182503],[-81.93475560427832,26.496848384306464]]]}"
000000000000000002c3,17.0,0,708,Culex quinquefasciatus,2018.0,"{""type"":""Polygon"",""coordinates"":[[[-81.06324659888759,29.127949879094306],[-81.06935821446679,29.126194961662307],[-81.0730858617746,29.121614768249852],[-81.07297593722784,29.115995798842164],[-81.06907185529202,29.11152944335878],[-81.06289635110512,29.109957351140828],[-81.05685741238922,29.111892510504816],[-81.05330981019506,29.11658036295356],[-81.05363732243094,29.12219286473119],[-81.05771276073706,29.126541115996318],[-81.06324659888759,29.127949879094306]]]}"
000000000000000002ce,17.0,0,719,Culex quinquefasciatus,2018.0,"{""type"":""Polygon"",""coordinates"":[[[-117.46704883944915,34.00835125917081],[-117.47348909656311,34.00659631251652],[-117.47741709427135,34.00201607258673],[-117.47730114170548,33.99639710486277],[-117.47318715435848,33.99193079688805],[-117.46667976998542,33.99035873112137],[-117.46031628293909,33.992293858645326],[-117.45657792358067,33.99698166578234],[-117.45692292390092,34.00259417256733],[-117.46121742460443,34.00694247211455],[-117.46704883944915,34.00835125917081]]]}"
000000000000000002d6,17.0,0,727,Culex quinquefasciatus,2018.0,"{""type"":""Polygon"",""coordinates"":[[[-117.59985424612394,33.90874831893998],[-117.60628696830285,33.90699337291418],[-117.61021037244655,33.902413133984815],[-117.6100945580559,33.89679416622463],[-117.60598538332741,33.89232785722815],[-117.59948560819807,33.8907557908926],[-117.59312956229094,33.89269091910132],[-117.58939557652346,33.89737872721285],[-117.58974017585125,33.90299123389016],[-117.59402965397344,33.90733953239899],[-117.59985424612394,33.90874831893998]]]}"
000000000000000002da,17.0,0,731,Culex quinquefasciatus,2018.0,"{""type"":""Polygon"",""coordinates"":[[[-117.59985424612394,33.90044993187952],[-117.60628634220451,33.89869498590602],[-117.61020936465647,33.89411474705989],[-117.6100935617472,33.8884957792967],[-117.60598478691229,33.884029470215204],[-117.59948564405575,33.88245740383231],[-117.5931302164531,33.88439253209802],[-117.58939659409924,33.889080340290626],[-117.58974116010752,33.89469284695898],[-117.59403022088972,33.89904114538142],[-117.59985424612394,33.90044993187952]]]}"
00000000000000000306,17.0,0,775,Culex quinquefasciatus,2018.0,"{""type"":""Polygon"",""coordinates"":[[[-117.32594950481501,33.900449931879514],[-117.33238160089559,33.89869498590601],[-117.33630462334752,33.89411474705989],[-117.33618882043825,33.88849577929669],[-117.33208004560336,33.8840294702152],[-117.32558090274676,33.882457403832305],[-117.31922547514418,33.88439253209802],[-117.31549185279029,33.889080340290626],[-117.31583641879855,33.894692846958975],[-117.32012547958077,33.89904114538141],[-117.32594950481501,33.900449931879514]]]}"
00000000000000000313,17.0,0,788,Culex quinquefasciatus,2018.0,"{""type"":""Polygon"",""coordinates"":[[[-117.59985424612394,33.9170511651015],[-117.60628759499467,33.915296219023354],[-117.61021138119197,33.910715980010686],[-117.61009555530907,33.90509701225352],[-117.6059859803079,33.90063070334213],[-117.59948557230642,33.89905863705394],[-117.59312890750867,33.90099376520564],[-117.58939455798308,33.90568157323602],[-117.58973919066202,33.9112940799223],[-117.59402908651978,33.9156423785176],[-117.59985424612394,33.9170511651015]]]}"
00000000000000000316,17.0,0,791,Culex quinquefasciatus,2018.0,"{""type"":""Polygon"",""coordinates"":[[[-117.60814817408335,33.96685040566638],[-117.61458528716074,33.96509545927414],[-117.61851136815234,33.96051521976147],[-117.61839547324158,33.9548962520224],[-117.6142834940139,33.95042994362167],[-117.60777928468367,33.94885787761779],[-117.60141890253666,33.95079300542727],[-117.59768236810832,33.955480812970606],[-117.59802720110989,33.96109331971069],[-117.60231960608466,33.96544161882497],[-117.60814817408335,33.96685040566638]]]}"
00000000000000000324,6.0,0,805,Culex quinquefasciatus,2018.0,"{""type"":""Polygon"",""coordinates"":[[[-92.09394782984933,15.100951236168552],[-92.09947753633526,15.099196390219202],[-92.1028504653338,15.094616310602024],[-92.10275125290129,15.088997337082704],[-92.09921883013503,15.084530865378754],[-92.09363090462104,15.082958708449864],[-92.08816656629567,15.084893945707815],[-92.08495672530304,15.089581909001625],[-92.0852533129426,15.095194398522572],[-92.08894089720015,15.099542531676377],[-92.09394782984933,15.100951236168552]]]}"
00000000000000000116,14.0,0,279,Culex quinquefasciatus,2019.0,"{""type"":""Polygon"",""coordinates"":[[[-86.08474731359827,30.323149489055726],[-86.09093215671795,30.321394564743247],[-86.0947044455577,30.31681436037802],[-86.0945931774681,30.31119539136662],[-86.09064232474053,30.306729047069425],[-86.08439287203034,30.30515696107965],[-86.07828161842833,30.307092112946645],[-86.07469151196467,30.311779954726504],[-86.07502292046897,30.317392457683297],[-86.07914716972677,30.321740720316686],[-86.08474731359827,30.323149489055726]]]}"
0000000000000000011b,17.0,0,284,Culex quinquefasciatus,2019.0,"{""type"":""Polygon"",""coordinates"":[[[-82.49085455575461,28.447348367104755],[-82.49692641264251,28.44559345351942],[-82.50062982208375,28.441013266230378],[-82.50052062716642,28.43539429660118],[-82.49664193926328,28.43092793486388],[-82.49050658495996,28.42935583916391],[-82.48450690916451,28.4312910027193],[-82.48098238453443,28.435978861132728],[-82.48130778146705,28.44159136225108],[-82.48535671811807,28.445939607160497],[-82.49085455575461,28.447348367104755]]]}"
0000000000000000016e,17.0,0,367,Culex quinquefasciatus,2019.0,"{""type"":""Polygon"",""coordinates"":[[[-86.24244788145444,30.364650342560143],[-86.24863534736323,30.362895418005778],[-86.25240923513255,30.35831521325549],[-86.25229791892718,30.35269624425803],[-86.24834539100978,30.34822990035409],[-86.24209328967717,30.346657814583274],[-86.23597944596531,30.348592966186708],[-86.23238781712678,30.353280807591485],[-86.23271936518981,30.35889331058973],[-86.23684536271269,30.363241573622794],[-86.24244788145444,30.364650342560143]]]}"
00000000000000000173,14.0,0,372,Culex quinquefasciatus,2019.0,"{""type"":""Polygon"",""coordinates"":[[[-86.22585110733351,30.414449583125027],[-86.2320417277032,30.412694658280124],[-86.23581753852528,30.408114453067345],[-86.23570616445097,30.40249548408662],[-86.23175162176189,30.398029140655034],[-86.22549633489757,30.39645705514721],[-86.21937937602779,30.398392206434067],[-86.21578591621012,30.40308004738835],[-86.21611763212267,30.408692550436385],[-86.22024573230595,30.413040813949472],[-86.22585110733351,30.414449583125027]]]}"
0000000000000000017f,17.0,0,384,Culex quinquefasciatus,2019.0,"{""type"":""Polygon"",""coordinates"":[[[-81.19605200556236,28.605048934960916],[-81.20213295244235,28.603294020488736],[-81.20584190335487,28.598713831787943],[-81.20573254161187,28.593094862209806],[-81.20184804789785,28.588628501914354],[-81.19570351418332,28.587056407017165],[-81.1896948617611,28.588991569606222],[-81.18616506093016,28.59367942664449],[-81.18649094147081,28.599291927914837],[-81.19054593716189,28.60364017428957],[-81.19605200556236,28.605048934960916]]]}"
00000000000000000183,17.0,0,388,Culex quinquefasciatus,2019.0,"{""type"":""Polygon"",""coordinates"":[[[-81.50315029511319,28.46394960032674],[-81.50922310546422,28.462194686648168],[-81.51292709615855,28.45761449921071],[-81.5128178837423,28.45199552958688],[-81.50893858685889,28.44752916800116],[-81.50280226971368,28.44595707238559],[-81.4968016523467,28.447892235839387],[-81.49327657428789,28.45258009410825],[-81.49360202194657,28.458192595242576],[-81.49765159413927,28.462540840306044],[-81.50315029511319,28.46394960032674]]]}"
00000000000000000289,3.0,0,650,Culex quinquefasciatus,2019.0,"{""type"":""Polygon"",""coordinates"":[[[-86.11794978004222,30.381247116681077],[-86.12413829637308,30.379492192029907],[-86.12791282451073,30.374911987125543],[-86.12780148903519,30.369293018133657],[-86.1238482902074,30.364826674387093],[-86.11759512810639,30.36325458870388],[-86.11148024706027,30.365189740201856],[-86.10788800851348,30.369877581456542],[-86.10821961246963,30.37549008447137],[-86.11234631016944,30.379838347664368],[-86.11794978004222,30.381247116681077]]]}"
000000000000000002b3,17.0,0,692,Culex quinquefasciatus,2019.0,"{""type"":""Polygon"",""coordinates"":[[[-81.20435485172388,28.571850927618016],[-81.21043387895409,28.57009601333275],[-81.21414165960283,28.5655158249295],[-81.21403233308996,28.559896855340604],[-81.21014906546336,28.555430494741266],[-81.20400647028336,28.55385839967488],[-81.19799971357102,28.555793562467606],[-81.1944710269829,28.560481419795707],[-81.19479680539324,28.566093921034014],[-81.19885052151896,28.570442167099916],[-81.20435485172388,28.571850927618016]]]}"
000000000000000002fa,17.0,0,763,Culex quinquefasciatus,2019.0,"{""type"":""Polygon"",""coordinates"":[[[-81.64424962974736,28.563548081456492],[-81.65032817738016,28.561793167217967],[-81.65403566565504,28.557212978889098],[-81.65392634794397,28.55159400929751],[-81.650043386638,28.547127648622194],[-81.64390127577342,28.545555553513516],[-81.63789499267737,28.547490716357157],[-81.63436658446709,28.55217857375772],[-81.63469233736167,28.557791074988017],[-81.63874573380609,28.56213932097671],[-81.64424962974736,28.563548081456492]]]}"
00000000000000000332,17.0,0,819,Culex quinquefasciatus,2019.0,"{""type"":""Polygon"",""coordinates"":[[[-81.32055010697458,28.605048934960916],[-81.32663105385457,28.603294020488736],[-81.33034000476708,28.598713831787943],[-81.33023064302408,28.593094862209806],[-81.32634614931006,28.588628501914354],[-81.32020161559554,28.587056407017158],[-81.31419296317331,28.588991569606225],[-81.31066316234238,28.59367942664449],[-81.31098904288301,28.599291927914837],[-81.31504403857409,28.603640174289566],[-81.32055010697458,28.605048934960916]]]}"
00000000000000000156,17.0,0,343,Culex quinquefasciatus,2019.5,"{""type"":""Polygon"",""coordinates"":[[[-82.48255170959308,27.57584827991614],[-82.4885746364348,27.57409337118486],[-82.49224821708503,27.56951319162288],[-82.49213992029343,27.563894221714204],[-82.48829248415551,27.559427852085154],[-82.48220654101168,27.557855751991237],[-82.4762551848309,27.559790920835727],[-82.47275906117851,27.564478786775933],[-82.47308185505815,27.5700912870623],[-82.47709817691276,27.574439523951536],[-82.48255170959308,27.57584827991614]]]}"
00000000000000000169,17.0,0,362,Culex quinquefasciatus,2019.5,"{""type"":""Polygon"",""coordinates"":[[[-81.42014858810434,28.380947893317888],[-81.4262166394789,28.37919298010518],[-81.42991772899215,28.3746127934093],[-81.42980860391825,28.368993823758643],[-81.42593234660976,28.364527461415538],[-81.41980083525146,28.36295536537827],[-81.41380491750581,28.36489052933967],[-81.4102826017502,28.36957838833089],[-81.41060779622318,28.375190889385376],[-81.41465419626648,28.37953913367913],[-81.42014858810434,28.380947893317888]]]}"
0000000000000000031f,15.0,0,800,Culex quinquefasciatus,2019.5,"{""type"":""Polygon"",""coordinates"":[[[-82.29995152145447,27.476249798786363],[-82.3059689948973,27.474494890604877],[-82.30963925105237,27.46991471191811],[-82.30953105437418,27.464295741977775],[-82.30568710133454,27.459829371454877],[-82.29960666518654,27.45825727086327],[-82.29366069434711,27.460192440306834],[-82.29016773606688,27.46488030709956],[-82.29049023984393,27.47049280729168],[-82.29450292669357,27.47484104327252],[-82.29995152145447,27.476249798786363]]]}"
00000000000000000296,15.0,0,663,Culex quinquefasciatus,2020.0,"{""type"":""Polygon"",""coordinates"":[[[-82.11734687421483,27.285346764486242],[-82.12335397320716,27.283591857355788],[-82.12701790490829,27.279011680342144],[-82.12690989869287,27.273392710341305],[-82.12307257183613,27.268926338109623],[-82.11700261208559,27.267354236566597],[-82.11106688621122,27.269289407155405],[-82.10757994967884,27.27397727557788],[-82.10790190157914,27.279589775589855],[-82.11190767326556,27.2839380098341],[-82.11734687421483,27.285346764486242]]]}"
000000000000000002a5,17.0,0,678,Culex quinquefasciatus,2020.0,"{""type"":""Polygon"",""coordinates"":[[[-82.5821546498239,27.542650272573226],[-82.58817575582772,27.540895364025317],[-82.59184822646041,27.536315184755242],[-82.59173996309538,27.530696214836],[-82.58789368993085,27.526229844908837],[-82.58180958552103,27.52465774464893],[-82.57586002745495,27.526592913693218],[-82.57236496069018,27.53128077991776],[-82.57268765770696,27.5368932801727],[-82.5767027658678,27.541241516758966],[-82.5821546498239,27.542650272573226]]]}"
00000000000000000319,17.0,0,794,Culex quinquefasciatus,2022.0,"{""type"":""Polygon"",""coordinates"":[[[-99.14895023436716,19.50825091267655],[-99.15461412134225,19.50649604572399],[-99.15806883423161,19.50191593267032],[-99.15796714039287,19.496296960358055],[-99.15434902085617,19.491830522803244],[-99.14862562659174,19.49025838488887],[-99.14302881099975,19.492193599258666],[-99.13974108763864,19.49688152998298],[-99.14004479413337,19.502494023106372],[-99.14382180392404,19.50684219096469],[-99.14895023436716,19.50825091267655]]]}"
00000000000000000238,17.0,0,569,Culex quinquefasciatus,2023.0,"{""type"":""Polygon"",""coordinates"":[[[-114.93554582579112,36.008646023432924],[-114.94214552284389,36.00689106383197],[-114.9461707208646,36.00231080329357],[-114.94605184456378,35.9966918363161],[-114.94183602173776,35.992225549389175],[-114.93516762493877,35.990653495340965],[-114.92864668258028,35.9925886087591],[-114.92481577761896,35.997276395821565],[-114.92516926304594,36.0028889048244],[-114.92957004209396,36.007237225762175],[-114.93554582579112,36.008646023432924]]]}"
0000000000000000021b,4.0,0,540,Culex quinquefasciatus,2024.0,"{""type"":""Polygon"",""coordinates"":[[[-105.27435492407102,20.55404834184226],[-105.2800566254818,20.5522934697461],[-105.28353438827948,20.547713348504082],[-105.28343199725359,20.54209437648755],[-105.27978972631186,20.537627947295608],[-105.27402815099563,20.536055814037685],[-105.26839399761693,20.537991022802416],[-105.26508432546441,20.54267894555068],[-105.26539004040939,20.548291439556152],[-105.26919225347494,20.552639615913368],[-105.27435492407102,20.55404834184226]]]}"
00000000000000000118,8.0,0,281,Culex tarsalis,2021.25,"{""type"":""Polygon"",""coordinates"":[[[-109.38285023898761,38.266248754883094],[-109.38964987021717,38.264493779855584],[-109.39379695511712,38.25991349476137],[-109.39367441230841,38.25429452867383],[-109.38933089008593,38.24982826682597],[-109.38246058759663,38.24825622674047],[-109.37574220006965,38.25019132335131],[-109.37179524497515,38.25487908649427],[-109.37215937031932,38.26049159813935],[-109.37669341991706,38.264839944564656],[-109.38285023898761,38.266248754883094]]]}"
0000000000000000012c,17.0,0,301,Culex tarsalis,2018.83185840708,"{""type"":""Polygon"",""coordinates"":[[[-116.13905274101506,43.57824652592262],[-116.14642214602772,43.5764915104116],[-116.15091658074785,43.571911160878216],[-116.15078358401352,43.56629219712826],[-116.14607614448325,43.56182600109271],[-116.1386304583347,43.56025399764706],[-116.13134939826564,43.56218905015346],[-116.12707172310793,43.566876750526724],[-116.12746616479905,43.57248926910323],[-116.13238000591998,43.576837682413164],[-116.13905274101506,43.57824652592262]]]}"
00000000000000000134,17.0,0,309,Culex tarsalis,2019.4375,"{""type"":""Polygon"",""coordinates"":[[[-116.42954979734395,43.503547665075295],[-116.43691007806687,43.5017926501814],[-116.44139895043753,43.49721230163027],[-116.4412661211943,43.49159333784466],[-116.43656450937127,43.48712714080592],[-116.42912803720844,43.485555136801764],[-116.4218559875791,43.48749018998045],[-116.4175836085267,43.49217789131052],[-116.41797756482305,43.4977904097814],[-116.42288532406974,43.50213882207179],[-116.42954979734395,43.503547665075295]]]}"
0000000000000000013b,15.0,0,316,Culex tarsalis,2018.93959731544,"{""type"":""Polygon"",""coordinates"":[[[-116.49595027113075,43.6861478532139],[-116.50333291823766,43.68439283680877],[-116.50783542559861,43.6798124858522],[-116.5077021857787,43.67419352215392],[-116.50298628849026,43.66972732757187],[-116.4955272300809,43.66815532493541],[-116.48823309315706,43.67009037646777],[-116.48394773175484,43.67477807545472],[-116.48434287789411,43.68039059418426],[-116.48926554564339,43.68473900897139],[-116.49595027113075,43.6861478532139]]]}"
00000000000000000148,8.0,0,329,Culex tarsalis,2020.65517241379,"{""type"":""Polygon"",""coordinates"":[[[-109.39115308514911,38.25795036782264],[-109.39795193976597,38.25619539285355],[-109.40209855121657,38.25161510785235],[-109.40197602265093,38.24599614176144],[-109.39763299645628,38.241529879818586],[-109.39076347823581,38.2399578396802],[-109.38404585765161,38.2418929363547],[-109.38009935333541,38.246580699588264],[-109.3804634373517,38.25219321122333],[-109.38499696928189,38.2565415575521],[-109.39115308514911,38.25795036782264]]]}"
0000000000000000014b,17.0,0,332,Culex tarsalis,2011.9945474373,"{""type"":""Polygon"",""coordinates"":[[[-99.09085260674182,19.367147118941304],[-99.0965115739365,19.36539225267758],[-99.09996328800092,19.360812140720505],[-99.0998616849198,19.35519316836864],[-99.09624670754597,19.350726729693868],[-99.09052828067355,19.34915459115589],[-99.08493632276719,19.351089806276324],[-99.08165145501091,19.3557777380688],[-99.08195490025386,19.36139023107406],[-99.08572863105519,19.365738397794196],[-99.09085260674182,19.367147118941304]]]}"
0000000000000000014d,15.0,0,334,Culex tarsalis,2022.31818181818,"{""type"":""Polygon"",""coordinates"":[[[-103.03334896674178,40.47404778666733],[-103.0403670560684,40.472292795596985],[-103.04464731998186,40.467712484966434],[-103.04452077012805,40.46209351980485],[-103.04003771736258,40.4576272840375],[-103.0329468040063,40.45605525847202],[-103.02601267931848,40.4579903376047],[-103.02193892210096,40.46267807587296],[-103.0223146722715,40.468290590265255],[-103.0269943393238,40.472638963195934],[-103.03334896674178,40.47404778666733]]]}"
00000000000000000150,17.0,0,337,Culex tarsalis,2018.6935483871,"{""type"":""Polygon"",""coordinates"":[[[-116.4046457179604,43.67784946615345],[-116.41202734403642,43.6760944498172],[-116.41652922895706,43.671514098970256],[-116.41639600788044,43.665895135268],[-116.4116807627269,43.66142894057398],[-116.40422273538458,43.65985693787518],[-116.3969296067505,43.66179198948257],[-116.39264483799566,43.66647968857631],[-116.39303992981874,43.67209220729407],[-116.39796191699156,43.6764406219674],[-116.4046457179604,43.67784946615345]]]}"
00000000000000000157,17.0,0,344,Culex tarsalis,2019.10526315789,"{""type"":""Polygon"",""coordinates"":[[[-116.27184922948776,43.636348612649016],[-116.27922575586769,43.63459359665695],[-116.28372453191395,43.63001324635784],[-116.28359140445325,43.6243942826357],[-116.27887941648795,43.61992808738216],[-116.27142653896941,43.61835608437188],[-116.26413844639464,43.620291136354226],[-116.25985663770862,43.6249788359816],[-116.26025145824052,43.63059135464045],[-116.26517004616886,43.634939768745156],[-116.27184922948776,43.636348612649016]]]}"
00000000000000000165,17.0,0,358,Culex tarsalis,2011.82222222222,"{""type"":""Polygon"",""coordinates"":[[[-115.466749616086,32.672052314575204],[-115.47309181048068,32.67029737623341],[-115.47696002572035,32.66571714953568],[-115.47684587148771,32.66009818133261],[-115.47279451750525,32.65563185984384],[-115.46638616282512,32.654059786553056],[-115.46011951769765,32.65599492313397],[-115.45643807803158,32.66068274316012],[-115.45677785974077,32.66629524852092],[-115.46100699456957,32.67064353433405],[-115.466749616086,32.672052314575204]]]}"
00000000000000000166,10.0,0,359,Culex tarsalis,2021.75,"{""type"":""Polygon"",""coordinates"":[[[-96.55934959308372,39.112849221789276],[-96.56623016204541,39.111094240729265],[-96.57042658927175,39.10651394603272],[-96.57030256199951,39.10089498029331],[-96.56590734431202,39.096428728252405],[-96.55895530628298,39.094856693626845],[-96.5521569889151,39.096791783665395],[-96.5481630542002,39.10147953745483],[-96.54853148662515,39.107092050132984],[-96.55311948692399,39.111440406525006],[-96.55934959308372,39.112849221789276]]]}"
0000000000000000016a,15.0,0,363,Culex tarsalis,2018.56880733945,"{""type"":""Polygon"",""coordinates"":[[[-116.38804448473843,43.68614785321391],[-116.39542713184534,43.68439283680877],[-116.39992963920629,43.6798124858522],[-116.39979639938636,43.67419352215392],[-116.39508050209791,43.66972732757188],[-116.38762144368857,43.66815532493541],[-116.38032730676474,43.670090376467776],[-116.3760419453625,43.67477807545472],[-116.37643709150178,43.68039059418426],[-116.38135975925107,43.68473900897139],[-116.38804448473843,43.68614785321391]]]}"
00000000000000000176,8.0,0,375,Culex tarsalis,2021.78571428571,"{""type"":""Polygon"",""coordinates"":[[[-109.34964777254363,38.28284998810507],[-109.35644895837677,38.28109501296062],[-109.36059699101567,38.276514727680286],[-109.36047441969548,38.27089576159948],[-109.3561299045371,38.26642949994173],[-109.34925803211834,38.264857459962066],[-109.34253810934483,38.26679255644551],[-109.33859025189376,38.27148031940716],[-109.33895445996707,38.27709283107226],[-109.34348954581854,38.28144117769075],[-109.34964777254363,38.28284998810507]]]}"
00000000000000000185,17.0,0,390,Culex tarsalis,2019.05128205128,"{""type"":""Polygon"",""coordinates"":[[[-116.29675330887125,43.66124823293146],[-116.30413289364864,43.65949321673295],[-116.30863353415388,43.65491286610524],[-116.30850035054983,43.64929390239502],[-116.30378640917861,43.6448277074771],[-116.29633044319972,43.64325570465365],[-116.28903933039163,43.6451907564111],[-116.28475574648861,43.64987845571839],[-116.2851507297198,43.655490974412565],[-116.2900713562483,43.659839388858344],[-116.29675330887125,43.66124823293146]]]}"
00000000000000000187,15.0,0,392,Culex tarsalis,2018.85810810811,"{""type"":""Polygon"",""coordinates"":[[[-116.38804448473843,43.70274908643589],[-116.39542917576885,43.70099406989289],[-116.39993292914524,43.69641371871691],[-116.39979965180433,43.6907947550266],[-116.39508244905707,43.68632856066864],[-116.38762132663395,43.68475655815694],[-116.38032517129234,43.68669160953912],[-116.37603862351466,43.691379308312335],[-116.37643387838519,43.696991827065474],[-116.38135790852833,43.701340242080356],[-116.38804448473843,43.70274908643589]]]}"
00000000000000000188,17.0,0,393,Culex tarsalis,2019.12941176471,"{""type"":""Polygon"",""coordinates"":[[[-116.29675330887125,43.67784946615345],[-116.3041349349472,43.67609444981719],[-116.30863681986786,43.671514098970256],[-116.30850359879128,43.665895135268],[-116.30378835363774,43.66142894057397],[-116.29633032629538,43.65985693787518],[-116.28903719766133,43.66179198948257],[-116.2847524289065,43.66647968857631],[-116.28514752072958,43.67209220729407],[-116.2900695079024,43.6764406219674],[-116.29675330887125,43.67784946615345]]]}"
00000000000000000199,7.0,0,410,Culex tarsalis,2001.0,"{""type"":""Polygon"",""coordinates"":[[[-100.01215193449531,25.97394744017307],[-100.01809048923398,25.97219254016733],[-100.02171263538077,25.967612374495463],[-100.0216058878839,25.961993404084502],[-100.0178123403002,25.957527020269332],[-100.01181159782111,25.95595491227683],[-100.00594356017118,25.95789009062902],[-100.00249640945242,25.96257797009927],[-100.00281471543276,25.968190468889958],[-100.00677479870595,25.972538691362207],[-100.01215193449531,25.97394744017307]]]}"
0000000000000000019a,15.0,0,411,Culex tarsalis,2018.91743119266,"{""type"":""Polygon"",""coordinates"":[[[-116.45445387672744,43.694450699375416],[-116.46183754585162,43.69269568290135],[-116.46634067625418,43.688115331835064],[-116.4662074176728,43.68249636814077],[-116.46149086761946,43.67803017367078],[-116.45403077714705,43.67645817109669],[-116.44673563095942,43.67839322255396],[-116.44244967633722,43.68308092143402],[-116.44284487684511,43.68869344017537],[-116.44776822582838,43.69304185507638],[-116.45445387672744,43.694450699375416]]]}"
000000000000000001a3,17.0,0,420,Culex tarsalis,2019.0400390625,"{""type"":""Polygon"",""coordinates"":[[[-116.3050516959317,43.68614785321391],[-116.31243434303859,43.68439283680877],[-116.31693685039954,43.6798124858522],[-116.31680361057963,43.67419352215392],[-116.31208771329119,43.66972732757188],[-116.30462865488182,43.66815532493541],[-116.29733451795799,43.670090376467776],[-116.29304915655577,43.67477807545472],[-116.29344430269502,43.68039059418427],[-116.29836697044432,43.68473900897139],[-116.3050516959317,43.68614785321391]]]}"
000000000000000001a4,17.0,0,421,Culex tarsalis,2019.35714285714,"{""type"":""Polygon"",""coordinates"":[[[-116.4461510305659,43.62804576648751],[-116.45352653798801,43.62629075056424],[-116.45802469285753,43.621710400374646],[-116.45789158410192,43.616091436648524],[-116.45318024694747,43.61162524128315],[-116.44572839840288,43.6100532382106],[-116.43844131207103,43.61198829026789],[-116.43416009482918,43.616675990001944],[-116.43455486115491,43.62228850864901],[-116.43947276988841,43.626636922640046],[-116.4461510305659,43.62804576648751]]]}"
000000000000000001a9,17.0,0,426,Culex tarsalis,2011.98412698413,"{""type"":""Polygon"",""coordinates"":[[[-99.21534624905297,19.342247498658864],[-99.22100435253543,19.340492632516575],[-99.22445554012994,19.335912520752807],[-99.22435395298348,19.330293548393957],[-99.22073952724459,19.325827109521754],[-99.21502197244081,19.324254970873852],[-99.20943086734327,19.326190186126613],[-99.20614650091433,19.330878118107385],[-99.20644990029352,19.33649061109182],[-99.21022305543941,19.34083877761131],[-99.21534624905297,19.342247498658864]]]}"
000000000000000001ac,17.0,0,429,Culex tarsalis,2018.83333333333,"{""type"":""Polygon"",""coordinates"":[[[-116.31334562389111,43.65294984587101],[-116.32072418894872,43.65119482974131],[-116.32522420781282,43.646614479223146],[-116.32509104292791,43.64099551550895],[-116.32037775285421,43.63652932047914],[-116.31292281661855,43.63495731759342],[-116.30563271080565,43.63689236942582],[-116.30134971878903,43.64158006883983],[-116.30174464777366,43.647192587522234],[-116.30666459459951,43.651541001854305],[-116.31334562389111,43.65294984587101]]]}"
000000000000000001b5,17.0,0,438,Culex tarsalis,2019.53846153846,"{""type"":""Polygon"",""coordinates"":[[[-116.41294856412195,43.486950890954375],[-116.42030682235203,43.48519587619738],[-116.42479446177025,43.480615527864146],[-116.42466166965268,43.474996564070636],[-116.41996134960117,43.47053036680934],[-116.41252691981391,43.46895836268129],[-116.40525686744205,43.470893416009126],[-116.40098566232602,43.475581117551464],[-116.4013795110292,43.48119363599889],[-116.40628592216547,43.48554204806311],[-116.41294856412195,43.486950890954375]]]}"
000000000000000001bb,17.0,0,444,Culex tarsalis,2018.84905660377,"{""type"":""Polygon"",""coordinates"":[[[-116.47934903790883,43.71104747349635],[-116.48673475128324,43.70929245688443],[-116.49123912790036,43.704712105598716],[-116.49110583179191,43.69909314191238],[-116.48638797607109,43.69462694766649],[-116.47892582125513,43.69305494521718],[-116.47162865632721,43.69498999652426],[-116.46734151513992,43.69967769519059],[-116.46773682439637,43.70529021395553],[-116.4726615359912,43.709638629084296],[-116.47934903790883,43.71104747349635]]]}"
000000000000000001bc,15.0,0,445,Culex tarsalis,2017.66666666667,"{""type"":""Polygon"",""coordinates"":[[[-116.39634733089994,43.68614785321391],[-116.40372997800685,43.684392836808776],[-116.4082324853678,43.67981248585221],[-116.40809924554787,43.67419352215392],[-116.40338334825944,43.66972732757188],[-116.3959242898501,43.66815532493541],[-116.38863015292627,43.67009037646777],[-116.384344791524,43.67477807545472],[-116.38473993766327,43.68039059418427],[-116.3896626054126,43.68473900897139],[-116.39634733089994,43.68614785321391]]]}"
000000000000000001bd,15.0,0,446,Culex tarsalis,2018.88888888889,"{""type"":""Polygon"",""coordinates"":[[[-116.42954979734395,43.70274908643589],[-116.43693448837435,43.7009940698929],[-116.44143824175073,43.69641371871692],[-116.44130496440982,43.6907947550266],[-116.4365877616626,43.68632856066865],[-116.42912663923944,43.68475655815694],[-116.42183048389782,43.68669160953912],[-116.41754393612015,43.691379308312335],[-116.41793919099071,43.69699182706548],[-116.42286322113382,43.70134024208036],[-116.42954979734395,43.70274908643589]]]}"
000000000000000001d3,17.0,0,468,Culex tarsalis,2021.91666666667,"{""type"":""Polygon"",""coordinates"":[[[-96.6008549056892,39.22075054908056],[-96.60774603765535,39.21899556724132],[-96.61194890443102,39.21441527130443],[-96.61182468341448,39.20879630560999],[-96.60742271906881,39.20433005483587],[-96.60046001393245,39.202758020915574],[-96.593651265114,39.204693110105175],[-96.58965119919357,39.20938086268639],[-96.59002019371528,39.21499337549799],[-96.59461523499319,39.21934173317743],[-96.6008549056892,39.22075054908056]]]}"
000000000000000001df,17.0,0,480,Culex tarsalis,2019.17948717949,"{""type"":""Polygon"",""coordinates"":[[[-116.3548509364966,43.69445069937542],[-116.36223460562078,43.69269568290135],[-116.36673773602337,43.68811533183507],[-116.36660447744197,43.68249636814077],[-116.36188792738862,43.67803017367078],[-116.35442783691622,43.676458171096705],[-116.34713269072859,43.67839322255396],[-116.34284673610638,43.683080921434026],[-116.34324193661428,43.68869344017537],[-116.34816528559753,43.69304185507639],[-116.3548509364966,43.69445069937542]]]}"
000000000000000001e2,17.0,0,483,Culex tarsalis,2019.14634146341,"{""type"":""Polygon"",""coordinates"":[[[-116.28015207564924,43.66954661999193],[-116.28753268058321,43.66779160372456],[-116.2920339429958,43.663211252987296],[-116.29190074066454,43.657592289281055],[-116.28718614771688,43.653126094475034],[-116.27972915155381,43.651554091713884],[-116.27243703131928,43.65348914339633],[-116.26815285527636,43.658176842596895],[-116.26854789277729,43.66378936130286],[-116.27346919929953,43.66813777586236],[-116.28015207564924,43.66954661999193]]]}"
000000000000000001e9,15.0,0,490,Culex tarsalis,2019.13513513514,"{""type"":""Polygon"",""coordinates"":[[[-116.39634733089994,43.478648044792855],[-116.40370457798895,43.47689303010432],[-116.40819160099505,43.47231268188007],[-116.40805882743834,43.4666937180826],[-116.40335915320534,43.46222752071001],[-116.39592574449969,43.46065551652],[-116.38865669065265,43.46259056992241],[-116.3843860724437,43.4672782715709],[-116.38477986735585,43.47289079000661],[-116.38968560450702,43.47723920195773],[-116.39634733089994,43.478648044792855]]]}"
000000000000000001ec,17.0,0,493,Culex tarsalis,2019.4000244140625,"{""type"":""Polygon"",""coordinates"":[[[-116.17225074835797,43.611448992366576],[-116.17962422026643,43.60969397658078],[-116.18412113424674,43.605113626610006],[-116.18398806285697,43.59949466287593],[-116.17927802579017,43.59502846728708],[-116.17182823276804,43.593456464090124],[-116.16454315655018,43.59539151629717],[-116.16026312080237,43.600079216244374],[-116.16065777884347,43.605691734867904],[-116.16557433078827,43.610040148631825],[-116.17225074835797,43.611448992366576]]]}"
000000000000000001f0,15.0,0,497,Culex tarsalis,2001.0,"{""type"":""Polygon"",""coordinates"":[[[-99.9457470016074,25.86605057198284],[-99.95168012414774,25.864295672556125],[-99.95529895877152,25.859715507805998],[-99.95519231105642,25.854096537361723],[-99.95140223301551,25.849630152605155],[-99.94540697602649,25.8480580440885],[-99.93954430269083,25.84999322307163],[-99.9361003050342,25.85468110343973],[-99.93641832210044,25.860293602131158],[-99.94037478454291,25.864641823646693],[-99.9457470016074,25.86605057198284]]]}"
000000000000000001f2,8.0,0,499,Culex tarsalis,2021.4000244140625,"{""type"":""Polygon"",""coordinates"":[[[-112.46214935796044,40.16694949711651],[-112.46913559771858,40.165194508339475],[-112.47339644518166,40.160614201359294],[-112.47327047959836,40.15499523606532],[-112.46880776933129,40.15052899656979],[-112.46174901927841,40.14895696892873],[-112.45484634735116,40.150892050559854],[-112.45079107693596,40.155579792383925],[-112.45116513237015,40.16119230638353],[-112.4558235695334,40.165540675525314],[-112.46214935796044,40.16694949711651]]]}"
000000000000000001f5,17.0,0,502,Culex tarsalis,2019.22222222222,"{""type"":""Polygon"",""coordinates"":[[[-116.15564505603494,43.586549372084136],[-116.16301547739188,43.58479435650443],[-116.16751053169564,43.580214006861716],[-116.16737751630447,43.574595043115735],[-116.16266942763254,43.57012884719184],[-116.15522271514892,43.56855684380836],[-116.14794065141754,43.57049189623993],[-116.14366238633266,43.575179596506686],[-116.14405688209112,43.580792115094944],[-116.148971400665,43.58514052851836],[-116.15564505603494,43.586549372084136]]]}"
000000000000000001f8,10.0,0,505,Culex tarsalis,2022.4000244140625,"{""type"":""Polygon"",""coordinates"":[[[-104.7182470543926,40.86414778322698],[-104.7253063166874,40.862392789213075],[-104.72961168083968,40.85781247389711],[-104.72948437563839,40.85219350890547],[-104.72497502547753,40.84772727792337],[-104.7178425336486,40.84615525502202],[-104.7108677490257,40.84809033094782],[-104.70677009332373,40.85277806465206],[-104.7071480342904,40.85839057954834],[-104.71185514587607,40.86273895734226],[-104.7182470543926,40.86414778322698]]]}"
00000000000000000200,17.0,0,513,Culex tarsalis,2018.63865546218,"{""type"":""Polygon"",""coordinates"":[[[-116.37145216971855,43.70274908643589],[-116.37883686074895,43.70099406989289],[-116.38334061412536,43.69641371871691],[-116.38320733678445,43.6907947550266],[-116.3784901340372,43.68632856066864],[-116.37102901161407,43.68475655815694],[-116.36373285627245,43.68669160953912],[-116.35944630849475,43.691379308312335],[-116.35984156336534,43.696991827065474],[-116.36476559350845,43.70134024208035],[-116.37145216971855,43.70274908643589]]]}"
00000000000000000202,17.0,0,515,Culex tarsalis,2018.61290322581,"{""type"":""Polygon"",""coordinates"":[[[-116.37145216971855,43.69445069937542],[-116.37883583884279,43.69269568290135],[-116.38333896924534,43.68811533183507],[-116.38320571066392,43.68249636814077],[-116.37848916061057,43.67803017367078],[-116.3710290701382,43.676458171096705],[-116.36373392395059,43.67839322255396],[-116.35944796932836,43.683080921434026],[-116.35984316983622,43.68869344017537],[-116.36476651881951,43.69304185507639],[-116.37145216971855,43.69445069937542]]]}"
0000000000000000020d,5.0,0,526,Culex tarsalis,2021.63157894737,"{""type"":""Polygon"",""coordinates"":[[[-95.19815102820569,39.06304998122438],[-95.20502674119899,39.06129500052321],[-95.20922020806913,39.05671470639784],[-95.20909626986315,39.051095740637706],[-95.2047041537138,39.04662948801347],[-95.19775701951218,39.04505745306314],[-95.19096349763677,39.04699254349263],[-95.18697238152726,39.05168029783843],[-95.18734055554717,39.05729281045514],[-95.19192531900384,39.06164116625431],[-95.19815102820569,39.06304998122438]]]}"
0000000000000000020e,17.0,0,527,Culex tarsalis,2021.94736842105,"{""type"":""Polygon"",""coordinates"":[[[-96.72534854800037,33.04554661881183],[-96.73171750079207,33.04379167817223],[-96.73560202887407,33.03921144781677],[-96.73548738391322,33.033592479746126],[-96.7314189391542,33.029126161993034],[-96.72498356224666,33.02755409078214],[-96.7186904918685,33.02948922485944],[-96.71499352051399,33.034177041322664],[-96.71533472620932,33.03978954707717],[-96.71958169742722,33.044137836686794],[-96.72534854800037,33.04554661881183]]]}"
00000000000000000220,8.0,0,545,Culex tarsalis,2021.25,"{""type"":""Polygon"",""coordinates"":[[[-109.42434663339097,38.27454714194356],[-109.43114704155333,38.2727921668576],[-109.4352946000978,38.26821188167037],[-109.43517204304013,38.2625929155862],[-109.43082802458537,38.25812665383335],[-109.42395693750396,38.256554613800745],[-109.41723778271812,38.25848971034791],[-109.41329037665952,38.263177473400255],[-109.41365454334861,38.268789985055335],[-109.41818911082726,38.2731383315772],[-109.42434663339097,38.27454714194356]]]}"
00000000000000000232,15.0,0,563,Culex tarsalis,2018.93333333333,"{""type"":""Polygon"",""coordinates"":[[[-116.3299468571131,43.52014889829727],[-116.33730916260302,43.51839388326636],[-116.34179926931233,43.51381353449714],[-116.34166640290148,43.50819457071945],[-116.33696349785453,43.50372837390344],[-116.32952498101987,43.50215637002329],[-116.3222509318875,43.50409142305272],[-116.3179773775788,43.50877912417035],[-116.31837144158916,43.51439164266467],[-116.32328055046199,43.51874005518144],[-116.3299468571131,43.52014889829727]]]}"
0000000000000000023a,10.0,0,571,Culex tarsalis,2022.18181818182,"{""type"":""Polygon"",""coordinates"":[[[-99.07425137351984,35.40274783139175],[-99.08080110259674,35.40099287577979],[-99.08479583834276,35.39641262159107],[-99.08467787832858,35.39079365438357],[-99.08049397042232,35.38632736097165],[-99.07387603441629,35.384755303312886],[-99.06740443806223,35.38669042107713],[-99.06360253660219,35.39137821432473],[-99.06395336282053,35.396990722644276],[-99.06832083456736,35.40133903699142],[-99.07425137351984,35.40274783139175]]]}"
0000000000000000024b,17.0,0,588,Culex tarsalis,2019.21428571429,"{""type"":""Polygon"",""coordinates"":[[[-116.26355084242729,43.603150605306105],[-116.27092329723213,43.601395589589],[-116.27541959116596,43.5968152397276],[-116.27528653844708,43.59119627598956],[-116.27057715100689,43.58673008028902],[-116.26312838508647,43.585158077029874],[-116.25584431328066,43.587093129311775],[-116.25156486790078,43.5917808293655],[-116.2519594718342,43.59739334797728],[-116.25687534582,43.60174176162769],[-116.26355084242729,43.603150605306105]]]}"
0000000000000000024c,15.0,0,589,Culex tarsalis,2019.39215686275,"{""type"":""Polygon"",""coordinates"":[[[-116.34654809033506,43.520148898297265],[-116.353910395825,43.518393883266356],[-116.35840050253431,43.51381353449714],[-116.35826763612343,43.50819457071945],[-116.35356473107653,43.50372837390344],[-116.34612621424185,43.50215637002329],[-116.3388521651095,43.50409142305272],[-116.33457861080078,43.50877912417035],[-116.33497267481114,43.51439164266467],[-116.33988178368399,43.51874005518144],[-116.34654809033506,43.520148898297265]]]}"
0000000000000000024e,5.0,0,591,Culex tarsalis,2021.75,"{""type"":""Polygon"",""coordinates"":[[[-87.40444948407296,32.92104851739962],[-87.41080946230328,32.919293577528116],[-87.41468851918151,32.914713348395324],[-87.41457403880547,32.90909438028041],[-87.41051132616242,32.904628061278586],[-87.4040850123058,32.90305598937244],[-87.39780080475695,32.90499112428663],[-87.3941090426119,32.90967894194084],[-87.39444977071145,32.91529144756374],[-87.39869075973981,32.91963973590431],[-87.40444948407296,32.92104851739962]]]}"
00000000000000000250,17.0,0,593,Culex tarsalis,2019.23076923077,"{""type"":""Polygon"",""coordinates"":[[[-116.42125141028349,43.66954661999193],[-116.42863201521742,43.66779160372456],[-116.43313327762999,43.663211252987296],[-116.43300007529874,43.657592289281055],[-116.42828548235106,43.65312609447503],[-116.42082848618799,43.65155409171388],[-116.41353636595348,43.65348914339633],[-116.40925218991057,43.658176842596895],[-116.40964722741153,43.66378936130286],[-116.41456853393375,43.66813777586236],[-116.42125141028349,43.66954661999193]]]}"
00000000000000000273,10.0,0,628,Culex tarsalis,2022.28947368421,"{""type"":""Polygon"",""coordinates"":[[[-104.74314667467505,40.822646929722566],[-104.75020151825845,40.820891936023436],[-104.75450418863771,40.81631162120855],[-104.75437696450318,40.810692656198725],[-104.74987043659635,40.806226424704896],[-104.7427424069939,40.80465440151863],[-104.73577198601961,40.806589477787384],[-104.73167689511932,40.81127721197971],[-104.7320546009707,40.8168897268221],[-104.73675876719186,40.82123810409592],[-104.74314667467505,40.822646929722566]]]}"
00000000000000000276,17.0,0,631,Culex tarsalis,2018.26470588235,"{""type"":""Polygon"",""coordinates"":[[[-116.43785264350544,43.503547665075295],[-116.44521292422841,43.5017926501814],[-116.44970179659903,43.49721230163026],[-116.44956896735579,43.491593337844655],[-116.4448673555328,43.4871271408059],[-116.43743088336996,43.485555136801764],[-116.43015883374058,43.48749018998044],[-116.42588645468818,43.49217789131052],[-116.42628041098456,43.497790409781395],[-116.43118817023125,43.50213882207179],[-116.43785264350544,43.503547665075295]]]}"
0000000000000000027a,17.0,0,635,Culex tarsalis,2018.47368421053,"{""type"":""Polygon"",""coordinates"":[[[-116.4046457179604,43.66124823293146],[-116.41202530273785,43.65949321673295],[-116.41652594324307,43.65491286610524],[-116.41639275963902,43.64929390239502],[-116.41167881826782,43.6448277074771],[-116.4042228522889,43.643255704653654],[-116.39693173948078,43.64519075641109],[-116.3926481555778,43.64987845571839],[-116.39304313880898,43.65549097441257],[-116.39796376533748,43.659839388858344],[-116.4046457179604,43.66124823293146]]]}"
0000000000000000028f,17.0,0,656,Culex tarsalis,2018.6875,"{""type"":""Polygon"",""coordinates"":[[[-116.24694960920529,43.72764870671832],[-116.25433736913224,43.72589368996844],[-116.25884299336727,43.72131333846312],[-116.25870965968933,43.71569437478475],[-116.25399049683062,43.71122818076314],[-116.24652627534647,43.7096561784387],[-116.23922708940495,43.71159122959548],[-116.23493876031625,43.71627892804789],[-116.23533417844364,43.72189144683645],[-116.24026025418443,43.726239862193154],[-116.24694960920529,43.72764870671832]]]}"
0000000000000000029c,15.0,0,669,Culex tarsalis,2019.66666666667,"{""type"":""Polygon"",""coordinates"":[[[-85.96024921218606,39.693847793548],[-85.96718733538735,39.69209280826366],[-85.97141884951445,39.68751250684298],[-85.9712937665635,39.68189354134739],[-85.96686178862483,39.677427296173896],[-85.95985162918792,39.6758552653717],[-85.95299647442289,39.677790350807975],[-85.94896913284447,39.68247809804749],[-85.94934062791148,39.68809061144903],[-85.95396699210086,39.69243897482034],[-85.96024921218606,39.693847793548]]]}"
000000000000000002a8,17.0,0,681,Culex tarsalis,1997.0,"{""type"":""Polygon"",""coordinates"":[[[-101.51444983400756,27.882946569466945],[-101.52048975320261,27.881191659034148],[-101.52417369272924,27.876611476763543],[-101.52406508401191,27.870992506952824],[-101.52020679481426,27.866526140090137],[-101.51410369228044,27.864954041536468],[-101.50813555577713,27.86688920852692],[-101.50462956907764,27.87157707182871],[-101.50495326691427,27.87718957240672],[-101.50898091516731,27.881537812107336],[-101.51444983400756,27.882946569466945]]]}"
000000000000000002a9,17.0,0,682,Culex tarsalis,2018.7125244140625,"{""type"":""Polygon"",""coordinates"":[[[-116.34654809033506,43.68614785321391],[-116.35393073744197,43.68439283680877],[-116.35843324480292,43.6798124858522],[-116.35830000498296,43.67419352215392],[-116.35358410769456,43.66972732757188],[-116.34612504928522,43.66815532493541],[-116.33883091236139,43.67009037646777],[-116.33454555095912,43.67477807545472],[-116.33494069709839,43.68039059418426],[-116.33986336484772,43.68473900897139],[-116.34654809033506,43.68614785321391]]]}"
000000000000000002ab,10.0,0,684,Culex tarsalis,2022.22222222222,"{""type"":""Polygon"",""coordinates"":[[[-119.72464711179829,37.08765037814364],[-119.73133958222395,37.08589541128443],[-119.73542133819376,37.08131513919236],[-119.73530076062188,37.07569617263356],[-119.73102568275989,37.07122989750649],[-119.72426359766543,37.069657850027845],[-119.71765103678702,37.071592955538016],[-119.71376628228671,37.07628073134621],[-119.71412470490733,37.081893241592304],[-119.7185873241452,37.086241574522106],[-119.72464711179829,37.08765037814364]]]}"
000000000000000002ad,8.0,0,686,Culex tarsalis,2021.11111111111,"{""type"":""Polygon"",""coordinates"":[[[-112.42064850445603,40.20845035062092],[-112.42763901969582,40.20669536153518],[-112.43190247362183,40.20211505406364],[-112.43177642960772,40.196496088787484],[-112.4273109885661,40.192029849793805],[-112.42024792091316,40.19045782243214],[-112.41334102676917,40.19239290372695],[-112.40928327468805,40.19708064507236],[-112.40965755762511,40.202693159124834],[-112.4143188446869,40.20704152877664],[-112.42064850445603,40.20845035062092]]]}"
000000000000000002b2,15.0,0,691,Culex tarsalis,2017.63636363636,"{""type"":""Polygon"",""coordinates"":[[[-116.4046457179604,43.70274908643589],[-116.4120304089908,43.7009940698929],[-116.41653416236721,43.69641371871691],[-116.4164008850263,43.6907947550266],[-116.41168368227905,43.68632856066864],[-116.40422255985592,43.68475655815694],[-116.39692640451432,43.68669160953912],[-116.39263985673661,43.691379308312335],[-116.39303511160719,43.69699182706548],[-116.3979591417503,43.701340242080356],[-116.4046457179604,43.70274908643589]]]}"
000000000000000002be,10.0,0,703,Culex tarsalis,2020.60240963855,"{""type"":""Polygon"",""coordinates"":[[[-99.05764568119679,35.41934906461373],[-99.0641967595431,35.41759410889329],[-99.06819231785234,35.41301385453187],[-99.06807433309604,35.407394887330625],[-99.0638895634013,35.40292859409508],[-99.05727026481833,35.401356536534514],[-99.05079733598963,35.40329165418055],[-99.04699465135722,35.40797944725994],[-99.04734554938143,35.41359195559806],[-99.05171392051481,35.41794027012447],[-99.05764568119679,35.41934906461373]]]}"
000000000000000002c1,15.0,0,706,Culex tarsalis,2018.77777777778,"{""type"":""Polygon"",""coordinates"":[[[-116.39634733089994,43.5284517444588],[-116.40371064969518,43.526696729359315],[-116.40820137413574,43.52211638048098],[-116.4080684891241,43.51649741670726],[-116.40336493687646,43.51203122000269],[-116.3959253967751,43.510459216184586],[-116.388650346981,43.51239426913932],[-116.38437620450904,43.51708197015066],[-116.38477032242541,43.522694488656725],[-116.38968010672572,43.52704290128674],[-116.39634733089994,43.5284517444588]]]}"
000000000000000002c2,15.0,0,707,Culex tarsalis,2021.48484848485,"{""type"":""Polygon"",""coordinates"":[[[-96.60915329274967,39.12114760884973],[-96.61603467206675,39.11939262772988],[-96.62023159331203,39.11481233293808],[-96.62010755117652,39.10919336720212],[-96.61571181590986,39.104727115258505],[-96.60875895953887,39.10315508068711],[-96.6019598419078,39.10509017066046],[-96.59796543682906,39.109777924357104],[-96.59833391237612,39.11539043704551],[-96.60292245283341,39.119738793536406],[-96.60915329274967,39.12114760884973]]]}"
000000000000000002c5,15.0,0,710,Culex tarsalis,2018.84090909091,"{""type"":""Polygon"",""coordinates"":[[[-116.47934903790883,43.68614785321391],[-116.48673168501571,43.684392836808776],[-116.49123419237667,43.67981248585221],[-116.49110095255675,43.67419352215392],[-116.4863850552683,43.66972732757188],[-116.47892599685898,43.66815532493542],[-116.47163185993514,43.670090376467776],[-116.46734649853289,43.674778075454725],[-116.46774164467216,43.68039059418427],[-116.47266431242144,43.68473900897139],[-116.47934903790883,43.68614785321391]]]}"
000000000000000002cd,10.0,0,718,Culex tarsalis,2022.25,"{""type"":""Polygon"",""coordinates"":[[[-97.65495518101643,33.40244860802858],[-97.6613501702477,33.40069366517498],[-97.66525057105291,33.39611343129521],[-97.66513544861736,33.39049446335217],[-97.66105037419771,33.3860281491985],[-97.65458870411607,33.384456079991615],[-97.6482699214351,33.38639121165663],[-97.64455783744532,33.39107902468689],[-97.64490042872085,33.396691530820696],[-97.64916475510138,33.401039824088365],[-97.65495518101643,33.40244860802858]]]}"
000000000000000002d2,7.0,0,723,Culex tarsalis,2021.27272727273,"{""type"":""Polygon"",""coordinates"":[[[-110.83534889793495,31.9084490955768],[-110.8416379048284,31.906694161873766],[-110.84547369517512,31.90211394256018],[-110.84536051641224,31.89649497408979],[-110.84134313364805,31.892028645059515],[-110.83498849079518,31.890456567569892],[-110.82877437089317,31.892391709205047],[-110.82512380346488,31.897079536423984],[-110.8254607547808,31.902692040989947],[-110.82965443636753,31.90704031913879],[-110.83534889793495,31.9084490955768]]]}"
000000000000000002e3,17.0,0,740,Culex tarsalis,2019.550048828125,"{""type"":""Polygon"",""coordinates"":[[[-116.14734666897448,43.57824652592263],[-116.15471607398716,43.57649151041161],[-116.15921050870726,43.571911160878216],[-116.15907751197294,43.56629219712827],[-116.15437007244269,43.56182600109271],[-116.14692438629415,43.56025399764707],[-116.13964332622506,43.56218905015347],[-116.13536565106735,43.566876750526724],[-116.13576009275845,43.57248926910323],[-116.1406739338794,43.576837682413164],[-116.14734666897448,43.57824652592263]]]}"
000000000000000002e7,10.0,0,744,Culex tarsalis,2020.85714285714,"{""type"":""Polygon"",""coordinates"":[[[-99.25685156165844,47.14724858168596],[-99.26470113421506,47.14549353475038],[-99.26948828472112,47.14091313519918],[-99.26934646899232,47.13529417326597],[-99.26433234643235,47.13082802831398],[-99.25640178044961,47.12925605330722],[-99.24864655172057,47.13119107158085],[-99.24409016834497,47.13587872323187],[-99.24451014902961,47.14149124718631],[-99.24974404644205,47.145839712412545],[-99.25685156165844,47.14724858168596]]]}"
000000000000000002f4,7.0,0,757,Culex tarsalis,2020.75,"{""type"":""Polygon"",""coordinates"":[[[-110.81044927765251,31.858649855011922],[-110.81673488549032,31.85689492160872],[-110.82056860366052,31.852314702772418],[-110.82045548723983,31.846695734284758],[-110.81644027547482,31.84222940476702],[-110.81008906518103,31.840657327005996],[-110.80387830200614,31.842592468967844],[-110.80022970753089,31.847280296651697],[-110.80056647796772,31.85289280116628],[-110.80475789384485,31.857241078819733],[-110.81044927765251,31.858649855011922]]]}"
000000000000000002fd,17.0,0,766,Culex tarsalis,2018.5250244140625,"{""type"":""Polygon"",""coordinates"":[[[-116.3548509364966,43.66124823293146],[-116.36223052127399,43.65949321673295],[-116.36673116177923,43.65491286610524],[-116.36659797817518,43.64929390239502],[-116.36188403680396,43.6448277074771],[-116.35442807082507,43.643255704653654],[-116.34713695801697,43.6451907564111],[-116.34285337411396,43.64987845571839],[-116.34324835734515,43.655490974412565],[-116.34816898387362,43.659839388858344],[-116.3548509364966,43.66124823293146]]]}"
000000000000000002fe,17.0,0,767,Culex tarsalis,2019.40909090909,"{""type"":""Polygon"",""coordinates"":[[[-116.3382497032746,43.54504851857972],[-116.34561504889203,43.54329350334315],[-116.35010700892396,43.5387131542466],[-116.34997408670674,43.533094190480796],[-116.34526923992256,43.528627993999095],[-116.33782765307436,43.527055990305065],[-116.33055060174804,43.52899104311045],[-116.32627528282686,43.533678743909235],[-116.3266695085663,43.53929126243875],[-116.33158064386251,43.54363967529527],[-116.3382497032746,43.54504851857972]]]}"
00000000000000000303,10.0,0,772,Culex tarsalis,2019.81818181818,"{""type"":""Polygon"",""coordinates"":[[[-96.57595082630571,39.0962479885673],[-96.58282977512688,39.09449300762696],[-96.58702521466294,39.08991271312092],[-96.58690121710673,39.08429374737459],[-96.58250703421336,39.079827495139135],[-96.57555663229239,39.078255460405266],[-96.56875991488779,39.0801905505742],[-96.56476692056962,39.084878304549186],[-96.56513526678063,39.09049081720685],[-96.56972218714269,39.09483917340114],[-96.57595082630571,39.0962479885673]]]}"
00000000000000000317,17.0,0,792,Culex tarsalis,2005.0,"{""type"":""Polygon"",""coordinates"":[[[-102.98354972617689,25.758149244691555],[-102.98947744722734,25.756394345842832],[-102.99309298905196,25.75181418201282],[-102.99298644055894,25.74619521153527],[-102.98919981244623,25.741728825838994],[-102.98321000993013,25.740156716799113],[-102.97735267057712,25.742091896412056],[-102.97391180815784,25.746779777676416],[-102.97422953794782,25.752392276268754],[-102.9781824000316,25.756740496829284],[-102.98354972617689,25.758149244691555]]]}"
0000000000000000031c,17.0,0,797,Culex tarsalis,2019.10638297872,"{""type"":""Polygon"",""coordinates"":[[[-116.34654809033506,43.694450699375416],[-116.3539317594593,43.69269568290136],[-116.35843488986185,43.68811533183507],[-116.35830163128043,43.68249636814077],[-116.35358508122708,43.67803017367078],[-116.34612499075472,43.676458171096705],[-116.3388298445671,43.67839322255396],[-116.33454388994487,43.683080921434026],[-116.33493909045274,43.68869344017538],[-116.33986243943602,43.69304185507639],[-116.34654809033506,43.694450699375416]]]}"
0000000000000000031e,15.0,0,799,Culex tarsalis,2019.24324324324,"{""type"":""Polygon"",""coordinates"":[[[-116.47104619174729,43.57824652592262],[-116.47841559675994,43.57649151041161],[-116.4829100314801,43.571911160878216],[-116.48277703474575,43.56629219712827],[-116.47806959521547,43.56182600109271],[-116.47062390906693,43.56025399764707],[-116.46334284899787,43.56218905015347],[-116.45906517384016,43.566876750526724],[-116.45945961553127,43.57248926910323],[-116.46437345665221,43.576837682413164],[-116.47104619174729,43.57824652592262]]]}"
0000000000000000032a,17.0,0,811,Culex tarsalis,2018.68965517241,"{""type"":""Polygon"",""coordinates"":[[[-116.26355084242729,43.66124823293146],[-116.27093042720469,43.65949321673294],[-116.2754310677099,43.65491286610524],[-116.27529788410588,43.649293902395016],[-116.27058394273466,43.64482770747709],[-116.26312797675577,43.64325570465365],[-116.25583686394765,43.64519075641109],[-116.25155328004463,43.64987845571838],[-116.25194826327585,43.655490974412565],[-116.25686888980432,43.65983938885834],[-116.26355084242729,43.66124823293146]]]}"
00000000000000000127,15.0,0,296,Culex tarsalis,2002.0,"{""type"":""Polygon"",""coordinates"":[[[-100.0370470956767,25.442748108979217],[-100.04295920410654,25.440993211814007],[-100.04656522835155,25.436413050663973],[-100.04645896667836,25.43079408008954],[-100.04268231033018,25.426327691656162],[-100.0367082735356,25.42475558109231],[-100.03086635163812,25.426690762539696],[-100.02743455139652,25.43137864641456],[-100.0277514508619,25.436991144718302],[-100.03169390638499,25.441339362497192],[-100.0370470956767,25.442748108979217]]]}"
00000000000000000138,17.0,0,313,Culex tarsalis,2004.0,"{""type"":""Polygon"",""coordinates"":[[[-102.78434830481629,18.74464769367816],[-102.78998607634318,18.742892830439256],[-102.79342487083214,18.73831272329757],[-102.79332365891024,18.732693750771816],[-102.78972221873599,18.728227307179022],[-102.7840251923982,18.726655165902677],[-102.77845416239872,18.728590384319347],[-102.77518159730415,18.733278320802352],[-102.77548391716822,18.73889081328885],[-102.77924352136124,18.743238975010982],[-102.78434830481629,18.74464769367816]]]}"
00000000000000000297,7.0,0,664,Culex tarsalis,2007.0,"{""type"":""Polygon"",""coordinates"":[[[-100.53504841952764,26.03204952689947],[-100.54098991234225,26.03029462658149],[-100.54461384957133,26.02571446041256],[-100.54450704810797,26.02009549001957],[-100.54071162397595,26.015629106712055],[-100.53470791459439,26.014056999002207],[-100.52883697558164,26.015992177014162],[-100.52538811948762,26.020680056000238],[-100.52570658173286,26.02629255484445],[-100.52966862338131,26.03064077783261],[-100.53504841952764,26.03204952689947]]]}"
00000000000000000259,15.0,0,602,Culex tarsalis,2011.0,"{""type"":""Polygon"",""coordinates"":[[[-99.9457470016074,19.97304977008353],[-99.95142739930318,19.971294900853373],[-99.95489217628565,19.966714784173867],[-99.95479017795516,19.961095811992546],[-99.95116151333694,19.95662937814085],[-99.94542144841698,19.955057242288376],[-99.93980833035167,19.95699245417622],[-99.93651102361007,19.961680381368705],[-99.93681560695703,19.96729287488269],[-99.94060362106123,19.97164104650436],[-99.9457470016074,19.97304977008353]]]}"
00000000000000000135,17.0,0,310,Culex tarsalis,2012.0,"{""type"":""Polygon"",""coordinates"":[[[-99.11575222702425,19.491649679454568],[-99.121415532947,19.489894812583113],[-99.12486989165858,19.485314699658563],[-99.12476820853813,19.479695727341632],[-99.12115046010783,19.47522928965495],[-99.11542765252001,19.473657151667158],[-99.10983141064769,19.475592366125337],[-99.10654402454881,19.480280296975415],[-99.10684770018761,19.4858927900849],[-99.11062432271164,19.490240957809206],[-99.11575222702425,19.491649679454568]]]}"
000000000000000001a7,17.0,0,424,Culex tarsalis,2012.0,"{""type"":""Polygon"",""coordinates"":[[[-99.14064738820565,19.450148825950148],[-99.14630924417592,19.448393959281372],[-99.14976271907626,19.443813846679475],[-99.14966106270295,19.438194874350895],[-99.14604424032775,19.433728436334686],[-99.14032289672593,19.432156298163406],[-99.13472808650695,19.43409151284245],[-99.13144154200897,19.438779444006816],[-99.131745140651,19.444391937081544],[-99.13552079679411,19.448740104470954],[-99.14064738820565,19.450148825950148]]]}"
000000000000000001ad,17.0,0,430,Culex tarsalis,2012.0,"{""type"":""Polygon"",""coordinates"":[[[-99.19045108787158,19.416946359506195],[-99.19611178649008,19.4151914929995],[-99.19956455593311,19.410611380655624],[-99.19946292091011,19.40499240831772],[-99.19584683771176,19.40052597003799],[-99.19012666266194,19.398953831719982],[-99.18453299518714,19.40088904657565],[-99.18124712245479,19.40557697799135],[-99.18155065963883,19.411189471038277],[-99.18532554441747,19.415537638159883],[-99.19045108787158,19.416946359506195]]]}"
000000000000000001d6,17.0,0,471,Culex tarsalis,2012.0,"{""type"":""Polygon"",""coordinates"":[[[-99.05764568119679,19.30904949131596],[-99.063302635186,19.307294625335505],[-99.06675312211526,19.30271451382939],[-99.06665155617644,19.297095541461236],[-99.0630378645947,19.292629102325893],[-99.05732147040449,19.291056963531478],[-99.05173150028816,19.292992178960603],[-99.04844780106328,19.297680111192335],[-99.04875113940423,19.303292604149014],[-99.052523528425,19.307640770401093],[-99.05764568119679,19.30904949131596]]]}"
000000000000000001dc,17.0,0,477,Culex tarsalis,2012.0,"{""type"":""Polygon"",""coordinates"":[[[-99.19875393403309,19.408647972445728],[-99.20441434376215,19.406893105979528],[-99.20786693711432,19.40231299370012],[-99.20776530742074,19.396694021359902],[-99.20414940873012,19.39222758301432],[-99.19842952536528,19.39065544465965],[-99.19283614313355,19.392590659559445],[-99.18955043808225,19.39727859103795],[-99.18985395992573,19.40289108407793],[-99.19362865216223,19.40723925113262],[-99.19875393403309,19.408647972445728]]]}"
00000000000000000226,17.0,0,551,Culex tarsalis,2012.0,"{""type"":""Polygon"",""coordinates"":[[[-99.14064738820564,19.28414987103352],[-99.14630348158882,19.282395005174415],[-99.14975344394227,19.277814893861468],[-99.14965189388174,19.27219592148634],[-99.14603875195085,19.2677294821537],[-99.14032322669149,19.266157343249436],[-99.13473410631556,19.26809255881079],[-99.131450906615,19.272780491230687],[-99.13175419925813,19.278392984166558],[-99.13552601469439,19.282741150218136],[-99.14064738820564,19.28414987103352]]]}"
00000000000000000298,17.0,0,665,Culex tarsalis,2012.0,"{""type"":""Polygon"",""coordinates"":[[[-99.22364909521448,19.317347878376427],[-99.2293063363166,19.31559301235552],[-99.23275699825338,19.311012900785006],[-99.23265542701738,19.305393928419182],[-99.2290415520627,19.300927489349608],[-99.22332486798214,19.299355350591807],[-99.21773461437775,19.301290565976853],[-99.21445074850301,19.305978498145862],[-99.21475410208963,19.31159099110948],[-99.21852668246805,19.315939157428392],[-99.22364909521448,19.317347878376427]]]}"
00000000000000000329,15.0,0,810,Culex tarsalis,2012.0,"{""type"":""Polygon"",""coordinates"":[[[-99.01614928679342,19.217749397246656],[-99.02180309167424,19.215994531710955],[-99.02525165909034,19.211414420912863],[-99.02515015125488,19.205795448519144],[-99.0215384709415,19.201329008660686],[-99.01582525631834,19.199756869463634],[-99.01023839554799,19.201692085377417],[-99.00695652417002,19.206380018298823],[-99.0072596952967,19.21199251117923],[-99.01102998547265,19.216340676696426],[-99.01614928679342,19.217749397246656]]]}"
00000000000000000330,17.0,0,817,Culex tarsalis,2012.0,"{""type"":""Polygon"",""coordinates"":[[[-99.09915099380227,19.400349585385264],[-99.10481111479008,19.39859471895956],[-99.10826353214178,19.394014606744623],[-99.10816190777493,19.388395634402066],[-99.10454619349737,19.38392919599065],[-99.0988266016678,19.382357057599318],[-99.09323350453266,19.38429227254324],[-99.08994796707643,19.388980204084536],[-99.09025147358727,19.394592697117577],[-99.09402597338047,19.398940864105352],[-99.09915099380227,19.400349585385264]]]}"
000000000000000001d8,10.0,0,473,Culex tarsalis,2014.0,"{""type"":""Polygon"",""coordinates"":[[[-106.56085016900069,49.006448470414945],[-106.56898861905174,49.00469340539256],[-106.57395186860374,49.00011297705367],[-106.57380474231687,48.994494016166975],[-106.56860611494058,48.990027900616035],[-106.56038384469234,48.98845594197682],[-106.55234335524507,48.99039094054832],[-106.54761929633602,48.99507856415719],[-106.54805463658651,49.000691091205994],[-106.55348108201235,49.00503958631274],[-106.56085016900069,49.006448470414945]]]}"
00000000000000000249,17.0,0,586,Culex tarsalis,2014.0,"{""type"":""Polygon"",""coordinates"":[[[-111.38314946235079,49.87794855760357],[-111.39143384705656,49.87619348363212],[-111.3964860567837,49.87161304104977],[-111.39633624621781,49.86599408068112],[-111.39104441138727,49.86152797967711],[-111.3826747809843,49.859956029136086],[-111.37449018637277,49.86189101795953],[-111.36968142153171,49.866578627693805],[-111.37012451952116,49.87219115627339],[-111.37564823491432,49.87653966616432],[-111.38314946235079,49.87794855760357]]]}"
000000000000000002f1,17.0,0,754,Culex tarsalis,2016.0,"{""type"":""Polygon"",""coordinates"":[[[-106.63555348894906,52.1770476834571],[-106.64425927000221,52.17529258423725],[-106.64956835343501,52.17071210146985],[-106.64941078592797,52.16509314256361],[-106.64384980967502,52.16062708260081],[-106.63505467662215,52.1590551549067],[-106.62645397777926,52.160990116228525],[-106.6214006191951,52.16567768681829],[-106.62186611196947,52.171290219715786],[-106.62767069667596,52.175638771317466],[-106.63555348894906,52.1770476834571]]]}"
00000000000000000229,17.0,0,554,Culex tarsalis,2017.0,"{""type"":""Polygon"",""coordinates"":[[[-99.20704786199249,20.4876478680554],[-99.212747090896,20.485892996287877],[-99.21622334655255,20.48131287556903],[-99.21612100109262,20.475693903533603],[-99.21248030930221,20.471227473807343],[-99.20672123049792,20.469655340251908],[-99.20108951849207,20.47159054937476],[-99.19778128146885,20.47627847263263],[-99.19808686506985,20.48189096658174],[-99.20188743019756,20.486239142395945],[-99.20704786199249,20.4876478680554]]]}"
0000000000000000014c,17.0,0,333,Culex tarsalis,2019.0,"{""type"":""Polygon"",""coordinates"":[[[-123.18575229937139,49.23884789911844],[-123.19392897567134,49.237092831740576],[-123.1989155276107,49.23251239965268],[-123.19876769830068,49.22689343890232],[-123.19354465605835,49.22242732718027],[-123.18528378599765,49.22085537067258],[-123.17720554936282,49.22279036667829],[-123.17245930250144,49.22747798663524],[-123.1728966749253,49.23309051408698],[-123.17834859940403,49.23743901308506],[-123.18575229937139,49.23884789911844]]]}"
0000000000000000015e,17.0,0,351,Culex tarsalis,2019.0,"{""type"":""Polygon"",""coordinates"":[[[-116.42125141028346,43.49524927801484],[-116.42861067954387,43.4934942631894],[-116.43309893530655,43.488913914747236],[-116.43296612463011,43.48329495095767],[-116.42826515883091,43.47882875380763],[-116.4208297080741,43.477256749741535],[-116.41355865728687,43.4791918029948],[-116.40928686532813,43.483879504431016],[-116.40968076781643,43.489492022890175],[-116.41458785286383,43.493840435067455],[-116.42125141028346,43.49524927801484]]]}"
0000000000000000025d,10.0,0,606,Culex tarsalis,2019.0,"{""type"":""Polygon"",""coordinates"":[[[-116.27184922948773,43.49524927801484],[-116.27920849874813,43.4934942631894],[-116.28369675451083,43.48891391474724],[-116.2835639438344,43.48329495095767],[-116.27886297803519,43.47882875380764],[-116.27142752727838,43.477256749741535],[-116.26415647649115,43.4791918029948],[-116.25988468453241,43.48387950443102],[-116.26027858702071,43.489492022890175],[-116.26518567206811,43.493840435067455],[-116.27184922948773,43.49524927801484]]]}"
00000000000000000284,15.0,0,645,Culex tarsalis,2019.0,"{""type"":""Polygon"",""coordinates"":[[[-116.4046457179604,43.68614785321391],[-116.41202836506731,43.684392836808776],[-116.4165308724283,43.67981248585221],[-116.41639763260834,43.67419352215392],[-116.4116817353199,43.66972732757188],[-116.40422267691058,43.66815532493541],[-116.39692853998673,43.670090376467776],[-116.39264317858446,43.674778075454725],[-116.39303832472373,43.68039059418427],[-116.39796099247307,43.68473900897139],[-116.4046457179604,43.68614785321391]]]}"
000000000000000002e0,17.0,0,737,Culex tarsalis,2019.0,"{""type"":""Polygon"",""coordinates"":[[[-116.2220544480239,43.61974737942704],[-116.2294289374714,43.617992363572505],[-116.23392647176354,43.61341201349234],[-116.23379338169487,43.60779304976224],[-116.22908269472335,43.603326854285115],[-116.2216318741599,43.601754851150346],[-116.21434579310012,43.60368990328253],[-116.2100651667317,43.608377603123174],[-116.21045987890355,43.61399012175848],[-116.21537710909752,43.618338535635935],[-116.2220544480239,43.61974737942704]]]}"
000000000000000002ef,8.0,0,752,Culex tarsalis,2019.0,"{""type"":""Polygon"",""coordinates"":[[[-107.00904779318569,48.05194667621748],[-107.01703427847741,48.05019162064393],[-107.02190489106918,48.04561120734412],[-107.02176055889804,48.03999224591064],[-107.01665899063808,48.03552611500019],[-107.00859017136732,48.03395414781039],[-107.00069974330096,48.03588915667451],[-106.99606389050605,48.04057679493298],[-106.99649115132573,48.04618932036533],[-107.00181630672728,48.050537799862084],[-107.00904779318569,48.05194667621748]]]}"
000000000000000001e1,10.0,0,482,Culex tarsalis,2020.0,"{""type"":""Polygon"",""coordinates"":[[[-100.91684556992578,46.77374981834827],[-100.92464053927709,46.77199477489346],[-100.92939440343918,46.76741438088238],[-100.9292535910752,46.76179541874784],[-100.92427434345795,46.75732926813767],[-100.9163989157147,46.75575728998098],[-100.90869760723224,46.757692312046295],[-100.90417291767632,46.762379969093956],[-100.90458999466571,46.767992492452805],[-100.9097874966114,46.77234095192862],[-100.91684556992578,46.77374981834827]]]}"
00000000000000000265,15.0,0,614,Culex tarsalis,2020.0,"{""type"":""Polygon"",""coordinates"":[[[-99.05764568119679,35.40274783139175],[-99.06419541027368,35.40099287577979],[-99.06819014601972,35.39641262159107],[-99.06807218600552,35.39079365438357],[-99.06388827809927,35.38632736097165],[-99.05727034209323,35.384755303312886],[-99.05079874573917,35.38669042107713],[-99.04699684427914,35.39137821432473],[-99.04734767049749,35.39699072264428],[-99.05171514224432,35.40133903699142],[-99.05764568119679,35.40274783139175]]]}"
000000000000000002dd,17.0,0,734,Culex tarsalis,2020.0,"{""type"":""Polygon"",""coordinates"":[[[-116.28015207564924,43.62804576648751],[-116.28752758307138,43.62629075056424],[-116.29202573794089,43.621710400374646],[-116.29189262918523,43.616091436648524],[-116.28718129203081,43.61162524128316],[-116.27972944348623,43.6100532382106],[-116.27244235715439,43.61198829026789],[-116.26816113991252,43.616675990001944],[-116.26855590623828,43.62228850864901],[-116.27347381497175,43.62663692264005],[-116.28015207564924,43.62804576648751]]]}"
0000000000000000021c,10.0,0,541,Culex tarsalis,2021.0,"{""type"":""Polygon"",""coordinates"":[[[-99.06594852735832,35.41934906461374],[-99.07249960570464,35.41759410889329],[-99.07649516401388,35.41301385453187],[-99.07637717925758,35.407394887330625],[-99.07219240956283,35.40292859409508],[-99.06557311097987,35.40135653653452],[-99.05910018215117,35.403291654180556],[-99.05529749751877,35.40797944725994],[-99.05564839554296,35.41359195559806],[-99.06001676667636,35.41794027012447],[-99.06594852735832,35.41934906461374]]]}"
000000000000000002c8,15.0,0,713,Culex tarsalis,2021.0,"{""type"":""Polygon"",""coordinates"":[[[-121.28505155713795,36.69754592248294],[-121.29170991376222,36.695790958271346],[-121.29577087275246,36.69121069039373],[-121.29565092076588,36.68559172368221],[-121.29139763163754,36.681125444250874],[-121.28466999675652,36.67955339437584],[-121.27809112501295,36.6814885027706],[-121.27422617158653,36.68617628268405],[-121.27458277875563,36.69178879247665],[-121.27902265867439,36.69613712103209],[-121.28505155713795,36.69754592248294]]]}"
00000000000000000312,8.0,0,787,Culex tarsalis,2021.0,"{""type"":""Polygon"",""coordinates"":[[[-98.24424768073457,31.642847200429348],[-98.25051865593619,31.64109226832172],[-98.25434345357192,31.636512051547776],[-98.2542306055332,31.630893082985466],[-98.25022473972817,31.62642675136143],[-98.24388830629249,31.62485467242768],[-98.23769199352641,31.62678981580116],[-98.23405189244052,31.63147764549391],[-98.23438788421328,31.63709014978649],[-98.23856954641273,31.641438425299366],[-98.24424768073457,31.642847200429348]]]}"
00000000000000000322,7.0,0,803,Culex tarsalis,2021.0,"{""type"":""Polygon"",""coordinates"":[[[-110.88514813849984,31.800547768285522],[-110.89142979120562,31.798792835231733],[-110.89526109819715,31.79421261695164],[-110.89514805431813,31.78859364844384],[-110.89113536872188,31.78412731835805],[-110.88478815254379,31.782555240280743],[-110.87858129524687,31.784490382623307],[-110.87493499649445,31.789178210848945],[-110.87527155646134,31.794790715303666],[-110.8794603359652,31.79913899237981],[-110.88514813849984,31.800547768285522]]]}"
000000000000000001f4,1.0,0,501,Culex tarsalis,2022.0,"{""type"":""Polygon"",""coordinates"":[[[-124.19004887503267,40.70644721537082],[-124.19709139551406,40.704692222551024],[-124.20138655337489,40.70011190913577],[-124.20125955532,40.69449294407519],[-124.19676089824355,40.69002671115187],[-124.18964531310495,40.68845468716978],[-124.18268706167592,40.69038976439649],[-124.1785991236107,40.695077499952205],[-124.17897617375877,40.700690014644046],[-124.18367212581195,40.705038390465106],[-124.19004887503267,40.70644721537082]]]}"
0000000000000000029e,17.0,0,671,Culex tarsalis,2022.0,"{""type"":""Polygon"",""coordinates"":[[[-97.47235053377678,32.77994918276543],[-97.47870040744637,32.77819424376181],[-97.48257330423573,32.77361401601058],[-97.48245900916957,32.76799504784565],[-97.47840275038057,32.76352872743284],[-97.47198664071269,32.761956654741105],[-97.46571241192102,32.763891790600915],[-97.46202651488397,32.768579609600884],[-97.46236670525506,32.774192115075074],[-97.46660095886969,32.77854040198168],[-97.47235053377678,32.77994918276543]]]}"
0000000000000000025a,7.0,0,603,Culex tarsalis,2023.0,"{""type"":""Polygon"",""coordinates"":[[[-106.84304883826906,32.59734899462682],[-106.84938573987776,32.59559405674231],[-106.85325072845396,32.59101383077249],[-106.85313667128878,32.58539486254307],[-106.84908869784552,32.58092854031087],[-106.84268568813366,32.57935646660617],[-106.83642426989316,32.581291603685315],[-106.83274590238045,32.58597942442053],[-106.83308540242854,32.591591929702965],[-106.83731100923758,32.59594021476058],[-106.84304883826906,32.59734899462682]]]}"
0000000000000000027d,7.0,0,638,Culex tarsalis,2023.0,"{""type"":""Polygon"",""coordinates"":[[[-106.80985083092617,32.61395022784879],[-106.81618890705005,32.61219528986273],[-106.82005461165086,32.607615063731245],[-106.8199405329455,32.60199609550767],[-106.81589180933125,32.597529773440584],[-106.8094876135246,32.595957699827814],[-106.80322503539257,32.59789283679631],[-106.79954598614238,32.60258065737405],[-106.79988554869342,32.60819316267389],[-106.80411193840065,32.61254144789929],[-106.80985083092617,32.61395022784879]]]}"
000000000000000001f3,17.0,0,500,Culex tarsalis,2024.0,"{""type"":""Polygon"",""coordinates"":[[[-101.89624698440569,33.55185078882428],[-101.90265301001494,33.550095845038484],[-101.90656013898456,33.545515609674815],[-101.90644481415946,33.53989664178551],[-101.90235269072522,33.53543032914735],[-101.89587987543474,33.53385826078426],[-101.88955019376621,33.53579339143358],[-101.88583170380214,33.540481203018395],[-101.88617488240372,33.54609370931194],[-101.89044656532778,33.55044200411979],[-101.89624698440569,33.55185078882428]]]}"
0000000000000000012d,6.0,0,302,Culex tarsalis,2025.0,"{""type"":""Polygon"",""coordinates"":[[[-121.94905183590554,37.867845912161926],[-121.9558145408416,37.866090939924696],[-121.95993911421357,37.861510659272014],[-121.95981724862153,37.855891693023466],[-121.95549731147766,37.85142542663945],[-121.948664299336,37.84985338402847],[-121.941982378337,37.85178848367929],[-121.93805685679972,37.85647625114869],[-121.93841901707691,37.86208876231589],[-121.94292845266736,37.86643710413115],[-121.94905183590554,37.867845912161926]]]}"
