"scientificName","year","lon","lat","presence","row_code","system.index","bio01","bio02","bio03","bio04","bio05","bio06","bio07","bio08","bio09","bio10","bio11","bio12","bio13","bio14","bio15","bio16","bio17","bio18","bio19","forest","shrub","grass","wetland","crop","urban","water","landcover","fold","geo"
"Aedes sierrensis",2025,-116.902022,33.340092,1,1,"00000000000000000000",12.3,13.6392561983471,46.4490358126722,57.9720247933884,29.1258953168044,0.00922865013774105,29.1166666666667,6.20771349862259,18.030303030303,20.2805785123967,5.98471074380165,737.701101928375,129.296143250689,3.1900826446281,79.5220385674931,383.421487603306,32.4641873278237,50.0151515151515,366.019283746556,1,0,0,0,0,0,0,3,3,"{""type"":""Polygon"",""coordinates"":[[[-116.90202276766388,33.349091004823045],[-116.90841383508597,33.34733606230159],[-116.91231184501865,33.34275582895055],[-116.91219679450326,33.33713686098837],[-116.90811422497146,33.3326705462947],[-116.9016565153716,33.331098476787176],[-116.89534160567703,33.33303360881408],[-116.89163179806887,33.33772142235936],[-116.89197418063685,33.34333392843627],[-116.89623589284852,33.347682221155154],[-116.90202276766388,33.349091004823045]]]}"
"Aedes sierrensis",2026,-122.375455,40.568678,1,2,"00000000000000000001",16.8690909090909,14.5284848484849,41.3866666666667,70.3890303030303,36.8898181818182,2.3,34.5898181818182,8.32945454545455,26.0690909090909,26.0690909090909,8.32945454545455,1104.76,213.838787878788,5,78.4763636363636,556.181818181818,33.3963636363636,33.3963636363636,556.181818181818,0,0,0,0,0,1,0,17,2,"{""type"":""Polygon"",""coordinates"":[[[-122.3754533741413,40.577677295149414],[-122.3824823223362,40.57592230330046],[-122.38676920613551,40.57134199143058],[-122.38664245707271,40.56572302631395],[-122.38215246868866,40.56125679181233],[-122.37505058950934,40.559684766951555],[-122.36810574125202,40.561619845235974],[-122.36402568110027,40.56630758229701],[-122.36440200907153,40.57192009682261],[-122.36908891428835,40.57626847103967],[-122.3754533741413,40.577677295149414]]]}"
"Aedes sierrensis",2026,-121.114189,38.754787,1,3,"00000000000000000002",16.0221799746515,13.7519645120406,43,61.681660329531,34.4441064638783,2.8,31.6441064638783,8.4319391634981,23.8408111533587,23.9020278833967,8.32015209125475,656.163498098859,133.745247148289,1,83.2927756653992,336.627376425856,11,14.1863117870722,336.627376425856,0,0,0,0,0,0,1,18,3,"{""type"":""Polygon"",""coordinates"":[[[-121.11418772297203,38.763786332224484],[-121.12103450685063,38.76203135366907],[-121.1252103375832,38.757451062959234],[-121.12508692997305,38.75183209707528],[-121.12071329103749,38.7473658409627],[-121.11379537108546,38.74579380407028],[-121.1070304180602,38.74772889683752],[-121.10305609360904,38.75241665451038],[-121.10342272818662,38.75802916675962],[-121.10798820835939,38.76237751901363],[-121.11418772297203,38.763786332224484]]]}"
"Aedes sierrensis",2026,-117.868063,34.404583,1,4,"00000000000000000003",11.4507482993197,14.1393197278912,44.5537414965986,62.500843537415,29.2344217687075,-2.18285714285714,31.4172789115646,4.87700680272109,19.7176870748299,19.9887074829932,4.36027210884354,696.994557823129,136.095238095238,2.55374149659864,86.5197278911565,382.302040816327,14.6625850340136,31.7714285714286,365.469387755102,1,0,0,0,0,0,0,1,3,"{""type"":""Polygon"",""coordinates"":[[[-117.86806471538763,34.4135809856048],[-117.87453601324576,34.411826036378244],[-117.87848293450055,34.407245792353855],[-117.87836641271699,34.401626824778184],[-117.87423259941674,34.397160520985324],[-117.86769386816997,34.395588457546914],[-117.86129972676994,34.39752358226826],[-117.85754335006699,34.402211385416805],[-117.85789000231239,34.40782389264247],[-117.86220519392995,34.41217219643964],[-117.86806471538763,34.4135809856048]]]}"
"Aedes sierrensis",2026,-122.008762,37.264225,1,5,"00000000000000000004",14.7568326947637,13.3191570881226,53.9693486590038,40.5067688378033,28.0717752234994,3.47458492975734,24.597190293742,9.62618135376756,19.6968071519796,19.8979565772669,9.62618135376756,576.351213282248,124.724137931035,1,90.6283524904214,315.969348659004,5,10.1532567049808,315.969348659004,0,0,0,0,0,1,0,17,1,"{""type"":""Polygon"",""coordinates"":[[[-122.00876365811222,37.273224786684914],[-122.01547258914718,37.27146981855664],[-122.01956438008244,37.2668895444445],[-122.01944350064804,37.2612705779589],[-122.01515790927611,37.256804304894956],[-122.00837920125473,37.255232258564945],[-122.00175038468498,37.25716736269247],[-121.99785607576052,37.261855136532944],[-121.99821537436867,37.267467646996394],[-122.0026889657911,37.27181598202292],[-122.00876365811222,37.273224786684914]]]}"
"Aedes sierrensis",2025,-122.32709,44.152887,1,6,"00000000000000000005",10.4600882028666,13.2798235942668,45,55.7582359426681,28.1912899669239,-1.05060639470783,29.2418963616318,3.88026460859978,17.6181918412348,17.6600882028666,3.58026460859978,1606.37375964719,251.952590959206,19,58.8886438809261,728.815876515987,109.619625137817,114.003307607497,660.61631753032,1,0,0,0,0,0,0,1,3,"{""type"":""Polygon"",""coordinates"":[[[-122.32708550501461,44.16188488550499],[-122.33452742510086,44.160129865118925],[-122.33906606636637,44.155549507825924],[-122.33893173838821,44.14993054435769],[-122.334177983323,44.145464356247096],[-122.32665906943326,44.143892357213424],[-122.31930639928875,44.14582740440898],[-122.31498663346964,44.150515097223646],[-122.31538493270513,44.156127616634585],[-122.320347109292,44.160476037998656],[-122.32708550501461,44.16188488550499]]]}"
"Aedes sierrensis",2025,-122.197303,37.355992,1,7,"00000000000000000006",13.4941475826972,11.8405852417303,55,34.6635114503817,24.9693384223919,3.70623409669211,21.2631043256997,9.31908396946565,17.6665394402036,18.1110687022901,9.31908396946565,738.19465648855,149.015267175573,2,86.5916030534351,386.656488549618,9.87022900763359,14.2417302798982,386.656488549618,1,0,0,0,0,0,0,6,1,"{""type"":""Polygon"",""coordinates"":[[[-122.19730336885402,37.36499308636483],[-122.20402049585466,37.36323811760669],[-122.20811728333734,37.35865784249192],[-122.20799625360007,37.35303887604267],[-122.20370542740605,37.348572604002705],[-122.19691844260102,37.347000558242804],[-122.1902815320991,37.348935661684074],[-122.18638246589447,37.3536234345479],[-122.18674220066764,37.35923594511923],[-122.19122125529188,37.363584281186434],[-122.19730336885402,37.36499308636483]]]}"
"Aedes sierrensis",2025,-122.643173,38.095014,1,8,"00000000000000000007",13.4023869346734,12.0679648241206,54.7525125628141,36.7268216080402,25.5724874371859,3.68052763819095,21.891959798995,9.1820351758794,17.7418341708543,18.1201005025126,8.87876884422111,1018.30025125628,217.832914572864,1.69849246231156,90.4673366834171,556.491206030151,11.3982412060301,17.6645728643216,552.758793969849,1,0,0,0,0,0,0,1,3,"{""type"":""Polygon"",""coordinates"":[[[-122.64317334228915,38.104013281255575],[-122.64995784842223,38.10225830736797],[-122.65409571254987,38.09767802408826],[-122.65397344713354,38.09205905793495],[-122.6496395854139,38.08759279423393],[-122.6427845571337,38.08602075311669],[-122.63608110637763,38.087955850969465],[-122.63214293051824,38.0926436158799],[-122.6325062509694,38.09825612732974],[-122.6370302186141,38.102604471871715],[-122.64317334228915,38.104013281255575]]]}"
"Aedes sierrensis",2025,-122.219982,37.372633,1,9,"00000000000000000008",13.5923575129534,11.5665803108808,55.9417098445596,33.5023316062176,24.5182642487047,3.93329015544041,20.5849740932643,9.46269430051814,17.559067357513,17.9801813471503,9.46269430051814,684.743523316062,138.151554404145,2,86.7875647668394,357.566062176166,9.37564766839378,13.4896373056995,357.566062176166,0,0,0,0,0,1,0,17,1,"{""type"":""Polygon"",""coordinates"":[[[-122.21998235681185,37.38162999239523],[-122.2267009736711,37.379875023522736],[-122.23079866942359,37.37529474822594],[-122.23067761236423,37.36967578178327],[-122.22638583458689,37.36520950992923],[-122.21959734523236,37.36363746427283],[-122.21295896341962,37.3655725675895],[-122.20905903243896,37.37026034027602],[-122.20941884649783,37.375872850866934],[-122.2138988942202,37.38022118712307],[-122.21998235681185,37.38162999239523]]]}"
"Aedes sierrensis",2025,-121.663469,36.753358,1,10,"00000000000000000009",14.0165809768638,12.2071979434447,60,27.8255398457584,24.4026992287918,4.28251928020566,20.1201799485861,10.3701799485861,16.9074550128535,17.4074550128535,10.3701799485861,372.535989717224,75.987146529563,1,87.1658097686375,199.341902313625,5,8.9974293059126,199.341902313625,0,0,0,0,1,0,0,15,2,"{""type"":""Polygon"",""coordinates"":[[[-121.66346870893759,36.762358956294776],[-121.67013268783747,36.760603991645176],[-121.6741970743664,36.756023723070335],[-121.67407701927836,36.75040475638407],[-121.66982013916137,36.74593847766482],[-121.66308682655945,36.74436642818624],[-121.656502402528,36.746301536103786],[-121.65263418569813,36.75098931533807],[-121.6529910920716,36.75660182520569],[-121.65743471964487,36.76095015448482],[-121.66346870893759,36.762358956294776]]]}"
"Aedes sierrensis",2025,-122.353506,40.842729,1,11,"0000000000000000000a",15.4900966183575,14.9294685990338,42.5615942028986,69.1299758454106,35.8942028985507,1.26014492753623,34.6340579710145,7.86014492753623,24.6679951690821,24.6679951690821,7.26171497584541,1529.58816425121,278.964975845411,7,79,767.809178743961,40,40,746.042270531401,1,0,0,0,0,0,0,1,1,"{""type"":""Polygon"",""coordinates"":[[[-122.35350567875624,40.851729186793136],[-122.36056361783999,40.84997419287346],[-122.36486817532499,40.8453938777075],[-122.3647408943997,40.839774912710425],[-122.3602323893806,40.83530868157513],[-122.35310123379348,40.83373665858849],[-122.34612775589267,40.83567173461695],[-122.34203086823673,40.840359468467305],[-122.34240873879672,40.84597198334747],[-122.34711496837441,40.85032036098568],[-122.35350567875624,40.851729186793136]]]}"
"Aedes sierrensis",2025,-122.633669,38.10276,1,12,"0000000000000000000b",13.7731493099122,12.2943538268507,54.9824341279799,36.7303513174404,25.8835633626098,3.69723964868256,22.1863237139272,9.08243412797992,17.9974905897114,18.3436637390213,9.03927227101631,908.195734002509,201.653701380176,1.10790464240903,92.5583437892095,508.377666248432,9.34127979924718,14.0853199498118,507.998745294856,0,1,0,0,0,0,0,8,3,"{""type"":""Polygon"",""coordinates"":[[[-122.63367099794424,38.11175873978541],[-122.64045622341531,38.11000376584351],[-122.6445945260759,38.105423482477356],[-122.64447224746714,38.09980451632717],[-122.64013792630132,38.095338252714434],[-122.63328217159129,38.093766211646354],[-122.62657801045366,38.09570130943995],[-122.62263941706057,38.1003890742662],[-122.62300277579193,38.10600158572534],[-122.62752722292667,38.11034993035703],[-122.63367099794424,38.11175873978541]]]}"
"Aedes sierrensis",2025,-122.0842,37.28706,1,13,"0000000000000000000c",13.8939432989691,12.7117268041237,54,38.5978479381443,26.6671391752577,3.38105670103093,23.2860824742268,9.24548969072165,18.6243556701031,19.0148195876289,9.24548969072165,736.547680412371,152.921391752577,2,88.4046391752577,394.490979381443,8.63917525773196,13.639175257732,394.490979381443,1,0,0,0,0,0,0,6,1,"{""type"":""Polygon"",""coordinates"":[[[-122.0841982706334,37.296059843179606],[-122.09090923762338,37.29430487489474],[-122.09500226974814,37.28972460053335],[-122.09488135297714,37.28410563405678],[-122.0905944612261,37.2796393612474],[-122.08381369717362,37.27806731505912],[-122.07718286999477,37.280002419016036],[-122.07328737931716,37.284690192613716],[-122.07364678627286,37.29030270310398],[-122.0781217348061,37.294651038389226],[-122.0841982706334,37.296059843179606]]]}"
"Aedes sierrensis",2025,-121.701997,39.845547,1,14,"0000000000000000000d",15.0767441860465,13.4818849449204,42.4112607099143,63.6833782129743,33.3313341493268,1.97282741738066,31.3585067319461,8.09853121175031,23.4680538555692,23.4680538555692,7.56450428396573,1196.48347613219,225.984088127295,2,81.3647490820073,606.888616891065,23.1138310893513,23.1138310893513,593.742962056304,1,0,0,0,0,0,0,1,2,"{""type"":""Polygon"",""coordinates"":[[[-121.70199534203938,39.85454487731209],[-121.70894968121212,39.85278989084679],[-121.71319108110072,39.84820958754634],[-121.71306570069665,39.842590622118905],[-121.70862336551971,39.83812437886527],[-121.70159683033546,39.836552349131914],[-121.69472566159308,39.838487433281585],[-121.69068890759458,39.843175178690025],[-121.69106126554915,39.8487876922938],[-121.69569843879681,39.85313605761622],[-121.70199534203938,39.85454487731209]]]}"
"Aedes sierrensis",2025,-122.395483,40.520618,1,15,"0000000000000000000e",16.810487804878,14.4980487804878,41.980487804878,70.384243902439,36.7951219512195,2.2980487804878,34.4970731707317,8.29743902439024,25.9941463414634,25.9941463414634,8.29743902439024,1055.91585365854,204.503658536585,5,78.2024390243902,531.736585365854,32.9573170731707,32.9573170731707,531.736585365854,0,1,0,0,0,0,0,8,2,"{""type"":""Polygon"",""coordinates"":[[[-122.39548365607337,40.52961710399536],[-122.40250756122532,40.527862112507805],[-122.40679137063746,40.523281801213166],[-122.40666471409112,40.51766283607567],[-122.4021779467261,40.51319660098656],[-122.39508116026066,40.5116245757987],[-122.3881412922106,40.513559654476836],[-122.3840641592486,40.51824739209821],[-122.38444021887982,40.52385990656194],[-122.38912376257034,40.52820828018191],[-122.39548365607337,40.52961710399536]]]}"
"Aedes sierrensis",2023,-119.73228,37.10878,1,16,"0000000000000000000f",15.8780804150454,15.4243839169909,44,67.7803891050584,35.928664072633,1.5,34.428664072633,8.87315175097276,24.7268482490272,24.7268482490272,7.7,529.693904020752,96.9079118028535,1,82.2892347600519,268.900129701686,6,6,265.412451361868,0,1,0,0,0,0,0,8,1,"{""type"":""Polygon"",""coordinates"":[[[-119.7322766337007,37.11778052396179],[-119.7389717664281,37.11602555689696],[-119.74305514543069,37.11144528447758],[-119.74293451903648,37.105826317930635],[-119.73865774074311,37.101360043137845],[-119.73189296709371,37.09978799584531],[-119.72527777705623,37.101723101131455],[-119.72139147724496,37.10641087662083],[-119.72175004154606,37.11202338690214],[-119.72621443540035,37.11637172017167],[-119.7322766337007,37.11778052396179]]]}"
"Aedes sierrensis",2025,-122.403878,37.802103,1,17,"00000000000000000010",14.3131125827815,7.83933774834437,51.005298013245,23.723880794702,22.1324503311258,6.94423841059603,15.1882119205298,11.041059602649,16.4043708609272,17.0324503311258,11.041059602649,549.158940397351,118.943046357616,1,89.507284768212,300.323178807947,7,33.0728476821192,300.323178807947,0,0,0,0,0,1,0,17,3,"{""type"":""Polygon"",""coordinates"":[[[-122.403880143357,37.81110385125682],[-122.41063764823096,37.80934887941454],[-122.41475905146609,37.80476859939051],[-122.41463728123969,37.799149633119185],[-122.4103206654119,37.794683366093096],[-122.40349290460266,37.793111323124656],[-122.39681611892328,37.795046423205775],[-122.39289361571863,37.79973419128755],[-122.39325549926771,37.805346702387105],[-122.3977614686446,37.80969504354984],[-122.403880143357,37.81110385125682]]]}"
"Aedes sierrensis",2025,-122.295073,37.419527,1,18,"00000000000000000011",12.7744871794872,11.1529487179487,54.3525641025641,35.0217692307692,24.2316666666667,3.84871794871795,20.3829487179487,8.90269230769231,17.0326923076923,17.581282051282,8.90269230769231,878.198717948718,171.560256410256,2,85.5038461538462,453.275641025641,12.6717948717949,17.1948717948718,453.275641025641,1,0,0,0,0,0,0,1,1,"{""type"":""Polygon"",""coordinates"":[[[-122.2950736185519,37.428526358174324],[-122.30179644165905,37.4267713889792],[-122.30589670168709,37.422191113168864],[-122.30577556749049,37.41657214674481],[-122.30148110315247,37.41210587541525],[-122.29468836607417,37.41053383005085],[-122.28804583037876,37.41246893301604],[-122.28414345791647,37.417156705202316],[-122.28450349581891,37.42276921584849],[-122.2889863473084,37.42711755263765],[-122.2950736185519,37.428526358174324]]]}"
"Aedes sierrensis",2025,-122.069016,37.235307,1,19,"00000000000000000012",13.1711168164313,12.5962772785623,53.3786906290116,39.9547240051348,26.4998716302953,3.10770218228498,23.3921694480103,8.68254172015405,18.1739409499358,18.61540436457,8.68254172015405,896.18998716303,181.514762516046,2,87.602053915276,475.738125802311,10.7766367137356,15.9229781771502,475.738125802311,1,0,0,0,0,0,0,1,1,"{""type"":""Polygon"",""coordinates"":[[[-122.06901503154639,37.24430751635332],[-122.07572138764118,37.24255254842321],[-122.07981160880267,37.2379722746265],[-122.079690776589,37.23235330812947],[-122.07540682984987,37.22788703474337],[-122.06863072215971,37.226314988234],[-122.06200444847437,37.22825009257742],[-122.05811163415255,37.23293786672515],[-122.05847079572985,37.23855037715465],[-122.06294267076888,37.24289871185378],[-122.06901503154639,37.24430751635332]]]}"
"Aedes sierrensis",2025,-122.011636,36.98807,1,20,"00000000000000000013",13.8,12.1467948717949,61,28.2858461538462,23.9728205128205,4.18948717948718,19.7833333333333,10.1534615384615,16.9655128205128,17.3270512820513,10.1534615384615,711.03717948718,158.507692307692,2,91.5320512820513,401.535897435898,8,12.0384615384615,401.535897435898,0,0,0,0,0,1,0,17,1,"{""type"":""Polygon"",""coordinates"":[[[-122.01163531919065,36.99706819934395],[-122.0183198096269,36.99531323310193],[-122.02239670071395,36.99073296199231],[-122.02227626948176,36.985113995397896],[-122.01800628849689,36.98064771926746],[-122.01125226208433,36.979075671230184],[-122.00464758185441,36.981010777412784],[-122.00076745927286,36.985698554177965],[-122.00112545721953,36.99131106431834],[-122.00558275721743,36.995659396228426],[-122.01163531919065,36.99706819934395]]]}"
"Aedes sierrensis",2025,-118.436021,34.107888,1,21,"00000000000000000014",17.2083333333333,12.2662568306011,52.844262295082,38.0956284153005,29.5273224043716,6.48866120218579,23.0386612021858,13.0489071038251,21.7515027322404,22.5359289617486,12.8489071038251,445.631147540983,95.5587431693989,0,93.8879781420765,259.277322404372,5,12.3989071038251,247.838797814208,0,1,0,0,0,0,0,7,3,"{""type"":""Polygon"",""coordinates"":[[[-118.43602041656509,34.11688577881167],[-118.4424689266234,34.11513083147086],[-118.44640195562066,34.110550590448234],[-118.44628585171347,34.104931622763864],[-118.44216659314996,34.10046531590526],[-118.43565087444188,34.09889325075997],[-118.42927923718388,34.100828377535926],[-118.42553608747184,34.10551618360846],[-118.42588152699612,34.11112869051105],[-118.43018152888679,34.11547699119255],[-118.43602041656509,34.11688577881167]]]}"
"Aedes sierrensis",2025,-121.563374,40.323237,1,22,"00000000000000000015",7.10674846625767,14.9831901840491,45.678527607362,60.9028588957055,26.4154601226994,-6.07067484662577,32.4861349693252,0.809079754601227,15.1428220858896,15.1428220858896,0.0649079754601227,1207.93251533742,198.471165644172,7.09325153374233,68.8552147239264,561.355828220859,54.1570552147239,54.1570552147239,543.00245398773,1,0,0,0,0,0,0,1,2,"{""type"":""Polygon"",""coordinates"":[[[-121.56337526759089,40.33223499586459],[-121.57037858830891,40.33048000585585],[-121.57464984883937,40.32589969691511],[-121.57452356991455,40.320280731692236],[-121.57004994994152,40.31581449419906],[-121.56297395066655,40.31424246767277],[-121.55605441058248,40.316177547962006],[-121.55198922567384,40.32086528787631],[-121.55236419000069,40.32647780208682],[-121.55703401278024,40.33082617326357],[-121.56337526759089,40.33223499586459]]]}"
"Aedes sierrensis",2025,-119.648992,37.488292,1,23,"00000000000000000016",8.69922480620155,14.0381136950904,46,59.1860981912145,26.5691214470284,-3.82480620155039,30.3939276485788,2.43643410852713,16.6334625322997,16.7456072351421,2.1297157622739,1046.56718346253,192.692506459948,4.6343669250646,79.7144702842377,528.744186046512,25.577519379845,34.9043927648579,519.480620155039,1,0,0,0,0,0,0,1,1,"{""type"":""Polygon"",""coordinates"":[[[-119.64899400332551,37.49729015551951],[-119.65572301171284,37.4955351858506],[-119.65982704250314,37.49095490928608],[-119.65970579487579,37.485335942889364],[-119.65540737995529,37.480869672330044],[-119.64860839660741,37.47929762739449],[-119.64195975263561,37.48123272984348],[-119.6380537899789,37.48592050129512],[-119.63841415704249,37.491533012022444],[-119.6429011314662,37.4958813495944],[-119.64899400332551,37.49729015551951]]]}"
"Aedes sierrensis",2025,-123.400117,39.449835,1,24,"00000000000000000017",11.4216520650814,15.7888610763454,53.8260325406758,46.5650062578223,28.6571964956195,-0.333541927409262,28.9907384230288,6.37396745932416,17.4787234042553,17.6451814768461,6.05056320400501,1340.01752190238,253.433041301627,2.9261576971214,85.3929912390488,709.704630788486,20.0287859824781,36.5506883604506,687.896120150188,1,0,0,0,0,0,0,1,2,"{""type"":""Polygon"",""coordinates"":[[[-123.40011912341473,39.4588353316272],[-123.40703376481616,39.45708034806007],[-123.41125096369676,39.45250004937279],[-123.41112631146613,39.44688108377808],[-123.4067093314968,39.44241483581295],[-123.39972288524524,39.44084280345654],[-123.39289091979747,39.44277789076366],[-123.38887720802715,39.44746564066575],[-123.38924745356373,39.45307815377324],[-123.39385816551275,39.45742651430743],[-123.40011912341473,39.4588353316272]]]}"
"Aedes sierrensis",2025,-122.423026,49.180299,1,25,"00000000000000000018",9.6289,9.2207,36.86,53.73064,23.5366,-1.1291,24.6657,3.3707,16.5187,16.5187,2.8709,1748.196,253.165,51.398,46.695,719.998,191.713,191.713,661.452,0,1,0,0,0,0,0,8,2,"{""type"":""Polygon"",""coordinates"":[[[-122.42302752328051,49.18929836821254],[-122.43119600804835,49.18754330133875],[-122.43617756650625,49.18296287005311],[-122.43602988785348,49.17734390927358],[-122.43081207748993,49.17287779673217],[-122.42255947900266,49.171305839768344],[-122.41448933123219,49.17324083632312],[-122.40974783904362,49.177928457061576],[-122.41018477599766,49.18354098442709],[-122.41563124055509,49.18788948259243],[-122.42302752328051,49.18929836821254]]]}"
"Aedes sierrensis",2025,-122.567627,37.887817,1,26,"00000000000000000019",13.7641123882503,9.53742017879949,52.7215836526181,30.6653512132822,22.9651340996169,5.04380587484036,17.9213282247765,10.2233716475096,17.1844189016603,17.561558109834,9.74993614303959,951.487867177522,195.215836526181,2,88.5772669220945,511.472541507024,12.3959131545338,16.4993614303959,501.513409961686,0,1,0,0,0,0,0,8,3,"{""type"":""Polygon"",""coordinates"":[[[-122.56762725224164,37.89681669170616],[-122.57439261781961,37.89506171926706],[-122.57851881321028,37.890481438293016],[-122.57839689882364,37.88486247205612],[-122.57407526230921,37.8803962060003],[-122.56723956329328,37.87882416357204],[-122.56055501477853,37.88075926300292],[-122.55662794889395,37.88544703015929],[-122.55699025076049,37.89105954136107],[-122.56150145985902,37.89540788350986],[-122.56762725224164,37.89681669170616]]]}"
"Aedes sierrensis",2025,-124.288026,40.321099,1,27,"0000000000000000001a",11.6693349753695,8.28165024630542,54.9864532019704,23.8837315270936,19.5439655172414,4.57118226600985,14.9727832512315,9.27253694581281,14.4054187192118,14.7852216748768,8.77253694581281,1800.06157635468,343.273399014778,3,83,942.789408866995,30.0467980295566,47.0098522167488,931.709359605912,0,0,1,0,0,0,0,10,1,"{""type"":""Polygon"",""coordinates"":[[[-124.288024243379,40.33009908645999],[-124.2950273424629,40.328344096467205],[-124.29929846787853,40.32376378755186],[-124.29917219301953,40.31814482232807],[-124.29469871460547,40.31367858480896],[-124.28762293914784,40.312106558268226],[-124.28070361793662,40.31404163857485],[-124.27663856167358,40.31872937851388],[-124.27701351420714,40.32434189272166],[-124.28168318925253,40.32869026387205],[-124.288024243379,40.33009908645999]]]}"
"Aedes sierrensis",2019,-119.260617,37.03434,1,28,"0000000000000000001b",12.589703989704,14.6967824967825,44.1441441441441,64.7175675675676,31.4433719433719,-1.34658944658945,32.7899613899614,5.84169884169884,21.2009009009009,21.2458172458172,5.18764478764479,817.779922779923,155.07722007722,2.96525096525097,82.0849420849421,421.464607464607,14.2638352638353,21.7387387387387,418.063063063063,1,0,0,0,0,0,0,1,1,"{""type"":""Polygon"",""coordinates"":[[[-119.26061521977249,37.043340290975564],[-119.26730378215863,37.04158532441845],[-119.27138315564989,37.03700505280725],[-119.27126264974504,37.03138608623102],[-119.26699006797621,37.02691981061283],[-119.26023192945921,37.025347762860754],[-119.25362322796995,37.027282868700055],[-119.24974074185883,37.031970644976674],[-119.250098956504,37.037583155171006],[-119.254558970751,37.0419314876017],[-119.26061521977249,37.043340290975564]]]}"
"Aedes sierrensis",2025,-119.576062,49.492132,1,29,"0000000000000000001c",8.78927855711423,11.4431863727455,33,78.9353306613227,28.2850701402806,-5.71372745490982,33.9987975951904,16.9313627254509,4.3314629258517,19.0488977955912,-1.35110220440882,304.493987975952,33.7705410821643,17,20.1322645290581,89.8777555110221,61.5080160320641,86.9849699398797,80.6402805611222,0,0,0,0,0,1,0,17,3,"{""type"":""Polygon"",""coordinates"":[[[-119.57606094649535,49.501132223082124],[-119.5842813615775,49.49937715301913],[-119.58929457622465,49.494796716657525],[-119.5891459424238,49.4891777560626],[-119.58389496451687,49.484711648705314],[-119.57558992838435,49.48313969462746],[-119.56746850124942,49.48507468770829],[-119.56269686676076,49.48976230350222],[-119.56313656432305,49.495374831413265],[-119.56861764207525,49.499723334847296],[-119.57606094649535,49.501132223082124]]]}"
"Aedes sierrensis",2025,-116.859176,33.311535,1,30,"0000000000000000001d",12.2157676348548,13.5035961272476,45.8118948824343,58.6808437067773,29.0170124481328,-0.0864453665283541,29.1034578146611,6.01078838174274,17.5659751037344,20.2788381742739,5.79474412171508,733.219917012448,128.421853388658,3.66804979253112,78.8575380359613,379.200553250346,34.3485477178423,52.6486860304288,361.781466113416,0,1,0,0,0,0,0,7,3,"{""type"":""Polygon"",""coordinates"":[[[-116.85917526564133,33.32053492167678],[-116.86556423842835,33.31877997933292],[-116.86946097139807,33.31419974626458],[-116.8693459592953,33.30858077829216],[-116.86526472762202,33.30411446330977],[-116.85880913331201,33.30254239364149],[-116.85249629217614,33.30447752586189],[-116.84878770038152,33.30916533968256],[-116.8491299714791,33.31477784572905],[-116.85339028746533,33.31912613815449],[-116.85917526564133,33.32053492167678]]]}"
"Aedes sierrensis",2025,-122.254993,44.213178,1,31,"0000000000000000001e",9.25977900552486,12.9900552486188,43.4895027624309,57.9029834254144,27.2886187845304,-2.24331491712707,29.5319337016575,2.56475138121547,16.7791160220994,16.8280662983425,2.15977900552486,1870.91933701657,306.277348066298,20.8596685082873,62.5160220994475,875.837569060773,120.420994475138,121.32044198895,801.085082872928,1,0,0,0,0,0,0,1,3,"{""type"":""Polygon"",""coordinates"":[[[-122.25499521828351,44.22217639084863],[-122.26244475501773,44.220421369953485],[-122.26698803952445,44.215841011850166],[-122.26685357170682,44.21022204841134],[-122.2620949518751,44.20575586112834],[-122.25456834650191,44.204183862555396],[-122.24720815478493,44.20611890919638],[-122.24288396795836,44.210806601221684],[-122.24328267236008,44.21641912071977],[-122.24824992587193,44.22076754292491],[-122.25499521828351,44.22217639084863]]]}"
"Aedes sierrensis",2025,-119.905659,34.614804,1,32,"0000000000000000001f",15.3143624161074,13.189932885906,53.1114093959732,39.6111275167785,28.4679194630873,3.94791946308725,24.52,11.0574496644295,20.2218791946309,20.6930201342282,10.6748993288591,515.496644295302,108.477852348993,0,95.3919463087248,304.175838926174,2,8.88724832214765,284.224161073826,0,1,0,0,0,0,0,7,1,"{""type"":""Polygon"",""coordinates"":[[[-119.90565985996184,34.623800845668455],[-119.91214750717185,34.62204589509766],[-119.91610439557796,34.61746564893349],[-119.91598757398677,34.61184668143533],[-119.91184331823364,34.60738037982783],[-119.90528807638987,34.605808317606154],[-119.8988777891477,34.607743440862905],[-119.8951119225978,34.61243124192711],[-119.89545944492535,34.61804374938307],[-119.89978553457742,34.62239205540119],[-119.90565985996184,34.623800845668455]]]}"
"Aedes sierrensis",2025,-121.70945,47.508753,1,33,"00000000000000000020",5.56072916666667,8.025,34.60625,53.0796770833333,19.2084375,-3.73979166666667,22.9482291666667,-0.187395833333333,12.4442708333333,12.7060416666667,-0.620625,2424.446875,359.938541666667,53.0395833333333,52.121875,1055.83333333333,227.126041666667,238.74375,974.844791666667,1,0,0,0,0,0,0,1,2,"{""type"":""Polygon"",""coordinates"":[[[-121.70945095900072,47.51775082911571],[-121.71735579198891,47.51599577867868],[-121.72217662937314,47.51141537355434],[-121.72203379806611,47.505796411823674],[-121.7169843808294,47.501330272563564],[-121.70899801317067,47.49975830072548],[-121.70118821540511,47.50169331518488],[-121.69659975674082,47.506380961407096],[-121.69702267592689,47.51199348596063],[-121.70229340677471,47.51634195697158],[-121.70945095900072,47.51775082911571]]]}"
"Aedes sierrensis",2025,-122.921065,49.281356,1,34,"00000000000000000021",9.18251748251748,8.10899100899101,33.3596403596404,54.0817882117882,22.5115884115884,-1.31748251748252,23.8290709290709,2.9965034965035,16.1605394605395,16.1605394605395,2.4976023976024,1457.93306693307,226.585414585415,40.010989010989,52.6403596403596,635.154845154845,147.422577422577,147.422577422577,589.252747252747,1,0,0,0,0,0,0,1,2,"{""type"":""Polygon"",""coordinates"":[[[-122.92106451993988,49.290354975386784],[-122.92924973532317,49.288599907483885],[-122.93424149260517,49.2840194745603],[-122.93409350624236,49.278400513840346],[-122.92886501014333,49.27393440297178],[-122.92059551756778,49.27236244693922],[-122.91250884887877,49.274297442373],[-122.90775764561303,49.27898506151592],[-122.90819547197923,49.284597589057455],[-122.91365308803087,49.288946088922955],[-122.92106451993988,49.290354975386784]]]}"
"Aedes sierrensis",2025,-124.003723,41.208705,1,35,"00000000000000000022",11.1530048076923,10.8233173076923,54.0829326923077,33.2813581730769,22.1890625,2.31959134615385,19.8694711538462,7.47608173076923,15.1871394230769,15.5789663461538,7.13834134615384,1549.25841346154,265.536057692308,6.04206730769231,74.483173076923,763.493990384615,49.4759615384615,61.7800480769231,720.691105769231,1,0,0,0,0,0,0,1,3,"{""type"":""Polygon"",""coordinates"":[[[-124.00372087841338,41.21770544665366],[-124.01081816218435,41.215950449941786],[-124.01514670529755,41.211370130331396],[-124.01501870252103,41.20575116549554],[-124.01048506785088,41.201284938899384],[-124.0033141801539,41.19971291843983],[-123.99630184788873,41.20164799142637],[-123.99218212296134,41.206335720947436],[-123.9925620869881,41.21194823630566],[-123.99729454239433,41.216296618556974],[-124.00372087841338,41.21770544665366]]]}"
"Aedes sierrensis",2025,-120.59793,39.566555,1,36,"00000000000000000023",8.29475655430712,14.929088639201,45.12734082397,62.6212484394507,27.2789013732834,-5.35842696629213,32.6373283395755,1.8625468164794,16.5378277153558,16.5757802746567,1.02122347066167,1282.12109862672,226.297128589263,8.2521847690387,75.12734082397,625.196004993758,45.3096129837703,48.9625468164794,618.590511860175,1,0,0,0,0,0,0,1,2,"{""type"":""Polygon"",""coordinates"":[[[-120.59793083940826,39.575552301701144],[-120.60485710838253,39.573797317282626],[-120.60908139580002,39.56921701724015],[-120.60895653028963,39.56359805169457],[-120.60453212371792,39.55913180511352],[-120.59753393531464,39.557559773527686],[-120.5906904871211,39.55949485990725],[-120.58667002622634,39.56418260848925],[-120.58704089049947,39.56979512174253],[-120.59165935302956,39.57414348368335],[-120.59793083940826,39.575552301701144]]]}"
"Aedes sierrensis",2025,-122.300656,37.273838,1,37,"00000000000000000024",12.9361398963731,11.2233160621762,58.3834196891192,28.8273704663213,23.0282383419689,4.00103626943005,19.0272020725389,9.50220207253886,16.2825129533679,16.7440414507772,9.50220207253886,783.075129533679,156.224093264249,2.8160621761658,85.9455958549223,406.363989637306,12.1878238341969,16.4145077720207,406.363989637306,1,0,0,0,0,0,0,1,1,"{""type"":""Polygon"",""coordinates"":[[[-122.3006564130708,37.28283860855615],[-122.30736620098581,37.28108364036196],[-122.31145851430517,37.2765033661449],[-122.31133761915679,37.2708843996631],[-122.30705148048939,37.26641812670631],[-122.3002719071385,37.26484608043596],[-122.2936422443561,37.26678118449167],[-122.28974743806275,37.271468958229946],[-122.29010678227156,37.27708146870467],[-122.29458094486633,37.281429803840105],[-122.3006564130708,37.28283860855615]]]}"
"Aedes sierrensis",2018,-121.95191,45.82049,1,38,"00000000000000000025",9.36352941176471,10.6,39,57.2389304812834,25.2947593582888,-1.62502673796791,26.9197860962567,2.8896256684492,16.6863101604278,16.7863101604278,2.27957219251337,2561.40213903743,457.181818181818,21.7550802139037,71.1989304812834,1277.26844919786,126.749732620321,144.119786096257,1212.28235294118,1,0,0,0,0,0,0,1,2,"{""type"":""Polygon"",""coordinates"":[[[-121.95191011968083,45.829490579270576],[-121.95957180554636,45.8277355444046],[-121.96424441907524,45.82315516406411],[-121.96410605531976,45.817536201432894],[-121.95921193570189,45.813070036860864],[-121.95147109836078,45.81149805093146],[-121.94390140717026,45.81343308235303],[-121.93945408056541,45.818120752717185],[-121.93986406921024,45.823733274606305],[-121.94497273136902,45.82808171989264],[-121.95191011968083,45.829490579270576]]]}"
"Aedes sierrensis",2019,-119.00602,37.00583,1,39,"00000000000000000026",7.03757961783439,12.3485350318471,43.2331210191083,57.048127388535,23.4391082802548,-4.64433121019108,28.0834394904459,0.98343949044586,14.7391082802548,14.8620382165605,0.982675159235669,811.845859872611,151.43949044586,5.99235668789809,77.828025477707,410.326114649681,23.5630573248408,38.5707006369427,407.108280254777,1,0,0,0,0,0,0,1,1,"{""type"":""Polygon"",""coordinates"":[[[-119.00601838602495,37.01482879883983],[-119.01270443829411,37.01307383247692],[-119.0167822815296,37.00849356117485],[-119.01666182165607,37.00287459458742],[-119.01239084311717,36.99840831865352],[-119.00563523947001,36.996836270725666],[-118.99902901684995,36.99877137677655],[-118.99514798771543,37.00345915335428],[-118.99550606877878,37.00907166351535],[-118.99996440985124,37.01341999562519],[-119.00601838602495,37.01482879883983]]]}"
"Aedes sierrensis",2025,-119.061543,37.013134,1,40,"00000000000000000027",7.15637065637066,12.3422136422136,44,56.645842985843,23.4740025740026,-4.45778635778636,27.9317889317889,1.14362934362934,14.8330759330759,14.9387387387387,1.14350064350064,854.808236808237,159.045045045045,5.57915057915058,78.8597168597169,434.554697554697,22.6319176319176,37.6319176319176,431.292149292149,1,0,0,0,0,0,0,1,1,"{""type"":""Polygon"",""coordinates"":[[[-119.06154311234242,37.02213280636538],[-119.06822980731023,37.02037783995272],[-119.07230804235749,37.015797568571486],[-119.07218757069796,37.01017860198691],[-119.06791618166275,37.005712326133875],[-119.06115992897911,37.00414027825104],[-119.05455307166119,37.00607538424774],[-119.05067166947758,37.01076316074834],[-119.05102978474365,37.01637567091794],[-119.05548855422127,37.02072400310995],[-119.06154311234242,37.02213280636538]]]}"
"Aedes sierrensis",2019,-122.330317,45.762439,1,41,"00000000000000000028",9.49924731182796,10.3523655913979,40.9989247311828,51.7259247311828,24.515376344086,-0.539032258064516,25.0544086021505,3.75784946236559,16.1323655913979,16.315376344086,3.19881720430108,2345.44408602151,377.40752688172,29.5924731182796,61.636559139785,1089.68387096774,161.075268817204,168.959139784946,1020.58602150538,1,0,0,0,0,0,0,1,2,"{""type"":""Polygon"",""coordinates"":[[[-122.33031835327832,45.77143754265577],[-122.33797206084512,45.769682508308286],[-122.3426398107217,45.765102128793075],[-122.3425015935147,45.75948316613188],[-122.33761256963271,45.75501700071698],[-122.3298797888628,45.75344501431836],[-122.32231797627182,45.755380046304744],[-122.31787528058562,45.7600677174728],[-122.31828484489924,45.765680239273195],[-122.32338818912402,45.77002868370292],[-122.33031835327832,45.77143754265577]]]}"
"Aedes sierrensis",2025,-123.477336,39.075692,1,42,"00000000000000000029",12.576125,12.4795,56.3275,33.9301,24.7565,2.843875,21.912625,8.811125,16.7495,17.03925,8.448625,1048.34625,206.375,3,84.7525,548.0075,17.49125,28.2575,546.06375,1,0,0,0,0,0,0,1,2,"{""type"":""Polygon"",""coordinates"":[[[-123.47733737635726,39.084689998636776],[-123.48421519800729,39.082935017779725],[-123.48840995038317,39.07835472340625],[-123.4882859735011,39.072735757655124],[-123.48389251053918,39.06826950528426],[-123.4769432468984,39.066697470475006],[-123.47014764262721,39.06863256073469],[-123.46615530256591,39.07332031483882],[-123.46652358879575,39.07893282748221],[-123.4711097578195,39.0832811835389],[-123.47733737635726,39.084689998636776]]]}"
"Aedes sierrensis",2025,-122.707174,38.575283,1,43,"0000000000000000002a",13.6446564885496,15.1321882951654,51.5928753180662,49.3650508905852,30.6832061068702,1.63600508905852,29.0472010178117,7.69643765903308,19.9067430025445,19.9832061068702,7.69643765903308,1153.2417302799,248.750636132316,2,90.6844783715013,632.376590330789,12.3155216284987,21.6310432569975,632.376590330789,0,0,1,0,0,0,0,10,3,"{""type"":""Polygon"",""coordinates"":[[[-122.70717481970924,38.58428076021696],[-122.71400445683564,38.582525782939996],[-122.71816983433854,38.57794549426518],[-122.7180467412128,38.57232652830744],[-122.71368405402156,38.56786027011649],[-122.70678344983966,38.56628823206695],[-122.7000354300451,38.568223326227056],[-122.69607105828095,38.57291108588218],[-122.69643678039756,38.578523597912486],[-122.70099083105123,38.582871948054276],[-122.70717481970924,38.58428076021696]]]}"
"Aedes sierrensis",2019,-119.745324,37.114513,1,44,"0000000000000000002b",15.8661953727506,15.4763496143959,44.318766066838,67.7215424164524,35.895501285347,1.45758354755784,34.4379177377892,8.853470437018,24.6661953727506,24.6661953727506,7.65758354755784,533.741645244216,97.3971722365038,1,81.7879177377892,270.311053984576,6.2120822622108,6.2120822622108,267.327763496144,0,1,0,0,0,0,0,8,1,"{""type"":""Polygon"",""coordinates"":[[[-119.7453239633831,37.12351046881546],[-119.75201960285808,37.12175550171151],[-119.75610329079187,37.11717522922986],[-119.75598265510472,37.11155626268517],[-119.75170555314796,37.10708998795599],[-119.74494026775388,37.10551794069886],[-119.73832457727721,37.10745304594237],[-119.7344379833285,37.112140821371085],[-119.7347965745973,37.117753331659095],[-119.73926130623555,37.12210166499327],[-119.7453239633831,37.12351046881546]]]}"
"Aedes sierrensis",2022,-119.243066,37.034408,1,45,"0000000000000000002c",12.9799227799228,14.7604890604891,44.005148005148,65.1771428571429,31.8769626769627,-1.09124839124839,32.9682110682111,6.16872586872587,21.6441441441441,21.7068211068211,5.47567567567568,797.046332046332,151.543114543115,2.51222651222651,81.9317889317889,410.777348777349,13.5122265122265,24.5019305019305,407.889317889318,1,0,0,0,0,0,0,1,1,"{""type"":""Polygon"",""coordinates"":[[[-119.2430641980261,37.04340717749136],[-119.24975276630504,37.04165221093379],[-119.25383214338872,37.03707193932187],[-119.25371163737583,37.03145297274567],[-119.24943905184325,37.02698669712822],[-119.24268090737533,37.02541464937656],[-119.23607220006666,37.02734975521536],[-119.23218971053514,37.03203753149127],[-119.23254792549392,37.037650041685694],[-119.23700794366886,37.041998374117135],[-119.2430641980261,37.04340717749136]]]}"
"Aedes sierrensis",2025,-119.043178,36.982926,1,46,"0000000000000000002d",5.83514211886305,11.9490956072351,43,55.5423255813953,21.8339793281654,-5.64392764857881,27.4779069767442,-0.0683462532299742,13.3339793281654,13.5059431524548,-0.0683462532299742,805.324289405685,149.15503875969,7.22093023255814,76.4987080103359,401.130490956072,26.6627906976744,42.4418604651163,401.130490956072,1,0,0,0,0,0,0,1,1,"{""type"":""Polygon"",""coordinates"":[[[-119.04317607510329,36.99192685582933],[-119.04986011367572,36.9901718896223],[-119.05393672929067,36.985591618568364],[-119.0538163063449,36.97997265197193],[-119.04954661396872,36.97550637578461],[-119.04279304387593,36.97393432771567],[-119.03618880988473,36.97586943393639],[-119.03230894958381,36.98055721075582],[-119.03266692348345,36.9861697208902],[-119.0371239222814,36.990518052742495],[-119.04317607510329,36.99192685582933]]]}"
"Aedes sierrensis",2018,-121.997031,45.827907,1,47,"0000000000000000002e",8.12577873254565,10.5052631578947,39,55.9184532760473,24.0019334049409,-2.47432867883996,26.4762620837809,1.90118152524168,15.4064446831364,15.4737916219119,1.34092373791622,2488.53383458647,427.177228786251,24.9924812030075,68.0526315789474,1215.67669172932,140.342642320086,156.107411385607,1149.39634801289,1,0,0,0,0,0,0,1,2,"{""type"":""Polygon"",""coordinates"":[[[-121.99703176324064,45.83690606432246],[-122.00469446999028,45.83515102939017],[-122.00936770586033,45.83057064894414],[-122.00922932335267,45.82495168631676],[-122.00433455169663,45.82048552185252],[-121.99659268345621,45.81891353598313],[-121.98902198413919,45.82084856733245],[-121.984574064973,45.82553623759381],[-121.98498410791406,45.831148759494276],[-121.99009345054286,45.835497204890146],[-121.99703176324064,45.83690606432246]]]}"
"Aedes sierrensis",2022,-121.989655,45.831558,1,48,"0000000000000000002f",7.99989270386266,10.500643776824,39,55.9382188841202,23.8688841201717,-2.59881974248927,26.4677038626609,1.75793991416309,15.2585836909871,15.3471030042918,1.23733905579399,2471.68884120172,423.741416309013,25.0708154506438,67.9388412017168,1206.74678111588,140.208154506438,156.206008583691,1140.84763948498,1,0,0,0,0,0,0,1,2,"{""type"":""Polygon"",""coordinates"":[[[-121.9896564100982,45.84055806808523],[-121.9973196197636,45.83880303312028],[-122.00199316221608,45.83422265262227],[-122.00185477047054,45.82860368999677],[-121.9969596776025,45.82413752558562],[-121.98921730151261,45.822565539745796],[-121.98164610556466,45.82450057105954],[-121.97719789448641,45.82918824127026],[-121.97760796417528,45.83480076317631],[-121.98271764202237,45.83914920862614],[-121.9896564100982,45.84055806808523]]]}"
"Aedes sierrensis",2024,-122.30509,45.753024,1,49,"00000000000000000030",9.03540772532189,10.2293991416309,40.5568669527897,51.640482832618,24.0596566523605,-0.865987124463519,24.925643776824,3.33648068669528,15.7127682403433,15.8669527896996,2.81072961373391,2470.00858369099,398.598712446352,30.0557939914163,62.343347639485,1154.76072961373,164.604077253219,173.3830472103,1082.830472103,1,0,0,0,0,0,0,1,2,"{""type"":""Polygon"",""coordinates"":[[[-122.305093218619,45.762024380331944],[-122.3127456348287,45.760269346068426],[-122.31741259748063,45.755688966686876],[-122.31727440399348,45.75007000402083],[-122.31238620490076,45.74560383846943],[-122.30465472815747,45.74403185199481],[-122.29709419078678,45.745966884072665],[-122.29265224465514,45.75065455537093],[-122.29306174028676,45.75626707715695],[-122.29816422375745,45.76061552144795],[-122.305093218619,45.762024380331944]]]}"
"Aedes sierrensis",2025,-122.424613,40.681125,1,50,"00000000000000000031",16.0986682808717,14.2384987893463,41.181598062954,69.4512590799032,36.0796610169492,2.05217917675545,34.0274818401937,8.5001210653753,25.3255447941889,25.3255447941889,7.86924939467312,1461.91283292978,269.243341404358,7,79.8244552058111,734.06416464891,37.5496368038741,37.5496368038741,712.544794188862,1,0,0,0,0,0,0,1,2,"{""type"":""Polygon"",""coordinates"":[[[-122.42461496325556,40.69012244641416],[-122.43165575824436,40.68836745371763],[-122.43594986419488,40.68378714049863],[-122.43582289779552,40.678168175430926],[-122.43132534280038,40.67370194230718],[-122.42421150014813,40.67212991821351],[-122.41725495271103,40.67406499557455],[-122.41316801619266,40.67875273132142],[-122.41354497452815,40.68436524599214],[-122.41823977642541,40.688713621609516],[-122.42461496325556,40.69012244641416]]]}"
"Aedes sierrensis",2024,-122.15682,37.116164,1,51,"00000000000000000032",12.2721794871795,11.9319230769231,54.1282051282051,37.6142051282051,24.8,2.92666666666667,21.8733333333333,8.30051282051282,16.9316666666667,17.4662820512821,8.20166666666667,960.074358974359,189.411538461538,3,86.2858974358974,502.882051282051,13.8717948717949,18.8717948717949,490.220512820513,1,0,0,0,0,0,0,1,1,"{""type"":""Polygon"",""coordinates"":[[[-122.15682364949086,37.1251647953063],[-122.16351943529868,37.12340982819104],[-122.16760321244212,37.11882955569142],[-122.16748257407144,37.11321058914738],[-122.16320537865087,37.10874431443656],[-122.15643994548093,37.10717226718966],[-122.14982411049309,37.10910737242086],[-122.1459374316067,37.113795147832064],[-122.14629603066294,37.11940765812201],[-122.15076085984256,37.12375599147483],[-122.15682364949086,37.1251647953063]]]}"
"Aedes sierrensis",2024,-122.150605,37.740412,1,52,"00000000000000000033",14.4342639593909,10.1662436548223,51.5710659898477,33.8879568527919,24.5434010152284,4.95634517766497,19.5870558375635,9.94606598984771,17.9695431472081,18.4894670050761,9.87906091370558,547.1269035533,119.592639593909,1,87.6827411167513,295.260152284264,7,8.57106598984771,295.092639593909,0,0,0,0,0,1,0,17,3,"{""type"":""Polygon"",""coordinates"":[[[-122.1506032035213,37.7494121881824],[-122.15735507130609,37.74765721676883],[-122.16147303797733,37.74307693742721],[-122.16135137113089,37.73745797113114],[-122.15703835575151,37.73299170340812],[-122.15021628761133,37.73141966005164],[-122.14354506883821,37.73335476059983],[-122.1396258376348,37.73804252934634],[-122.13998742119837,37.74365504037246],[-122.14448963305155,37.74800338082691],[-122.1506032035213,37.7494121881824]]]}"
"Aedes sierrensis",2024,-122.598106,37.99077,1,53,"00000000000000000034",13.9697351828499,10.7773013871375,52.4779319041614,35.6339848675914,24.6470365699874,4.28108448928121,20.3659520807062,9.78625472887768,18.0612862547289,18.3711223203026,9.31134930643127,1028.0605296343,222.78184110971,1.0983606557377,92.4237074401009,572.476670870113,10.2950819672131,14.6746532156368,566.322824716267,0,0,0,0,0,1,0,17,3,"{""type"":""Polygon"",""coordinates"":[[[-122.59810520794197,37.99976841682812],[-122.60488005947573,37.99801344367031],[-122.6090120378301,37.99343316155226],[-122.6088899494758,37.987814195356826],[-122.60456225421545,37.9833479304694],[-122.5977169757192,37.98177588869163],[-122.59102305935447,37.9837109873395],[-122.5870904874263,37.988398753381496],[-122.58745329409871,37.99401126470636],[-122.5919708262644,37.998359608042584],[-122.59810520794197,37.99976841682812]]]}"
"Aedes sierrensis",2024,-122.566642,37.965078,1,54,"00000000000000000035",14.1191624365482,10.3791878172589,51.5444162436548,35.2459137055838,24.4010152284264,4.49657360406091,19.9044416243655,9.94441624365482,18.2022842639594,18.5007614213198,9.53718274111675,1046.66370558376,225.092639593909,1.19543147208122,92.1154822335026,581.804568527919,10.739847715736,14.7741116751269,573.5,0,0,0,0,0,1,0,17,3,"{""type"":""Polygon"",""coordinates"":[[[-122.56664179090882,37.974075076558165],[-122.57341427052411,37.97232010357991],[-122.57754480287578,37.96773982174767],[-122.57742275802144,37.962120855541876],[-122.5730965777219,37.95765459036255],[-122.56625369452925,37.95608254842227],[-122.55956212055099,37.95801764726576],[-122.55563092538303,37.962705413586164],[-122.55599360583126,37.96831792488027],[-122.56050955694394,37.97266626791984],[-122.56664179090882,37.974075076558165]]]}"
"Aedes sierrensis",2024,-122.171088,37.801712,1,55,"00000000000000000036",14.1001275510204,11.1684948979592,52.5357142857143,37.0318494897959,25.5178571428571,4.48214285714286,21.0357142857143,9.47780612244898,18.3482142857143,18.8483418367347,9.47780612244898,670.223214285714,135.274234693878,1.00127551020408,85.9936224489796,345.762755102041,7.74872448979592,12.4923469387755,345.762755102041,0,0,0,0,0,1,0,17,3,"{""type"":""Polygon"",""coordinates"":[[[-122.17108831376082,37.81071145036412],[-122.17784578272452,37.80895647852457],[-122.18196716406756,37.80437619850488],[-122.18184539449975,37.7987572322334],[-122.17752880160805,37.794290965202876],[-122.17070107706309,37.79271892223196],[-122.16402432684684,37.79465402231605],[-122.16010184448596,37.79934179040206],[-122.16046372612408,37.804954301501134],[-122.16496967156421,37.80930264265937],[-122.17108831376082,37.81071145036412]]]}"
"Aedes sierrensis",2024,-122.383963,37.549022,1,56,"00000000000000000037",13.2702182284981,9.43440308087292,55.0577663671374,26.8741976893453,22.0496790757381,5.15609756097561,16.8935815147625,10.1322207958922,16.2111681643132,16.695892169448,9.8780487804878,660.937098844673,132.672657252888,2,85.8344030808729,338.377406931964,9.84724005134788,13.3722721437741,338.377406931964,1,0,0,0,0,0,0,6,1,"{""type"":""Polygon"",""coordinates"":[[[-122.38396133895127,37.558018652766386],[-122.39069582739111,37.55626368267833],[-122.39480319901195,37.55168340544661],[-122.3946818508865,37.54606443907407],[-122.39037993581748,37.54159816919617],[-122.38357541838228,37.54002612464],[-122.37692136258268,37.54196122663231],[-122.37301221907511,37.54664899743404],[-122.37337287776936,37.55226150823315],[-122.377863505042,37.55660984649763],[-122.38396133895127,37.558018652766386]]]}"
"Aedes sierrensis",2024,-121.7955,37.0856,1,57,"00000000000000000038",13.8676883780332,14.0924648786718,53.1532567049808,43.4922988505747,28.7044699872286,2.42081736909323,26.2836526181354,8.73320561941252,19.3347381864623,19.6572158365262,8.73320561941252,773.490421455939,160.249042145594,2,88.808429118774,414.775223499361,9.24648786717752,14.9233716475096,414.775223499361,1,0,0,0,0,0,0,1,2,"{""type"":""Polygon"",""coordinates"":[[[-121.79550269113014,37.09460211668598],[-121.80219577545975,37.092847149779345],[-121.80627790568698,37.08826687761178],[-121.80615731685714,37.0826479110557],[-121.80188184689023,37.078181636005745],[-121.79511914183807,37.07660958857002],[-121.78850597469813,37.07854469402852],[-121.7846208638624,37.08323246976318],[-121.78497931915332,37.0888449800174],[-121.7894423476025,37.09319331302555],[-121.79550269113014,37.09460211668598]]]}"
"Aedes sierrensis",2024,-124.0249,40.032,1,58,"00000000000000000039",10.3299511002445,11.7814180929095,51.8056234718826,37.8303422982885,23.7475550122249,1.27041564792176,22.4771393643032,6.41051344743276,15.1871638141809,15.4420537897311,5.96760391198044,1912.40464547677,339.591687041565,3.96088019559902,82.1870415647922,990.4902200489,34.5403422982885,56.7885085574572,953.229828850856,1,0,0,0,0,0,0,1,1,"{""type"":""Polygon"",""coordinates"":[[[-124.02490160841725,40.041002187861935],[-124.03187492721754,40.03924720001943],[-124.0361278976714,40.03466689452681],[-124.03600216911126,40.02904792917887],[-124.03154771153461,40.02458168816411],[-124.02450200973092,40.02300965967722],[-124.01761209779403,40.0249447423265],[-124.01356432723591,40.02963248559956],[-124.0139376951293,40.03524499943914],[-124.0185875195954,40.039593367036936],[-124.02490160841725,40.041002187861935]]]}"
"Aedes sierrensis",2024,-122.287192,37.273188,1,59,"0000000000000000003a",13.0788535031847,11.2984713375796,58.5847133757962,29.0309808917197,23.2245859872612,4.03222929936306,19.1923566878981,9.56585987261147,16.4815286624204,16.9008917197452,9.56585987261147,753.708280254777,151.12101910828,2.33885350318471,86.1949044585987,392.103184713376,11.0165605095541,15.4216560509554,392.103184713376,1,0,0,0,0,0,0,1,1,"{""type"":""Polygon"",""coordinates"":[[[-122.28718992788939,37.28218757980234],[-122.29389965776532,37.28043261161262],[-122.29799193570203,37.27585233740266],[-122.297871041618,37.270233370920614],[-122.2935849400206,37.26576709795657],[-122.28680542528106,37.26419505168218],[-122.28017581981523,37.26613015574275],[-122.27628104721018,37.27081792948793],[-122.2766403883303,37.276430439961906],[-122.2811145122378,37.28077877508996],[-122.28718992788939,37.28218757980234]]]}"
"Aedes sierrensis",2024,-119.63243,37.490663,1,60,"0000000000000000003b",9.29615384615385,14.3164102564103,46,60.0652948717949,27.4758974358974,-3.45653846153846,30.9324358974359,2.96512820512821,17.3073076923077,17.4405128205128,2.56615384615385,1043.92692307692,193.335897435897,4.01410256410256,79.9858974358974,529.324358974359,24.8461538461538,32.898717948718,519.20641025641,1,0,0,0,0,0,0,1,1,"{""type"":""Polygon"",""coordinates"":[[[-119.63243290201301,37.49966239727995],[-119.63916212415879,37.497907427594676],[-119.64326628526366,37.49332715100412],[-119.64314503371622,37.48770818460835],[-119.63884648226667,37.48324191407563],[-119.63204728305264,37.48166986915487],[-119.6253984279836,37.48360497158604],[-119.62149234125256,37.488292743012316],[-119.62185271969167,37.49390525374244],[-119.62633983660078,37.49825359134142],[-119.63243290201301,37.49966239727995]]]}"
"Aedes sierrensis",2024,-111.813289,40.749719,1,61,"0000000000000000003c",9.19769137302552,15.0938031591738,36.3608748481167,87.7537910085055,32.1876063183475,-8.82758201701094,41.0151883353584,8.18432563791009,20.7283110571081,20.7283110571081,-1.94884568651276,556.26609963548,66.9914945321993,22.4507897934386,28.0498177399757,187.244228432564,81.1215066828676,81.1215066828676,147.716889428919,0,0,0,0,0,1,0,17,2,"{""type"":""Polygon"",""coordinates"":[[[-111.81328772726934,40.75871679791931],[-111.82033578207667,40.75696180470434],[-111.82463431382268,40.7523814906601],[-111.82450721423558,40.74676252562234],[-111.82000502235576,40.74229629334141],[-111.8128838483865,40.740724269716964],[-111.80592013159327,40.74265934651318],[-111.80182898117768,40.74734708145619],[-111.80220632580378,40.75295959621569],[-111.8069059668541,40.75730797268962],[-111.81328772726934,40.75871679791931]]]}"
"Aedes sierrensis",2024,-111.786435,40.652132,1,62,"0000000000000000003d",5.67075242718447,14.292354368932,36.9684466019417,81.3380218446602,27.2743932038835,-10.8009708737864,38.0753640776699,-2.44041262135922,16.4961165048544,16.4961165048544,-4.24526699029126,723.706310679612,82.5473300970874,31.4429611650485,28.8422330097087,232.041262135922,103.796116504854,103.796116504854,226.207524271845,1,0,0,0,0,0,0,1,2,"{""type"":""Polygon"",""coordinates"":[[[-111.78643502072549,40.661129371364645],[-111.79347275470066,40.65937437888694],[-111.79776499456825,40.65479406601622],[-111.7976380843254,40.64917510093589],[-111.79314248441608,40.64470886745644],[-111.78603173292477,40.643136843164726],[-111.77907820835969,40.64507192076414],[-111.77499304857956,40.64975965685028],[-111.77536984403987,40.65537217148355],[-111.7800626055671,40.65972054673941],[-111.78643502072549,40.661129371364645]]]}"
"Aedes sierrensis",2024,-122.200355,37.84013,1,63,"0000000000000000003e",14.0178841309824,11.0003778337532,52.5831234256927,36.760717884131,25.3479848866499,4.58438287153652,20.7636020151134,9.48073047858942,18.2578085642317,18.8099496221663,9.48073047858942,698.764483627204,142.219143576826,1.01511335012594,86.1851385390428,362.318639798489,8.71662468513854,13.0528967254408,362.318639798489,0,0,0,0,0,1,0,17,3,"{""type"":""Polygon"",""coordinates"":[[[-122.20035339397458,37.84912660593955],[-122.20711438178357,37.847371633832694],[-122.21123790833582,37.84279135338751],[-122.21111607423478,37.837172387131446],[-122.20679723383198,37.832706120535505],[-122.19996595574744,37.831134077806524],[-122.19328573049664,37.83306917759938],[-122.18936120565144,37.83775694527092],[-122.18972327454951,37.84336945641578],[-122.19423156555187,37.84771779801566],[-122.20035339397458,37.84912660593955]]]}"
"Aedes sierrensis",2024,-123.996615,41.207823,1,64,"0000000000000000003f",11.0586248492159,11.0009650180941,53.5355850422195,34.2503136308806,22.4546441495778,2.09288299155609,20.3617611580217,7.28443908323281,15.232810615199,15.6284680337756,6.93618817852835,1561.19541616405,268.178528347406,6.0422195416164,74.7623642943305,770.920386007238,49.6248492159228,61.9794933655006,727.670687575392,1,0,0,0,0,0,0,1,3,"{""type"":""Polygon"",""coordinates"":[[[-123.99661307133418,41.21682254464507],[-124.00371025931086,41.215067547939974],[-124.00803874402523,41.210487228340355],[-124.00791074300628,41.204868263504125],[-124.00337716952042,41.20040203689695],[-123.9962063785609,41.198830016431266],[-123.98919414089612,41.20076508942518],[-123.98507447157166,41.20545281895674],[-123.98545443050142,41.211065334313815],[-123.99018682205448,41.21541371655395],[-123.99661307133418,41.21682254464507]]]}"
"Aedes sierrensis",2024,-122.067025,37.002439,1,65,"00000000000000000040",13.2834183673469,12.3834183673469,59.0242346938775,31.4936862244898,24.3285714285714,3.5155612244898,20.8130102040816,9.5155612244898,17.0196428571429,17.4397959183673,9.5155612244898,853.775510204082,185.650510204082,2,90.8979591836735,473.266581632653,10,14.8979591836735,473.266581632653,1,0,0,0,0,0,0,1,1,"{""type"":""Polygon"",""coordinates"":[[[-122.06702627247658,37.011439882039205],[-122.07371202662497,37.009684915699374],[-122.07778968811553,37.005104644434034],[-122.07766923370905,36.99948567784526],[-122.07339844558201,36.995019401873854],[-122.06664314299547,36.99344735392512],[-122.06003721478496,36.99538246000114],[-122.05615635869215,37.00007023661464],[-122.05651442389028,37.005682746771775],[-122.06097256624373,37.01003107884348],[-122.06702627247658,37.011439882039205]]]}"
"Aedes sierrensis",2024,-123.127985,49.299484,1,66,"00000000000000000041",9.95688073394495,7.7,33.1639908256881,53.0022018348624,22.6420871559633,-0.0575688073394495,22.6996559633028,3.94243119266055,16.8675458715596,16.8675458715596,3.38589449541284,1289.49541284404,198.456422018349,36.5756880733945,52,557.884174311927,132.987385321101,132.987385321101,513.739678899083,0,0,0,0,0,1,0,17,2,"{""type"":""Polygon"",""coordinates"":[[[-123.12798464522398,49.30848122116906],[-123.13617287148013,49.30672615308112],[-123.14116646416038,49.302145719863034],[-123.14101842242007,49.296526759153785],[-123.1357880032965,49.292060648585995],[-123.12751547043159,49.29048869272088],[-123.11942582860947,49.292423687953104],[-123.11467287772025,49.29711130680914],[-123.11511086414518,49.30272383438234],[-123.12057048703953,49.30707233455351],[-123.12798464522398,49.30848122116906]]]}"
"Aedes sierrensis",2024,-121.3388,40.2617,1,67,"00000000000000000042",7.47762669962917,15.8776266996292,45.5500618046972,63.5783559950556,27.7002472187886,-6.68998763906057,34.3902348578492,-0.11495673671199,15.8500618046972,15.8500618046972,-0.11495673671199,1024.09023485785,179.725587144623,6.3238566131026,71.3016069221261,487.098887515451,44.4215080346106,44.4215080346106,487.098887515451,1,0,0,0,0,0,0,1,2,"{""type"":""Polygon"",""coordinates"":[[[-121.33879710213516,40.270699401327036],[-121.34579404707642,40.26894441177757],[-121.35006142074214,40.264364103567864],[-121.34993525877864,40.25874513831847],[-121.34546571105017,40.25427890007868],[-121.33839615035734,40.252706873136724],[-121.33148290661599,40.25464195392631],[-121.327421422471,40.259329694552704],[-121.32779604753823,40.26494220868458],[-121.33246162043153,40.26929057910255],[-121.33879710213516,40.270699401327036]]]}"
"Aedes sierrensis",2018,-121.993,45.816,1,68,"00000000000000000043",8.56456102783726,10.5854389721627,39,56.2085438972163,24.456852248394,-2.14368308351178,26.6005353319058,2.25631691648822,15.8419700214133,15.8944325481799,1.67323340471092,2515.28479657388,435.892933618844,24.1456102783726,68.8543897216274,1234.32012847966,137.304068522484,153.304068522484,1168.29229122056,1,0,0,0,0,0,0,1,2,"{""type"":""Polygon"",""coordinates"":[[[-121.99299627678725,45.825000264509754],[-122.00065734466925,45.82324522968391],[-122.00532958146908,45.81866484940733],[-122.00519122906509,45.81304588677379],[-122.000297504153,45.80857972213651],[-121.99255729085814,45.807007736170775],[-121.98498820992855,45.80894276763606],[-121.98054124202562,45.81363043806247],[-121.98095119780272,45.81924295994472],[-121.9860594480447,45.82359140516472],[-121.99299627678725,45.825000264509754]]]}"
"Aedes sierrensis",2019,-119.273022,37.031666,1,69,"00000000000000000044",12.3084291187739,14.6338441890166,44.5427841634738,64.2334482758621,31.0310344827586,-1.5234993614304,32.554533844189,5.58633461047254,20.8352490421456,20.8888888888889,4.98250319284802,834.859514687101,158.292464878672,2.93997445721584,82.0242656449553,430.526181353768,15.0715197956577,23.9578544061303,426.066411238825,1,0,0,0,0,0,0,1,1,"{""type"":""Polygon"",""coordinates"":[[[-119.27302043890316,37.04066483034351],[-119.27970876559445,37.03890986380462],[-119.28378799539784,37.03432959222244],[-119.28366749381524,37.028710625645154],[-119.27939506258643,37.02424434999733],[-119.27263716208847,37.022672302228756],[-119.26602869335998,37.02460740808791],[-119.26214634405596,37.029295184392794],[-119.26250454615807,37.034907694584014],[-119.26696440329741,37.03925602698458],[-119.27302043890316,37.04066483034351]]]}"
"Aedes sierrensis",2024,-118.3957,33.3939,1,70,"00000000000000000045",15.8657931034483,7.9,45.7931034482759,32.6515310344828,25.164,8.08427586206897,17.079724137931,13.3953103448276,19.2187586206897,20.4990344827586,12.4914482758621,312.805517241379,65.9820689655172,0,92.1655172413793,183.209655172414,3,6,131.466206896552,0,1,0,0,0,0,0,7,3,"{""type"":""Polygon"",""coordinates"":[[[-118.39569676573873,33.40289897723497],[-118.40209178811645,33.401144034378575],[-118.4059922091289,33.39656380049433],[-118.40587708608547,33.39094483255146],[-118.40179199049496,33.38647851840234],[-118.39533028694002,33.38490644919799],[-118.38901147152527,33.38684158085996],[-118.38529936829589,33.39152939388586],[-118.38564196133538,33.397141900020166],[-118.3899063098104,33.40149019329246],[-118.39569676573873,33.40289897723497]]]}"
"Aedes sierrensis",2024,-122.609694,47.525312,1,71,"00000000000000000046",10.4254922279793,9.08611398963731,39.1523316062176,48.5812849740933,23.4374093264249,0.583730569948187,22.8536787564767,5.06248704663212,16.6875647668394,16.6875647668394,4.56341968911917,1181.09119170984,196.721243523316,21.4715025906736,62.1937823834197,561.390673575129,90.1896373056995,93.8694300518135,513.719170984456,0,0,0,0,0,1,0,17,2,"{""type"":""Polygon"",""coordinates"":[[[-122.60969441157988,47.53431193042821],[-122.61760174056944,47.53255687983351],[-122.62242409951877,47.52797647445822],[-122.62228122233685,47.522357512736676],[-122.61723021091217,47.51789137373286],[-122.6092413228106,47.51631940203747],[-122.60142906027778,47.518254416325114],[-122.59683915283813,47.52294206230289],[-122.59726220474688,47.528554586883395],[-122.60253459928373,47.53290305815481],[-122.60969441157988,47.53431193042821]]]}"
"Aedes sierrensis",2024,-125.133847,48.833558,1,72,"00000000000000000047",9.15075987841945,6.6597771023303,40.0253292806484,35.7952178318136,18.3166160081054,1.98936170212766,16.3272543059777,5.33860182370821,13.6018237082067,13.8139817629179,4.84174265450861,2839.64235055724,415.049645390071,64.3809523809524,55,1196.16514690983,236.325227963526,274.087132725431,1130.37689969605,1,0,0,0,0,0,0,1,3,"{""type"":""Polygon"",""coordinates"":[[[-125.13384882670186,48.8425586702966],[-125.14196061345696,48.840803606922115],[-125.14690760926226,48.83622318120608],[-125.14676097330171,48.83060422022401],[-125.14157937561632,48.82613810199433],[-125.13338402929888,48.824566141863876],[-125.12536986906154,48.82650114223043],[-125.12066128653535,48.83118876839424],[-125.12109520927547,48.836801295161145],[-125.12650388270626,48.84114978754546],[-125.13384882670186,48.8425586702966]]]}"
"Aedes sierrensis",2024,-124.70465,48.65732,1,73,"00000000000000000048",8.39187817258883,6.93522842639594,38.2375634517766,38.8955532994924,18.6640609137056,0.853705583756345,17.8103553299492,4.36020304568528,13.2730964467005,13.5565482233503,3.81309644670051,2361.62842639594,365.530964467005,52.5685279187817,58.9015228426396,1042.58781725888,184.883248730964,213.883248730964,986.048730964467,1,0,0,0,0,0,0,1,3,"{""type"":""Polygon"",""coordinates"":[[[-124.7046514321056,48.666317160260206],[-124.71273481388155,48.664562098645845],[-124.71766449419212,48.65998167573127],[-124.71751838054954,48.654362714647334],[-124.71235492496736,48.64989659355651],[-124.70418826135148,48.64832463183327],[-124.69620215024304,48.65025963411711],[-124.6915100550412,48.65494726300983],[-124.69194246763807,48.66055978947563],[-124.6973322081549,48.66490827895213],[-124.7046514321056,48.666317160260206]]]}"
"Aedes sierrensis",2024,-123.862618,49.196095,1,74,"00000000000000000049",9.83152173913044,7.83183229813665,34.0962732919255,52.354751552795,22.6141304347826,0.20776397515528,22.4063664596273,4.02996894409938,16.8173913043478,16.8173913043478,3.60776397515528,1033.17701863354,169.321428571429,29,56.2375776397516,472.787267080745,102,102,432.549689440994,1,0,0,0,0,0,0,1,3,"{""type"":""Polygon"",""coordinates"":[[[-123.86261708467815,49.20509250414385],[-123.8707881780877,49.2033374371095],[-123.8757713267495,49.198757005568304],[-123.8756236001194,49.19313804479807],[-123.8704041236331,49.18867193251766],[-123.8621488910139,49.187099975699134],[-123.85407616729633,49.189034972079],[-123.84933316095412,49.19372259256852],[-123.8497702365865,49.199335119961496],[-123.85521843988832,49.2036836183921],[-123.86261708467815,49.20509250414385]]]}"
"Aedes sierrensis",2024,-122.049197,47.565441,1,75,"0000000000000000004a",10.4274327122153,9.73219461697723,41.4824016563147,48.3211594202899,24.0089026915114,0.783540372670808,23.2253623188406,4.90797101449275,16.7756728778468,16.7756728778468,4.59275362318841,1264.48136645963,183.950310559006,32.360248447205,48.952380952381,541.509316770186,133.808488612836,133.808488612836,491.666666666667,0,0,0,0,0,1,0,17,2,"{""type"":""Polygon"",""coordinates"":[[[-122.04919878646488,47.57443938080818],[-122.05711217253611,47.572684329831034],[-122.06193822388786,47.56810392384705],[-122.06179523537958,47.56248496214763],[-122.05674035531679,47.55801882376548],[-122.04874535082328,47.556446852416165],[-122.04092710700685,47.55838186628723],[-122.0363336838038,47.563069511672055],[-122.0367570577913,47.568682036318],[-122.0420334896247,47.573030508221215],[-122.04919878646488,47.57443938080818]]]}"
"Aedes sierrensis",2024,-125.055686,48.8279,1,76,"0000000000000000004b",8.99878542510122,6.71255060728745,40,36.6760425101215,18.4372469635628,1.7412955465587,16.695951417004,5.08613360323887,13.57995951417,13.7893724696356,4.61528340080972,2755.09109311741,405.557692307692,62.086032388664,55.9058704453441,1170.33299595142,226.098178137652,261.528340080972,1104.22469635628,1,0,0,0,0,0,0,1,3,"{""type"":""Polygon"",""coordinates"":[[[-125.055685244336,48.83690007105977],[-125.06379611479508,48.83514500774199],[-125.06874255203263,48.83056458211621],[-125.06859593292175,48.82494562113087],[-125.06341492046941,48.820479502809015],[-125.0552204994059,48.81890754262725],[-125.0472072439845,48.82084254305556],[-125.04249919331116,48.825530169307285],[-125.04293306733726,48.8311426960645],[-125.04834113002508,48.83549118835513],[-125.055685244336,48.83690007105977]]]}"
"Aedes sierrensis",2024,-132.267563,53.362717,1,77,"0000000000000000004c",7.07105030891439,6.1,31.6593115622242,43.8199117387467,17.5234774933804,-1.50044130626655,19.023918799647,4.94986760812003,12.6234774933804,12.9924095322154,1.96001765225066,2011.59046778464,283.630185348632,70.9699911738747,41.8984995586937,788.409532215357,245.66372462489,320.88614298323,663.382171226831,1,0,0,0,0,0,0,1,2,"{""type"":""Polygon"",""coordinates"":[[[-132.2675632830151,53.371716660393155],[-132.2765113079666,53.36996154699985],[-132.28196805440882,53.36538104167463],[-132.28180602365853,53.359762083589885],[-132.27609032981675,53.3552960466655],[-132.26705059919382,53.353724131796234],[-132.2582107051467,53.355659077680336],[-132.25301673972447,53.36034662629629],[-132.2534951020556,53.3659591616171],[-132.25946114424056,53.37030773663314],[-132.2675632830151,53.371716660393155]]]}"
"Aedes sierrensis",2024,-123.932311,47.864653,1,78,"0000000000000000004d",7.72551652892562,9.23326446280992,40.9018595041322,46.1259194214876,21.1454545454545,-1.16239669421488,22.3078512396694,2.67551652892562,13.6690082644628,13.9089876033058,2.31570247933884,2747.74173553719,453.057851239669,51.370867768595,61.599173553719,1263.46487603306,187.182851239669,225.413223140496,1193.45867768595,1,0,0,0,0,0,0,1,1,"{""type"":""Polygon"",""coordinates"":[[[-123.9323128341435,47.873653979696506],[-123.94027180332847,47.871898925849074],[-123.9451256421425,47.867318515296624],[-123.94498181578362,47.86169955376326],[-123.93989782195015,47.85723342004692],[-123.93185678808838,47.85566145129507],[-123.92399353166861,47.85759646203947],[-123.91937365027539,47.86228410297416],[-123.91979944803893,47.86789662811119],[-123.92510626287108,47.872245104756296],[-123.9323128341435,47.873653979696506]]]}"
"Aedes sierrensis",2024,-118.993497,37.016483,1,79,"0000000000000000004e",6.56314432989691,12.2899484536082,43.3788659793815,56.7632087628866,22.8916237113402,-5.08840206185567,27.9800257731959,0.547809278350516,14.2367268041237,14.3367268041237,0.541623711340206,780.399484536083,145.092783505155,6.41237113402062,77.1185567010309,390.990979381443,24.8634020618557,39.8634020618557,389.413659793814,1,0,0,0,0,0,0,1,1,"{""type"":""Polygon"",""coordinates"":[[[-118.99349723026685,37.025481591256515],[-119.00018421998064,37.02372662482106],[-119.00426263471539,37.01914635340352],[-119.00414215765072,37.01352738682027],[-118.99987058035914,37.0090611110043],[-118.99311403002298,37.00748906314211],[-118.98650688162834,37.00942416911396],[-118.98262530836185,37.01411194557921],[-118.98298343931354,37.019724455752716],[-118.98744240526067,37.0240727879824],[-118.99349723026685,37.025481591256515]]]}"
"Aedes sierrensis",2024,-121.763251,38.543385,1,80,"0000000000000000004f",15.8167506297229,15.1993702770781,48,58.6819647355164,34.3119647355164,2.8,31.5119647355164,8.2624685138539,23.0125944584383,23.0125944584383,8.2624685138539,474.993702770781,106.370277078086,0.017632241813602,89.3765743073048,266.23677581864,5.92443324937028,5.92443324937028,266.23677581864,0,0,0,0,0,1,0,17,3,"{""type"":""Polygon"",""coordinates"":[[[-121.76325001321055,38.55238481038166],[-121.77007661955325,38.5506298333312],[-121.77424014938923,38.54604954501692],[-121.77411711184975,38.5404305790461],[-121.76975636044031,38.53596432048694],[-121.76285881691803,38.534392282232396],[-121.756113790167,38.536327376639264],[-121.75215117759565,38.541015136645576],[-121.75251673842907,38.5466276486371],[-121.75706876885125,38.550975998404674],[-121.76325001321055,38.55238481038166]]]}"
"Aedes sierrensis",2024,-121.780736,38.534255,1,81,"00000000000000000050",15.8,15.2,47.7944862155388,58.7217919799499,34.2221804511278,2.71854636591479,31.503634085213,8.2,22.9576441102757,22.9576441102757,8.2,479.931077694236,108.842105263158,0.0576441102756892,90.5300751879699,271.302005012531,5.28446115288221,5.28446115288221,271.302005012531,0,0,0,0,1,0,0,15,3,"{""type"":""Polygon"",""coordinates"":[[[-121.78073414844113,38.543252571424205],[-121.78755988791443,38.54149759443855],[-121.79172288927785,38.53691730622744],[-121.79159986763725,38.53129834025288],[-121.78723966990304,38.52683208158836],[-121.78034300179537,38.52526004327515],[-121.77359883111927,38.52719513775263],[-121.76963672171492,38.53188289785944],[-121.77000223641782,38.53749540983985],[-121.77455368901032,38.54184375950036],[-121.78073414844113,38.543252571424205]]]}"
"Aedes sierrensis",2024,-122.021174,45.832042,1,82,"00000000000000000051",8.24175588865096,10.4830835117773,39.093147751606,55.5603211991435,24.0326552462527,-2.2982869379015,26.3309421841542,2.05867237687366,15.4419700214133,15.5586723768737,1.4923982869379,2526.44539614561,432.542826552463,25.6755888650964,67.830835117773,1232.11563169165,143.67130620985,158.840471092077,1164.36188436831,1,0,0,0,0,0,0,1,2,"{""type"":""Polygon"",""coordinates"":[[[-122.02117333634396,45.841039650999],[-122.02883661233514,45.83928461602974],[-122.03351019522049,45.83470423552487],[-122.03337180225667,45.829085272899626],[-122.02847666702635,45.82461910849548],[-122.02073422396,45.82304712265955],[-122.01316296251508,45.824982153968605],[-122.00871471293873,45.82966982417264],[-122.00912478615514,45.83528234607944],[-122.01423450821171,45.839630791536386],[-122.02117333634396,45.841039650999]]]}"
"Aedes sierrensis",2019,-119.724,37.09,1,83,"00000000000000000052",16.1324015247776,15.5842439644219,44.5184243964422,67.8934053367217,36.2825921219822,1.7,34.5825921219822,9.13240152477764,24.9428208386277,24.9428208386277,7.83240152477764,488.555273189326,89.1842439644219,0.290978398983482,81.6022871664549,248.157560355781,5.29097839898348,5.29097839898348,243.315120711563,0,0,1,0,0,0,0,10,1,"{""type"":""Polygon"",""coordinates"":[[[-119.72400054214552,37.09899879032468],[-119.73069401485179,37.09724382338804],[-119.7347763818471,37.09266355117273],[-119.73465578589506,37.087044584618376],[-119.73038006786918,37.08257830961719],[-119.72361697061052,37.081006262208625],[-119.71700341992876,37.08294136763443],[-119.71311808366299,37.08762914332257],[-119.71347655962228,37.09324165358193],[-119.71793984695258,37.09758998663965],[-119.72400054214552,37.09899879032468]]]}"
"Aedes sierrensis",2023,-119.749511,37.109009,1,84,"00000000000000000053",15.9132315521629,15.4907124681934,44.2760814249364,67.7257506361323,35.9636132315522,1.4704834605598,34.4931297709924,8.86119592875318,24.7132315521629,24.7132315521629,7.68142493638677,524.442748091603,95.5826972010178,1,82.0165394402036,265.469465648855,6.09287531806616,6.09287531806616,262.562340966921,0,0,1,0,0,0,0,10,1,"{""type"":""Polygon"",""coordinates"":[[[-119.74951105927231,37.11800793811551],[-119.75620621210909,37.11625297104913],[-119.76028960337109,37.11167269862729],[-119.76016897660813,37.10605373208043],[-119.75589218547073,37.101587457290165],[-119.7491273915136,37.10001540999904],[-119.74251218161702,37.101950515283484],[-119.73862587013342,37.10663829077045],[-119.73898443550469,37.11225080105203],[-119.74344884276336,37.116599134324126],[-119.74951105927231,37.11800793811551]]]}"
"Aedes sierrensis",2019,-119.73524,37.096437,1,85,"00000000000000000054",16.0695201037613,15.5695201037613,44.8132295719844,67.7854734111544,36.1699092088197,1.66264591439689,34.5072632944228,9.06264591439689,24.8813229571984,24.8813229571984,7.78702983138781,494.608300907912,90.1426718547341,0.243839169909209,82.3424124513619,251.237354085603,5.24383916990921,5.24383916990921,246.846952010376,0,0,1,0,0,0,0,10,1,"{""type"":""Polygon"",""coordinates"":[[[-119.73523747680021,37.10543773224585],[-119.74193151843775,37.10368276526527],[-119.74601423227361,37.09910249298001],[-119.74589362588827,37.0934835264282],[-119.74161754448184,37.089017251498454],[-119.73485387268163,37.08744520412966],[-119.72823976015111,37.08938030950759],[-119.7243540936539,37.0940680851276],[-119.72471259989015,37.09968059539447],[-119.72917626645429,37.104028928524805],[-119.73523747680021,37.10543773224585]]]}"
"Aedes sierrensis",2017,-119.726,37.093,1,86,"00000000000000000055",16.1157142857143,15.5890909090909,44.7116883116883,67.8611168831169,36.251038961039,1.69558441558442,34.5554545454545,9.11571428571429,24.918961038961,24.918961038961,7.81792207792208,490.727272727273,89.5363636363636,0.384415584415584,81.6584415584416,249.171428571429,5.38441558441558,5.38441558441558,244.258441558442,0,0,1,0,0,0,0,10,1,"{""type"":""Polygon"",""coordinates"":[[[-119.72599821941749,37.1019953062326],[-119.73269195686699,37.10024033927551],[-119.7367744852591,37.095660067027644],[-119.73665388445211,37.09004110047448],[-119.73237799733278,37.08557482550654],[-119.72561463272021,37.08400277811648],[-119.71900082059095,37.08593788352],[-119.71511533065716,37.090625659176446],[-119.71547382070537,37.09623816943929],[-119.71993728450617,37.1005865025308],[-119.72599821941749,37.1019953062326]]]}"
"Aedes sierrensis",2023,-119.727648,37.081507,1,87,"00000000000000000056",16.2038659793814,15.626675257732,44.5077319587629,67.9709793814433,36.3997422680412,1.72719072164948,34.6725515463918,9.20322164948454,24.9778350515464,24.9778350515464,7.84987113402062,473.975515463918,86.3943298969072,0,81.3182989690722,240.713917525773,5,5,235.740979381443,0,0,1,0,0,0,0,10,1,"{""type"":""Polygon"",""coordinates"":[[[-119.72764808680724,37.090504202817854],[-119.73434080922695,37.088749235939176],[-119.73842271882118,37.08416896381612],[-119.73830213662816,37.078549997258435],[-119.73402689781572,37.074083722163024],[-119.72726455824231,37.07251167470199],[-119.7206517485069,37.074446780190954],[-119.71676684773875,37.07913455596896],[-119.71712528376982,37.08474706621838],[-119.7215880709799,37.08909539918035],[-119.72764808680724,37.090504202817854]]]}"
"Aedes sierrensis",2023,-118.800826,36.51676,1,88,"00000000000000000057",16.0022020725389,14.8,42.9805699481865,69.7747279792746,35.2488341968912,0.876424870466321,34.3724093264249,8.77422279792746,25.2170984455959,25.2170984455959,7.70634715025907,596.003886010363,113.129533678756,1.80958549222798,81.7007772020725,310.575129533679,11.1528497409326,11.1528497409326,302.064766839378,0,1,0,0,0,0,0,8,1,"{""type"":""Polygon"",""coordinates"":[[[-118.8008239328485,36.52575905439894],[-118.80746747448565,36.52400409134474],[-118.81151940173277,36.51942382530946],[-118.8113997214226,36.51380485853117],[-118.80715589473549,36.50933857721825],[-118.80044322094523,36.50776652629563],[-118.79387897976983,36.509701635951394],[-118.79002262558048,36.51438941765943],[-118.790378444329,36.52000192725378],[-118.79480844898325,36.52435025389699],[-118.8008239328485,36.52575905439894]]]}"
"Aedes sierrensis",2023,-121.74291,37.38306,1,89,"00000000000000000058",14.1546378653113,13.9304955527319,48.7369758576874,51.3742947903431,30.889707750953,2.52490470139771,28.3648030495553,8.27750952986023,20.7956797966963,21.1160101651842,8.27750952986023,656.571791613723,128.87293519695,2,85.728081321474,339.94790343075,9,14.9758576874206,339.94790343075,1,0,0,0,0,0,0,6,2,"{""type"":""Polygon"",""coordinates"":[[[-121.74291205330582,37.39205982975924],[-121.74963160479784,37.39030486081502],[-121.75372987033515,37.38572458540408],[-121.75360879613584,37.380105618965544],[-121.74931642140182,37.375639347228095],[-121.74252698819846,37.3740673016366],[-121.73588768338848,37.376002404875145],[-121.73198720990796,37.380690177450454],[-121.73234707370516,37.386302688053654],[-121.73682774442761,37.39065102442827],[-121.74291205330582,37.39205982975924]]]}"
"Aedes sierrensis",2023,-121.08547,39.29909,1,90,"00000000000000000059",13.9074626865672,14.5172885572139,44.2400497512438,62.1466791044776,32.6412935323383,0.23955223880597,32.4017412935323,6.38942786069652,21.9787313432836,21.9787313432836,6.38942786069652,1202.61691542289,248.703980099502,1.24004975124378,83.157960199005,632.412935323383,17.5087064676617,17.6082089552239,632.412935323383,1,0,0,0,0,0,0,1,2,"{""type"":""Polygon"",""coordinates"":[[[-121.08547111218783,39.3080909614144],[-121.09237083607188,39.30633597894266],[-121.09657894075724,39.301755681998976],[-121.09645456214774,39.29613671634103],[-121.09204711008987,39.29167046659516],[-121.08507572836177,39.29009843324734],[-121.07825849463391,39.29203352174784],[-121.07425344160836,39.29672127334836],[-121.07462289333604,39.302333786268264],[-121.07922366172497,39.30668214499271],[-121.08547111218783,39.3080909614144]]]}"
"Aedes sierrensis",2023,-119.28356,34.417475,1,91,"0000000000000000005a",15.6231190150479,14.6161422708618,56.7783857729138,37.4547195622435,29.1764705882353,3.67209302325581,25.5043775649795,11.5922024623803,20.1830369357045,20.7292749658003,11.1329685362517,492.552667578659,112.21340629275,0,99.328317373461,303.538987688099,2,7.0875512995896,295.897400820793,0,0,0,0,0,1,0,17,3,"{""type"":""Polygon"",""coordinates"":[[[-119.28356175379352,34.42647224675033],[-119.29003404936111,34.424717297441525],[-119.29398157885532,34.420137053286226],[-119.29386503877615,34.4145180857153],[-119.28973058823144,34.41005178205614],[-119.2831908494354,34.40847971869216],[-119.27679572274504,34.41041484332391],[-119.27303876692982,34.415102646344934],[-119.27338547227139,34.42071515358469],[-119.27770132893501,34.42506345751773],[-119.28356175379352,34.42647224675033]]]}"
"Aedes sierrensis",2023,-116.840428,34.353327,1,92,"0000000000000000005b",12.2884456671252,16.2198074277854,46.9779917469051,65.194401650619,31.4716643741403,-2.83136176066025,34.3030261348006,5.44759284731775,18.3735900962861,20.891196698762,4.56451169188446,533.147180192572,91.4525447042641,2.36726272352132,71.8679504814306,262.674002751032,29.4676753782669,31.6726272352132,258.37689133425,0,1,0,0,0,0,0,7,3,"{""type"":""Polygon"",""coordinates"":[[[-116.84042920481266,34.362328078096496],[-116.84689654226801,34.36057312919664],[-116.85084104911942,34.35599288569231],[-116.85072459996037,34.350373918097816],[-116.84659331619879,34.3459076137738],[-116.84005858441373,34.34433555003967],[-116.83366835411864,34.346270675117],[-116.82991427619889,34.350958478772114],[-116.83026071767925,34.356570985941815],[-116.83457326940001,34.36091928919918],[-116.84042920481266,34.362328078096496]]]}"
"Aedes sierrensis",2023,-122.15547,37.287524,1,93,"0000000000000000005c",12.8269377382465,12.0552731893266,53.1181702668361,39.2936594663278,25.743456162643,3.27166454891995,22.471791613723,8.58945362134689,17.7919949174079,18.2801778907243,8.58945362134689,900.216010165184,176.673443456163,2,85.4193138500635,471.172808132147,12.8818297331639,17,466.312579415502,1,0,0,0,0,0,0,1,1,"{""type"":""Polygon"",""coordinates"":[[[-122.15547254187166,37.29652358968917],[-122.16218355023277,37.29476862140112],[-122.16627660757878,37.29018834703466],[-122.16615569004915,37.284569380558274],[-122.16186877187405,37.28010310775407],[-122.15508796604252,37.27853106156868],[-122.14845709800761,37.280466165522114],[-122.14456158331646,37.28515393911486],[-122.14492099247381,37.29076644960568],[-122.14939596858389,37.29511478489618],[-122.15547254187166,37.29652358968917]]]}"
"Aedes sierrensis",2023,-122.286962,37.467488,1,94,"0000000000000000005d",13.503949044586,10.6629299363057,55.1808917197452,31.3483057324841,23.443821656051,4.36866242038217,19.0751592356688,9.59987261146497,17.1407643312102,17.5825477707006,9.59987261146497,655.374522292994,130.755414012739,2,85.7222929936306,337.197452229299,9.50063694267516,13.3261146496815,337.197452229299,1,0,0,0,0,0,0,6,1,"{""type"":""Polygon"",""coordinates"":[[[-122.28696251373566,37.47648844910519],[-122.29368964879383,37.47473347957969],[-122.29779253753745,37.47015320324346],[-122.29767132426478,37.464534236838475],[-122.29337410585296,37.460067966046005],[-122.28657701430596,37.458495920980624],[-122.2799302203412,37.46043102358587],[-122.27602534504278,37.4651187952599],[-122.27638561241378,37.47073130596265],[-122.28087133812882,37.475079643297654],[-122.28696251373566,37.47648844910519]]]}"
"Aedes sierrensis",2019,-122.389604,45.758502,1,95,"0000000000000000005e",9.16010752688172,10.3041935483871,41,50.9734086021505,24.0854838709677,-0.723548387096774,24.8090322580645,3.48935483870968,15.7309677419355,15.8997849462366,3.02268817204301,2345.91720430108,376.556989247312,30.1462365591398,61.2139784946236,1089.0247311828,162.727956989247,170.997849462366,1018.18709677419,1,0,0,0,0,0,0,1,2,"{""type"":""Polygon"",""coordinates"":[[[-122.38960210178388,45.76750015642556],[-122.39725526911701,45.7657451221132],[-122.40192268966156,45.76116474265391],[-122.40178448237768,45.75554577999068],[-122.39689580354269,45.75107961451869],[-122.3891635683067,45.74950762808827],[-122.38160228919863,45.751442660112914],[-122.37715990708534,45.75613033133544],[-122.37756944266617,45.761742853129824],[-122.38267242679818,45.76609129750151],[-122.38960210178388,45.76750015642556]]]}"
"Aedes sierrensis",2022,-119.012116,36.992408,1,96,"0000000000000000005f",7.10471337579618,12.3133757961783,43.4955414012739,57.0242802547771,23.4178343949045,-4.57936305732484,27.9971974522293,1.02789808917197,14.7612738853503,14.8691719745223,1.01299363057325,823.793630573248,153.858598726115,5.85095541401274,78.4305732484077,417.071337579618,23.2853503184713,38.2853503184713,412.003821656051,1,0,0,0,0,0,0,1,1,"{""type"":""Polygon"",""coordinates"":[[[-119.01211397716499,37.001406904668954],[-119.01879884901199,36.99965193839741],[-119.02287597262045,36.995071667240786],[-119.0227555343939,36.98945270064808],[-119.01848530979917,36.98498642456564],[-119.01173089821467,36.98341437655509],[-119.00512584132207,36.985349482705516],[-119.0012454973538,36.990037259424916],[-119.00160351559818,36.995649769570356],[-119.0060610698339,36.99999810152923],[-119.01211397716499,37.001406904668954]]]}"
"Aedes sierrensis",2020,-123.450732,49.398493,1,97,"00000000000000000060",9.4627,7.2,32,53.73868,22.2355,-0.2519,22.4874,3.4759,16.5627,16.5627,2.9481,1235.172,191.78,36.657,52.355,542.085,128.833,128.833,491.302,1,0,0,0,0,0,0,1,2,"{""type"":""Polygon"",""coordinates"":[[[-123.45072992037134,49.40749110095976],[-123.45893464642015,49.40573603185871],[-123.46393829720421,49.401155597028136],[-123.46378995198357,49.39553663637753],[-123.45854899455348,49.39107052745658],[-123.4502598007046,49.389498572508245],[-123.4421538659183,49.39143356663691],[-123.43739133793133,49.396121183922226],[-123.43783020148125,49.401733711668726],[-123.44330082200742,49.40608221351359],[-123.45072992037134,49.40749110095976]]]}"
"Aedes sierrensis",2019,-119.017,36.974,1,98,"00000000000000000061",7.11126943005181,12.2740932642487,43.2344559585492,56.9860621761658,23.4338082901554,-4.53406735751295,27.9678756476684,1.07564766839378,14.7985751295337,14.9224093264249,1.0419689119171,834.613989637306,155.966321243523,5.68652849740933,78.3329015544041,423.10621761658,22.7901554404145,38.0919689119171,420.927461139896,1,0,0,0,0,0,0,1,1,"{""type"":""Polygon"",""coordinates"":[[[-119.0169966928185,36.98299973552034],[-119.02367994707468,36.98124476937404],[-119.02775608454272,36.97666449841679],[-119.02763567597997,36.971045531816856],[-119.02336648455227,36.96657925553079],[-119.01661370651014,36.96500720740687],[-119.01001024707156,36.96694231369377],[-119.0061308420205,36.97163009060738],[-119.00648877418085,36.97724260073136],[-119.01094525017528,36.981590932483286],[-119.0169966928185,36.98299973552034]]]}"
"Aedes sierrensis",2023,-119.018203,36.994164,1,99,"00000000000000000062",6.95265200517465,12.2605433376455,43.477360931436,56.7649288486417,23.2179818887452,-4.65407503234153,27.8720569210867,0.92470892626132,14.5868046571798,14.7170763260026,0.92470892626132,823.672703751617,153.569210866753,6.0012936610608,78.3712807244502,416.332470892626,23.6895213454075,38.6908150064683,413.48382923674,1,0,0,0,0,0,0,1,1,"{""type"":""Polygon"",""coordinates"":[[[-119.01820510920402,37.00316379048401],[-119.02489013552015,37.00140882420051],[-119.0289673532985,36.99682855302484],[-119.0288469122392,36.991209586432824],[-119.02457658898395,36.986743310369825],[-119.017822021407,36.9851712623701],[-119.01121681196818,36.987106368507504],[-119.00733637833963,36.99179414520836],[-119.00769440480443,36.99740665535584],[-119.012152062005,37.001754987334465],[-119.01820510920402,37.00316379048401]]]}"
"Aedes sierrensis",2023,-122.10077,41.109806,1,100,"00000000000000000063",11.5856106408706,16.5004836759371,46.5610640870617,65.718899637243,32.2896009673519,-2.95779927448609,35.247400241838,4.19516324062878,20.2563482466747,20.2563482466747,3.68029020556227,1441.05683192261,251.816203143894,7,76.6082224909311,708.83192261185,43.2188633615478,43.2188633615478,694.096735187424,1,0,0,0,0,0,0,1,1,"{""type"":""Polygon"",""coordinates"":[[[-122.10076829014798,41.11880704438929],[-122.10785487001387,41.11705204843502],[-122.11217688772922,41.112471730030535],[-122.11204908134029,41.10685276515094],[-122.10752228330739,41.10238653732318],[-122.10036220490787,41.10081451617795],[-122.09336044314591,41.10274958998985],[-122.08924693120406,41.107437320685584],[-122.0896263256983,41.11304983591409],[-122.09435164624934,41.117398216913735],[-122.10076829014798,41.11880704438929]]]}"
"Aedes sierrensis",2017,-116.818251,32.682197,1,101,"00000000000000000064",17.3459610027855,14.7374651810585,55,41.3743593314763,31.8388579387187,5.38342618384401,26.4554317548747,12.8201949860724,22.3905292479109,23.1220055710306,12.5817548746518,317.739554317549,59.9233983286908,2,82.2701949860724,168.458217270195,7,12,155.707520891365,0,1,0,0,0,0,0,7,1,"{""type"":""Polygon"",""coordinates"":[[[-116.81824963617278,32.691195235397636],[-116.82459319001761,32.68944029693854],[-116.82846223402464,32.68486007005409],[-116.82834805486036,32.679241101857784],[-116.82429583258764,32.67477478055972],[-116.81788610505423,32.67320270737511],[-116.81161811740262,32.67513784382821],[-116.80793588865508,32.67982566367249],[-116.80827574270899,32.685438169053384],[-116.81250578370842,32.68978645506032],[-116.81824963617278,32.691195235397636]]]}"
"Aedes sierrensis",2021,-121.319849,38.627279,1,102,"00000000000000000065",16.2347066167291,13.3652933832709,43,60.2758551810237,34.2,3.6,30.6,8.6,23.7610486891386,23.8885143570537,8.6,489.087390761548,112.166042446941,1,87.8339575530587,263.870162297129,7,9,263.870162297129,0,0,0,0,0,1,0,17,3,"{""type"":""Polygon"",""coordinates"":[[[-121.31985038175905,38.63627833760119],[-121.32668497006267,38.63452335995456],[-121.33085336596818,38.629943070691304],[-121.33073018203471,38.6243241047549],[-121.32636433249357,38.61985784716492],[-121.31945872832901,38.618285809449965],[-121.31270581901123,38.620220903207326],[-121.30873857337819,38.62490866228926],[-121.30910455897134,38.63052117438287],[-121.31366190993411,38.63486952513543],[-121.31985038175905,38.63627833760119]]]}"
"Aedes sierrensis",2022,-122.715229,38.451209,1,103,"00000000000000000066",13.9233668341709,14.3295226130653,57,40.0090201005025,27.7907035175879,2.8,24.9907035175879,8.88153266331658,18.5321608040201,18.8845477386935,8.88153266331658,845.613065326633,185.390703517588,1,89.6972361809045,473.572864321608,11,16,473.572864321608,0,0,0,0,0,1,0,17,3,"{""type"":""Polygon"",""coordinates"":[[[-122.71522795621176,38.460206273404836],[-122.72204583062681,38.45845129700782],[-122.72620403718733,38.45387100973366],[-122.72608115979527,38.44825204372514],[-122.7217259855266,38.44378578410369],[-122.71483726000848,38.44221374525772],[-122.70810085645437,38.44414884037649],[-122.70414331225663,38.448836601396],[-122.70450840841931,38.4544491132756],[-122.7090546183941,38.458797461963584],[-122.71522795621176,38.460206273404836]]]}"
"Aedes sierrensis",2022,-121.793992,39.762895,1,104,"00000000000000000067",16.1,14.7967781908302,45,64.1400247831475,34.692936802974,2.0913258983891,32.6016109045849,8.1,24.2009913258984,24.2009913258984,8.1,719.861214374225,147.127633209418,1.09665427509294,81.0384138785626,371.091697645601,18.0966542750929,18.0966542750929,371.091697645601,0,0,0,0,0,1,0,17,2,"{""type"":""Polygon"",""coordinates"":[[[-121.79399105587302,39.771895439286475],[-121.80093703859608,39.77014045342925],[-121.80517334413325,39.76556015109671],[-121.8050481170142,39.75994118563417],[-121.80061111915163,39.755474941391995],[-121.7935930227517,39.75390291110829],[-121.78673010636564,39.75583799592043],[-121.7826982027959,39.7605257422717],[-121.78307011608626,39.76613825577134],[-121.78770171918707,39.770486620089144],[-121.79399105587302,39.771895439286475]]]}"
"Aedes sierrensis",2022,-122.406921,37.679361,1,105,"00000000000000000068",13.6580686149936,8.54091486658196,53.0368487928844,25.4601397712834,21.9756035578145,6.03951715374841,15.9360864040661,10.576874205845,16.2057179161372,16.7705209656925,10.3303684879288,611.862770012706,126.800508259212,1.428208386277,87.5489199491741,320.237611181703,8.52477763659466,14.2121982210928,319.705209656925,0,0,0,0,0,1,0,17,1,"{""type"":""Polygon"",""coordinates"":[[[-122.40692125027549,37.688358176558616],[-122.41366755618259,37.686603205568616],[-122.41778213214106,37.68202292690124],[-122.41766056729477,37.676403960580735],[-122.41335110432581,37.6719376921691],[-122.4065346529025,37.670365648429254],[-122.39986892676133,37.67230074943893],[-122.3959529239034,37.676988518842194],[-122.39631421148337,37.68260102979578],[-122.40081271594634,37.6869493695504],[-122.40692125027549,37.688358176558616]]]}"
"Aedes sierrensis",2022,-121.267218,39.340003,1,106,"00000000000000000069",14.2582389937107,14.0593710691824,43.0691823899371,62.5889433962264,32.9083018867925,0.784779874213837,32.1235220125786,6.70477987421384,22.4353459119497,22.4353459119497,6.70477987421384,1146.85408805031,244.433962264151,1,85,610.656603773585,16,16,610.656603773585,1,0,0,0,0,0,0,1,2,"{""type"":""Polygon"",""coordinates"":[[[-121.26721961202524,39.34900321357976],[-121.27412337345527,39.347248230811196],[-121.27833393955811,39.34266793339504],[-121.27820948689137,39.337048967754235],[-121.27379945602755,39.332582718490904],[-121.26682399696422,39.33101068541173],[-121.26000277597713,39.332945773588854],[-121.25599537939264,39.33763352472914],[-121.25636504597163,39.34324603769987],[-121.26096850566542,39.34759439691471],[-121.26721961202524,39.34900321357976]]]}"
"Aedes sierrensis",2022,-121.917664,37.225011,1,107,"0000000000000000006a",14.8661558109834,13.8338441890166,53.5823754789272,42.1402937420179,28.8799489144317,3.25491698595147,25.6250319284802,9.55057471264368,20.0008939974457,20.2274584929757,9.55057471264368,578.445721583653,124.931034482759,1,90.2528735632184,315.455938697318,5,10.2222222222222,315.455938697318,0,0,0,0,0,1,0,17,1,"{""type"":""Polygon"",""coordinates"":[[[-121.91766422359032,37.2340114520209],[-121.9243696637608,37.232256484161326],[-121.92845932654271,37.227676210476865],[-121.92833851112572,37.22205724397577],[-121.92405514939404,37.217590970475015],[-121.91727996666006,37.21601892390183],[-121.91065459749663,37.217954028322076],[-121.9067623148155,37.222641802579155],[-121.90712142764994,37.22825431299658],[-121.91159269215932,37.23260264757919],[-121.91766422359032,37.2340114520209]]]}"
"Aedes sierrensis",2022,-123.276558,44.58027,1,108,"0000000000000000006b",11.0929824561404,11.7483552631579,44,51.3713596491228,27.3253289473684,0.815021929824562,26.5103070175439,5.22357456140351,17.7381578947368,17.9253289473684,4.87160087719298,1120.29714912281,197.643640350877,12,68.2368421052632,553.377192982456,64.171052631579,69.0328947368421,517.112938596491,0,0,0,0,0,1,0,17,2,"{""type"":""Polygon"",""coordinates"":[[[-123.27655743322374,44.589267425972515],[-123.28405386320311,44.58751240195503],[-123.28862573460691,44.5829320388819],[-123.28849040579236,44.57731307562354],[-123.2837018351746,44.57284689341623],[-123.27612787590303,44.57127489766903],[-123.26872137636951,44.573209940908576],[-123.26436997082952,44.577897628092835],[-123.2647711696558,44.58351014812533],[-123.26976968012,44.587858575488895],[-123.27655743322374,44.589267425972515]]]}"
"Aedes sierrensis",2022,-119.262184,37.031342,1,109,"0000000000000000006c",12.669170984456,14.6900259067358,44.0919689119171,64.8510492227979,31.535103626943,-1.2800518134715,32.8151554404145,5.92331606217617,21.3069948186529,21.3424870466321,5.26269430051814,816.555699481865,154.783678756477,2.83549222797927,82.2629533678757,420.9896373057,14.0712435233161,21.4948186528497,417.339378238342,1,0,0,0,0,0,0,1,1,"{""type"":""Polygon"",""coordinates"":[[[-119.26218482334329,37.04033931596659],[-119.26887312136051,37.038584349429925],[-119.27295233368316,37.03400407785128],[-119.27283183262642,37.02838511127386],[-119.26855941971193,37.02391883562243],[-119.26180154817082,37.02234678785185],[-119.25519310775944,37.02428189371343],[-119.25131077509907,37.028969670021745],[-119.25166897567522,37.034582180212595],[-119.25612881370122,37.0389305126095],[-119.26218482334329,37.04033931596659]]]}"
"Aedes sierrensis",2022,-119.281555,37.035811,1,110,"0000000000000000006d",11.6628238341969,14.4976683937824,45,63.2002461139897,30.2262953367876,-1.93108808290155,32.1573834196891,5.0229274611399,20.0800518134715,20.1536269430052,4.50336787564767,861.325129533679,163.296632124352,3,82,444.415803108808,16,27.3277202072539,439.288860103627,1,0,0,0,0,0,0,1,1,"{""type"":""Polygon"",""coordinates"":[[[-119.28155515831949,37.0448117943232],[-119.28824385035108,37.04305682775606],[-119.29232330287878,37.038476556128906],[-119.29220279459646,37.03285758955325],[-119.2879301300221,37.02839131395136],[-119.28117186058118,37.02681926620836],[-119.2745630310604,37.028754372036744],[-119.27068046969765,37.0334421482978],[-119.27103869124221,37.039054658493875],[-119.27549879190725,37.043402990941125],[-119.28155515831949,37.0448117943232]]]}"
"Aedes sierrensis",2022,-122.384566,45.765077,1,111,"0000000000000000006e",8.80970873786408,10.2427184466019,41,50.8344660194175,23.7001078748652,-0.97259978425027,24.6727076591154,3.18522114347357,15.3687162891046,15.5450916936354,2.72135922330097,2440.66882416397,392.644012944984,30.7864077669903,61.7939590075513,1137.87378640777,166.208198489752,175.513484358145,1064.30420711974,1,0,0,0,0,0,0,1,2,"{""type"":""Polygon"",""coordinates"":[[[-122.38456777669454,45.7740773304794],[-122.39222184651949,45.77232229610837],[-122.39688981723239,45.76774191655567],[-122.39675159337132,45.76212295389584],[-122.3918623381152,45.75765678851923],[-122.38412919153309,45.75608480214192],[-122.37656702121075,45.75801983410265],[-122.37212411525572,45.76270750523419],[-122.37253369883632,45.76832002703861],[-122.37763728452424,45.77266847150725],[-122.38456777669454,45.7740773304794]]]}"
"Aedes sierrensis",2022,-119.013482,36.980194,1,112,"0000000000000000006f",7.0616368286445,12.2893861892583,43.4936061381074,56.8772122762148,23.3317135549872,-4.60345268542199,27.9351662404092,1.01777493606138,14.7010230179028,14.833631713555,0.98849104859335,827.993606138107,154.809462915601,5.72122762148337,78.2570332480818,419.187979539642,23.1624040920716,38.4002557544757,416.437340153453,1,0,0,0,0,0,0,1,1,"{""type"":""Polygon"",""coordinates"":[[[-119.01348292118843,36.989193426883574],[-119.02016671957125,36.98743846069514],[-119.02424318875816,36.982858189670814],[-119.02412277021706,36.97723922307332],[-119.0198532312517,36.97277294685575],[-119.01309990371708,36.97120089876998],[-119.00649590692541,36.973136005010964],[-119.00261618604053,36.977823781859236],[-119.00297414715791,36.98343629199043],[-119.00743098585212,36.98778462381198],[-119.01348292118843,36.989193426883574]]]}"
"Aedes sierrensis",2022,-121.849573,45.825584,1,113,"00000000000000000070",8.0248654467169,10.9148546824543,39,58.5362325080732,24.5195909580194,-3.11280947255113,27.6324004305705,1.40193756727664,15.6384284176534,15.6384284176534,0.865554359526372,2180.08288482239,382.640473627557,21.05382131324,69.7965554359526,1082.14854682454,118.35199138859,122.278794402583,1025.14962325081,1,0,0,0,0,0,0,1,2,"{""type"":""Polygon"",""coordinates"":[[[-121.8495737505042,45.834582872673614],[-121.8572361373788,45.8328278377621],[-121.8619091782498,45.82824745734914],[-121.86177080161782,45.82262849472056],[-121.85687623426581,45.81816233022254],[-121.84913468903851,45.81659034433436],[-121.84156430559922,45.81852537570631],[-121.83711657210112,45.82321304599987],[-121.83752659802946,45.82882556789679],[-121.84263572744564,45.833174013258336],[-121.8495737505042,45.834582872673614]]]}"
"Aedes sierrensis",2022,-122.003014,45.81838,1,114,"00000000000000000071",8.43055555555556,10.5269230769231,39,55.967532051282,24.2855769230769,-2.23450854700855,26.5200854700855,2.16207264957265,15.688141025641,15.7392094017094,1.57980769230769,2515.63354700855,433.653846153846,24.7393162393162,68.2692307692308,1230.98504273504,139.75641025641,155.504273504273,1164.65598290598,1,0,0,0,0,0,0,1,2,"{""type"":""Polygon"",""coordinates"":[[[-122.00301587685433,45.82737696537124],[-122.01067727181363,45.825621930524164],[-122.01534970800307,45.82104155021375],[-122.01521134959117,45.815422587581445],[-122.01031741577498,45.81095642297869],[-122.00257687219404,45.809384437032186],[-121.99500746827447,45.81131946847433],[-121.99056031052307,45.8160071388678],[-121.9909702836959,45.82161966075368],[-121.99607875195117,45.82596810600879],[-122.00301587685433,45.82737696537124]]]}"
"Aedes sierrensis",2022,-122.060122,37.038113,1,115,"00000000000000000072",13.6745148771022,12.425873221216,59.4256144890039,31.3184864165589,24.5351875808538,3.71552393272963,20.8196636481242,9.75329883570505,17.3455368693402,17.6978007761966,9.75329883570505,777.285899094437,170.782664941785,2,91.222509702458,434.70892626132,8.52393272962484,13.6688227684347,434.70892626132,1,0,0,0,0,0,0,1,1,"{""type"":""Polygon"",""coordinates"":[[[-122.06012358404581,37.04711269046678],[-122.0668124788147,37.04535772388397],[-122.07089205493818,37.04077745223186],[-122.07077154293799,37.0351584856571],[-122.0664987488739,37.03069221008071],[-122.05974027469645,37.0291201623519],[-122.05313124496223,37.03105526816319],[-122.04924856592227,37.03574304439994],[-122.04960679825598,37.04135555459869],[-122.0540670340601,37.045703887071845],[-122.06012358404581,37.04711269046678]]]}"
"Aedes sierrensis",2022,-122.840026,49.147613,1,116,"00000000000000000073",9.66830491474424,8.55285857572718,36.3660982948847,51.4629087261785,22.6881644934804,-0.549047141424273,23.2372116349047,3.74012036108325,16.3143430290873,16.3143430290873,3.27923771313942,1319.73520561685,198.166499498495,38,50.1193580742227,564.964894684052,139.802407221665,139.802407221665,521.328986960883,0,0,0,0,0,1,0,17,2,"{""type"":""Polygon"",""coordinates"":[[[-122.84002481739455,49.15661315749079],[-122.84818791095852,49.15485809094895],[-122.85316618298738,49.15027766019165],[-122.85301860348696,49.1446586993929],[-122.84780423645107,49.14019258631189],[-122.8395570818493,49.13862062904767],[-122.83149225771537,49.14055562596404],[-122.8267538947841,49.145243247217145],[-122.82719054513473,49.15085577452587],[-122.83263341627891,49.15520427214283],[-122.84002481739455,49.15661315749079]]]}"
"Aedes sierrensis",2022,-125.533916,49.581598,1,117,"00000000000000000074",6.16936936936937,8.05215215215215,38.4754754754755,44.6101301301301,18.2833833833834,-2.4032032032032,20.6865865865866,1.56656656656657,12.0796796796797,12.1638638638639,1.1008008008008,2167.3033033033,321.874874874875,61.0800800800801,52.6466466466467,920.93993993994,209.434434434434,232.102102102102,846.232232232232,1,0,0,0,0,0,0,1,2,"{""type"":""Polygon"",""coordinates"":[[[-125.53391491411598,49.59059516751741],[-125.54215039493472,49.588840096531946],[-125.54717279348078,49.58425965870213],[-125.54702388255328,49.578640698160605],[-125.54176328226767,49.57417459230282],[-125.53344303325545,49.57260263905971],[-125.52530672927243,49.57453763113573],[-125.52052635006764,49.57922524549946],[-125.52096684849671,49.584837773568296],[-125.52645796802007,49.58918627852628],[-125.53391491411598,49.59059516751741]]]}"
"Aedes sierrensis",2022,-120.8607,40.435284,1,118,"00000000000000000075",6.71802679658953,16.3093788063337,44,67.749987819732,28.0152253349574,-8.37771010962241,36.3929354445798,-1.30487210718636,15.4187576126675,15.7058465286236,-1.5020706455542,642.051157125457,103.937880633374,8.04993909866017,60.9220462850183,284.83922046285,43.1997563946407,45.6808769792936,284.79658952497,1,0,0,0,0,0,0,1,2,"{""type"":""Polygon"",""coordinates"":[[[-120.8607012053868,40.44428328713557],[-120.8677161862641,40.442528296288415],[-120.87199455517478,40.43794798601313],[-120.87186806234577,40.432329020838665],[-120.86738699496402,40.42786278470847],[-120.86029922067488,40.426290758941],[-120.85336816570687,40.42822583831683],[-120.84929621276137,40.43291357693115],[-120.84967179753059,40.438526091285226],[-120.85434939259234,40.44287446384717],[-120.8607012053868,40.44428328713557]]]}"
"Aedes sierrensis",2021,-122.539688,37.977858,1,119,"00000000000000000076",14.3512853470437,10.4021850899743,51.1105398457584,36.1158611825193,24.78470437018,4.61555269922879,20.1691516709512,10.0161953727506,18.5483290488432,18.770822622108,9.6155526992288,1060.49742930591,232.508997429306,1,92.901028277635,596.33676092545,10,13.6709511568123,590.57969151671,0,0,0,0,0,1,0,17,3,"{""type"":""Polygon"",""coordinates"":[[[-122.53968652504076,37.98685486017734],[-122.54646018406268,37.98509988710979],[-122.55059143542097,37.980519605135406],[-122.55046936893687,37.97490063893478],[-122.54614243534213,37.97043437390061],[-122.53929836111487,37.968862332041155],[-122.53260562241441,37.97079743078736],[-122.52867374266975,37.975485196969295],[-122.52903648588135,37.981097708278696],[-122.5335532231528,37.9854460514658],[-122.53968652504076,37.98685486017734]]]}"
"Aedes sierrensis",2021,-122.90117,38.494208,1,120,"00000000000000000077",13.7692015209126,14.7622306717364,57.3143219264892,39.3462103929024,28.0282636248416,2.53143219264892,25.4968314321927,8.70063371356147,18.3666666666667,18.6314321926489,8.70063371356147,1065.92775665399,234.916349809886,2,91.106463878327,593.686945500634,12,19.7731305449937,593.686945500634,0,0,0,0,0,1,0,17,2,"{""type"":""Polygon"",""coordinates"":[[[-122.9011680110394,38.50320538486321],[-122.90798995371401,38.50145040816158],[-122.91215064042196,38.49687012040256],[-122.91202768841639,38.49125115441162],[-122.90766991572298,38.48678489528537],[-122.90077708184141,38.485212856715094],[-122.89403666068576,38.487147951502],[-122.89007675510106,38.4918357120492],[-122.89044206775696,38.49744822398098],[-122.89499098951465,38.50179657317222],[-122.9011680110394,38.50320538486321]]]}"
"Aedes sierrensis",2021,-118.357727,34.26552,1,121,"00000000000000000078",17.0649725274725,14.2013736263736,51.7197802197802,45.9475,31.8021978021978,4.51510989010989,27.2870879120879,12.1429945054945,22.7836538461539,23.4620879120879,11.6423076923077,444.921703296703,92.967032967033,1,90.6868131868132,254.465659340659,7.10714285714286,14.9052197802198,239.373626373626,0,0,0,0,0,1,0,17,3,"{""type"":""Polygon"",""coordinates"":[[[-118.35772752026868,34.274515001050986],[-118.36418809551373,34.27276005270997],[-118.3681284798798,34.2681798100952],[-118.36801215472406,34.26256084246848],[-118.3638851900364,34.258094537235955],[-118.35735728715261,34.256522472996004],[-118.3509737348936,34.25845759868219],[-118.34722358204318,34.263145403203815],[-118.34756966365204,34.26875791027777],[-118.35187770786733,34.27310621261184],[-118.35772752026868,34.274515001050986]]]}"
"Aedes sierrensis",2021,-122.956863,38.413722,1,122,"00000000000000000079",12.8449056603774,13.6520754716981,57.2805031446541,37.2993962264151,26.2588679245283,2.52805031446541,23.7308176100629,8.64981132075472,17.3304402515723,17.6304402515723,8.1948427672956,1272.38867924528,271.149685534591,2.14716981132075,89.6805031446541,694.558490566038,14.0805031446541,24.6578616352201,682.792452830189,1,0,0,0,0,0,0,1,2,"{""type"":""Polygon"",""coordinates"":[[[-122.95686218319695,38.42272306994957],[-122.96367651831275,38.420968093817784],[-122.96783256719765,38.41638780696583],[-122.96770975471745,38.410768840942005],[-122.96335684102306,38.40630258088935],[-122.95647168969413,38.40473054180332],[-122.94973878136824,38.40666563721106],[-122.94578329152687,38.41135339864183],[-122.94614819934482,38.416965910476016],[-122.95069205012602,38.42131425872577],[-122.95686218319695,38.42272306994957]]]}"
"Aedes sierrensis",2021,-122.25674,38.274815,1,123,"0000000000000000007a",14.7041457286432,13.9962311557789,52.9572864321608,45.3958668341708,29.1738693467337,2.99409547738693,26.1797738693467,8.8144472361809,20.0695979899498,20.2701005025126,8.8144472361809,692.996231155779,153.070351758794,1,90.1922110552764,385.071608040201,7.46859296482412,11.9761306532663,385.071608040201,0,0,0,0,0,1,0,17,3,"{""type"":""Polygon"",""coordinates"":[[[-122.2567387267954,38.28381315393262],[-122.26354000286246,38.282058178781384],[-122.267688090511,38.27747789349025],[-122.2675655175359,38.27185892740984],[-122.26322094474452,38.26739266576311],[-122.25634898120228,38.26582062578959],[-122.2496289693184,38.26775572226563],[-122.24568105949182,38.272443485216776],[-122.24604527236697,38.278055996883026],[-122.25058041836577,38.282404343512745],[-122.2567387267954,38.28381315393262]]]}"
"Aedes sierrensis",2021,-123.162793,39.261488,1,124,"0000000000000000007b",13.2377028714107,16.7128589263421,52,52.8730337078652,32.1353308364544,0.22059925093633,31.9147315855181,7.38951310861423,20.1985018726592,20.267290886392,7.09588014981273,1143.69038701623,228.293383270911,2,87.1423220973783,610.534332084894,13.7802746566792,27.4057428214732,600.380774032459,0,1,0,0,0,0,0,8,2,"{""type"":""Polygon"",""coordinates"":[[[-123.16279238804718,39.270487362230696],[-123.16968840817164,39.26873238003146],[-123.17389425492611,39.26415208352155],[-123.1737699442512,39.25853311784788],[-123.16936485780789,39.25406686765899],[-123.16239721633978,39.252494834064514],[-123.15558364024251,39.254429922861924],[-123.15158073703246,39.25911767488497],[-123.15194999167038,39.26473018775821],[-123.15654829124603,39.26907854603242],[-123.16279238804718,39.270487362230696]]]}"
"Aedes sierrensis",2021,-122.268618,37.967085,1,125,"0000000000000000007c",14.2876729559748,10.5812578616352,52.674213836478,34.5203396226415,24.7636477987421,4.86389937106918,19.899748427673,9.75295597484277,18.0296855345912,18.4817610062893,9.75295597484277,684.134591194969,147.244025157233,1,88.7761006289308,368.516981132076,7.61635220125786,12.0125786163522,368.516981132076,0,0,0,0,0,1,0,17,3,"{""type"":""Polygon"",""coordinates"":[[[-122.26861777200179,37.976081672032215],[-122.27539043675007,37.97432669903994],[-122.27952108196514,37.969746417185384],[-122.27939903371555,37.964127450980406],[-122.27507273517028,37.95966118582387],[-122.2682296650194,37.958089143896274],[-122.26153790821317,37.960024242724494],[-122.25760660558629,37.96471200902315],[-122.25796929588655,37.970324520319664],[-122.26248537040364,37.974672863382395],[-122.26861777200179,37.976081672032215]]]}"
"Aedes sierrensis",2021,-122.348797,37.287316,1,126,"0000000000000000007d",12.725322997416,10.8919896640827,59.406976744186,27.0191085271318,22.3337209302326,4.15645994832041,18.1772609819121,9.5406976744186,15.8383720930233,16.3248062015504,9.5406976744186,790.589147286822,156.295865633075,3,85.1912144702842,406.112403100775,13,17.0555555555556,406.112403100775,1,0,0,0,0,0,0,6,1,"{""type"":""Polygon"",""coordinates"":[[[-122.34879686804379,37.29631401193966],[-122.35550785770823,37.29455904365305],[-122.35960090365612,37.28997876928888],[-122.35947998646931,37.28435980281242],[-122.35519308023595,37.27989353000587],[-122.34841229328546,37.27832148381917],[-122.34178144371447,37.28025658777419],[-122.33788593987565,37.284944361369156],[-122.33824534803806,37.29055687185972],[-122.34272031168541,37.29490520714785],[-122.34879686804379,37.29631401193966]]]}"
"Aedes sierrensis",2021,-122.771511,38.443643,1,127,"0000000000000000007e",13.9,14.6466413181242,57.6134347275032,39.6798225602028,27.8964512040558,2.69391634980989,25.2025348542459,8.8,18.4647655259823,18.7851711026616,8.8,892.871989860583,197.371356147022,1,90.9404309252218,501.216730038023,10,17,501.216730038023,0,0,0,0,0,1,0,17,2,"{""type"":""Polygon"",""coordinates"":[[[-122.77151072970837,38.452643638018195],[-122.7783278895011,38.4508886616747],[-122.78248566040389,38.44630837448577],[-122.78236279611825,38.440689408474164],[-122.77800807828366,38.43622314876567],[-122.77112007443246,38.43465110987125],[-122.76438437660221,38.43658620504834],[-122.76042724720097,38.44127396615087],[-122.76079230533487,38.446886478021305],[-122.7653380389633,38.45123482662083],[-122.77151072970837,38.452643638018195]]]}"
"Aedes sierrensis",2021,-124.21952,48.606247,1,128,"0000000000000000007f",8.99837067209776,8.40947046843177,38.6598778004073,46.0045010183299,21.7183299389002,0.266293279022403,21.4520366598778,3.92627291242362,14.8801425661914,14.9975560081466,3.42281059063136,2013.54378818737,330.100814663951,37.3207739307536,64,943.776985743381,133.069246435845,159.391038696538,877.145621181263,1,0,0,0,0,0,0,1,3,"{""type"":""Polygon"",""coordinates"":[[[-124.21951907389489,48.61524707589509],[-124.22759427605463,48.61349201478846],[-124.23251897011725,48.60891159268201],[-124.23237300687644,48.60329263156869],[-124.22721477557178,48.598826509652525],[-124.21905637155807,48.59725454746982],[-124.2110783376049,48.59918955030673],[-124.20639099016228,48.60387717998665],[-124.20682296788456,48.60948970636559],[-124.21220725639529,48.6138381950033],[-124.21951907389489,48.61524707589509]]]}"
"Aedes sierrensis",2021,-122.5953,49.19776,1,129,"00000000000000000080",9.74853977844914,8.9963746223565,36.686807653575,53.3685397784491,23.3442094662638,-0.973917421953676,24.3181268882175,3.46435045317221,16.5673716012085,16.5673716012085,3.00342396777442,1527.4612286002,223.913393756294,45.0201409869084,47.9738167170191,637.743202416919,166.928499496475,166.928499496475,585.743202416919,0,0,0,0,0,0,1,18,2,"{""type"":""Polygon"",""coordinates"":[[[-122.59530043337932,49.20676020793785],[-122.60347180236903,49.205005140886534],[-122.60845511902194,49.20042470931835],[-122.60830738732342,49.19480574854909],[-122.60308773482586,49.190339636296244],[-122.59483222393372,49.18876767949307],[-122.58675922808993,49.190702675854475],[-122.58201606179068,49.19539029631769],[-122.58245315207317,49.201002823713566],[-122.5879015390581,49.205351322172184],[-122.59530043337932,49.20676020793785]]]}"
"Aedes sierrensis",2021,-121.982655,45.837416,1,130,"00000000000000000081",8.04561965811966,10.5528846153846,39.2297008547009,56.0769444444445,23.965811965812,-2.58344017094017,26.5492521367521,1.77083333333333,15.3169871794872,15.3564102564103,1.25844017094017,2462.80021367521,423.120726495727,24.7638888888889,68.1912393162393,1204.38247863248,139.037393162393,155.082264957265,1138.63247863248,1,0,0,0,0,0,0,1,2,"{""type"":""Polygon"",""coordinates"":[[[-121.9826556214443,45.84641286776841],[-121.9903196375741,45.84465783275109],[-121.99499367165535,45.8400774521697],[-121.99485526509616,45.834458489547245],[-121.9899596571397,45.829992325221234],[-121.98221646667379,45.8284203394288],[-121.97464447433954,45.83035537068548],[-121.97019579515761,45.835043040815],[-121.97060590773862,45.84065556273002],[-121.97571612313433,45.845004008266386],[-121.9826556214443,45.84641286776841]]]}"
"Aedes sierrensis",2018,-122.00351,45.829151,1,131,"00000000000000000082",7.98988159311087,10.472874058127,39,55.7078040904198,23.8409041980624,-2.53735199138859,26.378256189451,1.8032292787944,15.2564047362756,15.3319698600646,1.26286329386437,2488.82238966631,425.437029063509,25.5780409041981,67.7287405812702,1213.08396124865,142.462863293864,158.035522066738,1146.45640473628,1,0,0,0,0,0,0,1,2,"{""type"":""Polygon"",""coordinates"":[[[-122.00351083707129,45.83815015351637],[-122.01117371513294,45.836395118572945],[-122.01584705543652,45.83181473810921],[-122.01570866978209,45.82619577548247],[-122.01081378870914,45.82172961103632],[-122.0030717474761,45.820157625176996],[-121.99550087898787,45.8220926565142],[-121.99105286038544,45.82678032675831],[-121.99146291243781,45.832392848660675],[-121.9965723692546,45.83674129407493],[-122.00351083707129,45.83815015351637]]]}"
"Aedes sierrensis",2021,-122.068238,37.227701,1,132,"00000000000000000083",12.7606727037516,12.371021992238,52.1824062095731,41.3968822768435,26.3980595084088,2.91966364812419,23.4783958602846,8.30310478654593,18.0122897800776,18.4772315653299,8.27244501940492,897.46830530401,176.787839586028,2,86.0996119016818,469.67787839586,11.5109961190168,16.9818887451488,466.61190168176,1,0,0,0,0,0,0,1,1,"{""type"":""Polygon"",""coordinates"":[[[-122.0682391479631,37.23670028995613],[-122.074944827284,37.23494532207813],[-122.07903463586042,37.23036504836437],[-122.07891381605775,37.224746081864325],[-122.074630301579,37.220279808393514],[-122.06785487733632,37.21870776183699],[-122.06122927199961,37.22064286623718],[-122.0573368505056,37.2253306404657],[-122.05769597606695,37.23094315088628],[-122.06216739998736,37.235291485499324],[-122.0682391479631,37.23670028995613]]]}"
"Aedes sierrensis",2021,-118.864039,37.585029,1,133,"00000000000000000084",4.95209656925032,13.8139771283355,44.1969504447268,59.9601016518424,22.5315120711563,-8.28856416772554,30.8200762388818,-1.85400254129606,13.043583227446,13.0438373570521,-1.85654383735705,436.2833545108,74.4345616264295,12.3087674714104,59.6988564167725,197.189326556544,39.2655654383736,39.2884371029225,196.986022871665,0,1,0,0,0,0,0,8,1,"{""type"":""Polygon"",""coordinates"":[[[-118.86404060848325,37.59402589377298],[-118.8707783539587,37.592270923436054],[-118.87488771118146,37.58769064580823],[-118.87476630332536,37.582071679450046],[-118.87046230796459,37.577605409976705],[-118.86365450137893,37.576033365645756],[-118.85699722909301,37.57796846736695],[-118.85308619506627,37.582656237782835],[-118.85344702708917,37.58826874862457],[-118.85793982541003,37.59261708730019],[-118.86404060848325,37.59402589377298]]]}"
"Aedes sierrensis",2021,-122.075359,37.236549,1,134,"00000000000000000085",13.0444587628866,12.4969072164948,53.2164948453608,40.2970618556701,26.4074742268041,3.05322164948454,23.3542525773196,8.56146907216495,18.1088917525773,18.5569587628866,8.55579896907217,898.643041237113,180.368556701031,2,87.145618556701,474.838917525773,11.1649484536082,16.430412371134,474.215206185567,1,0,0,0,0,0,0,1,1,"{""type"":""Polygon"",""coordinates"":[[[-122.07536033234544,37.24554714644617],[-122.08206679874758,37.24379217850758],[-122.0861570871563,37.239211904697356],[-122.08603625291973,37.23359293820081],[-122.0817522357265,37.22912666482851],[-122.0749760166413,37.22755461832683],[-122.0683496340218,37.229489722661],[-122.06445675567302,37.23417749679557],[-122.06481592312055,37.239790007226524],[-122.0692878716874,37.24413834193968],[-122.07536033234544,37.24554714644617]]]}"
"Aedes sierrensis",2021,-122.336096,45.763458,1,135,"00000000000000000086",9.50899357601713,10.3672376873662,41,51.6459528907923,24.5119914346895,-0.531584582441114,25.0435760171306,3.76370449678801,16.1184154175589,16.3119914346895,3.22226980728051,2335.80728051392,375.624197002141,29.6209850107066,61.3576017130621,1084.51070663812,161.077087794433,168.783725910064,1015.54496788009,1,0,0,0,0,0,0,1,2,"{""type"":""Polygon"",""coordinates"":[[[-122.33609734824357,45.772458676797],[-122.34375119593466,45.77070364244042],[-122.34841903123244,45.76612326291071],[-122.3482808114516,45.760504300250034],[-122.34339169807228,45.75603813484995],[-122.33565877580337,45.75446614845957],[-122.32809682483912,45.75640118043602],[-122.3236540478193,45.76108885158996],[-122.32406361958552,45.766701373391925],[-122.32916705721016,45.77104981783669],[-122.33609734824357,45.772458676797]]]}"
"Aedes sierrensis",2021,-122.308509,45.747351,1,136,"00000000000000000087",8.91707841031149,10.2001074113856,40.3490870032223,51.4569817400644,23.8978517722879,-0.979699248120301,24.8775510204082,3.22298603651987,15.5593984962406,15.7228786251343,2.71353383458647,2485.53276047261,401.012889366273,30.1235230934479,62.1997851772288,1162.21482277121,165.353383458647,174.444683136412,1089.89473684211,1,0,0,0,0,0,0,1,2,"{""type"":""Polygon"",""coordinates"":[[[-122.30850889002592,45.7563479446909],[-122.31616052781672,45.754592910478],[-122.3208270159364,45.750012531177035],[-122.3206888367474,45.74439356850805],[-122.31580113483052,45.739927402874365],[-122.30807044414321,45.738355416353926],[-122.30051067546438,45.74029044848693],[-122.29606918115776,45.744978119863674],[-122.29647863538844,45.75059064164104],[-122.30158060000394,45.7549390858484],[-122.30850889002592,45.7563479446909]]]}"
"Aedes sierrensis",2021,-119.003531,37.025513,1,137,"00000000000000000088",5.59083870967742,12.052,43.1393548387097,55.9156387096774,21.7058064516129,-5.86064516129032,27.5664516129032,-0.312645161290323,13.1632258064516,13.2949677419355,-0.330451612903226,752.272258064516,138.783225806452,7.89161290322581,75.4761290322581,371.076129032258,27.9354838709677,42.8541935483871,370.852903225806,1,0,0,0,0,0,0,1,1,"{""type"":""Polygon"",""coordinates"":[[[-119.00353020763714,37.03451127088974],[-119.01021799234866,37.03275630439278],[-119.01429689174208,37.02817603287733],[-119.01417640009849,37.02255706629763],[-119.00990431503605,37.01809079058165],[-119.00314696186248,37.01651874277513],[-118.99653902836674,37.01845384867997],[-118.99265699365041,37.02314162504985],[-118.99301516690977,37.028754135233896],[-118.9974746627804,37.033102467565186],[-119.00353020763714,37.03451127088974]]]}"
"Aedes sierrensis",2021,-128.835754,53.470295,1,138,"00000000000000000089",6.59838709677419,6.3241935483871,28.134724857685,54.9351612903226,18.6012333965844,-3.49971537001898,22.1009487666034,3.24259962049336,11.7403225806452,13.6449715370019,-0.258444022770399,2691.41461100569,399.944022770398,87.0246679316888,46.3870967741935,1090.0009487666,300.283681214421,301.822580645161,917.741935483871,1,0,0,0,0,0,0,1,3,"{""type"":""Polygon"",""coordinates"":[[[-128.83575438936316,53.47929247330754],[-128.84472508433842,53.47753735859904],[-128.8501956494672,53.47295685118061],[-128.85003320087526,53.46733789317212],[-128.84430302806504,53.46287185838553],[-128.83524040741568,53.461299944706305],[-128.82637812889868,53.46323488915791],[-128.8211710050132,53.46792243573487],[-128.82165057155783,53.47353497128051],[-128.82763172337707,53.47788354846923],[-128.83575438936316,53.47929247330754]]]}"
"Aedes sierrensis",2021,-128.553,53.44912,1,139,"0000000000000000008a",6.87342582710779,6.4,27.1494130202775,57.641750266809,19.3225186766275,-3.64962646744931,22.9721451440768,3.33831376734258,12.367022411953,14.2418356456777,-0.383030949839915,2562.47065101387,393.102454642476,83,47.6403415154749,1045.02774813234,281.747065101387,287.384204909285,874.517609391675,1,0,0,0,0,0,0,1,3,"{""type"":""Polygon"",""coordinates"":[[[-128.55299387336203,53.45812066150578],[-128.56196009511467,53.456365547056635],[-128.56742793355815,53.45178504005103],[-128.56726556741637,53.44616608202748],[-128.56153825157872,53.4417000468193],[-128.55248014755907,53.4401281329054],[-128.54362228591614,53.4420630776395],[-128.53841775844307,53.446750624618566],[-128.53889708737594,53.452363160119866],[-128.5448752577814,53.45671173688011],[-128.55299387336203,53.45812066150578]]]}"
"Aedes sierrensis",2020,-122.162753,37.353317,1,140,"0000000000000000008b",13.833462033462,12.0555984555985,54.98712998713,35.9775933075933,25.5796653796654,3.75199485199485,21.8276705276705,9.40862290862291,18.1567567567568,18.5199485199485,9.40862290862291,683.617760617761,139.553410553411,2,87.6743886743887,360.47232947233,9.04118404118404,13.4285714285714,360.47232947233,1,0,0,0,0,0,0,6,1,"{""type"":""Polygon"",""coordinates"":[[[-122.16275425389193,37.36231762573276],[-122.16947114141581,37.36056265699301],[-122.17356778290505,37.3559823819075],[-122.17344675755947,37.35036341545718],[-122.16915608432099,37.34589714338733],[-122.16236934135414,37.344325097610785],[-122.15573266734768,37.346260201072084],[-122.15183374014534,37.35094797396442],[-122.15219346217427,37.35656048453261],[-122.15667235717001,37.36090882056943],[-122.16275425389193,37.36231762573276]]]}"
"Aedes sierrensis",2020,-122.554108,38.060965,1,141,"0000000000000000008c",13.9711907810499,11.6261203585147,53,37.4291037131882,25.660947503201,4.05006402048656,21.6108834827145,9.40832266325224,18.2973111395647,18.6434058898848,9.15633802816902,968.277848911652,213.537772087068,1.17541613316261,92.2855313700384,540.568501920615,9.8898847631242,14.2880921895006,539.139564660692,0,0,0,0,0,1,0,17,3,"{""type"":""Polygon"",""coordinates"":[[[-122.5541072578476,38.06996358561147],[-122.56088860498706,38.068208611962476],[-122.56502454328452,38.06362832906256],[-122.56490233580323,38.05800936289547],[-122.56057049175459,38.053543098806564],[-122.55371865361221,38.051971057473374],[-122.54701832251733,38.05390615558609],[-122.54308198026929,38.05859392086649],[-122.54344513261175,38.064206432275476],[-122.54796699456205,38.06855477642323],[-122.5541072578476,38.06996358561147]]]}"
"Aedes sierrensis",2020,-122.787739,38.552931,1,142,"0000000000000000008d",14.2586380832282,15.1397225725095,55.6796973518285,43.2735687263556,29.4810844892812,2.45649432534678,27.0245901639344,8.75649432534678,19.4337957124842,19.5598991172762,8.75649432534678,1004.52837326608,221.653215636822,2,91.0403530895334,564.698612862547,11.718789407314,18.9394703656999,564.698612862547,0,0,0,0,0,1,0,17,2,"{""type"":""Polygon"",""coordinates"":[[[-122.78773739844185,38.5619317457371],[-122.79456491143952,38.56017676861887],[-122.79872899400263,38.5555964801967],[-122.79860593983464,38.54997751422979],[-122.79424460933859,38.54551125578081],[-122.78734615022397,38.543939217587614],[-122.78060022810789,38.54587431192064],[-122.77663708927629,38.55056207182188],[-122.77700269835739,38.556174583825],[-122.7815553331292,38.56052293370455],[-122.78773739844185,38.5619317457371]]]}"
"Aedes sierrensis",2020,-122.532937,37.877147,1,143,"0000000000000000008e",13.9708701134931,9.15952080706179,52.1197982345523,29.4229129886507,22.8548549810845,5.36052963430012,17.4943253467844,10.4720050441362,17.0936948297604,17.5562421185372,10.043001261034,884.290037831021,184.372005044136,1.35561160151324,89.5321563682219,477.833543505675,10.7250945775536,14.4577553593947,471.646910466583,0,0,0,0,0,1,0,17,3,"{""type"":""Polygon"",""coordinates"":[[[-122.53293544604587,37.88614606288527],[-122.53969983120126,37.88439109052054],[-122.54382542889266,37.87981080966488],[-122.5437035324864,37.8741918434237],[-122.53938252217472,37.869725577246975],[-122.53254781324772,37.86815353475139],[-122.5258642329488,37.870088634263304],[-122.52193773614226,37.874776401535],[-122.52229998583442,37.88038891272403],[-122.52681054141121,37.88473725474994],[-122.53293544604587,37.88614606288527]]]}"
"Aedes sierrensis",2020,-118.72172,35.910467,1,144,"0000000000000000008f",15.0778795811518,14.9832460732984,43.6858638743455,67.4885209424084,34.0907068062827,0.0857329842931937,34.0049738219895,8.13010471204189,24.0163612565445,24.0163612565445,7.11976439790576,490.780104712042,91.3952879581152,1.50261780104712,81.2395287958115,255.26832460733,10.9096858638743,10.9096858638743,245.78664921466,0,1,0,0,0,0,0,8,1,"{""type"":""Polygon"",""coordinates"":[[[-118.7217194801604,35.91946400236401],[-118.72831172828846,35.91770904335402],[-118.73233238517732,35.9131287837563],[-118.73221364547156,35.90750981674476],[-118.7280025803293,35.9030435288571],[-118.72134170592027,35.90147147427398],[-118.71482811976585,35.90340658833598],[-118.71100153847168,35.908094376314764],[-118.71135462748049,35.91370688521638],[-118.71575044127717,35.91805520517776],[-118.7217194801604,35.91946400236401]]]}"
"Aedes sierrensis",2020,-122.859255,38.516045,1,145,"00000000000000000090",14.0315461346633,14.9536159600998,57,40.7121197007481,28.5547381546135,2.54650872817955,26.0082294264339,8.75199501246883,18.752493765586,18.9760598503741,8.75199501246883,1025.39775561097,227.288029925187,2,91.6259351620948,575.436408977556,11.6620947630923,19.0349127182045,575.436408977556,0,0,0,0,1,0,0,15,2,"{""type"":""Polygon"",""coordinates"":[[[-122.85925692023808,38.52504160272192],[-122.86608093222644,38.523286625865474],[-122.87024288045728,38.51870633786],[-122.87011989049957,38.513087371878],[-122.86576079612158,38.50862111300344],[-122.85886587252767,38.5070490745733],[-122.85212340782562,38.508984169191535],[-122.8481623011253,38.51367192949866],[-122.84852772389993,38.51928444145696],[-122.85307802500161,38.523632790903996],[-122.85925692023808,38.52504160272192]]]}"
"Aedes sierrensis",2020,-122.190454,37.30716,1,146,"00000000000000000091",12.7633333333333,11.7928205128205,53.5230769230769,38.1242820512821,25.2855128205128,3.40012820512821,21.8853846153846,8.64782051282051,17.5125641025641,18.0132051282051,8.62076923076923,903.660256410256,177.074358974359,2,85.5230769230769,471.987179487179,12.7730769230769,17.2705128205128,467.929487179487,1,0,0,0,0,0,0,1,1,"{""type"":""Polygon"",""coordinates"":[[[-122.19045418963594,37.31615701162749],[-122.1971669503781,37.31440204320473],[-122.20126107603697,37.309821768623834],[-122.20114012637106,37.30420280215523],[-122.19685208893762,37.29973652957002],[-122.19006951344524,37.29816448350655],[-122.183436914845,37.30009958731324],[-122.17954038299882,37.30478736069709],[-122.17989988541275,37.31039987121098],[-122.18437602961114,37.31474820672405],[-122.19045418963594,37.31615701162749]]]}"
"Aedes sierrensis",2020,-124.096707,41.237592,1,147,"00000000000000000092",11.4521091811414,9.41873449131514,55,26.5591811414392,20.5477667493797,3.5470223325062,17.0007444168735,8.50173697270472,14.4555831265509,14.8707196029777,8.16550868486352,1526.94416873449,256.738213399504,7,73,741.393300248139,52.151364764268,63.151364764268,699.366004962779,0,0,0,0,0,0,1,18,3,"{""type"":""Polygon"",""coordinates"":[[[-124.09670651268088,41.246591503277884],[-124.10380693292727,41.244836506344306],[-124.10813738812243,41.240256186380996],[-124.10800932779942,41.23463722155795],[-124.10347368984708,41.230170995322226],[-124.09629963479357,41.228598975063335],[-124.08928420514367,41.23053404780833],[-124.08516265967737,41.235221776985625],[-124.08554279058875,41.24083429238181],[-124.09027733666117,41.245182674999434],[-124.09670651268088,41.246591503277884]]]}"
"Aedes sierrensis",2020,-124.946587,49.250088,1,148,"00000000000000000093",8.99146586345382,8.93584337349398,37.9236947791165,50.2195582329317,23.0306224899598,-0.293172690763052,23.3237951807229,3.37158634538153,15.5175702811245,15.5407630522088,2.87279116465864,1993.90963855422,312.357429718876,41.9658634538153,60.5993975903615,892.610441767068,147.722891566265,154.035140562249,828.803212851406,0,0,0,0,0,0,1,18,3,"{""type"":""Polygon"",""coordinates"":[[[-124.94658887796241,49.25908775880002],[-124.95476890680645,49.25733269121598],[-124.95975750242464,49.2527522587999],[-124.95960961145428,49.247133298061485],[-124.95438442796383,49.2426671866746],[-124.94612017260212,49.2410952303535],[-124.93803862544347,49.24303022613461],[-124.93329043263968,49.24771784577188],[-124.93372798328704,49.25333037325889],[-124.93918214234427,49.2576788725976],[-124.94658887796241,49.25908775880002]]]}"
"Aedes sierrensis",2018,-122.489901,47.390545,1,149,"00000000000000000094",10.4991462113127,9.48143009605123,40,48.7355282817503,23.8068303094984,0.464781216648879,23.3420490928495,5.11590181430096,16.8407684098186,16.8407684098186,4.62636072572039,1072.91995731057,168.916755602988,20.4642475987193,60.2230522945571,502.974386339381,87.2742796157951,87.6296691568837,456.108858057631,1,0,0,0,0,0,0,6,2,"{""type"":""Polygon"",""coordinates"":[[[-122.48990066177906,47.399544519289925],[-122.49778774410424,47.39778946997535],[-122.50259776065859,47.39320906663758],[-122.502455255589,47.38759010484199],[-122.4974171756452,47.383123963757235],[-122.48944873248172,47.38155199090338],[-122.48165646326655,47.38348700658549],[-122.47707830777145,47.388174654548024],[-122.47750028307289,47.39378717890952],[-122.48275918235775,47.39813564806605],[-122.48990066177906,47.399544519289925]]]}"
"Aedes sierrensis",2020,-122.20343,37.83247,1,150,"00000000000000000095",14.0656962025316,10.72,52.8974683544304,34.9541392405063,24.7901265822785,4.74227848101266,20.0478481012658,9.62696202531646,17.9664556962025,18.5145569620253,9.62696202531646,676.16582278481,138.639240506329,1,86.3569620253165,351.46835443038,7.94683544303797,12.2924050632911,351.46835443038,0,0,0,0,0,1,0,17,3,"{""type"":""Polygon"",""coordinates"":[[[-122.20343017370148,37.841470329430784],[-122.21019045965724,37.839715357377216],[-122.21431355833565,37.835135077016865],[-122.2141917371061,37.82951611075774],[-122.20987334498186,37.82504984407514],[-122.20304277567047,37.823477801297926],[-122.19636324353459,37.82541290114885],[-122.19243912607422,37.83010066890302],[-122.19280115762227,37.83571318003875],[-122.19730898078924,37.840061521550574],[-122.20343017370148,37.841470329430784]]]}"
"Aedes sierrensis",2020,-123.909954,40.31103,1,151,"00000000000000000096",12.390987654321,11.5214814814815,49.8086419753086,40.7509382716049,25.9096296296296,2.87259259259259,23.037037037037,7.88530864197531,17.6062962962963,17.8062962962963,7.49111111111111,1583.95925925926,291.724691358025,3,82.7518518518519,824.608641975309,28.537037037037,45.8123456790124,808.991358024691,1,0,0,0,0,0,0,1,1,"{""type"":""Polygon"",""coordinates"":[[[-123.9099549014615,40.32003043628131],[-123.91695695608472,40.318275446363714],[-123.92122744476586,40.313695137568075],[-123.92110118906722,40.30807617233994],[-123.91662837775603,40.30360993469858],[-123.90955365704755,40.30203790808979],[-123.90263536728426,40.303972988478336],[-123.89857091726924,40.30866072853396],[-123.89894581422638,40.314273242728866],[-123.9036147930682,40.31862161375502],[-123.9099549014615,40.32003043628131]]]}"
"Aedes sierrensis",2020,-125.148972,50.143275,1,152,"00000000000000000097",9.26872427983539,7.5,33,52.3705761316873,22.2,-0.0868312757201646,22.2868312757202,3.44444444444445,16.3131687242798,16.3131687242798,2.96872427983539,1472.56790123457,218.444444444444,51,49,619.465020576132,172.374485596708,172.374485596708,545.707818930041,1,0,0,0,0,0,0,1,2,"{""type"":""Polygon"",""coordinates"":[[[-125.14897409747513,50.15227245441155],[-125.15730591026195,50.15051737755617],[-125.16238703144492,50.14593693038371],[-125.16223634827819,50.14031797018204],[-125.15691422151738,50.13585187386593],[-125.14849670012717,50.13427992593459],[-125.14026527236284,50.13621491161666],[-125.13542897850688,50.14090251687969],[-125.1358745974905,50.14651504595255],[-125.14142992500246,50.15086356060785],[-125.14897409747513,50.15227245441155]]]}"
"Aedes sierrensis",2020,-124.257392,48.495062,1,153,"00000000000000000098",8.58571428571429,8.3295918367347,39.680612244898,44.363612244898,21.0259183673469,0.15,20.8759183673469,3.80408163265306,14.2723469387755,14.4745918367347,3.32581632653061,2150.95510204082,347.402040816327,41.8510204081633,62.8316326530612,994.668367346939,147.231632653061,176.085714285714,928.6,1,0,0,0,0,0,0,1,3,"{""type"":""Polygon"",""coordinates"":[[[-124.25739021914181,48.504059391127406],[-124.2654476922061,48.50230433112266],[-124.27036157870303,48.49772391077],[-124.27021594144313,48.492104949592914],[-124.26506903362049,48.4876388258856],[-124.25692853208791,48.48606686270577],[-124.24896800516613,48.48800186674295],[-124.24429094836316,48.49268949813123],[-124.24472198349514,48.49830202432167],[-124.25009445492297,48.50265051113901],[-124.25739021914181,48.504059391127406]]]}"
"Aedes sierrensis",2020,-122.223478,48.76389,1,154,"00000000000000000099",9.2596757852077,9.34630192502533,39.6342451874367,48.7951874366768,22.5488348530902,-0.748125633232016,23.2969604863222,3.6047619047619,15.5107396149949,15.5109422492401,3.24498480243161,1329.90476190476,182.034447821682,44.8753799392097,42.2066869300912,533.03242147923,157.995947315096,158.905775075988,483.317122593718,1,0,0,0,0,0,0,1,2,"{""type"":""Polygon"",""coordinates"":[[[-122.22347829203775,48.77288967543757],[-122.23157881719823,48.77113461276035],[-122.23651894801084,48.766554188154075],[-122.2363725191359,48.76093522713167],[-122.2311981141676,48.75646910776856],[-122.22301413954449,48.75489714700714],[-122.21501109981219,48.756832148133206],[-122.21030905394115,48.761519775378055],[-122.21074237796637,48.76713230202568],[-122.21614354515314,48.77148079325809],[-122.22347829203775,48.77288967543757]]]}"
"Aedes sierrensis",2020,-121.430658,35.964589,1,155,"0000000000000000009a",10.9951379763469,14.8063074901445,59.2785808147175,36.7164388961892,25.3128777923785,0.608541392904074,24.7043363994744,7.07082785808147,15.638370565046,16.1419185282523,7.07082785808147,713.880420499343,134.593955321945,1.6622864651774,87.3166885676741,372.662286465177,7.02496714848883,14.9053876478318,372.662286465177,0,1,0,0,0,0,0,8,3,"{""type"":""Polygon"",""coordinates"":[[[-121.43065904293717,35.97358857095073],[-121.43725580790385,35.971833611582255],[-121.44127921841971,35.96725335141387],[-121.44116039588617,35.96163438442301],[-121.43694644580543,35.95716809711816],[-121.43028101001025,35.95559604285953],[-121.42376296324059,35.95753115653095],[-121.41993376018458,35.962218943953864],[-121.42028708957129,35.967831452916876],[-121.4246859141702,35.972179773470565],[-121.43065904293717,35.97358857095073]]]}"
"Aedes sierrensis",2020,-123.43003,48.519597,1,156,"0000000000000000009b",9.28518896833504,7.61644535240041,39.1368743615935,41.890633299285,20.2798774259448,1.0026557711951,19.2772216547497,4.61266598569969,14.6567926455567,14.6806945863126,4.17681307456589,915.531154239019,156.051072522983,18.9918283963228,65.8304392236977,455.755873340143,68.167517875383,74.0898876404494,410.015321756895,1,0,0,0,0,0,0,1,1,"{""type"":""Polygon"",""coordinates"":[[[-123.43003077328126,48.52859782422452],[-123.43809214973975,48.52684276397702],[-123.44300841572687,48.52226234323796],[-123.4428627066974,48.51664338207493],[-123.43771330579662,48.512177258762236],[-123.42956886269359,48.51060529580209],[-123.42160448126715,48.51254029957482],[-123.416925158786,48.51722793058673],[-123.41735640144833,48.522840456818685],[-123.4227314746304,48.5271889440371],[-123.43003077328126,48.52859782422452]]]}"
"Aedes sierrensis",2020,-122.314267,45.746174,1,157,"0000000000000000009c",8.90182992465016,10.2032292787944,40.2088266953714,51.3913778256189,23.8545748116254,-1.02551130247578,24.8800861141012,3.20818083961249,15.5083961248654,15.6935414424112,2.7032292787944,2483.94294940796,400.731969860065,30.1969860064586,62.1969860064586,1161.19698600646,165.437029063509,174.551130247578,1088.91496232508,1,0,0,0,0,0,0,1,2,"{""type"":""Polygon"",""coordinates"":[[[-122.31426558948591,45.75517074201279],[-122.32191706587422,45.753415707810404],[-122.32658345560125,45.748835328526134],[-122.32644527937688,45.74321636585655],[-122.32155768054771,45.73875020020579],[-122.31382715284649,45.737178213675854],[-122.30626754355328,45.739113245820306],[-122.30182614293099,45.74380091721332],[-122.30223558857735,45.74941343898889],[-122.30733744561002,45.7537618831789],[-122.31426558948591,45.75517074201279]]]}"
"Aedes sierrensis",2019,-117.466553,33.675482,1,158,"0000000000000000009d",13.1731774415406,13.9297111416781,48.2242090784044,53.0041265474553,29.5123796423659,0.9707015130674,28.5416781292985,7.57180192572215,20.0390646492435,20.6177441540578,7.33920220082531,809.134800550206,152.105914718019,3,86.6740027510317,437.539202200825,14.5777166437414,29.8156808803301,420.3507565337,0,0,1,0,0,0,0,9,3,"{""type"":""Polygon"",""coordinates"":[[[-117.46655387923224,33.684482290557966],[-117.47296977094486,33.682727345941906],[-117.47688291463949,33.6781471092566],[-117.47676740888728,33.67252814141515],[-117.47266898390096,33.6680618301268],[-117.466186205214,33.666489762515226],[-117.45984678026153,33.66842489225993],[-117.45612256359934,33.673112702557354],[-117.45646626724974,33.67872520899315],[-117.46074452664577,33.683073505172786],[-117.46655387923224,33.684482290557966]]]}"
"Aedes sierrensis",2019,-122.235663,37.408663,1,159,"0000000000000000009e",13.8395109395109,11.1637065637066,54.4169884169884,33.3126126126126,24.2595881595882,4.01634491634492,20.2432432432432,9.62599742599743,17.7836550836551,18.1284427284427,9.62599742599743,589.751608751609,118.787644787645,2,86.6332046332047,306.785070785071,9,12.7400257400257,306.785070785071,1,0,0,0,0,0,0,6,1,"{""type"":""Polygon"",""coordinates"":[[[-122.23566501521685,37.41766398800814],[-122.24238686318249,37.41590901888778],[-122.24648652873024,37.41132874319646],[-122.24636541241651,37.405709776768084],[-122.24207157090837,37.40124350531698],[-122.23527981858696,37.39967145988492],[-122.2286382458931,37.401606562931555],[-122.22473643944356,37.40629433523375],[-122.22509642545201,37.41190684586712],[-122.22957862693949,37.416255182532765],[-122.23566501521685,37.41766398800814]]]}"
"Aedes sierrensis",2019,-122.321275,37.532792,1,160,"0000000000000000009f",13.7248724489796,9.66454081632653,54.2512755102041,29.3347959183673,22.7110969387755,5.00905612244898,17.7020408163265,9.94719387755102,17.0276785714286,17.4508928571429,9.94719387755102,574.5625,118.691326530612,1.57397959183673,86.9566326530612,300.31887755102,8.14795918367347,11.0573979591837,300.31887755102,0,0,0,0,0,1,0,17,1,"{""type"":""Polygon"",""coordinates"":[[[-122.32127529634192,37.5417919840329],[-122.32800831889618,37.5400370140569],[-122.33211479686221,37.53545673700357],[-122.3319934756195,37.52983777062457],[-122.32769249682204,37.52537150056448],[-122.32088945972643,37.52379945590687],[-122.31423685156261,37.52573455802128],[-122.31032855891613,37.53042232899678],[-122.31068913960073,37.5360348397767],[-122.31517878975528,37.54038317785602],[-122.32127529634192,37.5417919840329]]]}"
"Aedes sierrensis",2019,-121.762055,38.541325,1,161,"000000000000000000a0",15.8093789607098,15.1954372623574,48,58.5782129277567,34.2831432192649,2.8,31.4831432192649,8.2596958174905,22.9877059569075,22.9877059569075,8.2596958174905,474.683143219265,106.39670468948,0.00506970849176172,89.4423320659062,266.295310519645,5.78453738910013,5.78453738910013,266.295310519645,0,0,0,0,0,1,0,17,3,"{""type"":""Polygon"",""coordinates"":[[[-121.76205497412822,38.550324705694976],[-121.76888138488297,38.548569728659125],[-121.77304479548202,38.543989440368115],[-121.77292176152976,38.538370474396466],[-121.7685611350436,38.533904215813536],[-121.76166378903727,38.532332177545754],[-121.75491895543867,38.53426727196855],[-121.75095645639466,38.53895503199754],[-121.75132200681985,38.54456754398655],[-121.75587390686886,38.54891589372997],[-121.76205497412822,38.550324705694976]]]}"
"Aedes sierrensis",2019,-122.503293,38.354548,1,162,"000000000000000000a1",14.5188679245283,15.5506918238994,54.9081761006289,44.9054465408805,30.4930817610063,2.56327044025157,27.9298113207547,8.86817610062893,19.9837735849057,20.1837735849057,8.86817610062893,813.637735849056,180.772327044025,1,91.4477987421384,453.919496855346,9,13.388679245283,453.919496855346,0,0,1,0,0,0,0,10,3,"{""type"":""Polygon"",""coordinates"":[[[-122.50329134224256,38.36354633986929],[-122.51010010307974,38.361791364155685],[-122.51425275369678,38.35721107796939],[-122.51413004345018,38.35159211192143],[-122.50978069008524,38.347125851188935],[-122.50290116798632,38.345553811724415],[-122.49617376452944,38.34748890758777],[-122.49222151023106,38.35217666966694],[-122.49258612141186,38.3577891814295],[-122.4971262565412,38.362137528988356],[-122.50329134224256,38.36354633986929]]]}"
"Aedes sierrensis",2019,-126.128745,49.866668,1,163,"000000000000000000a2",7.67267326732673,6.66168316831683,36.539603960396,40.352603960396,17.9473267326733,0.0598019801980198,17.8875247524752,3.36316831683168,12.9248514851485,12.9925742574257,2.92574257425743,2346.14356435644,332.39603960396,67,49.8346534653465,962.933663366337,240.636633663366,258.268316831683,879.69702970297,1,0,0,0,0,0,0,1,2,"{""type"":""Polygon"",""coordinates"":[[[-126.1287456173425,49.8756654978642],[-126.13702961038898,49.87391042391661],[-126.14208158136603,49.86932998137224],[-126.1419317780056,49.86371102100221],[-126.1366401933248,49.85924491995943],[-126.12827095840453,49.85767296939678],[-126.12008675054014,49.85960795824624],[-126.11527821303264,49.8642955680175],[-126.11572129020334,49.869908096592994],[-126.12124474454451,49.87425660644452],[-126.1287456173425,49.8756654978642]]]}"
"Aedes sierrensis",2019,-120.474522,35.289947,1,164,"000000000000000000a3",13.362890625,16.1602864583333,56.1471354166667,42.4998046875,29.51015625,1.05885416666667,28.4513020833333,8.986328125,18.826171875,19.1393229166667,8.50572916666667,610.311197916667,118.044270833333,0.192708333333333,90.31640625,336.924479166667,3.77734375,13.71875,326.470052083333,1,0,0,0,0,0,0,6,1,"{""type"":""Polygon"",""coordinates"":[[[-120.4745207586531,35.298944417968585],[-120.4810620761084,35.297189463034],[-120.48505168382702,35.29260920992351],[-120.48493387806023,35.28699024267696],[-120.48075534271972,35.282523948163806],[-120.4741459012971,35.28095188989194],[-120.46768261186264,35.2828870083942],[-120.46388559285934,35.2875748026921],[-120.46423597142528,35.29318731089561],[-120.46859783621227,35.29753562412361],[-120.4745207586531,35.298944417968585]]]}"
"Aedes sierrensis",2019,-123.1293,50.1374,1,165,"000000000000000000a4",5.31411648568608,9.32734452122409,30.0572556762093,68.3978874629812,22.228134254689,-8.4400789733465,30.6682132280355,-2.74254689042448,14.0390918065153,14.0390918065153,-3.29230009871668,1099.40671273445,166.012833168806,40.7018756169793,49.2744323790721,476.62783810464,138.494570582428,138.494570582428,424.824284304047,1,0,0,0,0,0,0,1,2,"{""type"":""Polygon"",""coordinates"":[[[-123.12930453913579,50.14639981832416],[-123.13763532890619,50.144644741530854],[-123.14271582647443,50.14006429445722],[-123.14256516213072,50.13444533425195],[-123.13724368876193,50.129979237834924],[-123.12882720037102,50.1284072898474],[-123.12059678278875,50.1303422755971],[-123.11576108272934,50.13502988095639],[-123.11620664733675,50.14064241001862],[-123.121761292981,50.14499092457137],[-123.12930453913579,50.14639981832416]]]}"
"Aedes sierrensis",2019,-132.542069,53.414075,1,166,"000000000000000000a5",7.35039787798409,5.84363395225464,31,42.3555039787798,17.3510610079576,-1.08925729442971,18.4403183023873,5.40742705570292,12.6510610079576,13.1080901856764,2.3631299734748,2155.24137931034,306.267904509284,75.5636604774536,41,839.545092838196,264.348806366048,349.559681697613,700.48673740053,1,0,0,0,0,0,0,1,2,"{""type"":""Polygon"",""coordinates"":[[[-132.54207000296628,53.4230721272257],[-132.55102883207874,53.42131701320536],[-132.55649216428284,53.41673650688219],[-132.55632993439943,53.411117548833786],[-132.55060734011823,53.40665151292861],[-132.54155670047902,53.40507959862671],[-132.53270613835588,53.40701454382786],[-132.52750590182592,53.41170209147172],[-132.52798483806896,53.41731462689971],[-132.53395808125998,53.4216632029516],[-132.54207000296628,53.4230721272257]]]}"
"Aedes sierrensis",2019,-124.127189,43.34125,1,167,"000000000000000000a6",11.0752325581395,9.76511627906977,51.1081395348837,33.517976744186,21.6572093023256,2.72732558139535,18.9298837209302,7.49116279069767,15.2511627906977,15.5122093023256,7.11523255813954,1588.06860465116,271.537209302326,11,70.6511627906977,781.508139534884,70.3127906976744,78.6825581395349,729.56511627907,1,0,0,0,0,0,0,1,2,"{""type"":""Polygon"",""coordinates"":[[[-124.12718892748222,43.35024822995888],[-124.1345305926261,43.348493216326666],[-124.13900811655942,43.343912869783786],[-124.13887562902556,43.33829390592528],[-124.13418590702318,43.3338277068355],[-124.12676823345542,43.33225570168949],[-124.11951456714107,43.33419075624266],[-124.11525299332149,43.338878459528964],[-124.11564595929455,43.344490977783856],[-124.12054131015873,43.348839387989784],[-124.12718892748222,43.35024822995888]]]}"
"Aedes sierrensis",2019,-122.291426,37.198568,1,168,"000000000000000000a7",12.8750972762646,11.3127107652399,59.5434500648508,28.076186770428,22.8771725032425,4.02269779507134,18.8544747081712,9.5402075226978,16.1635538261997,16.6241245136187,9.5402075226978,812.050583657587,164.891050583658,2.71076523994812,86.8949416342412,426.898832684825,11.6173800259403,16.2490272373541,426.898832684825,1,0,0,0,0,0,0,1,1,"{""type"":""Polygon"",""coordinates"":[[[-122.29142607389018,37.20756898277398],[-122.29812916391079,37.20581401509541],[-122.30221739395891,37.201233741699106],[-122.30209662164019,37.195614775187565],[-122.29781476096619,37.191148501392526],[-122.29104195155662,37.18957645465549],[-122.28441890328587,37.19151155927296],[-122.28052798472976,37.19619933381071],[-122.28088697249588,37.201811844197145],[-122.28535667046079,37.20616017848067],[-122.29142607389018,37.20756898277398]]]}"
"Aedes sierrensis",2019,-122.286944,37.200016,1,169,"000000000000000000a8",12.8257941550191,11.3895806861499,59.0876747141042,28.9628843710292,23.0736975857687,3.94472681067344,19.1289707750953,9.43049555273189,16.2453621346887,16.7254129606099,9.43049555273189,839.621346886912,170.344345616264,2.8005082592122,87,441.960609911055,11.9555273189327,16.6759847522236,441.960609911055,1,0,0,0,0,0,0,1,1,"{""type"":""Polygon"",""coordinates"":[[[-122.28694467733143,37.209013731515284],[-122.2936478956788,37.207258763826836],[-122.2977362039594,37.20267849041479],[-122.29761542928739,37.19705952390381],[-122.29333348665016,37.19259325012485],[-122.28656054764842,37.191021203396765],[-122.27993737264848,37.19295630800347],[-122.27604637960614,37.1976440825259],[-122.27640537420146,37.20325659291401],[-122.28087515770538,37.20760492721388],[-122.28694467733143,37.209013731515284]]]}"
"Aedes sierrensis",2019,-119.285,37.027,1,170,"000000000000000000a9",12.2416560509554,14.604076433121,44.6114649681529,63.9768407643312,30.9749044585987,-1.49171974522293,32.4666242038217,5.52496815286624,20.72,20.8456050955414,4.9603821656051,843.912101910828,159.945222929936,2.77324840764331,81.9044585987261,435.002547770701,14.8649681528662,26.3133757961783,430.617834394904,1,0,0,0,0,0,0,1,1,"{""type"":""Polygon"",""coordinates"":[[[-119.2850020434338,37.03600061064159],[-119.291689959305,37.03424564413448],[-119.29576893865799,37.029665372602885],[-119.29564844460913,37.02404640602376],[-119.2913762757741,37.01958013032428],[-119.28461879014742,37.01800808252694],[-119.27801072712481,37.01994318842073],[-119.2741286162779,37.02463096477487],[-119.27448679651724,37.03024347496065],[-119.2789463798153,37.034591807308715],[-119.2850020434338,37.03600061064159]]]}"
"Aedes sierrensis",2018,-119.266,37.029,1,171,"000000000000000000aa",12.6946959896507,14.6843467011643,44.156532988357,64.8583311772316,31.5341526520052,-1.24864165588616,32.7827943078913,5.94721862871928,21.3253557567917,21.3498059508409,5.28525226390686,818.053040103493,155.077619663648,2.7490297542044,82.3143596377749,421.908150064683,14.0620957309185,21.7037516170763,417.90297542044,1,0,0,0,0,0,0,1,1,"{""type"":""Polygon"",""coordinates"":[[[-119.26599735474399,37.037998287913524],[-119.27268544655715,37.036243321392824],[-119.27676453317054,37.031663049839565],[-119.2766440358952,37.026044083261226],[-119.27237175468476,37.021577807583874],[-119.26561409138118,37.020005759798856],[-119.25900585460687,37.0219408656778],[-119.25512364163593,37.02662864201085],[-119.25548183123846,37.03224115219897],[-119.2599415318145,37.03658948456951],[-119.26599735474399,37.037998287913524]]]}"
"Aedes sierrensis",2019,-123.1396,49.305,1,172,"000000000000000000ab",9.87208588957055,7.7,33.1370143149284,53.0558384458078,22.6457055214724,-0.138139059304703,22.7838445807771,3.8579754601227,16.7853783231084,16.7853783231084,3.30613496932515,1296.08895705521,200.023517382413,36.8629856850716,52.0858895705521,561.405930470348,133.328220858896,133.328220858896,517.178936605317,1,0,0,0,0,0,0,1,2,"{""type"":""Polygon"",""coordinates"":[[[-123.13960060346821,49.31399712917216],[-123.14778974655044,49.31224206102789],[-123.15278389811878,49.307661627720144],[-123.15263583951564,49.302042667014156],[-123.14740483482129,49.29757655653793],[-123.13913137617295,49.29600460072379],[-123.13104082901681,49.297939595894654],[-123.12628734596733,49.30262721466336],[-123.12672538113088,49.308239742246194],[-123.13218561511898,49.31258824251042],[-123.13960060346821,49.31399712917216]]]}"
"Aedes sierrensis",2019,-119.036,37.04,1,173,"000000000000000000ac",5.63856041131105,12.0613110539846,43,55.528264781491,21.7025706940874,-5.79640102827764,27.498971722365,-0.275321336760925,13.1394601542416,13.2737789203085,-0.278920308483291,767.322622107969,141.314910025707,7.41131105398458,75.2377892030848,379.199228791774,27.2159383033419,42.3123393316195,379.181233933162,1,0,0,0,0,0,0,1,1,"{""type"":""Polygon"",""coordinates"":[[[-119.03600138150831,37.04899889021238],[-119.04269044249182,37.047243923616705],[-119.04677011994562,37.04266365194414],[-119.04664960489731,37.03704468537012],[-119.04237670467073,37.032578409814626],[-119.03561806263957,37.03100636209746],[-119.02900886875989,37.03294146789474],[-119.02512609324205,37.037629244111564],[-119.02548433442126,37.04324175431251],[-119.02994468101946,37.047590086806906],[-119.03600138150831,37.04899889021238]]]}"
"Aedes sierrensis",2019,-124.092023,49.243561,1,174,"000000000000000000ad",9.52726358148893,7.55875251509054,33.8219315895372,51.8884507042254,22.3627766599598,0.347887323943662,22.0148893360161,3.92726358148893,16.413078470825,16.413078470825,3.42726358148893,1227.40442655936,199.704225352113,32.8370221327968,57.3792756539235,558.439637826962,113.569416498994,113.569416498994,513.012072434608,0,0,0,0,0,1,0,17,3,"{""type"":""Polygon"",""coordinates"":[[[-124.09202445657476,49.25255963485779],[-124.10020340368409,49.25080456734027],[-124.10519133988718,49.24622413503007],[-124.10504346881227,49.2406051742878],[-124.09981897621873,49.23613906279278],[-124.09155581316102,49.234567106411475],[-124.08347533417869,49.23650210226506],[-124.0787277692543,49.241189722005466],[-124.07916526239599,49.24680224948109],[-124.08461870044226,49.25115074870991],[-124.09202445657476,49.25255963485779]]]}"
"Aedes sierrensis",2019,-122.365785,37.436747,1,175,"000000000000000000ae",12.9138461538462,10.395,56.7692307692308,28.564858974359,22.499358974359,4.40076923076923,18.0985897435897,9.51038461538461,16.1683333333333,16.6873076923077,9.51038461538461,766.033333333333,150.45641025641,2,85.3397435897436,391.101282051282,11.2269230769231,15.4038461538462,391.101282051282,1,0,0,0,0,0,0,1,1,"{""type"":""Polygon"",""coordinates"":[[[-122.36578604305744,37.445747406442734],[-122.37251041321558,37.44399243712903],[-122.37661161637982,37.43941216112996],[-122.37649045381217,37.433793194712734],[-122.37219500136166,37.42932692357594],[-122.36540070197776,37.42775487831887],[-122.35875663849136,37.429689981154866],[-122.35485336805615,37.43437775315729],[-122.35521348828786,37.43999026382378],[-122.35969737099813,37.44433860080884],[-122.36578604305744,37.445747406442734]]]}"
"Aedes sierrensis",2019,-119.937425,38.300873,1,176,"000000000000000000af",6.58280657395701,13.9902654867257,44,62.0967256637168,24.6217446270544,-6.69127686472819,31.3130214917826,-0.507838179519595,14.8609355246523,14.8930467762326,-0.507838179519595,972.725663716814,169.060682680152,9.97724399494311,73.5423514538559,464.542351453856,43.8255372945638,48.9823008849557,464.542351453856,1,0,0,0,0,0,0,1,3,"{""type"":""Polygon"",""coordinates"":[[[-119.93742649586662,38.30987214048897],[-119.9442302149012,38.30811716515407],[-119.94837979186529,38.303536879570586],[-119.94825717408602,38.297917913500775],[-119.94391104095465,38.29345165215262],[-119.93703661036137,38.29187961234533],[-119.93031418592855,38.293814708621284],[-119.92636485810205,38.29850247128765],[-119.92672920098097,38.30411498298536],[-119.93126597539113,38.30846332991852],[-119.93742649586662,38.30987214048897]]]}"
"Aedes sierrensis",2019,-122.243146,37.264294,1,177,"000000000000000000b0",13.3231162196679,11.6383141762452,57.7739463601532,30.928914431673,23.8314176245211,3.84316730523627,19.9882503192848,9.52005108556832,16.9357598978289,17.3558109833972,9.52005108556832,734.047254150702,149.29374201788,2,87,386.563218390804,10.0204342273308,14.3422733077905,386.563218390804,1,0,0,0,0,0,0,1,1,"{""type"":""Polygon"",""coordinates"":[[[-122.24314738678454,37.27329167320071],[-122.24985632377967,37.27153670507198],[-122.25394811834848,37.26695643095911],[-122.25382723880477,37.261337464473534],[-122.24954164362602,37.25687119141034],[-122.2427629295857,37.25529914508074],[-122.23613410712994,37.257234249207755],[-122.23223979474596,37.261922023047525],[-122.23259909367131,37.267534533511046],[-122.23707268906657,37.27188286853833],[-122.24314738678454,37.27329167320071]]]}"
"Aedes sierrensis",2018,-117.238463,33.407938,1,178,"000000000000000000b1",17.2994459833795,13.2060941828255,52.7645429362881,41.1580332409972,30.1335180055402,5.29792243767313,24.835595567867,12.9018005540166,22.3275623268698,22.9552631578947,12.3994459833795,290.16620498615,55.7853185595568,2,82.7659279778394,157.620498614958,8,15.5138504155125,148.342105263158,0,1,0,0,0,0,0,7,3,"{""type"":""Polygon"",""coordinates"":[[[-117.23846194214636,33.41693622735122],[-117.24485799801336,33.41518128440737],[-117.24875904907717,33.41060105038393],[-117.24864390708116,33.40498208244609],[-117.24455815139356,33.40051576843915],[-117.2380954041581,33.39894369931396],[-117.23177556811994,33.400878830880636],[-117.22806286501027,33.405566643770946],[-117.22840551304918,33.41117914992024],[-117.23267055041947,33.41552744333701],[-117.23846194214636,33.41693622735122]]]}"
"Aedes sierrensis",2018,-100.212914,25.627199,1,179,"000000000000000000b2",19.610960960961,12.6232732732733,49.6051051051051,44.8715615615616,31.5656156156156,6.26471471471471,25.3009009009009,23.1241741741742,14.3596096096096,24.9177177177177,13.5165165165165,640.312312312312,164.806306306306,12.6771771771772,83.3213213213213,335.343843843844,44.3108108108108,255.304804804805,45.8273273273273,0,1,0,0,0,0,0,7,2,"{""type"":""Polygon"",""coordinates"":[[[-100.21291404122462,25.636197289980867],[-100.21883569450138,25.634442391784138],[-100.22244753735835,25.629862228992035],[-100.22234110033196,25.624243258476962],[-100.21855834770116,25.619776871720656],[-100.21257467246842,25.618204762090567],[-100.20672332504631,25.620139942413957],[-100.20328598460135,25.62482782468932],[-100.20360339168465,25.63044032316989],[-100.20755220930273,25.63478854265314],[-100.21291404122462,25.636197289980867]]]}"
"Aedes sierrensis",2018,-119.795068,34.030557,1,180,"000000000000000000b3",13.8538881309686,10.4386084583902,55.9222373806276,28.8732196452933,23.7005457025921,5.24979536152797,18.4507503410641,10.6660300136426,17.0351978171896,17.8762619372442,10.6660300136426,540.394270122783,113.930422919509,0,98.225102319236,316.324693042292,1.93724420190996,7.18281036834925,316.324693042292,0,1,0,0,0,0,0,7,3,"{""type"":""Polygon"",""coordinates"":[[[-119.79506969473535,34.039556048342824],[-119.80151232012369,34.037801101491326],[-119.80544176161632,34.03322086124762],[-119.80532576562133,34.027601893535035],[-119.80121026564001,34.023135585880915],[-119.79470048963671,34.02156352029272],[-119.78833466379642,34.02349864760182],[-119.78459492979262,34.02818645443306],[-119.78494005614729,34.03379896125183],[-119.78923613547775,34.038147261124884],[-119.79506969473535,34.039556048342824]]]}"
"Aedes sierrensis",2018,-122.15098,37.927302,1,181,"000000000000000000b4",14.3,11.5596153846154,51.3461538461539,40.1470769230769,26.5757692307692,4.24910256410257,22.3266666666667,9.27358974358974,18.9507692307692,19.4451282051282,9.27358974358974,670.146153846154,138.916666666667,1,87.4230769230769,351.434615384615,7.79871794871795,12.8294871794872,351.434615384615,1,0,0,0,0,0,0,6,3,"{""type"":""Polygon"",""coordinates"":[[[-122.15097776800981,37.936302031534424],[-122.15774676603543,37.934547058819916],[-122.16187517589077,37.929966777407486],[-122.16175319488705,37.92434781118648],[-122.15742923830305,37.919881545578384],[-122.15058987102589,37.91830950339939],[-122.14390173528935,37.920244602530225],[-122.13997256098092,37.924932369259565],[-122.14033505615245,37.930544880508506],[-122.14484868653697,37.93489322311233],[-122.15097776800981,37.936302031534424]]]}"
"Aedes sierrensis",2018,-122.218541,37.252537,1,182,"000000000000000000b5",13.3932816537468,11.8696382428941,57.6059431524548,31.8538888888889,24.2701550387597,3.80297157622739,20.4671834625323,9.51149870801034,17.1574935400517,17.6191214470284,9.51149870801034,748.487080103359,153.205426356589,2,87.2480620155039,397.153746770026,9.74289405684754,14.5051679586563,397.153746770026,1,0,0,0,0,0,0,1,1,"{""type"":""Polygon"",""coordinates"":[[[-122.21854206717157,37.261537482823826],[-122.22524995706605,37.259782514775665],[-122.2293411132856,37.25520224079104],[-122.22922025294422,37.249583274300825],[-122.22493532655618,37.24511700110664],[-122.21815766994183,37.24354495470412],[-122.21152988155123,37.24548005891892],[-122.20763617694817,37.250167832883605],[-122.20799542014987,37.255780343333335],[-122.212468317577,37.2601286782275],[-122.21854206717157,37.261537482823826]]]}"
"Aedes sierrensis",2018,-121.495317,36.762042,1,183,"000000000000000000b6",12.9797953964194,15.3858056265985,53,47.9212915601023,29.9219948849105,1.08081841432225,28.8411764705882,7.91445012787724,19.1985933503836,19.5057544757033,7.65127877237852,643.631713554987,121.997442455243,2,86.2480818414322,334.873401534527,8.93606138107417,15.7608695652174,332.203324808184,1,0,0,0,0,0,0,1,2,"{""type"":""Polygon"",""coordinates"":[[[-121.49531600821214,36.771040826045834],[-121.50198074159921,36.7692858613375],[-121.50604558809027,36.76470559266917],[-121.50592551916635,36.75908662598629],[-121.50166815715289,36.75462034736252],[-121.49493408262332,36.7530482979371],[-121.48834891349681,36.754983405790654],[-121.48448025873111,36.759671184933886],[-121.48483720525661,36.765283694811565],[-121.48928133575025,36.76963202418772],[-121.49531600821214,36.771040826045834]]]}"
"Aedes sierrensis",2018,-116.405,43.6098,1,184,"000000000000000000b7",10.4,14.6090592334495,37.0813008130081,82.8035540069686,32.4295005807201,-6.2,38.6295005807201,0.4,20.3954703832753,21.1873403019744,-0.3,290.082462253194,35.8199767711963,7,35.349593495935,104.029036004646,35.1080139372822,40.5145180023229,94.1103368176539,0,0,0,0,0,1,0,17,3,"{""type"":""Polygon"",""coordinates"":[[[-116.40499798694364,43.61879759090265],[-116.41237235990704,43.61704257505599],[-116.41686982318821,43.61246222498835],[-116.41673673525779,43.6068432612578],[-116.41202612268494,43.602377065767875],[-116.40457541975061,43.600805062626],[-116.39728945372143,43.602740114766746],[-116.39300889496506,43.60742781461959],[-116.39340360094022,43.61304033325354],[-116.39832075349076,43.617388747118014],[-116.40499798694364,43.61879759090265]]]}"
"Aedes sierrensis",2018,-116.255,43.7246,1,185,"000000000000000000b8",9.71052048726467,14.578073089701,37,82.8091251384275,32.040088593577,-6.71483942414175,38.7549280177187,-0.150276854928018,19.8647840531561,20.5372093023256,-0.91483942414175,373.299003322259,49.3565891472868,8.49390919158361,40.5293466223699,142.996677740864,40.5514950166113,46.0520487264673,132.996677740864,0,0,0,0,0,1,0,17,3,"{""type"":""Polygon"",""coordinates"":[[[-116.25499828660676,43.733601606624674],[-116.2623867808176,43.7318465898253],[-116.2668928526862,43.727266238241214],[-116.26675950552867,43.72164727456571],[-116.2620398736811,43.717181080624556],[-116.25457491069582,43.71560907834489],[-116.24727499963363,43.71754412944775],[-116.24298624433708,43.722231827823435],[-116.24338170152625,43.72784434662048],[-116.24830826670984,43.73219276205893],[-116.25499828660676,43.733601606624674]]]}"
"Aedes sierrensis",2018,-116.297,43.6492,1,186,"000000000000000000b9",10.3757540603248,14.4,37,83.0188167053364,32.5247099767981,-6.03271461716937,38.5574245939675,0.42308584686775,20.5230858468678,21.2247099767981,-0.277262180974478,317.085846867749,39.7366589327146,8,36.9651972157773,115.701856148492,37,42,105.943155452436,0,0,0,0,0,1,0,17,3,"{""type"":""Polygon"",""coordinates"":[[[-116.29699855942917,43.6581982078109],[-116.3043777693636,43.65644319163768],[-116.30887818135724,43.65186284105024],[-116.30874500463423,43.64624387733856],[-116.30403130267617,43.641777682379505],[-116.29657571522475,43.64020567953317],[-116.28928497258214,43.642140731318165],[-116.2850016062531,43.646828430664684],[-116.28539656954356,43.652440949354535],[-116.29031694621737,43.65678936375852],[-116.29699855942917,43.6581982078109]]]}"
"Aedes sierrensis",2018,-117.249,33.6611,1,187,"000000000000000000ba",16.907015130674,15.0968363136176,50.1733149931224,51.6863961485557,33.1354883081155,3.47510316368638,29.6603851444292,11.4558459422283,23.507015130674,24.0370013755158,10.907015130674,354.187070151307,69.8225584594223,2,84.4855570839065,195.027510316369,10.0013755158184,19.0027510316369,185.297111416781,0,0,0,0,0,1,0,17,3,"{""type"":""Polygon"",""coordinates"":[[[-117.24899879793567,33.67009723055956],[-117.25541361645041,33.66834228603366],[-117.25932610588572,33.66376204949191],[-117.25921061981401,33.65814308164525],[-117.255112880287,33.6536767702103],[-117.24863118538117,33.6521047025171],[-117.24229282026683,33.65403983236006],[-117.23856922653346,33.65872764279731],[-117.23891287307092,33.66434014921765],[-117.24319041710285,33.66868844524829],[-117.24899879793567,33.67009723055956]]]}"
"Aedes sierrensis",2018,-119.840347,34.521288,1,188,"000000000000000000bb",14.4733067729084,12.8289508632138,52.4342629482072,40.302390438247,27.7594953519256,3.47954847277556,24.2799468791501,10.1499335989376,19.462416998672,20.0361221779549,9.87490039840638,608.239043824701,128.836653386454,0,96.9309428950863,358.726427622842,2,10.2337317397078,342.436918990704,1,0,0,0,0,0,0,3,1,"{""type"":""Polygon"",""coordinates"":[[[-119.84034740683202,34.53028903747664],[-119.84682776042042,34.52853408750463],[-119.85078020237304,34.523953842293636],[-119.85066351452909,34.518334874760946],[-119.84652391726647,34.51386857217997],[-119.83997604097779,34.51229650941631],[-119.83357295656964,34.51423163332546],[-119.82981132354246,34.518919435318146],[-119.83015845771679,34.52453194267151],[-119.83447968563843,34.52888024770031],[-119.84034740683202,34.53028903747664]]]}"
"Aedes sierrensis",2018,-122.218874,37.252619,1,189,"000000000000000000bc",13.3900128040973,11.8653008962868,57.6197183098592,31.8385787451985,24.2618437900128,3.80358514724712,20.4582586427657,9.51088348271447,17.1518565941101,17.614980793854,9.51088348271447,748.42509603073,153.186939820743,2,87.2432778489117,397.096030729834,9.73495518565941,14.5032010243278,397.096030729834,1,0,0,0,0,0,0,1,1,"{""type"":""Polygon"",""coordinates"":[[[-122.21887204064957,37.2616177466428],[-122.2255799376921,37.25986277859408],[-122.22967109826936,37.25528250460858],[-122.22955023779693,37.2496635381184],[-122.22526530684335,37.2451972649251],[-122.21848764301043,37.243625218523086],[-122.21185984756076,37.24556032273729],[-122.2079661388086,37.250248096701135],[-122.20832538239068,37.25586060715095],[-122.21279828458255,37.26020894204603],[-122.21887204064957,37.2616177466428]]]}"
"Aedes sierrensis",2018,-116.279,43.6454,1,190,"000000000000000000bd",10.4508650519031,14.3579008073818,37,83.1614071510957,32.6305651672434,-5.9441753171857,38.5747404844291,0.485236447520185,20.6222606689735,21.3425605536332,-0.244175317185698,317.867358708189,40,8,37.0876585928489,116.087658592849,37,42.0495963091119,106.107266435986,0,0,0,0,0,1,0,17,3,"{""type"":""Polygon"",""coordinates"":[[[-116.27899716847642,43.65439905371336],[-116.28637591158368,43.652644037571655],[-116.29087603899033,43.64806368703437],[-116.29074287083694,43.64244472332087],[-116.28602946704251,43.63797852831059],[-116.27857435100704,43.63640652543574],[-116.27128406936625,43.63834157725506],[-116.2670009740025,43.64302927665043],[-116.26739591245892,43.648641795334896],[-116.2723159779652,43.65299020968682],[-116.27899716847642,43.65439905371336]]]}"
"Aedes sierrensis",2016,-117.348,33.949,1,191,"000000000000000000be",17.8308965517241,15.8296551724138,52.8468965517242,49.0281931034483,34.3573793103448,4.51737931034483,29.84,12.6841379310345,24.0135172413793,24.5646896551724,12.0521379310345,282.459310344828,54.5296551724138,2,80.6993103448276,153.635862068966,10.0372413793103,18.0372413793103,143.038620689655,0,0,0,0,0,1,0,17,3,"{""type"":""Polygon"",""coordinates"":[[[-117.34799975952427,33.957999090075305],[-117.35443620287447,33.956244143738914],[-117.3583618755765,33.951663904315154],[-117.35824599294718,33.94604493657287],[-117.35413444147919,33.941578628081324],[-117.34763090848094,33.940006562026895],[-117.34127118772427,33.94194168989723],[-117.33753504203358,33.94662949752718],[-117.33787983939374,33.95224200425769],[-117.3421717979467,33.956590303279675],[-117.34799975952427,33.957999090075305]]]}"
"Aedes sierrensis",2018,-123.508707,48.524397,1,192,"000000000000000000bf",8.68394308943089,7.86117886178862,39,43.3872154471545,20.1645325203252,0.220426829268293,19.9441056910569,3.88394308943089,14.2816056910569,14.2954268292683,3.44776422764228,1067.59654471545,186.055894308943,21.3709349593496,66.5701219512195,533.215447154471,75.9583333333333,88.4756097560976,481.468495934959,1,0,0,0,0,0,0,1,1,"{""type"":""Polygon"",""coordinates"":[[[-123.50870715226824,48.533395816958034],[-123.51676929257124,48.53164075666302],[-123.52168602419415,48.52706033584837],[-123.52154030112023,48.52144137468809],[-123.51639041235586,48.5169752514526],[-123.50824519793785,48.51540328853543],[-123.50028006223413,48.51733829225643],[-123.49560029638864,48.5220259231947],[-123.4960315796619,48.52763844943479],[-123.50140716197409,48.531986936731656],[-123.50870715226824,48.533395816958034]]]}"
"Aedes sierrensis",2018,-111.937,40.8124,1,193,"000000000000000000c0",10.8,13.473309178744,33,90.9864492753623,33.3,-6.9,40.2,9.8,22.8368357487923,22.8368357487923,-0.7,427.952898550725,55.1207729468599,20,27.6449275362319,150.80193236715,70.0386473429952,70.0386473429952,100.43115942029,0,0,0,0,0,1,0,17,2,"{""type"":""Polygon"",""coordinates"":[[[-111.93699656779509,40.8213983814276],[-111.94405127858512,40.819643387737926],[-111.94835386800976,40.8150630729381],[-111.94822664631147,40.809444107927746],[-111.94372020322045,40.80497787641851],[-111.93659230771911,40.80340585322369],[-111.92962201788342,40.80534092950275],[-111.92552700406185,40.81002866370975],[-111.92590470284742,40.81564117855053],[-111.93060878055297,40.81998955580871],[-111.93699656779509,40.8213983814276]]]}"
"Aedes sierrensis",2018,-111.873,40.7104,1,194,"000000000000000000c1",10.4959951456311,14.2803398058252,34.1007281553398,90.3991504854369,33.2942961165049,-7.58604368932039,40.8803398058252,9.61395631067961,22.4139563106796,22.4139563106796,-1.01577669902913,424.425970873786,53.7597087378641,19.3932038834951,26,145.720873786408,70.0958737864078,70.0958737864078,103.765776699029,0,0,0,0,0,1,0,17,2,"{""type"":""Polygon"",""coordinates"":[[[-111.87299954947602,40.71939644483002],[-111.8800434396712,40.71764145191237],[-111.88433943254923,40.71306113834139],[-111.88421240936574,40.70744217328646],[-111.87971287744584,40.702975940522194],[-111.87259590910375,40.70140391662865],[-111.86563630502843,40.70333899374877],[-111.861547571925,40.70802672915279],[-111.86192469495478,40.71363924386139],[-111.86662156001356,40.71798761984409],[-111.87299954947602,40.71939644483002]]]}"
"Aedes sierrensis",2018,-111.857,40.7309,1,195,"000000000000000000c2",10.3277167277167,14.3920634920635,34.7460317460318,89.9984371184371,33.118315018315,-7.77032967032967,40.8886446886447,9.38021978021978,22.1531135531136,22.1531135531136,-1.16520146520147,445.318681318681,56.2796092796093,20,26.8351648351648,153.054945054945,71.6568986568987,71.6568986568987,110.714285714286,0,0,0,0,0,1,0,17,2,"{""type"":""Polygon"",""coordinates"":[[[-111.85700029489627,40.73989939147377],[-111.86404635563112,40.738144398401126],[-111.86834367173297,40.73356408458344],[-111.86821660872901,40.727945119537466],[-111.86371569047385,40.72347888702516],[-111.85659653021548,40.72190686327189],[-111.84963478264696,40.72384194022317],[-111.84554478967301,40.728529675386866],[-111.84592202819589,40.73414219012199],[-111.85062034006407,40.73849056636076],[-111.85700029489627,40.73989939147377]]]}"
"Aedes sierrensis",2018,-111.935,40.7884,1,196,"000000000000000000c3",10.7977941176471,13.4949754901961,33,90.9952083333334,33.3,-6.91924019607843,40.2192401960784,9.8,22.8226715686275,22.8226715686275,-0.720955882352941,422.904411764706,54.8860294117647,20,27,148.90318627451,70,70,99.0012254901961,0,0,0,0,0,1,0,17,2,"{""type"":""Polygon"",""coordinates"":[[[-111.93499889052313,40.797399499557955],[-111.94205105045693,40.79564450605013],[-111.94635208480629,40.791064191539775],[-111.94622490990635,40.78544522651892],[-111.94172009606064,40.78097899471405],[-111.9345947765366,40.779406971354646],[-111.92762700577072,40.78134204783182],[-111.92353347257097,40.78602978232078],[-111.9239110356277,40.79164229713042],[-111.92861341301797,40.79599067408815],[-111.93499889052313,40.797399499557955]]]}"
"Aedes sierrensis",2018,-111.904,40.7858,1,197,"000000000000000000c4",10.4883211678832,13.8843065693431,33.5802919708029,90.2706447688564,33.1485401459854,-7.35413625304136,40.5026763990268,9.45559610705597,22.4335766423358,22.4335766423358,-0.970802919708029,446.886861313869,56.9987834549878,20.0754257907543,27.3333333333333,155.688564476886,71.4720194647202,71.4720194647202,108.934306569343,0,0,0,0,0,1,0,17,2,"{""type"":""Polygon"",""coordinates"":[[[-111.90399921999959,40.79479984364381],[-111.9110511037993,40.79304485015568],[-111.91535196980938,40.78846453567667],[-111.91522479997542,40.78284557065467],[-111.910720162498,40.7783793388178],[-111.90359512182745,40.776807315440564],[-111.89662762375472,40.7787423919392],[-111.89253425083454,40.7834301264587],[-111.89291179919839,40.789042641264956],[-111.89761399252694,40.79339101819016],[-111.90399921999959,40.79479984364381]]]}"
"Aedes sierrensis",2018,-119.732525,37.086793,1,198,"000000000000000000c5",16.1452806122449,15.6155612244898,44.8239795918367,67.8351147959184,36.3075255102041,1.71211734693878,34.5954081632653,9.14183673469388,24.9331632653061,24.9331632653061,7.84719387755102,479.985969387755,87.5599489795918,0.00637755102040816,81.4808673469388,243.770408163265,5.00637755102041,5.00637755102041,238.983418367347,0,0,1,0,0,0,0,10,1,"{""type"":""Polygon"",""coordinates"":[[[-119.73252634335971,37.095792696667246],[-119.7392195328499,37.09403772975249],[-119.74330172718673,37.089457457571996],[-119.7431811364284,37.083838491016394],[-119.73890559929467,37.07937221597964],[-119.73214278804492,37.07780016855128],[-119.72552951705353,37.07973527400092],[-119.72164434517819,37.08442304972298],[-119.72200280606546,37.09003555997858],[-119.72646590461179,37.09438389300016],[-119.73252634335971,37.095792696667246]]]}"
"Aedes sierrensis",2018,-112.006,40.765,1,199,"000000000000000000c6",10.8,12.9036719706242,32,91.4107833537332,33.0253365973072,-6.76462668298654,39.7899632802938,9.8,22.9860465116279,22.9860465116279,-0.774663402692779,408.250917992656,53,20,27.1199510403917,144,70,70,89.8971848225214,0,0,0,0,0,1,0,17,2,"{""type"":""Polygon"",""coordinates"":[[[-112.00599669749612,40.773998137229476],[-112.01304637305067,40.772243143898855],[-112.01734589285094,40.76766282967054],[-112.01721876352958,40.76204386463946],[-112.01271553646995,40.757577632546536],[-112.00559272579184,40.756005609026744],[-111.99862740844733,40.75794068569698],[-111.99453531728342,40.76262842046068],[-111.99491274814831,40.76824093523998],[-111.99961346953454,40.77258931190496],[-112.00599669749612,40.773998137229476]]]}"
"Aedes sierrensis",2018,-112.032,40.831,1,200,"000000000000000000c7",10.9,12.6686658506732,31.3684210526316,91.5624969400245,33.0162790697674,-6.63610771113831,39.6523867809058,9.868788249694,23.043329253366,23.043329253366,-0.704283965728274,416.537331701346,54.2753977968176,20,27.6817625458996,146.919216646267,70.9498164014688,70.9498164014688,91.6058751529988,0,0,0,0,0,0,1,18,2,"{""type"":""Polygon"",""coordinates"":[[[-112.03199771573875,40.84000175102258],[-112.03905440601478,40.838246757191854],[-112.04335820219083,40.833666442167505],[-112.04323094417649,40.8280474771653],[-112.03872323677741,40.82358124588537],[-112.03159334229613,40.82200922281822],[-112.02462109764127,40.8239442989436],[-112.02052493484467,40.8286320329319],[-112.02090273895682,40.83424454779681],[-112.02560813612128,40.83859292528805],[-112.03199771573875,40.84000175102258]]]}"
"Aedes sierrensis",2018,-122.363716,45.729719,1,201,"000000000000000000c8",8.76634512325831,10.2019292604502,41,50.9504501607717,23.6077170418006,-1.05380493033226,24.6615219721329,3.12990353697749,15.2936763129689,15.5102893890675,2.64201500535906,2459.00964630225,395.369774919614,30.7674169346195,61.983922829582,1145.56806002144,166.243301178992,175.468381564845,1072.92926045016,1,0,0,0,0,0,0,1,2,"{""type"":""Polygon"",""coordinates"":[[[-122.36371702016862,45.738716659125586],[-122.37136624164062,45.73696162506987],[-122.37603125674707,45.73238124601906],[-122.37589312194116,45.726762283341],[-122.37100696332625,45.722296117451805],[-122.36327871266475,45.720724130789144],[-122.35572133011088,45.72265916309336],[-122.3512812383309,45.7273468347138],[-122.35169056404725,45.73295935646426],[-122.35679091806517,45.737307800411955],[-122.36371702016862,45.738716659125586]]]}"
"Aedes sierrensis",2017,-100.284721,25.677467,1,202,"000000000000000000c9",22.0258208955224,12.125671641791,45.0164179104478,50.2408507462687,34.5976119402985,8.03134328358209,26.5662686567164,25.4113432835821,15.1619402985075,27.9241791044776,15.1619402985075,619.828358208955,146.971641791045,15.1134328358209,72.644776119403,308.108955223881,52.1074626865672,219.723880597015,52.1074626865672,0,0,0,0,0,1,0,17,2,"{""type"":""Polygon"",""coordinates"":[[[-100.28471894548824,25.686464736156363],[-100.29064309508745,25.68470983769105],[-100.29425645972373,25.680129674471388],[-100.29414997683854,25.674510703971773],[-100.29036562980889,25.67004431765214],[-100.2843794337722,25.668472208265182],[-100.27852562123098,25.670407388295907],[-100.2750868318224,25.675095270154795],[-100.27540437166866,25.68070776868141],[-100.27935485320631,25.685055988608436],[-100.28471894548824,25.686464736156363]]]}"
"Aedes sierrensis",2017,-117.4,33.9591,1,203,"000000000000000000ca",18.1703038674033,15.9017955801105,53,47.9516160220995,34.4,4.68204419889503,29.717955801105,13.1979281767956,23.2794198895028,24.7,12.4979281767956,259.491712707182,47.2486187845304,2.58977900552486,76.1906077348066,137.172651933702,12.1256906077348,20.1256906077348,126.875690607735,0,0,0,0,0,1,0,17,3,"{""type"":""Polygon"",""coordinates"":[[[-117.40000179600959,33.96809895396135],[-117.40643900358086,33.966344007561226],[-117.41036514217932,33.961763768036015],[-117.41024924553574,33.9561448002974],[-117.40613720595411,33.951678491909476],[-117.39963290119805,33.950106425912736],[-117.39327242573341,33.95204155371363],[-117.38953583645687,33.95672936124475],[-117.38988067448716,33.962341867986176],[-117.39417314244905,33.96669016711347],[-117.40000179600959,33.96809895396135]]]}"
"Aedes sierrensis",2017,-116.908543,33.344167,1,204,"000000000000000000cb",12.3972413793103,13.836275862069,46.7489655172414,57.5995034482759,29.280275862069,0.0442758620689655,29.236,6.35765517241379,19.3908965517241,20.3223448275862,6.06386206896552,726.731034482759,127.587586206897,3,79.2786206896552,378.24275862069,31.1889655172414,48.44,360.273103448276,1,0,0,0,0,0,0,3,3,"{""type"":""Polygon"",""coordinates"":[[[-116.90854197340398,33.3531666231859],[-116.91493334002078,33.351411680639096],[-116.91883153235307,33.34683144724768],[-116.91871647635088,33.341212479286966],[-116.91463371572127,33.33674616463452],[-116.90817570397638,33.33517409514994],[-116.90186049881179,33.33710922714923],[-116.89815051753855,33.34179704065519],[-116.8984929160288,33.34740954673644],[-116.90275482767534,33.35175783949721],[-116.90854197340398,33.3531666231859]]]}"
"Aedes sierrensis",2017,-117.35,33.6986,1,205,"000000000000000000cc",17.1995850622407,15.0550484094053,50.7219917012448,50.7776210235131,33.0679114799447,3.56237897648686,29.5055325034578,11.8767634854772,23.6900414937759,24.1900414937759,11.3170124481328,318.432918395574,61.2655601659751,2,82.9903181189488,174.56846473029,10.1023513139696,19.1023513139696,166.2918395574,0,0,0,0,0,1,0,17,3,"{""type"":""Polygon"",""coordinates"":[[[-117.3499974367962,33.70759827041904],[-117.3564150546771,33.705843325658016],[-117.36032925070499,33.70126308874194],[-117.36021371329802,33.695644120908845],[-117.35611418579542,33.69117780985617],[-117.34962966391757,33.68960574237581],[-117.34328853428505,33.69154087196257],[-117.33956331568272,33.69622868203522],[-117.33990711119549,33.70184118849585],[-117.34418652120775,33.706189484914994],[-117.3499974367962,33.70759827041904]]]}"
"Aedes sierrensis",2017,-117.601,33.9267,1,206,"000000000000000000cd",17.9605769230769,15.4024725274725,55,43.1833653846154,32.8837912087912,5.00934065934066,27.8744505494506,13.4101648351648,21.2630494505495,23.8630494505495,12.8,267.067307692308,45.3598901098901,4.98351648351648,64.3131868131868,129.707417582418,19.6936813186813,27.7101648351648,121.690934065934,0,0,0,1,0,0,0,14,3,"{""type"":""Polygon"",""coordinates"":[[[-117.60099577599362,33.935699125707],[-117.60743053333452,33.933944179511286],[-117.6113551781853,33.929363940311454],[-117.6112393264739,33.92374497256106],[-117.60712885187252,33.91927866384083],[-117.60062702151075,33.91770659765906],[-117.59426896577573,33.919641725682666],[-117.59053379871523,33.924329533530724],[-117.59087850634975,33.929942040237144],[-117.59516934105513,33.93429033902672],[-117.60099577599362,33.935699125707]]]}"
"Aedes sierrensis",2016,-117.603,33.9053,1,207,"000000000000000000ce",17.895467032967,15.2861263736264,55,42.8234065934066,32.6486263736264,5.02032967032967,27.6282967032967,13.3782967032967,21.1225274725275,23.753021978022,12.8,261.581043956044,43.6730769230769,5,63.0412087912088,125.46978021978,20.0013736263736,28.2115384615385,117.896978021978,0,0,0,1,0,0,0,14,3,"{""type"":""Polygon"",""coordinates"":[[[-117.60299791236662,33.914299899751526],[-117.60943105354566,33.91254495369074],[-117.61335471312677,33.90796471470566],[-117.61323889105249,33.9023457469475],[-117.60912944870553,33.89787943800792],[-117.60262925044395,33.89630737170403],[-117.5962727907525,33.898242499874634],[-117.59253856177982,33.90293030793191],[-117.59288318340583,33.9085428146152],[-117.59717294082205,33.91289111318186],[-117.60299791236662,33.914299899751526]]]}"
"Aedes sierrensis",2017,-117.496,33.9643,1,208,"000000000000000000cf",18.2,15.8,54,45.7614890710382,33.9017759562841,4.95177595628415,28.95,13.4,21.8,24.4744535519126,12.7829234972678,255.515027322404,43.5122950819672,4,66.1953551912568,126.605191256831,17.1530054644809,25.4644808743169,117.707650273224,0,0,0,1,0,0,0,14,3,"{""type"":""Polygon"",""coordinates"":[[[-117.49600178258918,33.973298265789666],[-117.50243938372284,33.97154331935672],[-117.50636576225094,33.96696307977926],[-117.50624985839023,33.96134411204255],[-117.50213756743742,33.95687780370799],[-117.49563286523774,33.95530573774094],[-117.4892720011098,33.95724086550607],[-117.48553518339322,33.96192867298631],[-117.48588004236805,33.96754117973337],[-117.4901727726678,33.97188947891488],[-117.49600178258918,33.973298265789666]]]}"
"Aedes sierrensis",2017,-117.619,33.8862,1,209,"000000000000000000d0",17.7891184573003,15.0926997245179,55,42.4288016528926,32.3926997245179,5.08870523415978,27.3039944903581,13.3206611570248,21.1818181818182,23.5944903581267,12.7651515151515,271.855371900826,46.2424242424242,5,65.2438016528925,132.297520661157,19.5495867768595,27.5495867768595,124.414600550964,0,0,0,0,0,1,0,17,3,"{""type"":""Polygon"",""coordinates"":[[[-117.61900162604744,33.895197110838566],[-117.62543332594487,33.893442164898154],[-117.6293561068695,33.88886192610472],[-117.62924031122543,33.88324295833961],[-117.62513178943563,33.87877664920431],[-117.61863304666927,33.877204582791464],[-117.61227801031804,33.87913971109324],[-117.60854461792539,33.88382751933717],[-117.6088891628497,33.889440025999846],[-117.61317795954707,33.893788324367584],[-117.61900162604744,33.895197110838566]]]}"
"Aedes sierrensis",2017,-117.426,33.9082,1,210,"000000000000000000d1",17.8520547945205,15.7145205479452,53.1657534246575,47.3214383561644,33.8883561643836,4.62219178082192,29.2661643835616,12.9143835616438,23.308904109589,24.3654794520548,12.3502739726027,268.627397260274,47.8876712328767,3,73.8356164383562,139.234246575342,14,22,129.498630136986,0,0,0,0,0,1,0,17,3,"{""type"":""Polygon"",""coordinates"":[[[-117.42600281425219,33.91719831543626],[-117.432436174232,33.9154433693572],[-117.43635996720185,33.91086313034305],[-117.43624414111518,33.90524416258594],[-117.43213455901858,33.900777853676054],[-117.42563413979845,33.89920578738871],[-117.41927746402986,33.9011409155394],[-117.4155431080561,33.90582872356835],[-117.4158877413262,33.91144123025477],[-117.420177644589,33.915789528851604],[-117.42600281425219,33.91719831543626]]]}"
"Aedes sierrensis",2017,-117.484,33.9882,1,211,"000000000000000000d2",18.2065934065934,15.8042582417582,54,46.4563461538462,34.1436813186813,5.02335164835165,29.1203296703297,13.4,22.2976648351648,24.6,12.7957417582418,266.020604395604,46.7348901098901,3.16895604395604,70.6208791208791,135.991758241758,15.5384615384615,24.1785714285714,126.20467032967,0,0,0,0,0,1,0,17,3,"{""type"":""Polygon"",""coordinates"":[[[-117.48400234165436,33.99719904743614],[-117.49044175326136,33.995444100852296],[-117.49436923551842,33.99086386103462],[-117.49425329845742,33.98524489330661],[-117.49013985114193,33.98077858521737],[-117.48363332061417,33.97920651938692],[-117.47727066854989,33.98114164698764],[-117.47353279995899,33.98582945423388],[-117.47387775528323,33.99144196100679],[-117.47817169239494,33.99579026043764],[-117.48400234165436,33.99719904743614]]]}"
"Aedes sierrensis",2015,-117.568,33.9403,1,212,"000000000000000000d3",18.0666208791209,15.5898351648352,54.7101648351648,44.2065659340659,33.2376373626374,4.99519230769231,28.242445054945,13.3778846153846,21.4537087912088,24.1056318681319,12.7909340659341,260.951923076923,43.2774725274725,5,63.2046703296703,125.222527472527,20,28.25,117.424450549451,0,0,0,0,0,1,0,17,3,"{""type"":""Polygon"",""coordinates"":[[[-117.56800288729919,33.949299383920014],[-117.574438672679,33.94754443763851],[-117.57836394425892,33.94296419830213],[-117.57824807369539,33.93734523055669],[-117.57413694247795,33.932878921975906],[-117.56763407393886,33.931306855871796],[-117.56127500296206,33.93324198380193],[-117.55753923918482,33.937929791516986],[-117.55788400152929,33.9435422982381],[-117.56217552149727,33.94789059716939],[-117.56800288729919,33.949299383920014]]]}"
"Aedes sierrensis",2017,-117.291,33.6709,1,213,"000000000000000000d4",17.0421487603306,15.0433884297521,50.236914600551,51.7046005509642,33.1260330578512,3.44462809917355,29.6814049586777,11.6046831955923,23.6754820936639,24.1330578512397,11.0079889807163,339.519283746556,66.3994490358127,2,83.66391184573,186.8608815427,10,19,178.095041322314,0,0,0,0,0,1,0,17,3,"{""type"":""Polygon"",""coordinates"":[[[-117.29099907075806,33.67989833467504],[-117.29741462040163,33.67814339008771],[-117.3013275555589,33.67356315344816],[-117.30121205607958,33.667944185605045],[-117.29711384957528,33.66347787426998],[-117.29063141633064,33.661905806632376],[-117.28429232918901,33.6638409364084],[-117.28056831107796,33.66852874675038],[-117.28091199652427,33.674141253181254],[-117.28519002790651,33.678489549313404],[-117.29099907075806,33.67989833467504]]]}"
"Aedes sierrensis",2017,-122.219758,37.874625,1,214,"000000000000000000d5",13.9372272143774,11.3522464698331,50.6803594351733,40.4680359435173,26.4779204107831,4.31655969191271,22.1613607188703,9.2392811296534,18.7983311938383,19.3187419768934,9.11681643132221,762.81001283697,154.240051347882,1.84467265725289,86.7047496790757,395.720154043646,9.84467265725289,15.3196405648267,395.720154043646,1,0,0,0,0,0,0,6,3,"{""type"":""Polygon"",""coordinates"":[[[-122.21975940175919,37.88362221168901],[-122.22652355509783,37.881867239341865],[-122.23064901146573,37.87728695851422],[-122.23052711931085,37.871667992272016],[-122.22620625706216,37.867201726066696],[-122.21937178223754,37.86562968355519],[-122.2126884308692,37.86756478308627],[-122.20876206861884,37.872252550385234],[-122.20912430597458,37.877865061571256],[-122.21363470702886,37.88221340356811],[-122.21975940175919,37.88362221168901]]]}"
"Aedes sierrensis",2017,-116.958637,34.096268,1,215,"000000000000000000d6",11.8965659340659,16.0927197802198,48.0027472527473,61.4886538461539,30.5177197802198,-2.46208791208791,32.9798076923077,5.42087912087912,19.5991758241758,20.1156593406593,4.7385989010989,686.251373626374,122.049450549451,3,77.8021978021978,349.10989010989,29.5851648351648,48.8983516483517,341.759615384615,1,0,0,0,0,0,0,3,3,"{""type"":""Polygon"",""coordinates"":[[[-116.95863551463843,34.1052653614664],[-116.96508313896517,34.10351041419917],[-116.96901562798881,34.098930173293695],[-116.96889954032403,34.09331120560507],[-116.96478084748385,34.08884489862683],[-116.95826602324252,34.087272833414936],[-116.95189526069056,34.089207960271075],[-116.94815262509415,34.0938957664577],[-116.94849801748167,34.09950827334769],[-116.95279742896787,34.10385657390761],[-116.95863551463843,34.1052653614664]]]}"
"Aedes sierrensis",2017,-117.397,33.6921,1,216,"000000000000000000d7",16.7734159779614,14.7146005509642,51,49.611694214876,32.4504132231405,3.69917355371901,28.7512396694215,11.5568870523416,23.0586776859504,23.6513774104683,11.0451790633609,374.206611570248,72.3650137741047,2,84.5592286501377,205.168044077135,10,19.1900826446281,195.977961432507,0,0,0,0,0,1,0,17,3,"{""type"":""Polygon"",""coordinates"":[[[-117.39700528010164,33.70110136018416],[-117.40342241263129,33.699346415463886],[-117.40733631277193,33.69476617861269],[-117.40722078426539,33.68914721077724],[-117.40312156676016,33.684680899658325],[-117.39663753501982,33.683108832141066],[-117.39029688469665,33.68504396177224],[-117.3865719478124,33.68973177190807],[-117.38691571749601,33.6953442783617],[-117.39119480398648,33.69969257471353],[-117.39700528010164,33.70110136018416]]]}"
"Aedes sierrensis",2017,-117.54,33.9059,1,217,"000000000000000000d8",17.8159122085048,15.5296296296296,54,45.1218792866941,33.2432098765432,4.81248285322359,28.4307270233196,13.0802469135802,21.8006858710562,24.0008230452675,12.5283950617284,273.079561042524,45.0219478737997,4.64334705075446,63.8655692729767,131.395061728395,20.1344307270233,28.8957475994513,123.417009602195,0,0,0,0,0,1,0,17,3,"{""type"":""Polygon"",""coordinates"":[[[-117.53999973268355,33.914897419292686],[-117.54643291896663,33.91314247322813],[-117.55035660604477,33.90856223423707],[-117.55024078314337,33.902943266479106],[-117.54613131198815,33.898476957545654],[-117.53963106817767,33.89690489124518],[-117.53327456394362,33.89884001941167],[-117.52954030879067,33.9035278274631],[-117.52988493281707,33.909140334147054],[-117.53417472029837,33.913488632719925],[-117.53999973268355,33.914897419292686]]]}"
"Aedes sierrensis",2017,-122.367574,45.76825,1,218,"000000000000000000d9",8.67483870967742,10.1869892473118,41,50.8546666666667,23.4835483870968,-1.11978494623656,24.6033333333333,3.05849462365591,15.1760215053763,15.3748387096774,2.55967741935484,2494.0376344086,402.161290322581,30.9247311827957,62.4612903225807,1165.98064516129,167.615053763441,177.279569892473,1091.53548387097,1,0,0,0,0,0,0,1,2,"{""type"":""Polygon"",""coordinates"":[[[-122.36757414257985,45.7772477513284],[-122.3752286475485,45.775492716929065],[-122.37989688352948,45.770912337331346],[-122.37975865167562,45.76529337467315],[-122.37486911849338,45.76082720934254],[-122.36713553249838,45.759255222990824],[-122.35957293246994,45.76119025492073],[-122.35512977394038,45.76587792600841],[-122.35553938066445,45.771490447817676],[-122.36064325639738,45.77583889233305],[-122.36757414257985,45.7772477513284]]]}"
"Aedes sierrensis",2017,-118.681005,35.025075,1,219,"000000000000000000da",15.2263707571802,13.7922976501305,42,66.8154830287206,33.3681462140992,1.02219321148825,32.345953002611,8.30574412532637,24.0369451697128,24.0475195822454,7.3242819843342,308.174934725849,55.2140992167102,1,81,163.21409921671,6.89425587467363,10.5130548302872,149.687989556136,0,1,0,0,0,0,0,8,1,"{""type"":""Polygon"",""coordinates"":[[[-118.6810034284414,35.03407381539391],[-118.68752347663411,35.03231886217989],[-118.69150011784446,35.027738611808225],[-118.691382702101,35.022119644462464],[-118.68721775159786,35.01765334715213],[-118.68062978921145,35.01608128732291],[-118.6741875042945,35.01801640769978],[-118.67040283086007,35.022704204665544],[-118.67075207751157,35.0283167125743],[-118.67509976478247,35.03266502295956],[-118.6810034284414,35.03407381539391]]]}"
"Aedes sierrensis",2017,-118.705865,35.006112,1,220,"000000000000000000db",15.9031454783748,14.221625163827,42.7916120576671,67.3185058977719,34.2129750982962,1.27719528178244,32.9357798165138,8.97483617300131,24.7328964613368,24.7391874180865,7.85334207077327,308.504587155963,56.0196592398427,1,81.5255570117955,164.866317169069,6,6.37745740498034,149.791612057667,0,0,1,0,0,0,0,10,1,"{""type"":""Polygon"",""coordinates"":[[[-118.70586291681433,35.015109258613606],[-118.71238145278475,35.013354305522356],[-118.71635717208989,35.008774055346116],[-118.7162397840767,35.003155087993264],[-118.71207579944131,34.99868879048336],[-118.70548936419188,34.99711673054303],[-118.69904857267413,34.99905185105365],[-118.69526477699678,35.00373964820975],[-118.69561394317036,35.009352156097485],[-118.69996062243469,35.013700466279914],[-118.70586291681433,35.015109258613606]]]}"
"Aedes sierrensis",2017,-117.714641,34.388931,1,221,"000000000000000000dc",8.90722070844687,13.9204359673025,45,59.8708719346049,26.2153950953678,-4.23065395095368,30.4460490463215,2.58283378746594,16.4523160762943,17.125340599455,2.27425068119891,746.727520435967,140.767029972752,3.37465940054496,83.4468664850136,398.91280653951,24.2179836512262,44.3828337874659,387.673024523161,1,0,0,0,0,0,0,1,3,"{""type"":""Polygon"",""coordinates"":[[[-117.71464042544176,34.39792954090721],[-117.72111051282157,34.39617459178046],[-117.7250566961254,34.391594347914946],[-117.7249401965392,34.385975380333534],[-117.7208071563804,34.3815090763784],[-117.71426964755017,34.379937012849645],[-117.7078767015608,34.38187213767974],[-117.70412102747001,34.38655994098305],[-117.70446761529605,34.392172448191616],[-117.70878200004171,34.39652075182387],[-117.71464042544176,34.39792954090721]]]}"
"Aedes sierrensis",2017,-123.54661,48.47849,1,222,"000000000000000000dd",8.87644670050761,7.78203045685279,39.4274111675127,42.2412487309645,20.0780710659898,0.551979695431472,19.5260913705584,4.16192893401015,14.3075126903553,14.3591878172589,3.76192893401015,1064.03553299492,182.848730964467,20.741116751269,66.6477157360406,530.328934010152,73.8852791878172,92.7502538071066,477.843654822335,1,0,0,0,0,0,0,1,1,"{""type"":""Polygon"",""coordinates"":[[[-123.54660951122254,48.48748937161281],[-123.55466435142228,48.485734311771864],[-123.55957663293745,48.481153891679895],[-123.55943104408617,48.47553493049333],[-123.55428581786089,48.47106880651976],[-123.54614797494368,48.469496843191706],[-123.53819004791072,48.47143184740731],[-123.53351451932232,48.47611947904954],[-123.53394541447332,48.48173200521195],[-123.53931613100083,48.486080491758706],[-123.54660951122254,48.48748937161281]]]}"
"Aedes sierrensis",2017,-117.596,33.8989,1,223,"000000000000000000de",17.8844566712517,15.3063273727648,55,42.8788170563961,32.6685006877579,4.99023383768913,27.6782668500688,13.3543328748281,21.1082530949106,23.7257221458047,12.7804676753783,257.998624484182,42.3232462173315,5,61.0949105914718,121.939477303989,20.3562585969739,29.0288858321871,114.888583218707,0,0,0,0,0,1,0,17,3,"{""type"":""Polygon"",""coordinates"":[[[-117.59600158281374,33.90789663063877],[-117.60243424072246,33.90614168461833],[-117.60635760568482,33.90156144569751],[-117.60624179247274,33.89594247793702],[-117.60213265879409,33.89147616893182],[-117.59563294856872,33.88990410259141],[-117.58927696613175,33.89183923080598],[-117.58554301766935,33.896527038925825],[-117.58588761357682,33.902139545602225],[-117.59017704885828,33.90648784410218],[-117.59600158281374,33.90789663063877]]]}"
"Aedes sierrensis",2017,-122.333393,37.401217,1,224,"000000000000000000df",12.614631043257,11.032951653944,55.0661577608142,33.4612213740458,23.6758269720102,3.91005089058524,19.7657760814249,8.89567430025445,16.6713740458015,17.1964376590331,8.89567430025445,899.150127226463,175.782442748092,2,85.4160305343512,463.723918575064,13,17.3727735368957,463.723918575064,1,0,0,0,0,0,0,1,1,"{""type"":""Polygon"",""coordinates"":[[[-122.33339513300518,37.41021728924888],[-122.34011631276549,37.40846232017975],[-122.34421557095196,37.40388204456998],[-122.34409446689227,37.398263078138655],[-122.33980105217165,37.39379680660426],[-122.33300997464443,37.39222476112582],[-122.32636906183716,37.39415986422828],[-122.32246764324188,37.39884763660993],[-122.3228275936905,37.40446014723452],[-122.32730934977099,37.408808483815505],[-122.33339513300518,37.41021728924888]]]}"
"Aedes sierrensis",2017,-111.823,40.7604,1,225,"000000000000000000e0",9.11742331288344,14.9920245398773,36.3668711656442,87.5523067484663,32.0566871165644,-8.82625766871166,40.8829447852761,8.05926380368098,20.6288343558282,20.6288343558282,-1.98159509202454,568.241717791411,68.5018404907975,22.6331288343558,28.7239263803681,191.568098159509,82.2699386503068,82.2699386503068,151.403680981595,0,0,0,0,0,1,0,17,2,"{""type"":""Polygon"",""coordinates"":[[[-111.82299964936372,40.76939634494231],[-111.83004883671849,40.767641351646525],[-111.83434805889807,40.763061037473655],[-111.83422093853325,40.757442072440554],[-111.82971802328942,40.75297584029101],[-111.82259570561904,40.751403816739696],[-111.81563087039093,40.75333889344787],[-111.81153906259826,40.758026628265576],[-111.81191646748638,40.763639143038915],[-111.81661686345495,40.76798751964636],[-111.82299964936372,40.76939634494231]]]}"
"Aedes sierrensis",2017,-111.877,40.7332,1,226,"000000000000000000e1",10.5096459096459,14.158485958486,34,90.4595482295482,33.2744810744811,-7.5026862026862,40.7771672771673,9.62649572649573,22.4401709401709,22.4401709401709,-0.990354090354091,429.808302808303,54.4786324786325,20,26.017094017094,148.184371184371,71,71,104.493284493285,0,0,0,0,0,1,0,17,2,"{""type"":""Polygon"",""coordinates"":[[[-111.87699936312096,40.742200287617344],[-111.88404566757946,40.740445294527305],[-111.88834313226228,40.735864980681924],[-111.88821606478699,40.73024601563696],[-111.88371499086425,40.72577978315294],[-111.87659558448195,40.724207759415414],[-111.86963359622675,40.72614283634773],[-111.86554346178559,40.73083057148445],[-111.86592071327684,40.73644308622256],[-111.87061918760307,40.74079146249008],[-111.87699936312096,40.742200287617344]]]}"
"Aedes sierrensis",2017,-111.882,40.7494,1,227,"000000000000000000e2",10.5503022974607,14.0957678355502,34,90.5025030229746,33.3112454655381,-7.41559854897219,40.7268440145103,9.65392986698912,22.4963724304716,22.4963724304716,-0.949697702539299,430.686819830713,54.6952841596131,20,26.1983071342201,149.079806529625,71,71,104.378476420798,0,0,0,0,0,1,0,17,2,"{""type"":""Polygon"",""coordinates"":[[[-111.88200247450294,40.758400201744514],[-111.88905049574508,40.75664520853195],[-111.89334900702879,40.75206489449152],[-111.89322190805746,40.74644592945362],[-111.88871973761592,40.74197969716881],[-111.8815985975424,40.74040767354219],[-111.87463491389609,40.74234275034101],[-111.87054378296311,40.74703048528774],[-111.87092112580325,40.752643000046824],[-111.87562074448013,40.756991376516794],[-111.88200247450294,40.758400201744514]]]}"
"Aedes sierrensis",2016,-119.18215,34.531295,1,228,"000000000000000000e3",12.9573315719947,11.9397622192867,44.2391017173052,53.9307793923382,28.4859973579921,1.59313077939234,26.8928665785997,7.21413474240423,19.8800528401585,20.4963011889036,7.01704095112285,547.53500660502,105.689564068692,0.709379128137384,90.4068692206077,300.501981505945,5.70937912813738,14.7608982826948,290.859973579921,0,0,1,0,0,0,0,9,3,"{""type"":""Polygon"",""coordinates"":[[[-119.18215287763606,34.540295260240576],[-119.18863401006959,34.53854031020456],[-119.19258692683415,34.53396006489166],[-119.19247022470806,34.52834109736266],[-119.18833012999123,34.523874794885764],[-119.1817814671761,34.522302732180016],[-119.17537761361753,34.52423785601944],[-119.17161552851604,34.52892565791288],[-119.17196270413912,34.5345381652772],[-119.1762844512178,34.53888647041176],[-119.18215287763606,34.540295260240576]]]}"
"Aedes sierrensis",2016,-117.582,33.9429,1,229,"000000000000000000e4",18.044170096022,15.5064471879287,54.2139917695473,43.9406721536351,33.1700960219479,5,28.1700960219479,13.4399176954733,21.4163237311386,24.0441700960219,12.8,266.229080932785,45.2139917695473,4.78600823045268,64.8902606310014,129.577503429355,19.636488340192,27.8504801097394,121.577503429355,0,0,0,1,0,0,0,14,3,"{""type"":""Polygon"",""coordinates"":[[[-117.58200000550596,33.951899039834174],[-117.58843598747156,33.95014409353627],[-117.5923613788972,33.945563854173784],[-117.5922455047287,33.93994488642929],[-117.58813424795044,33.93547857787517],[-117.58163118088682,33.9339065117859],[-117.57527191577135,33.935841639698154],[-117.57153603788751,33.94052944738778],[-117.57188081069384,33.94614195411171],[-117.57617246170051,33.950490253070114],[-117.58200000550596,33.951899039834174]]]}"
"Aedes sierrensis",2016,-117.582,33.9301,1,230,"000000000000000000e5",17.983356258597,15.4742778541953,54.595598349381,43.66507565337,33.0426409903714,4.98335625859697,28.0592847317744,13.387757909216,21.3525447042641,23.9742778541953,12.783356258597,261.555708390646,43.4387895460798,5,63.4690508940853,125.206327372765,20.3328748280605,28.5804676753783,117.453920220083,0,0,0,0,0,1,0,17,3,"{""type"":""Polygon"",""coordinates"":[[[-117.58200000550593,33.93909696070974],[-117.58843501962326,33.9373420144926],[-117.59235982101414,33.932761775258655],[-117.59224396459399,33.92714280750949],[-117.58813332598756,33.922676498824096],[-117.58163123631707,33.921104432661735],[-117.57527292700198,33.92303956066198],[-117.57153761089769,33.92772736847682],[-117.57188233219729,33.93333987518691],[-117.5761733380628,33.937688174011875],[-117.58200000550593,33.93909696070974]]]}"
"Aedes sierrensis",2016,-116.142,43.5726,1,231,"000000000000000000e6",10.6639306358382,13.8809248554913,36,83.763710982659,32.7720231213873,-5.51699421965318,38.2890173410405,0.783005780346821,21.0638150289017,21.6535260115607,-0.0169942196531792,330.747976878613,41.7976878612717,8,38.5537572254335,121.804624277457,37.0971098265896,43,110.951445086705,0,0,0,0,0,1,0,17,3,"{""type"":""Polygon"",""coordinates"":[[[-116.14200020681139,43.58159976991482],[-116.14937002223941,43.579844754376055],[-116.15386470715686,43.57526440479851],[-116.1537317028886,43.56964544105017],[-116.14902400122506,43.56517924505971],[-116.14157790062673,43.56360724163917],[-116.13429643526345,43.56554229411535],[-116.13001852188414,43.57022999444559],[-116.13041298540846,43.57584251302685],[-116.13532710009528,43.580190926382606],[-116.14200020681139,43.58159976991482]]]}"
"Aedes sierrensis",2015,-112.05,40.8021,1,232,"000000000000000000e7",10.9,12.5004866180049,31,91.8102676399027,32.9172749391727,-6.73065693430657,39.6479318734793,9.85778588807786,23.0706812652068,23.0706812652068,-0.8,406.463503649635,53,20,27.8223844282238,143.487834549878,71,71,86.1094890510949,0,0,0,1,0,0,0,14,2,"{""type"":""Polygon"",""coordinates"":[[[-112.05000356579257,40.811097857994135],[-112.05705718135589,40.809342864382536],[-112.06135910309885,40.80476254970698],[-112.06123190149377,40.79914358469211],[-112.0567261579298,40.794677353055974],[-112.04959936844104,40.793105329790485],[-112.0426301601843,40.7950404061546],[-112.03853578207735,40.79972814048264],[-112.03891342258687,40.805340655310054],[-112.04361677025102,40.80968903243926],[-112.05000356579257,40.811097857994135]]]}"
"Aedes sierrensis",2015,-112.015,40.822,1,233,"000000000000000000e8",10.9,12.8260073260073,32,91.5921978021978,33.1,-6.7,39.8,9.85262515262515,23.0471306471307,23.0471306471307,-0.7,418.659340659341,54.5531135531136,20,27.6251526251526,147.549450549451,71,71,93.1098901098901,0,0,0,1,0,0,0,14,2,"{""type"":""Polygon"",""coordinates"":[[[-112.014999622523,40.83099882599567],[-112.02205535461391,40.82924383223322],[-112.02635856665285,40.82466351731754],[-112.02623132621758,40.81904455231139],[-112.02172423081635,40.81457832092047],[-112.01459530395637,40.813006297791524],[-112.00762400554646,40.81494137399129],[-112.0035283989199,40.81962910808544],[-112.00390615204793,40.82524162293867],[-112.00861091051837,40.82959000031711],[-112.014999622523,40.83099882599567]]]}"
"Aedes sierrensis",2015,-112.012,40.7933,1,234,"000000000000000000e9",10.9,12.8446859903382,32,91.5995893719807,33.1,-6.7,39.8,9.84963768115942,23.0496376811594,23.0496376811594,-0.7,411.475845410628,53.7572463768116,20,27.5748792270531,145.590579710145,70.006038647343,70.006038647343,90.8562801932367,0,0,0,1,0,0,0,14,2,"{""type"":""Polygon"",""coordinates"":[[[-112.0120031066151,40.80230005161568],[-112.0190557871812,40.80054505807075],[-112.02335713892302,40.7959647435013],[-112.0232299544715,40.79034577848259],[-112.01872480809517,40.78587954673807],[-112.01159896281153,40.78430752341226],[-112.00463067790093,40.786242599849],[-112.00053684250479,40.7909303342804],[-112.0009144332639,40.79654284909639],[-112.00561715769028,40.80089122611546],[-112.0120031066151,40.80230005161568]]]}"
"Aedes sierrensis",2015,-117.033,33.9546,1,235,"000000000000000000ea",16.7006896551724,16.3,50,56.7029931034483,35.3183448275862,3.11020689655172,32.2081379310345,10.6812413793103,24.0500689655172,24.4995862068966,10.1812413793103,443.351724137931,86.0041379310345,3,79.6179310344828,231.990344827586,14,25,221.990344827586,0,0,0,0,0,1,0,17,3,"{""type"":""Polygon"",""coordinates"":[[[-117.03299548380568,33.963599720998424],[-117.03943235088876,33.96184477462669],[-117.04335828191347,33.95726453514668],[-117.04324239151376,33.95164556740644],[-117.03913056940445,33.94717925897235],[-117.03262660849451,33.94560719294991],[-117.02626646927962,33.947542320781736],[-117.02253007763666,33.952230128356874],[-117.02287489754694,33.95784263509345],[-117.02716713854869,33.962190934173826],[-117.03299548380568,33.963599720998424]]]}"
"Aedes sierrensis",2015,-117.032,33.9537,1,236,"000000000000000000eb",16.7010989010989,16.3,50,56.6834752747253,35.3174450549451,3.12087912087912,32.1965659340659,10.6885989010989,24.0493131868132,24.4979395604396,10.1854395604396,443.142857142857,85.9739010989011,3,79.6826923076923,231.93543956044,14.021978021978,25.021978021978,221.909340659341,0,0,0,0,0,1,0,17,3,"{""type"":""Polygon"",""coordinates"":[[[-117.03199664516971,33.96269898258562],[-117.03843344409677,33.96094403621957],[-117.04235933357114,33.95636379674861],[-117.04224344442123,33.950744829008045],[-117.03813166584371,33.94627852056472],[-117.03162777376193,33.944706454537126],[-117.02526770185469,33.94664158237514],[-117.02153134977233,33.9513293899591],[-117.02187616605552,33.9569418966947],[-117.02616836162628,33.961290195765685],[-117.03199664516971,33.96269898258562]]]}"
"Aedes sierrensis",2015,-117.352,33.6928,1,237,"000000000000000000ec",17.2231724137931,14.9990344827586,50.2868965517241,50.7552965517242,33.016275862069,3.54786206896552,29.4684137931035,11.8874482758621,23.7115862068966,24.2115862068966,11.3059310344828,316.383448275862,60.5737931034483,2,83.3558620689655,173.415172413793,10.0413793103448,19.0413793103448,165.369655172414,0,0,0,0,0,1,0,17,3,"{""type"":""Polygon"",""coordinates"":[[[-117.35199957316921,33.701796979948504],[-117.35841675765764,33.700042035223866],[-117.36233068947419,33.69546179836572],[-117.36221516001483,33.68984283053052],[-117.35811590932313,33.6853765194187],[-117.35163182511165,33.683804451905395],[-117.3452911234765,33.685739581531806],[-117.34156615643323,33.690427391660876],[-117.34190992888193,33.69603989811527],[-117.34618905000671,33.700388194474286],[-117.35199957316921,33.701796979948504]]]}"
"Aedes sierrensis",2015,-117.602,33.8934,1,238,"000000000000000000ed",17.8303155006859,15.2503429355281,55,42.9057201646091,32.5928669410151,5.01454046639232,27.5783264746228,13.2721536351166,21.0581618655693,23.6721536351166,12.7581618655693,264.065843621399,43.721536351166,5,62.1810699588477,125.647462277092,20.5514403292181,28.8244170096022,118.581618655693,0,0,0,0,0,1,0,17,3,"{""type"":""Polygon"",""coordinates"":[[[-117.60199907373062,33.902398559039874],[-117.60843131680853,33.90064361305409],[-117.61235442887526,33.89606337418843],[-117.61223862327036,33.890444406425935],[-117.6081297545472,33.88597809736441],[-117.60163046324367,33.88440603099263],[-117.59527489047356,33.88634115924496],[-117.59154118279628,33.89102896741854],[-117.5918857566274,33.89664147408898],[-117.59617491539402,33.9009897725317],[-117.60199907373062,33.902398559039874]]]}"
"Aedes sierrensis",2014,-111.923,40.7723,1,239,"000000000000000000ee",10.7104495747266,13.6675577156744,33.3900364520049,90.813815309842,33.2924665856622,-7.05735115431349,40.3498177399757,9.76099635479951,22.759659781288,22.759659781288,-0.797083839611179,422.803159173754,54.554070473876,20,26.8930741190765,148.447144592953,70,70,99.3560145808019,0,0,0,0,0,1,0,17,2,"{""type"":""Polygon"",""coordinates"":[[[-111.92299499048727,40.78129768565396],[-111.93004544067608,40.77954269226809],[-111.9343454327157,40.77496237795182],[-111.93421828918287,40.769343412923924],[-111.92971456736026,40.764877180920834],[-111.92259097441912,40.76330515745106],[-111.91562489209304,40.76524023406108],[-111.91153235129957,40.76992796873911],[-111.91190982338213,40.77554048352786],[-111.91661106111367,40.77988886028415],[-111.92299499048727,40.78129768565396]]]}"
"Aedes sierrensis",2014,-123.232,48.757,1,240,"000000000000000000ef",9.61965811965812,8.22735042735043,40.2735042735043,43.7988205128205,21.4196581196581,1.16752136752137,20.2521367521368,4.86923076923077,15.3548717948718,15.3548717948718,4.26923076923077,873.815384615385,142.803418803419,21.9042735042735,57.4649572649573,406.634188034188,81.1504273504273,81.1504273504273,359.017094017094,1,0,0,0,0,0,0,1,2,"{""type"":""Polygon"",""coordinates"":[[[-123.2320020954977,48.76600036430998],[-123.24010150938938,48.76424530170161],[-123.2450409627797,48.759664877204926],[-123.24489455433921,48.75404591617852],[-123.23972085913212,48.74957979670351],[-123.2315380066427,48.74800783587979],[-123.22353606425729,48.74994283708085],[-123.21883466340869,48.75463046443243],[-123.21926792835373,48.76024299106829],[-123.224668354841,48.76459148218696],[-123.2320020954977,48.76600036430998]]]}"
"Aedes sierrensis",2014,-123.301,48.781,1,241,"000000000000000000f0",9.53845371312309,8.29735503560529,39.293997965412,45.0011393692777,21.5181078331638,0.752797558494405,20.7653102746694,4.58718209562564,15.4214649033571,15.4214649033571,4.0324516785351,943.663275686673,155.043743641913,22.4262461851475,59.8067141403866,447.792472024415,81.5055951169888,81.5055951169888,396.321464903357,1,0,0,0,0,0,0,1,2,"{""type"":""Polygon"",""coordinates"":[[[-123.30100222519873,48.789999246179626],[-123.30910551201622,48.78824418333135],[-123.31404732631694,48.78366375845284],[-123.3139008466594,48.778044797440316],[-123.30872467783615,48.77357867835528],[-123.30053791455555,48.77200671774865],[-123.29253214776445,48.7739417186884],[-123.28782849892326,48.77862934566803],[-123.28826196977064,48.78424187234492],[-123.29366497769816,48.788590363859925],[-123.30100222519873,48.789999246179626]]]}"
"Aedes sierrensis",2014,-123.31,48.794,1,242,"000000000000000000f1",9.70558659217877,8.33882681564246,39.4008379888268,45.1168994413408,21.7196927374302,0.905586592178771,20.8141061452514,4.70558659217877,15.6565642458101,15.6565642458101,4.18896648044693,944.762569832402,155.467877094972,22.5796089385475,59.5740223463687,446.254189944134,82.4944134078212,82.4944134078212,394.284916201117,1,0,0,0,0,0,0,1,2,"{""type"":""Polygon"",""coordinates"":[[[-123.30999623202355,48.80299752575042],[-123.31810161863655,48.801242462772116],[-123.32304471295868,48.796662037686644],[-123.3228981946889,48.79104307668164],[-123.31772068473806,48.786576957807966],[-123.30953180113286,48.785004997319014],[-123.301523960853,48.786939998117106],[-123.29681909321113,48.79162762489515],[-123.2972526756929,48.79724015159428],[-123.3026570832072,48.801588643324095],[-123.30999623202355,48.80299752575042]]]}"
"Aedes sierrensis",2014,-125.753,49.071,1,243,"000000000000000000f2",9.11014492753623,7.4304347826087,42.304347826087,35.8765217391304,18.7101449275362,1.41014492753623,17.3,5.41014492753623,13.6101449275362,13.9405797101449,5,3200.50724637681,439.797101449275,75.8985507246377,52,1292.89855072464,283,318.797101449275,1221,1,0,0,0,0,0,0,1,2,"{""type"":""Polygon"",""coordinates"":[[[-125.75299946707389,49.079996883190475],[-125.76114996153426,49.07824181742503],[-125.76612055325921,49.07366138790346],[-125.76597320546983,49.06804242705978],[-125.76076688540273,49.06357631271672],[-125.75253245302927,49.06200435474992],[-125.74448007010446,49.063939352512],[-125.73974902016671,49.068626974968836],[-125.74018500072675,49.07423950214475],[-125.74561947415343,49.07858799847906],[-125.75299946707389,49.079996883190475]]]}"
"Aedes sierrensis",2014,-125.684,49.044,1,244,"000000000000000000f3",9.03449401523395,7.4,42.1109902067465,35.9210010881393,18.6,1.31109902067465,17.2889009793254,5.32426550598477,13.5213275299238,13.8842219804135,4.83449401523395,3136.20892274211,440.231773667029,74.10119695321,52,1275.10446137106,275.15451577802,316.268770402611,1208.60718171926,1,0,0,0,0,0,0,1,2,"{""type"":""Polygon"",""coordinates"":[[[-125.68399933737287,49.05299702631188],[-125.69214540459345,49.05124196081946],[-125.69711329751009,49.04666153173247],[-125.69696603114059,49.04104257087298],[-125.69176253872435,49.03657645608609],[-125.68353257685892,49.03500449787221],[-125.67548456569367,49.03693949593171],[-125.67075608549256,49.04162711881186],[-125.67119183069077,49.04723964594106],[-125.67662335321498,49.05158814182431],[-125.68399933737287,49.05299702631188]]]}"
"Aedes sierrensis",2014,-125.656,49.013,1,245,"000000000000000000f4",9.16979722518676,7.3008537886873,42.4407684098186,35.0762540021345,18.4977588046958,1.53991462113127,16.9578441835646,5.51995731056563,13.5177161152615,13.8361792956243,5.06851654215582,3132.82070437567,443.13447171825,74,52,1275.2924226254,274.363927427962,318.845250800427,1212.19637139808,1,0,0,0,0,0,0,1,2,"{""type"":""Polygon"",""coordinates"":[[[-125.65599618275718,49.02199735578831],[-125.66413717503322,49.02024229060902],[-125.66910197430515,49.01566186202039],[-125.66895480126611,49.010042901142775],[-125.66375455018607,49.0055767858469],[-125.6555297128655,49.00400482734968],[-125.64748671304967,49.00593982575025],[-125.64276117853748,49.01062744911586],[-125.64319665393933,49.0162399761915],[-125.6486247938434,49.02058847155746],[-125.65599618275718,49.02199735578831]]]}"
"Aedes sierrensis",2010,-125.68,49.04,1,246,"000000000000000000f5",9.04895591647332,7.4,42.1078886310905,35.8599767981439,18.6,1.31078886310905,17.289211136891,5.34895591647332,13.5012761020882,13.8850348027842,4.84895591647332,3133.46519721578,440.529002320185,74,52,1274.62064965197,274.755220417633,316.232018561485,1208.32482598608,1,0,0,0,0,0,0,1,2,"{""type"":""Polygon"",""coordinates"":[[[-125.67999952372791,49.049001671767975],[-125.68814493638143,49.04724660631595],[-125.69311243027941,49.04266617729323],[-125.69296517594779,49.037047216431404],[-125.68776210159949,49.03258110157887],[-125.67953280069844,49.031009143328454],[-125.67148543589762,49.032944141431926],[-125.66675733563187,49.03763176437469],[-125.6671930460318,49.04324429149698],[-125.67262413226521,49.047592787313526],[-125.67999952372791,49.049001671767975]]]}"
"Aedes sierrensis",2014,-123.2738,48.76664,1,247,"000000000000000000f6",9.67450980392157,8.25820433436532,39.8968008255934,44.4488957688338,21.5433436532508,1.01537667698658,20.5279669762642,4.80856553147575,15.5155830753354,15.5155830753354,4.20908152734778,905.339525283798,149.339525283798,22,58.9091847265222,426.230134158927,80.3642930856553,80.3642930856553,375.796697626419,1,0,0,0,0,0,0,1,2,"{""type"":""Polygon"",""coordinates"":[[[-123.2738017087727,48.77563648168648],[-123.28190267711982,48.77388141898181],[-123.28684307809615,48.76930099433186],[-123.28669664107174,48.76368203331103],[-123.28152195304257,48.75921591399255],[-123.27333753089974,48.75764395325597],[-123.26533405353302,48.759578954352136],[-123.2606317504197,48.764266581554416],[-123.26106509800677,48.76987910820674],[-123.2664665605929,48.774227599484504],[-123.2738017087727,48.77563648168648]]]}"
"Aedes sierrensis",2014,-114.293,48.1949,1,248,"000000000000000000f7",6.21803278688525,12.8545081967213,34.5450819672131,80.6982581967213,27.0907786885246,-9.67858606557377,36.7693647540984,14.4941598360656,1.72315573770492,16.6907786885246,-4.14743852459017,476.258196721311,64.7407786885246,29,25.781762295082,154.740778688525,92,137.740778688525,115.933401639344,0,0,0,0,0,1,0,17,1,"{""type"":""Polygon"",""coordinates"":[[[-114.29299828219163,48.203899462815755],[-114.3010084305549,48.20214440576165],[-114.30589346809653,48.19756399010531],[-114.30574870091309,48.19194502875749],[-114.30063201915188,48.18747890025379],[-114.29253930526448,48.1859069344038],[-114.28462551039696,48.18784194165512],[-114.27997592265167,48.1925295776181],[-114.28040444162855,48.19814210330375],[-114.28574536937876,48.202490585246494],[-114.29299828219163,48.203899462815755]]]}"
"Aedes sierrensis",2014,-114.154,46.9143,1,249,"000000000000000000f8",7.1,13.7280334728033,36,81.9918933054393,28.9176778242678,-8.94110878661088,37.8587866108787,11.3138075313808,2.68933054393305,17.7529288702929,-3.4,344.006276150628,47.9560669456067,19,29.9560669456067,119.094142259414,67,100.912133891213,75.9560669456067,0,0,0,0,1,0,0,15,3,"{""type"":""Polygon"",""coordinates"":[[[-114.15399918415362,46.92329914947874],[-114.16181588539106,46.92154410463605],[-114.1665829974158,46.91696370841597],[-114.16644178573202,46.9113447463617],[-114.16144865800457,46.90687859800761],[-114.15355128540659,46.90530662110687],[-114.14582851682798,46.90724164166034],[-114.1412912132406,46.91192929655622],[-114.14170944590744,46.91754182015255],[-114.14692143313444,46.921890281921215],[-114.15399918415362,46.92329914947874]]]}"
"Aedes sierrensis",2014,-114.232,48.3021,1,250,"000000000000000000f9",5.99857433808554,12.937067209776,34.0784114052953,81.5116395112016,26.99816700611,-10.180549898167,37.178716904277,14.3266802443992,1.41761710794297,16.5292260692464,-4.50906313645621,504.93482688391,66.6242362525458,30.8635437881874,23.9857433808554,158.489816700611,98.3146639511201,141.487780040733,128.23116089613,0,0,0,0,1,0,0,15,1,"{""type"":""Polygon"",""coordinates"":[[[-114.23200223888155,48.31110071124165],[-114.2400291998982,48.30934565313771],[-114.24492448637852,48.30476523581043],[-114.24477941010224,48.29914627452335],[-114.23965199017621,48.29468014772618],[-114.23154229914893,48.293108182826245],[-114.2236119021537,48.29504318893398],[-114.21895255570357,48.2997308232693],[-114.21938196858662,48.30534334913455],[-114.22473410260609,48.309691832811666],[-114.23200223888155,48.31110071124165]]]}"
"Aedes sierrensis",2013,-122.69239,38.583027,1,251,"000000000000000000fa",13.777989821883,15.2748091603053,51.5318066157761,49.5857251908397,30.8941475826972,1.62595419847328,29.2681933842239,7.78040712468194,20.0526717557252,20.1025445292621,7.78040712468194,1135.57760814249,245.445292620865,2,90.5229007633588,624.580152671756,11.7480916030534,20.7404580152672,624.580152671756,0,0,1,0,0,0,0,10,3,"{""type"":""Polygon"",""coordinates"":[[[-122.69238844061601,38.592026218746796],[-122.69921881444893,38.5902712414148],[-122.7033846410727,38.585690952652385],[-122.70326153443537,38.58007198669783],[-122.69889837670472,38.57560572859634],[-122.6919970285543,38.5740336905966],[-122.6852482812269,38.57596878469675],[-122.68128348184771,38.58065654426656],[-122.68164924316812,38.586269056306286],[-122.6862037848887,38.590617406538996],[-122.69238844061601,38.592026218746796]]]}"
"Aedes sierrensis",2013,-116.392,43.6855,1,252,"000000000000000000fb",10.4,14.7,37,83.3393895671476,32.63884572697,-6.26958934517203,38.9084350721421,0.330410654827969,20.4460599334073,21.2460599334073,-0.369589345172031,307.394006659267,38.6115427302997,7,37.6115427302997,112.782463928968,36,41,103.170921198668,0,0,0,0,1,0,0,15,2,"{""type"":""Polygon"",""coordinates"":[[[-116.39199970737285,43.69449974948701],[-116.39938338253606,43.69274473301253],[-116.40388651662012,43.6881643819456],[-116.40375325792786,43.682545418251316],[-116.3990367040174,43.678079223781985],[-116.39157660744664,43.67650722120829],[-116.38428145529538,43.6784422726651],[-116.37999549716787,43.68312997154453],[-116.38039069799703,43.688742490285954],[-116.38531405100565,43.693090905187645],[-116.39199970737285,43.69449974948701]]]}"
"Aedes sierrensis",2013,-112.029,40.846,1,253,"000000000000000000fc",10.9,12.7492159227986,31.9674306393245,91.6298552472859,33.0494571773221,-6.64945717732208,39.6989143546442,9.89903498190591,23.0482509047045,23.0482509047045,-0.7,422.721351025332,55.0193003618818,19.5199034981906,27.767189384801,149.261761158022,70.4945717732207,70.4945717732207,94.2316043425814,0,0,0,1,0,0,0,14,2,"{""type"":""Polygon"",""coordinates"":[[[-112.02900119983083,40.85499770786532],[-112.03605948709776,40.853242713920835],[-112.0403642568452,40.8486623987154],[-112.04023696953205,40.843043433719764],[-112.03572824212654,40.83857720262478],[-112.02859673492736,40.83700517966058],[-112.02162291318216,40.83894025566203],[-112.01752582342641,40.84362798947393],[-112.01790371251285,40.84924050435833],[-112.02261017417777,40.85358888203751],[-112.02900119983083,40.85499770786532]]]}"
"Aedes sierrensis",2011,-122.576,49.173,1,254,"000000000000000000fd",9.7,9.02704339051463,37,53.0210998990918,23.252774974773,-1.01907164480323,24.2718466195762,3.44863773965691,16.5,16.5,3.00514631685166,1521.59535822402,221.828456104944,45.2421796165489,47.1907164480323,632.905146316852,167.380423814329,167.380423814329,580.815338042381,0,0,0,0,0,1,0,17,2,"{""type"":""Polygon"",""coordinates"":[[[-122.57599698491899,49.18199881978805],[-122.5841642648278,49.180243752988424],[-122.58914508881463,49.17566332182085],[-122.58899743232115,49.17004436103702],[-122.5837803914934,49.16557824837504],[-122.57552900963857,49.164006291344094],[-122.5674600516266,49.16594128797967],[-122.56271925878346,49.170628908833116],[-122.56315613168577,49.17624143618594],[-122.56860179316546,49.18058993422875],[-122.57599698491899,49.18199881978805]]]}"
"Aedes sierrensis",2011,-114.274,48.2209,1,255,"000000000000000000fe",6.18217213114754,12.8939549180328,34,81.0336680327869,27.1,-9.82059426229508,36.9205942622951,14.4765368852459,1.65727459016393,16.6765368852459,-4.22059426229508,478.410860655738,65,29.094262295082,25.905737704918,155,92.1280737704918,138,117.06762295082,0,0,0,0,0,1,0,17,1,"{""type"":""Polygon"",""coordinates"":[[[-114.27400251170397,48.2299004810584],[-114.28201672882626,48.228145423750064],[-114.28690424667116,48.22356500768908],[-114.28675940468666,48.21794604635597],[-114.28164012422735,48.21347991826552],[-114.27354330177222,48.21190795264561],[-114.26562548909217,48.21384295962],[-114.26097353968396,48.218530595188824],[-114.26140227499256,48.224143120917965],[-114.26674591472543,48.2284916032807],[-114.27400251170397,48.2299004810584]]]}"
"Aedes sierrensis",2010,-125.84,49.08,1,256,"000000000000000000ff",9.15098493626883,7.0747392815759,41.9629200463499,35.1128852838934,18.4508690614137,1.79698725376593,16.6538818076477,5.7008111239861,13.5900347624565,13.8508690614137,5.10753186558517,3221.26998841251,441.004634994206,76.7949015063731,51,1299.27578215527,286.482039397451,322.011587485516,1225.27694090382,1,0,0,0,0,0,0,1,2,"{""type"":""Polygon"",""coordinates"":[[[-125.8399965286266,49.088999808217395],[-125.84814850079361,49.08724474236083],[-125.85311999331603,49.08266431269426],[-125.85297261835042,49.07704535185586],[-125.84776535448121,49.07257923766089],[-125.83952942995957,49.07100727977654],[-125.83147558784641,49.072942277439374],[-125.82674368019214,49.07762989975496],[-125.82717973931008,49.08324242694646],[-125.83261519767717,49.087590923431286],[-125.8399965286266,49.088999808217395]]]}"
"Aedes sierrensis",2010,-125.55,49.03,1,257,"00000000000000000100",9.2077620967742,7.4,42,35.9346169354839,18.8088709677419,1.43427419354839,17.3745967741935,5.4077620967742,13.7088709677419,13.9378024193548,4.92721774193549,2988.14213709677,432.181451612903,70.2782258064516,53,1228.71673387097,259.386088709677,306.535282258065,1168.86592741935,1,0,0,0,0,0,0,1,2,"{""type"":""Polygon"",""coordinates"":[[[-125.5500033507168,49.03899544900405],[-125.55814712466584,49.03724038365311],[-125.56311361962304,49.032659954791285],[-125.56296639542795,49.02704099392361],[-125.55776436771025,49.02257487890675],[-125.54953672152953,49.02100292056485],[-125.54149097489814,49.02293791877845],[-125.53676382579818,49.027625541877946],[-125.53719944908067,49.03323806898295],[-125.54262944306289,49.03758656463248],[-125.5500033507168,49.03899544900405]]]}"
"Aedes sierrensis",2010,-125.59,48.97,1,258,"00000000000000000101",9.23566176470588,7.20085784313726,42.6115196078431,34.8089093137255,18.4432598039216,1.69595588235294,16.7473039215686,5.6280637254902,13.5817401960784,13.9094362745098,5.13848039215686,3089.11519607843,445.265931372549,73,52.7316176470588,1263.22916666667,269.93137254902,319.9375,1205.78553921569,1,0,0,0,0,0,0,1,2,"{""type"":""Polygon"",""coordinates"":[[[-125.58999702806516,48.97899824432993],[-125.59813099537091,48.97724317958431],[-125.60309151227673,48.972662751685924],[-125.60294446842794,48.967043790783215],[-125.5977487041542,48.96257767478239],[-125.58953096046632,48.96100571589272],[-125.58149489759266,48.962940714765686],[-125.57677344063791,48.96762833880368],[-125.57720854257309,48.973240865805124],[-125.58263200009827,48.977589360454644],[-125.58999702806516,48.97899824432993]]]}"
"Aedes sierrensis",2009,-116.241,43.6478,1,259,"00000000000000000102",10.4768786127168,14.2638150289017,36.6381502890173,83.3977919075145,32.6973410404624,-5.9,38.5973410404624,0.5,20.7021965317919,21.3768786127168,-0.202658959537572,325.753757225434,41.2531791907514,8,37.2624277456647,119.506358381503,37.2312138728324,42.9953757225434,109.714450867052,0,0,0,0,0,1,0,17,3,"{""type"":""Polygon"",""coordinates"":[[[-116.24099670929897,43.65679805008012],[-116.24837574717611,43.65504303391852],[-116.25287605428025,43.650462683349566],[-116.25274288071574,43.64484371963721],[-116.24802928865105,43.640377524659286],[-116.2405738749482,43.63880552180243],[-116.23328330221585,43.640740573600084],[-116.22900003575576,43.64542827296461],[-116.22939498989324,43.65104079165247],[-116.23431525188083,43.65538920603726],[-116.24099670929897,43.65679805008012]]]}"
"Aedes sierrensis",2009,-116.096,43.548,1,260,"00000000000000000103",10.5006960556845,13.8025522041763,36,83.810464037123,32.6303944315545,-5.63097447795824,38.2613689095128,0.679118329466357,20.9440835266821,21.5278422273782,-0.120881670533643,347.375870069606,45.245939675174,8,40.4825986078886,131.091647331787,37.7784222737819,43.3294663573086,119.503480278422,0,1,0,0,0,0,0,8,3,"{""type"":""Polygon"",""coordinates"":[[[-116.09600012034406,43.55699890940296],[-116.10336692643455,43.55524389406762],[-116.10785977679998,43.55066354481388],[-116.10772682777339,43.54504458105378],[-116.1030210481813,43.54057838473263],[-116.09557798650303,43.539006381127976],[-116.08829949292706,43.54094143382577],[-116.08402332628849,43.54562913447143],[-116.08441762972224,43.551241653017854],[-116.08932973850935,43.555590066037546],[-116.09600012034406,43.55699890940296]]]}"
"Aedes sierrensis",2008,-116.90862,33.337077,1,261,"00000000000000000104",12.3329166666667,13.6977777777778,46.6027777777778,57.8317777777778,29.1466666666667,0.0106944444444444,29.1359722222222,6.24819444444444,18.8686111111111,20.2981944444444,6.00277777777778,736.3375,129.1,3.16388888888889,79.6986111111111,383.108333333333,31.8805555555556,49.2625,365.6375,1,0,0,0,0,0,0,3,3,"{""type"":""Polygon"",""coordinates"":[[[-116.90862223722297,33.346076652510924],[-116.91501308339764,33.34432171000823],[-116.91891095845016,33.33974147668703],[-116.91879591199209,33.334122508723766],[-116.91471348377263,33.32965619399961],[-116.90825599760187,33.32808412447511],[-116.90194130640042,33.330019256522455],[-116.89823162721348,33.334707070096805],[-116.89857399800731,33.34031957617051],[-116.90283556274159,33.3446678688584],[-116.90862223722297,33.346076652510924]]]}"
"Aedes sierrensis",2007,-114.26,48.204,1,262,"00000000000000000105",6.24774590163934,12.8,34.1526639344262,80.5921413934426,27.0210040983607,-9.64825819672131,36.669262295082,14.5,1.73647540983607,16.7,-4.09969262295082,482.417008196721,65.0030737704918,29.7899590163934,25.2100409836066,155.893442622951,93.3319672131148,138.338114754098,117,0,0,0,0,1,0,0,15,1,"{""type"":""Polygon"",""coordinates"":[[[-114.26000093439615,48.21299602896479],[-114.26801250557439,48.211240971821766],[-114.27289841045982,48.206660556023905],[-114.2727536171191,48.20104159468123],[-114.26763602661234,48.19657546632205],[-114.25954187598899,48.19500350055254],[-114.25162667612197,48.19693850770701],[-114.24697626252059,48.20162614353213],[-114.24740485714716,48.20723866923299],[-114.25274673325775,48.211587151322625],[-114.26000093439615,48.21299602896479]]]}"
"Aedes sierrensis",2007,-114.341,48.3343,1,263,"00000000000000000106",5.43707865168539,13.3282941777324,35,81.264708886619,26.6876404494382,-10.823595505618,37.5112359550562,13.7827374872319,0.973340143003064,15.9429009193054,-5.0123595505618,523.539325842697,66.8958120531154,31.123595505618,24,158.689479060266,105.431052093973,141.689479060266,142.679264555669,1,0,0,0,0,0,0,1,1,"{""type"":""Polygon"",""coordinates"":[[[-114.34100496413303,48.343299879948574],[-114.34903699431877,48.34154482152845],[-114.35393537094585,48.336964403697905],[-114.35379020147266,48.331345442429125],[-114.34865954389221,48.32687931614595],[-114.34054473410603,48.325307351532125],[-114.33260933142127,48.32724235729545],[-114.3279470426324,48.33192999114054],[-114.3283767250336,48.33754251705989],[-114.33373223784402,48.341891001259356],[-114.34100496413303,48.343299879948574]]]}"
"Aedes sierrensis",2006,-114.307,48.2088,1,264,"00000000000000000107",6.10918367346939,12.9,34.3795918367347,80.8136020408163,27.0497959183673,-9.81734693877551,36.8671428571429,14.3617346938776,1.62020408163265,16.5617346938776,-4.28397959183674,478.033673469388,64.6448979591837,28.6836734693878,25.8591836734694,154.59387755102,92.4816326530612,137.644897959184,117.636734693878,0,0,0,0,0,1,0,17,1,"{""type"":""Polygon"",""coordinates"":[[[-114.30699985949947,48.217798480799345],[-114.3150121821257,48.21604342360937],[-114.31989854509155,48.21146300773677],[-114.31975373793603,48.20584404639681],[-114.31463566748282,48.20137791811397],[-114.30654075805934,48.19980595238694],[-114.29862481615349,48.20174095949026],[-114.29397396638305,48.2064285952426],[-114.29440260096335,48.21204112095149],[-114.2997449779426,48.216389603118685],[-114.30699985949947,48.217798480799345]]]}"
"Aedes sierrensis",2007,-114.291,48.2794,1,265,"00000000000000000108",5.94468302658487,13.009100204499,34.0910020449898,81.4695501022495,26.9612474437628,-10.2653374233129,37.2265848670757,14.2703476482618,1.43466257668712,16.4572597137014,-4.55623721881391,482.537832310838,65,28.6482617586912,25.3609406952965,154.19018404908,93.6431492842536,138,121.579754601227,0,0,0,0,1,0,0,15,1,"{""type"":""Polygon"",""coordinates"":[[[-114.29100060491969,48.28839942777856],[-114.2990239974016,48.2866443698973],[-114.3039171085157,48.28206395292445],[-114.30377209784638,48.27644499162448],[-114.29864695712688,48.271978864465346],[-114.29054086954523,48.270406899363884],[-114.28261399639831,48.272341905714185],[-114.27795672126167,48.27702954039476],[-114.27838594441168,48.28264206622191],[-114.28373569986863,48.28699054953114],[-114.29100060491969,48.28839942777856]]]}"
"Aedes sierrensis",2005,-114.276,48.269,1,266,"00000000000000000109",6.0417773237998,12.9876404494382,34.0306435137896,81.6092339121553,27.0590398365679,-10.1582226762002,37.2172625127681,14.3744637385087,1.49959141981614,16.5744637385087,-4.50040858018386,482.199182839632,65,29,25,154.533197139939,93.2553626149132,138,120.38304392237,0,0,0,0,1,0,0,15,1,"{""type"":""Polygon"",""coordinates"":[[[-114.27600018897591,48.27800080412192],[-114.28402194832296,48.2762457463426],[-114.28891406388362,48.27166532953199],[-114.28876908323905,48.266046368226135],[-114.28364498559523,48.26158024090129],[-114.27554054712569,48.260008275707584],[-114.26761528666326,48.26194328216893],[-114.26295895946029,48.26663091700754],[-114.26338809577906,48.272243442817256],[-114.26873676269008,48.27659192595808],[-114.27600018897591,48.27800080412192]]]}"
"Aedes sierrensis",2005,-109.971,45.8375,1,267,"0000000000000000010a",7.46191489361702,14.8008510638298,37,83.6054468085106,29.4656382978723,-10.2185106382979,39.6841489361702,11.3613829787234,-2.91765957446809,18.6510638297872,-2.91765957446809,371.78085106383,69.2382978723404,11,57.25,169.015957446808,38,127.015957446809,38,0,0,0,1,0,0,0,14,3,"{""type"":""Polygon"",""coordinates"":[[[-109.97100120883607,45.846502049789464],[-109.97866523725209,45.84474701477135],[-109.98333927882317,45.840166634188705],[-109.98320087203831,45.834547671566284],[-109.97830525623462,45.83008150724157],[-109.97056205336193,45.82850952144987],[-109.96299004889501,45.830444552705686],[-109.95854136258166,45.83513222283396],[-109.9589514758161,45.84074474474912],[-109.9640616994012,45.84509319028679],[-109.97100120883607,45.846502049789464]]]}"
"Aedes sierrensis",1983,-126.963,50.558,1,268,"0000000000000000010b",8.72470389170897,5.5,35,37.3010829103215,17.7693739424704,2.20338409475465,15.5659898477157,6.24991539763113,13.5285956006768,13.5285956006768,4.22470389170897,1667.69712351946,234.722504230118,54,48.2521150592217,693.414551607445,193.994923857868,209.639593908629,600.944162436548,1,0,0,0,0,0,0,1,3,"{""type"":""Polygon"",""coordinates"":[[[-126.9629988334317,50.56699560698835],[-126.97140375676872,50.56524052570959],[-126.97652944487989,50.56066007149692],[-126.97637741637922,50.55504111155138],[-126.97100859455908,50.5505750224255],[-126.96251724941166,50.54900307849686],[-126.95421362852387,50.550938059360746],[-126.94933489861351,50.555625657765866],[-126.94978440349,50.56123818759526],[-126.95538846103015,50.56558670955807],[-126.9629988334317,50.56699560698835]]]}"
"Aedes sierrensis",1981,-123.583,48.997,1,269,"0000000000000000010c",9.48246753246753,8.5,37,50.6613961038961,22.4824675324675,-0.217532467532468,22.7,3.79123376623377,16.1824675324675,16.1824675324675,3.37012987012987,1107.64935064935,183.474025974026,26,61,526.701298701299,94.211038961039,94.211038961039,473.701298701299,1,0,0,0,0,0,0,1,2,"{""type"":""Polygon"",""coordinates"":[[[-123.58300023491971,49.006002560309604],[-123.59113861209725,49.00424749529171],[-123.59610181722611,48.99966706695997],[-123.5959546922794,48.99404810607302],[-123.590756111447,48.98958199051477],[-123.58253391478456,48.98801003187149],[-123.57449349729767,48.98994503044788],[-123.56976948068716,48.99463265406373],[-123.5702048170635,49.00024518111177],[-123.57563121391668,49.00459367621107],[-123.58300023491971,49.006002560309604]]]}"
"Aedes sierrensis",1981,-131.443,52.576,1,270,"0000000000000000010d",8.47176470588235,5.18588235294118,32,37.1263529411765,17.5717647058824,1.8,15.7717647058824,6.78588235294118,13.0717647058824,13.6717647058824,4.28588235294118,2595.15294117647,358.717647058824,84,41,984.435294117647,298,386.858823529412,863.717647058823,1,0,0,0,0,0,0,1,1,"{""type"":""Polygon"",""coordinates"":[[[-131.442995234414,52.58499746153371],[-131.451781818973,52.583242357561],[-131.45714015754456,52.57866186722912],[-131.45698110160333,52.57304290859832],[-131.45136851726224,52.568576856361155],[-131.44249179503993,52.56700493296772],[-131.43381130908853,52.56893988911267],[-131.42871104929495,52.57362745233381],[-131.42918083522727,52.579239986043966],[-131.43503927636235,52.583588545497356],[-131.442995234414,52.58499746153371]]]}"
"Aedes sierrensis",1981,-131.466,52.665,1,271,"0000000000000000010e",8.30023094688222,5.2,32.0069284064665,37.7314318706697,17.5027713625866,1.54272517321016,15.9600461893764,6.53868360277136,12.9707852193995,13.5667436489607,4.03868360277136,2622.31524249423,363.953810623557,84.0658198614319,41.270207852194,999.599307159353,297.132794457275,386.458429561201,877.415704387991,0,1,0,0,0,0,0,8,1,"{""type"":""Polygon"",""coordinates"":[[[-131.4660041958498,52.67400111856048],[-131.4748086688655,52.67224601353905],[-131.48017791160947,52.6676655215381],[-131.48001852611003,52.66204656296807],[-131.47439451666924,52.65758051243555],[-131.46549973213467,52.656008589991046],[-131.45680158281067,52.65794354499374],[-131.4516909399284,52.662631106589],[-131.45216167624153,52.66824364047847],[-131.45803204019657,52.67259220166431],[-131.4660041958498,52.67400111856048]]]}"
"Aedes sierrensis",1981,-131.617,52.766,1,272,"0000000000000000010f",8.05568965517242,5.4,32,39.1011034482759,17.6544827586207,1.15568965517241,16.4987931034483,6.17741379310345,12.9544827586207,13.4881034482759,3.65448275862069,2872.33793103448,403.418965517241,87.5534482758621,43,1105.94482758621,308.672413793103,406.660344827586,978.305172413793,1,0,0,0,0,0,0,1,1,"{""type"":""Polygon"",""coordinates"":[[[-131.61700273482262,52.774999757421035],[-131.62582762139263,52.77324465120437],[-131.63120930750267,52.76866415730113],[-131.63104954590506,52.76304519880038],[-131.6254124986262,52.75857915021067],[-131.61649710217472,52.75700722884767],[-131.60777879618485,52.75894218254852],[-131.60265630456007,52.76362974229075],[-131.60312812538658,52.769242276384574],[-131.60901209514716,52.77359083954493],[-131.61700273482262,52.774999757421035]]]}"
"Aedes sierrensis",1981,-131.612,52.968,1,273,"00000000000000000110",7.80889328063241,5.39604743083004,32,39.8956719367589,17.3545454545455,0.766403162055336,16.5881422924901,5.83399209486166,12.8300395256917,13.3333992094862,3.33794466403162,2440.78260869565,342.782608695652,79.2905138339921,42.9604743083004,946.808300395257,274.361660079051,358.316205533597,826.262845849802,0,1,0,0,0,0,0,8,1,"{""type"":""Polygon"",""coordinates"":[[[-131.61199962344065,52.97699703514213],[-131.6208657053905,52.97524192651828],[-131.62627250266286,52.97066142878387],[-131.6261119820183,52.96504247042264],[-131.6204486238707,52.96057642574572],[-131.61149163184587,52.959004506560866],[-131.60273264899135,52.96093945763981],[-131.59758624612917,52.96562701365006],[-131.59806025547834,52.97123954815545],[-131.6039716822569,52.975588115292446],[-131.61199962344065,52.97699703514213]]]}"
"Culex quinquefasciatus",2019.31428571429,-81.10475,28.55455,0,274,"00000000000000000111",21.9,10.8245255474453,46,44.9571386861314,32.5991240875912,9.3,23.2991240875912,27.1,16.9,27.2,15.8,1301.14452554745,200.76496350365,52.4116788321168,50,562.490510948905,175.556204379562,552.129927007299,192.76496350365,0,0,0,0,0,1,0,17,2,"{""type"":""Polygon"",""coordinates"":[[[-81.10475191149305,28.563548081456492],[-81.11083045912585,28.561793167217964],[-81.11453794740073,28.557212978889094],[-81.11442862968967,28.55159400929751],[-81.1105456683837,28.54712764862219],[-81.1044035575191,28.545555553513513],[-81.09839727442306,28.547490716357153],[-81.09486886621278,28.55217857375771],[-81.09519461910736,28.557791074988014],[-81.0992480155518,28.56213932097671],[-81.10475191149305,28.563548081456492]]]}"
"Aedes sticticus",2004.96784565916,-87.89415,41.78475,0,275,"00000000000000000112",9.7,10.6161676646707,27,100.281269461078,29.0861077844311,-10.0611976047904,39.1473053892216,22.0726946107784,-3.87125748502994,22.0726946107784,-3.87125748502994,930.281437125749,103.500598802395,36,28.762874251497,302.719760479042,141.863473053892,302.719760479042,141.863473053892,0,0,0,0,0,1,0,17,3,"{""type"":""Polygon"",""coordinates"":[[[-87.89414796176239,41.793749957142005],[-87.9013086667319,41.7919949559713],[-87.90567587310822,41.78741462926362],[-87.90554670665179,41.781795664685276],[-87.90097256456654,41.77732944533763],[-87.89373763133871,41.77575742891353],[-87.88666266840404,41.777692497042466],[-87.88250613121757,41.782380219650115],[-87.88288946967725,41.787992735771745],[-87.88766419941943,41.792341125389676],[-87.89414796176239,41.793749957142005]]]}"
"Aedes sticticus",2015,-76.78045,39.03745,0,276,"00000000000000000113",12.788375,11.732625,33,84.6584625,30.66075,-4.602625,35.263375,23.489125,1.66775,23.489125,1.66775,1074.99875,106.9925,71.67375,11.95,302.9775,233.7825,302.9775,233.7825,0,0,0,1,0,0,0,14,2,"{""type"":""Polygon"",""coordinates"":[[[-76.78044948289285,39.04644874800242],[-76.78732357976172,39.044693767420746],[-76.79151606138977,39.04011347348562],[-76.79139215282599,39.034494507718584],[-76.78700106890574,39.03002825490006],[-76.78005556675677,39.02845621984157],[-76.77326364087887,39.03039131040126],[-76.76927346283499,39.035079064932354],[-76.76964155085447,39.0406915775286],[-76.77422523705123,39.045039933130326],[-76.78044948289285,39.04644874800242]]]}"
"Aedes sticticus",2021.48192771084,-88.15975,31.85795,0,278,"00000000000000000115",18.0922425952045,14.2,43.0324400564175,67.701311706629,33.5684062059238,1.20324400564175,32.3651622002821,10.5922425952045,22.9922425952045,26.3922425952045,9,1493.92383638928,172,78.605077574048,20,457,278.815232722144,353.968970380818,435.696755994358,0,0,0,1,0,0,0,14,1,"{""type"":""Polygon"",""coordinates"":[[[-88.15974985690983,31.866948242072393],[-88.16603603057062,31.865193308619247],[-88.16987009368516,31.860613089703445],[-88.16975696688668,31.85499412121866],[-88.16574139372682,31.850527791782124],[-88.15938961203292,31.8489557140663],[-88.1531782900813,31.850890855973738],[-88.14952936717889,31.85557868358015],[-88.14986616772569,31.861191188103287],[-88.15405796076362,31.86553946583927],[-88.15974985690983,31.866948242072393]]]}"
"Culex quinquefasciatus",2019,-86.08475,30.31415,0,279,"00000000000000000116",19.6,11.1,40.1212121212121,61.0073015873016,32.1131313131313,5.01212121212121,27.1010101010101,26.7621933621934,15.9,27,11.555266955267,1546.83694083694,198.500721500721,85.9451659451659,28,546.865800865801,292.945165945166,539.001443001443,345.568542568543,0,0,0,1,0,0,0,14,2,"{""type"":""Polygon"",""coordinates"":[[[-86.08474731359827,30.323149489055726],[-86.09093215671795,30.321394564743247],[-86.0947044455577,30.31681436037802],[-86.0945931774681,30.31119539136662],[-86.09064232474053,30.306729047069425],[-86.08439287203034,30.30515696107965],[-86.07828161842833,30.307092112946645],[-86.07469151196467,30.311779954726504],[-86.07502292046897,30.317392457683297],[-86.07914716972677,30.321740720316686],[-86.08474731359827,30.323149489055726]]]}"
"Aedes communis",1999.5,-73.36085,43.67715,0,280,"00000000000000000117",7.35638418079096,12.3716384180791,29,99.7334237288135,28.1741242937853,-13.4604519774011,41.6345762711864,18.5716384180791,-4.76045197740113,19.7186440677966,-6.15864406779661,968.116384180791,107.209039548023,56.3774011299435,17,284.325423728814,186.359322033898,282.098305084746,192.21581920904,1,0,0,0,0,0,0,5,2,"{""type"":""Polygon"",""coordinates"":[[[-73.36084960792522,43.68614785321391],[-73.36823225503211,43.68439283680877],[-73.37273476239308,43.6798124858522],[-73.37260152257315,43.67419352215392],[-73.36788562528471,43.66972732757188],[-73.36042656687538,43.66815532493541],[-73.35313242995154,43.67009037646777],[-73.34884706854929,43.67477807545472],[-73.34924221468854,43.68039059418427],[-73.35416488243787,43.68473900897139],[-73.36084960792522,43.68614785321391]]]}"
"Culex tarsalis",2021.25,-109.38285,38.25725,0,281,"00000000000000000118",9.79621409921671,15.4685378590078,36.8237597911227,89.5004438642298,32.0274151436031,-9.67232375979112,41.6997389033943,16.4588772845953,14.0490861618799,21.4352480417755,-1.70378590078329,314.44908616188,36,12.2545691906005,23.0600522193211,101.392950391645,57.509138381201,78.5874673629243,71.509138381201,0,1,0,0,0,0,0,8,2,"{""type"":""Polygon"",""coordinates"":[[[-109.38285023898761,38.266248754883094],[-109.38964987021717,38.264493779855584],[-109.39379695511712,38.25991349476137],[-109.39367441230841,38.25429452867383],[-109.38933089008593,38.24982826682597],[-109.38246058759663,38.24825622674047],[-109.37574220006965,38.25019132335131],[-109.37179524497515,38.25487908649427],[-109.37215937031932,38.26049159813935],[-109.37669341991706,38.264839944564656],[-109.38285023898761,38.266248754883094]]]}"
"Aedes sticticus",2018.86315789474,-116.36315,43.70205,0,282,"00000000000000000119",10.3003322259136,14.7,37,83.3328903654485,32.6563676633444,-6.29966777408638,38.9560354374308,0.300332225913621,20.4003322259136,21.1897009966777,-0.399667774086379,318.104097452935,40.1029900332226,7,38.3300110741971,117.921373200443,36,41,108.148394241417,0,0,0,0,0,1,0,17,2,"{""type"":""Polygon"",""coordinates"":[[[-116.36314932355707,43.71104747349635],[-116.3705350369315,43.709292456884434],[-116.3750394135486,43.704712105598716],[-116.37490611744015,43.69909314191238],[-116.37018826171933,43.69462694766649],[-116.36272610690335,43.693054945217185],[-116.35542894197545,43.694989996524264],[-116.35114180078814,43.69967769519059],[-116.3515371100446,43.70529021395553],[-116.35646182163943,43.709638629084296],[-116.36314932355707,43.71104747349635]]]}"
"Aedes excrucians",2007.5,-93.81205,58.63375,0,283,"0000000000000000011a",-7.6,8.9,17,141.01149068323,17.1870341614907,-32.7,49.8870341614907,9.38703416149068,-25.1474378881988,9.7,-26,420.863354037267,62,15,43,166.863354037267,49,158,52,0,0,0,0,0,0,1,18,1,"{""type"":""Polygon"",""coordinates"":[[[-93.81204838394413,58.64274867005469],[-93.82230743991431,58.64099348306741],[-93.828563297739,58.63641286061876],[-93.82837705762556,58.63079390680583],[-93.82182404154818,58.626327989499984],[-93.81146063287783,58.62475614121619],[-93.80132629312669,58.626691006948825],[-93.79537136361988,58.63137844147293],[-93.79591931928017,58.636990989369394],[-93.80275913360938,58.64133968595708],[-93.81204838394413,58.64274867005469]]]}"
"Culex quinquefasciatus",2019,-82.49085,28.43835,0,284,"0000000000000000011b",21.8,12,49,46.3401455604076,32.7,8.5075691411936,24.1924308588064,27.197962154294,19.3394468704512,27.197962154294,15.4889374090247,1375.38864628821,222,53.2867540029112,50.3944687045124,598.032023289665,180.63173216885,598.032023289665,235.953420669578,0,0,0,0,0,1,0,17,2,"{""type"":""Polygon"",""coordinates"":[[[-82.49085455575461,28.447348367104755],[-82.49692641264251,28.44559345351942],[-82.50062982208375,28.441013266230378],[-82.50052062716642,28.43539429660118],[-82.49664193926328,28.43092793486388],[-82.49050658495996,28.42935583916391],[-82.48450690916451,28.4312910027193],[-82.48098238453443,28.435978861132728],[-82.48130778146705,28.44159136225108],[-82.48535671811807,28.445939607160497],[-82.49085455575461,28.447348367104755]]]}"
"Aedes triseriatus",2023,-80.00915,43.44475,0,285,"0000000000000000011c",7,9.77648428405123,26,94.646111757858,26.1703143189756,-10.306868451688,36.4771827706636,18.0703143189756,-4.653434225844,18.8703143189756,-5.37124563445867,880.946449359721,89,55,13,252.296856810244,183.749708963912,244.593713620489,192,1,0,0,0,0,0,0,6,2,"{""type"":""Polygon"",""coordinates"":[[[-80.00914632356036,43.45374842451041],[-80.01650054090338,43.45199341002707],[-80.02098571691491,43.44741306212944],[-80.02085299897307,43.44179409832011],[-80.01615525984685,43.43732790061394],[-80.0087249106727,43.43575589623823],[-80.00145884876906,43.43769094986418],[-79.9971899891468,43.44237865183082],[-79.99758362288117,43.44799117023141],[-80.00248734052818,43.45233958184351],[-80.00914632356036,43.45374842451041]]]}"
"Aedes sticticus",2019.88601036269,-87.82775,41.89265,0,286,"0000000000000000011d",9.7,10.2412604042806,26,99.0455410225921,28.7815695600476,-9.64126040428062,38.4228299643282,21.9960760998811,-3.6,21.9960760998811,-3.6,920.302021403092,102.94887039239,36,28,300.847800237812,142.898929845422,300.847800237812,142.898929845422,0,0,0,0,0,1,0,17,3,"{""type"":""Polygon"",""coordinates"":[[[-87.82775194707658,41.90165128443329],[-87.83492473894567,41.89989628241849],[-87.83929931380794,41.89531595436723],[-87.83916992556118,41.88969698983763],[-87.83458806352056,41.88523077186219],[-87.82734092443158,41.88365875620205],[-87.8202540252805,41.88559382341139],[-87.81609047236398,41.890281544710284],[-87.81647445391238,41.8958940609764],[-87.82125724034498,41.90024245198891],[-87.82775194707658,41.90165128443329]]]}"
"Aedes triseriatus",2021,-79.73525,40.30735,0,287,"0000000000000000011e",10.0020782396088,12.5768948655257,33.781173594132,87.0335696821516,28.6020782396088,-8.1742053789731,36.7762836185819,18.8020782396088,-1.69669926650367,20.8033007334963,-1.69669926650367,1017.74694376528,103.98533007335,63.2310513447433,16,304.201711491442,205.210268948655,299.669926650367,205.210268948655,0,0,0,0,0,1,0,17,1,"{""type"":""Polygon"",""coordinates"":[[[-79.7352505004535,40.31634721881115],[-79.74225217313392,40.314592228921065],[-79.74652242897129,40.3100119201692],[-79.74639618027923,40.30439295493947],[-79.74192361291708,40.299926717253406],[-79.73484927791375,40.29835469061973],[-79.72793136533471,40.30028977103824],[-79.72386713701502,40.30497751113651],[-79.72424201364873,40.310590025326704],[-79.72891073789987,40.31493839630741],[-79.7352505004535,40.31634721881115]]]}"
"Aedes sticticus",1998.52212389381,-87.79455,41.88435,0,288,"0000000000000000011f",9.79938725490196,10.1322303921569,26,99.1937254901961,28.8,-9.5,38.3,22.1302696078431,-3.5,22.1302696078431,-3.5,920.11887254902,102,36,28,300,143.171568627451,300,143.171568627451,0,0,0,0,0,1,0,17,3,"{""type"":""Polygon"",""coordinates"":[[[-87.79454948063261,41.89334843827178],[-87.80172134008016,41.891593436322026],[-87.80609534651433,41.88701310837431],[-87.80596597537735,41.88139414384096],[-87.80138470887837,41.876927925759766],[-87.79413851138771,41.87535591004076],[-87.78705253303376,41.87729097732097],[-87.78288952133276,41.881978698720715],[-87.78327345327145,41.88759121497571],[-87.78805561818568,41.891939605880744],[-87.79454948063261,41.89334843827178]]]}"
"Aedes communis",2018.67094515753,-89.53755,46.23355,0,289,"00000000000000000120",3.70249457700651,12.2519522776573,27.5195227765727,109.012559652928,25.236442516269,-18.5511930585683,43.7876355748373,15.8139913232104,-9.45119305856833,16.9901301518438,-11.1660520607375,845.222342733189,108.874186550976,28,37,301.47830802603,111.037960954447,300.12147505423,113.293926247288,0,0,0,1,0,0,0,14,2,"{""type"":""Polygon"",""coordinates"":[[[-89.53754965500985,46.24255048715443],[-89.54526882200759,46.24079544856772],[-89.54997647655352,46.23621506230504],[-89.549837056882,46.23059609988898],[-89.54490622411109,46.22612994136531],[-89.53710734184506,46.2245579588031],[-89.52948088795152,46.22649298617147],[-89.52500019704073,46.23118065076684],[-89.52541324277377,46.23679317329268],[-89.53056021891362,46.24114162472598],[-89.53754965500985,46.24255048715443]]]}"
"Aedes communis",2020.96296296296,-145.75345,63.92915,0,290,"00000000000000000121",-2.92774674115456,10.7138423339541,23,129.73025450031,20.8860955927995,-25.1144630664184,46.0005586592179,13.5142768466791,-9.92774674115456,13.5142768466791,-19.2277467411546,298.641837368094,65,6,80.2998137802607,173.819366852886,21,173.819366852886,28.659217877095,0,1,0,0,0,0,0,8,2,"{""type"":""Polygon"",""coordinates"":[[[-145.7534500131052,63.938149666973274],[-145.765601085956,63.93639437958752],[-145.77301004339978,63.931813597371104],[-145.77278869808174,63.926194649402966],[-145.7650273416781,63.92172889526798],[-145.7527539461782,63.92015713780528],[-145.7407517895647,63.922091894212635],[-145.7336986863361,63.926779173102155],[-145.7343468992784,63.93239173813558],[-145.7424475745572,63.93674060056147],[-145.7534500131052,63.938149666973274]]]}"
"Aedes communis",2021.28571428571,-110.53655,44.95535,0,291,"00000000000000000122",1.32952069716776,15.649128540305,38,85.487559912854,23.8696078431373,-16.8127450980392,40.6823529411765,9.81840958605665,-4.37244008714597,12.3994553376906,-9.51285403050109,531.901960784314,63.7788671023965,32.2777777777778,19.6252723311547,169.191721132898,109.901960784314,154.100217864924,120.529411764706,0,1,0,0,0,0,0,8,3,"{""type"":""Polygon"",""coordinates"":[[[-110.53655345454565,44.964349170184164],[-110.54409873422284,44.96259414293539],[-110.54870038513165,44.95801377471903],[-110.5485641593046,44.95239481164744],[-110.54374438833548,44.94792863469295],[-110.53612109965114,44.94635664187007],[-110.52866636042138,44.94829168158952],[-110.52428660057191,44.952979363763774],[-110.52469039779507,44.95859188434931],[-110.52972146922617,44.962940317051306],[-110.53655345454565,44.964349170184164]]]}"
"Aedes excrucians",2021.36170212766,-99.10745,47.16315,0,292,"00000000000000000123",4.45747368421053,13.1208421052632,27,120.795778947368,28.2536842105263,-19.6969473684211,47.9506315789474,16.9061052631579,-11.8969473684211,19.3396842105263,-11.8969473684211,445.172631578947,88.9694736842105,8.17789473684211,67.0305263157895,214.463157894737,29.1778947368421,213.463157894737,29.1778947368421,0,0,1,0,0,0,0,10,3,"{""type"":""Polygon"",""coordinates"":[[[-99.10745383996378,47.1721482019684],[-99.11530709179932,47.170393154799044],[-99.12009648520528,47.16581275487573],[-99.11995460186286,47.16019379295604],[-99.11493812935706,47.155727648384094],[-99.10700384805176,47.154155673588896],[-99.09924498607062,47.15609069160786],[-99.0946864670991,47.160778342896414],[-99.09510664343577,47.16639086689085],[-99.10034299324778,47.170739332503324],[-99.10745383996378,47.1721482019684]]]}"
"Aedes sticticus",2020,-71.16135,42.19145,0,293,"00000000000000000124",9.7,11.2869668246445,30.8696682464455,87.2809952606635,28.3,-8.1,36.4,0.8,18.4995260663507,20.8215639810427,-1.8,1151.4336492891,116,82,9.95734597156398,323,255,260.172985781991,302,0,0,0,1,0,0,0,14,2,"{""type"":""Polygon"",""coordinates"":[[[-71.1613445041004,42.20044672782259],[-71.16855111428114,42.198691723455354],[-71.17294630563757,42.19411139165968],[-71.17281629681118,42.18849242726595],[-71.16821283487428,42.18402621311472],[-71.16093154467052,42.182454199583624],[-71.15381124884958,42.18438926423018],[-71.14962806640617,42.18907698188165],[-71.1500138472454,42.19468949855051],[-71.15481917572316,42.199037893449535],[-71.1613445041004,42.20044672782259]]]}"
"Aedes communis",2004,-64.80355,46.11735,0,294,"00000000000000000125",5.58261339092873,11,28,94.347019438445,25.3982721382289,-13.2309935205184,38.6292656587473,-3.63358531317495,13.0638228941685,17.5011879049676,-6.83790496760259,1142.08531317495,115.431965442765,78.9740820734341,12.0259179265659,340.225701943845,256.876889848812,266.109071274298,323.295896328294,1,0,0,0,0,0,0,6,2,"{""type"":""Polygon"",""coordinates"":[[[-64.80354930389517,46.126350772802674],[-64.81125217310175,46.1245957352683],[-64.81594989237912,46.12001535068059],[-64.81581077210897,46.11439638820366],[-64.8108903487205,46.10993022796935],[-64.80310792407509,46.108358244454806],[-64.79549756425153,46.11029327296953],[-64.79102633321747,46.11498093919648],[-64.79143851218073,46.12059346154224],[-64.79657462505784,46.124941911236995],[-64.80354930389517,46.126350772802674]]]}"
"Culex quinquefasciatus",2012,-99.18215,19.48265,0,295,"00000000000000000126",15.8358520900322,16.7863344051447,69,20.4194051446945,27.0766881028939,2.92861736334405,24.1480707395498,17.6863344051447,12.9014469453376,17.9014469453376,12.9014469453376,753.585209003216,160.815112540193,6,96.0257234726688,452.112540192926,23,259.837620578778,23.3697749196142,0,0,0,0,0,1,0,17,2,"{""type"":""Polygon"",""coordinates"":[[[-99.18215270081112,19.491649679454568],[-99.18781600673387,19.489894812583113],[-99.19127036544545,19.485314699658563],[-99.19116868232501,19.47969572734163],[-99.1875509338947,19.47522928965495],[-99.1818281263069,19.473657151667158],[-99.17623188443456,19.475592366125337],[-99.17294449833568,19.480280296975415],[-99.17324817397449,19.4858927900849],[-99.17702479649851,19.490240957809203],[-99.18215270081112,19.491649679454568]]]}"
"Culex tarsalis",2002,-100.03705,25.43375,0,296,"00000000000000000127",22.1370535714286,13.3136904761905,46,54.209880952381,35.919494047619,7.28630952380952,28.6331845238095,25.9699404761905,14.8361607142857,28.5391369047619,14.8361607142857,929.019345238095,210.110119047619,20,72.7931547619048,459.369047619048,68.9791666666667,344.635416666667,68.9791666666667,0,0,0,0,1,0,0,15,2,"{""type"":""Polygon"",""coordinates"":[[[-100.0370470956767,25.442748108979217],[-100.04295920410654,25.440993211814007],[-100.04656522835155,25.436413050663973],[-100.04645896667836,25.43079408008954],[-100.04268231033018,25.426327691656162],[-100.0367082735356,25.42475558109231],[-100.03086635163812,25.426690762539696],[-100.02743455139652,25.43137864641456],[-100.0277514508619,25.436991144718302],[-100.03169390638499,25.441339362497192],[-100.0370470956767,25.442748108979217]]]}"
"Aedes sticticus",2019.57894736842,-87.41275,32.89545,0,297,"00000000000000000128",17.1813630041725,12.7,39,71.2874130737135,32.7150208623088,0.696662030598053,32.0183588317107,9.3009735744089,22.4196105702364,26.1,7.76606397774687,1422.10709318498,155.140472878999,80,18,435.990264255911,272.372739916551,329.222531293463,412.610570236439,1,0,0,0,0,0,0,5,1,"{""type"":""Polygon"",""coordinates"":[[[-87.41275233023447,32.904447284177635],[-87.41911111592756,32.90269234440839],[-87.42298944579385,32.89811211543838],[-87.4228749872879,32.892493147317566],[-87.4188130363268,32.888026828149506],[-87.41238792676567,32.886454756150805],[-87.40610489690698,32.888389891176395],[-87.40241382696021,32.893077708989175],[-87.40275449159708,32.898690214594545],[-87.40699468571384,32.903038502766165],[-87.41275233023447,32.904447284177635]]]}"
"Aedes sticticus",2006.20471281296,-87.81945,41.73495,0,298,"00000000000000000129",9.9,10.4304187192118,26,100.240775862069,29.120566502463,-9.79815270935961,38.9187192118227,22.3,-3.62795566502463,22.3,-3.62795566502463,930.274630541872,102,36,28,301.448275862069,142.975369458128,301.448275862069,142.975369458128,0,0,0,0,0,1,0,17,3,"{""type"":""Polygon"",""coordinates"":[[[-87.81944910091505,41.743950716577125],[-87.82660424974645,41.74219571579504],[-87.8309680689563,41.73761538970594],[-87.83083900445145,41.731996425105145],[-87.82626841109617,41.72753020512574],[-87.81903908869369,41.725958188349935],[-87.81196961263318,41.72789325690224],[-87.80781630045622,41.732580980112445],[-87.8081993432975,41.738193496167526],[-87.81297036951766,41.74254188514341],[-87.81944910091505,41.743950716577125]]]}"
"Culex quinquefasciatus",2012,-99.11575,19.41625,0,299,"0000000000000000012a",15.9344051446945,17.1323151125402,69.6704180064309,20.4105787781351,27.2667202572347,2.79871382636656,24.4680064308682,17.7754019292605,13.0014469453376,18.0186495176849,13.0014469453376,617.573954983923,121.725080385852,6,87.6768488745981,347.519292604502,21,214.900321543408,21,0,0,0,0,0,1,0,17,2,"{""type"":""Polygon"",""coordinates"":[[[-99.11575222702425,19.425249205667708],[-99.1214132148358,19.42349433912049],[-99.12486616055477,19.418914226712104],[-99.1247645201968,19.413295254376532],[-99.1211482522968,19.40882881616269],[-99.1154277852554,19.407256677881364],[-99.10983383223774,19.40919189269287],[-99.10654779164808,19.413879824045733],[-99.10685134418887,19.41949231709961],[-99.11062642171198,19.423840484288174],[-99.11575222702425,19.425249205667708]]]}"
"Aedes communis",2019.48387096774,-90.04385,45.78535,0,300,"0000000000000000012b",3.98726877040261,12.0186071817193,26.6844396082699,111.025092491839,25.4188248095756,-19.0127312295974,44.431556039173,16.1796517954298,-11.3127312295974,17.4205658324265,-11.3127312295974,816.511425462459,110.203482045702,22,44.3895538628944,313.220892274211,87,308.625680087051,87,1,0,0,0,0,0,0,5,2,"{""type"":""Polygon"",""coordinates"":[[[-90.04385382502231,45.79434840386836],[-90.05151067833188,45.792593369316386],[-90.05618034588561,45.78801298947568],[-90.0560420708967,45.78239402682631],[-90.05115103783011,45.77792786174385],[-90.04341508045508,45.776355875530285],[-90.03585016143096,45.77829090729391],[-90.03140563983183,45.7829785781449],[-90.03181537145424,45.78859109998029],[-90.03692081247368,45.79293954474786],[-90.04385382502231,45.79434840386836]]]}"
"Culex tarsalis",2018.83185840708,-116.13905,43.56925,0,301,"0000000000000000012c",10.6559027777778,13.8675925925926,36,83.7084953703704,32.769212962963,-5.51168981481482,38.2809027777778,0.788310185185185,21.0471064814815,21.6337962962963,-0.0116898148148148,331.248842592593,41.8599537037037,8,38.8321759259259,122.265046296296,37.0138888888889,43,111.278935185185,0,0,0,0,0,1,0,17,3,"{""type"":""Polygon"",""coordinates"":[[[-116.13905274101506,43.57824652592262],[-116.14642214602772,43.5764915104116],[-116.15091658074785,43.571911160878216],[-116.15078358401352,43.56629219712826],[-116.14607614448325,43.56182600109271],[-116.1386304583347,43.56025399764706],[-116.13134939826564,43.56218905015346],[-116.12707172310793,43.566876750526724],[-116.12746616479905,43.57248926910323],[-116.13238000591998,43.576837682413164],[-116.13905274101506,43.57824652592262]]]}"
"Culex tarsalis",2025,-121.94905,37.85885,0,302,"0000000000000000012d",14.7,12.8495495495496,48.7966537966538,47.5592277992278,29.5541827541828,3.54607464607465,26.0081081081081,8.82934362934363,20.4808236808237,20.8943371943372,8.82934362934363,553.279279279279,112.059202059202,1,85.6924066924067,286.787644787645,7,11.3230373230373,286.787644787645,1,0,0,0,0,0,0,6,3,"{""type"":""Polygon"",""coordinates"":[[[-121.94905183590554,37.867845912161926],[-121.9558145408416,37.866090939924696],[-121.95993911421357,37.861510659272014],[-121.95981724862153,37.855891693023466],[-121.95549731147766,37.85142542663945],[-121.948664299336,37.84985338402847],[-121.941982378337,37.85178848367929],[-121.93805685679972,37.85647625114869],[-121.93841901707691,37.86208876231589],[-121.94292845266736,37.86643710413115],[-121.94905183590554,37.867845912161926]]]}"
"Aedes communis",1999.69565217391,-73.40235,43.61905,0,303,"0000000000000000012e",7.23251461988304,12.3490058479532,29,99.3482339181287,27.9694736842105,-13.5058479532164,41.4753216374269,18.5,-4.84315789473684,19.6105263157895,-6.17321637426901,989.947368421052,108.47485380117,58.2479532163743,16,287.450292397661,192.684210526316,285.920467836257,198.477192982456,1,0,0,0,0,0,0,5,2,"{""type"":""Polygon"",""coordinates"":[[[-73.40235046142965,43.62804576648751],[-73.40972596885177,43.626290750564245],[-73.4142241237213,43.621710400374646],[-73.41409101496563,43.616091436648524],[-73.40937967781123,43.61162524128316],[-73.40192782926664,43.6100532382106],[-73.3946407429348,43.61198829026789],[-73.39035952569292,43.616675990001944],[-73.39075429201867,43.622288508649014],[-73.39567220075216,43.62663692264005],[-73.40235046142965,43.62804576648751]]]}"
"Aedes sticticus",1997.58550724638,-87.90245,41.72665,0,304,"0000000000000000012f",9.79327731092437,10.7822328931573,27,100.370084033613,29.249699879952,-10.0698679471789,39.3195678271309,22.2,-3.73829531812725,22.2,-3.73829531812725,927.765906362545,103,35.0684273709484,29,302,139.498199279712,302,139.498199279712,0,0,0,0,0,1,0,17,3,"{""type"":""Polygon"",""coordinates"":[[[-87.9024508079239,41.735647870415605],[-87.90960503176461,41.73389286969825],[-87.91396828707596,41.72931254371219],[-87.91383923954398,41.72369357910766],[-87.90926923698439,41.71922735902302],[-87.90204084867715,41.71765534218863],[-87.89497228607637,41.71959041081145],[-87.89081951080182,41.72427813412203],[-87.89120250442818,41.72989065016603],[-87.89597291408268,41.73423903903497],[-87.9024508079239,41.735647870415605]]]}"
"Aedes sticticus",2020.7619047619,-99.24855,47.13825,0,305,"00000000000000000130",4.48661749209694,13.131822971549,27,121.227154899895,28.331822971549,-19.7142255005269,48.0460484720759,16.936248682824,-12.008956796628,19.390727081138,-12.008956796628,430.284510010537,88.1422550052687,7,70.8577449947313,211.142255005269,25,209.142255005269,25,0,0,1,0,0,0,0,10,1,"{""type"":""Polygon"",""coordinates"":[[[-99.24854871549692,47.14724858168596],[-99.25639828805356,47.145493534750386],[-99.26118543855961,47.14091313519918],[-99.26104362283081,47.13529417326597],[-99.25602950027084,47.130828028313985],[-99.2480989342881,47.12925605330722],[-99.24034370555907,47.13119107158086],[-99.23578732218346,47.135878723231876],[-99.2362073028681,47.14149124718631],[-99.24144120028053,47.14583971241256],[-99.24854871549692,47.14724858168596]]]}"
"Aedes communis",2004.56980703746,-87.83605,41.83455,0,306,"00000000000000000131",9.8,10.3410628019324,26,99.5445048309179,28.9344202898551,-9.7,38.6344202898551,22.1335748792271,-3.6,22.1335748792271,-3.6,922.984299516908,102.664251207729,36,28.0084541062802,300.66425120773,142.99154589372,300.66425120773,142.99154589372,0,0,0,0,0,1,0,17,3,"{""type"":""Polygon"",""coordinates"":[[[-87.83605033413703,41.843549197706885],[-87.84321660929817,41.84179419614696],[-87.84758721140756,41.837213868819745],[-87.84745794274069,41.83159490426387],[-87.84288024294965,41.82712868554896],[-87.83563968470631,41.82555666947714],[-87.82855922102073,41.82749173718204],[-87.82439945066754,41.832179459186214],[-87.8247830854923,41.837791975374465],[-87.82956152812335,41.842140365635444],[-87.83605033413703,41.843549197706885]]]}"
"Culex quinquefasciatus",2019.44444444444,-81.38695,28.38025,0,307,"00000000000000000132",22.2,11.6605224963716,48.6052249637155,44.440885341074,32.9,9.16995645863571,23.7300435413643,27.3177068214804,17.2,27.355587808418,16.1,1211.15384615385,184.699564586357,48.4267053701016,48.8127721335268,521.870827285922,166.139332365747,514.262699564586,189.460087082729,0,0,0,1,0,0,0,14,3,"{""type"":""Polygon"",""coordinates"":[[[-81.38694612166039,28.389250739479404],[-81.39301464817709,28.38749582622013],[-81.39671602734781,28.382915639450122],[-81.39660689355344,28.37729666980215],[-81.39273033277003,28.37283030753475],[-81.38659834159613,28.371258211539633],[-81.38060195463457,28.373193375450295],[-81.37707936308716,28.377881234369312],[-81.37740458283842,28.383493735431777],[-81.38145129959301,28.38784197980247],[-81.38694612166039,28.389250739479404]]]}"
"Aedes communis",2017,-138.20875,61.00755,0,308,"00000000000000000133",-3.46164189667374,11.9915782024062,27,112.72203113942,17.9873319179052,-25.9166312809625,43.9039631988677,10.211889596603,-9.8828025477707,10.211889596603,-18.7612172682236,354.297239915074,56.4571832979476,13,42.9426751592357,145.918612880396,46.1755130927105,145.918612880396,64.1252653927813,1,0,0,0,0,0,0,1,1,"{""type"":""Polygon"",""coordinates"":[[[-138.20874913089796,61.01654665675554],[-138.2197664211038,61.01479142891503],[-138.2264844088401,61.01021074145312],[-138.22628412425559,61.004591790016114],[-138.21924685421607,61.00012593910841],[-138.2081179692359,60.99855412778296],[-138.197235055388,61.00048894902729],[-138.1908400259689,61.00517632022032],[-138.19142818558288,61.01078887509266],[-138.19877331357057,61.01513763916345],[-138.20874913089796,61.01654665675554]]]}"
"Culex tarsalis",2019.4375,-116.42955,43.49455,0,309,"00000000000000000134",10.3981242672919,14.636225087925,37.3716295427901,82.1948886283705,32.326143024619,-6.17010550996483,38.4962485345838,0.459320046893318,20.2987104337632,21.1138335287222,-0.201875732708089,265.46776084408,32.0187573270809,7,32.0398593200469,91.4161781946073,34.7092614302462,40,80.7456037514654,0,0,0,0,0,1,0,17,3,"{""type"":""Polygon"",""coordinates"":[[[-116.42954979734395,43.503547665075295],[-116.43691007806687,43.5017926501814],[-116.44139895043753,43.49721230163027],[-116.4412661211943,43.49159333784466],[-116.43656450937127,43.48712714080592],[-116.42912803720844,43.485555136801764],[-116.4218559875791,43.48749018998045],[-116.4175836085267,43.49217789131052],[-116.41797756482305,43.4977904097814],[-116.42288532406974,43.50213882207179],[-116.42954979734395,43.503547665075295]]]}"
"Culex tarsalis",2012,-99.11575,19.48265,0,310,"00000000000000000135",15.6889067524116,17.0844051446945,69.395498392283,20.3969131832797,26.9123794212219,2.4564308681672,24.4559485530547,17.5014469453376,12.6998392282958,17.7170418006431,12.6998392282958,636.546623794212,125.781350482315,6,89.6961414790997,362.27652733119,22.1254019292605,288.495176848875,22.1254019292605,0,0,0,0,0,1,0,17,2,"{""type"":""Polygon"",""coordinates"":[[[-99.11575222702425,19.491649679454568],[-99.121415532947,19.489894812583113],[-99.12486989165858,19.485314699658563],[-99.12476820853813,19.479695727341632],[-99.12115046010783,19.47522928965495],[-99.11542765252001,19.473657151667158],[-99.10983141064769,19.475592366125337],[-99.10654402454881,19.480280296975415],[-99.10684770018761,19.4858927900849],[-99.11062432271164,19.490240957809206],[-99.11575222702425,19.491649679454568]]]}"
"Culex quinquefasciatus",2018,-117.59985,33.94125,0,311,"00000000000000000136",18.0022008253095,15.4453920220083,55,43.5742228335626,33.0149931224209,5.04511691884457,27.9698762035763,13.4459422283356,21.5550206327373,23.9840440165062,12.8112792297111,272.9477303989,47.4360385144429,4.26547455295736,67.0646492434663,134.788170563961,18.2806052269601,26.9243466299862,126.427785419532,0,0,0,0,0,1,0,17,3,"{""type"":""Polygon"",""coordinates"":[[[-117.59985424612394,33.950249172444416],[-117.6062901033238,33.94849422615691],[-117.61021541868776,33.94391398681098],[-117.61009954680719,33.93829501906589],[-117.60598836971778,33.93382871049484],[-117.59948542865038,33.93225664439616],[-117.59312628674758,33.93419177231977],[-117.58939048128303,33.93887958002553],[-117.58973524744958,33.94449208674767],[-117.59402681529082,33.948840385688875],[-117.59985424612394,33.950249172444416]]]}"
"Culex quinquefasciatus",2018,-117.44215,33.91635,0,312,"00000000000000000137",17.9422068965517,15.7544827586207,53.1944827586207,46.7338206896552,33.8633103448276,4.66110344827586,29.2022068965517,13.0784827586207,21.9555862068966,24.3646896551724,12.439724137931,258.441379310345,44.7075862068966,3.25241379310345,69.9641379310345,130.798620689655,15.6937931034483,24.2786206896552,121.063448275862,0,0,0,0,0,1,0,17,3,"{""type"":""Polygon"",""coordinates"":[[[-117.44214476006566,33.92534955216196],[-117.44857873554867,33.9235946060315],[-117.4525029037511,33.91901436693555],[-117.45238706637738,33.913395399181404],[-117.44827709115434,33.90892909035506],[-117.44177605036106,33.90735702411423],[-117.4354187667512,33.909292152208934],[-117.43168405351366,33.913979960158194],[-117.43202871953949,33.91959246685344],[-117.4363190330798,33.92394076553517],[-117.44214476006566,33.92534955216196]]]}"
"Culex tarsalis",2004,-102.78435,18.73565,0,313,"00000000000000000138",23.9503236245955,12.5179611650485,62,14.3877508090615,34.3346278317152,14.2203883495146,20.1142394822007,24.2179611650485,24.0383495145631,25.8466019417476,21.8881877022654,1023.44498381877,237.699029126214,4,105,637.99352750809,14.8203883495146,218.854368932039,28.621359223301,0,0,0,0,0,1,0,17,2,"{""type"":""Polygon"",""coordinates"":[[[-102.78434830481629,18.74464769367816],[-102.78998607634318,18.742892830439256],[-102.79342487083214,18.73831272329757],[-102.79332365891024,18.732693750771816],[-102.78972221873599,18.728227307179022],[-102.7840251923982,18.726655165902677],[-102.77845416239872,18.728590384319347],[-102.77518159730415,18.733278320802352],[-102.77548391716822,18.73889081328885],[-102.77924352136124,18.743238975010982],[-102.78434830481629,18.74464769367816]]]}"
"Aedes sticticus",1994.97142857143,-87.80285,41.83455,0,314,"00000000000000000139",9.89469240048251,10.2278648974668,26,99.4422919179735,28.9,-9.50904704463209,38.4090470446321,22.2006031363088,-3.5,22.2006031363088,-3.5,921.884197828709,102,36,28,300,143,300,143,0,0,0,0,0,1,0,17,3,"{""type"":""Polygon"",""coordinates"":[[[-87.80284786769307,41.84354919770689],[-87.8100141428542,41.841794196146964],[-87.8143847449636,41.83721386881975],[-87.81425547629672,41.83159490426387],[-87.8096777765057,41.82712868554896],[-87.80243721826234,41.82555666947714],[-87.79535675457677,41.82749173718204],[-87.79119698422357,41.832179459186214],[-87.79158061904835,41.837791975374465],[-87.7963590616794,41.84214036563545],[-87.80284786769307,41.84354919770689]]]}"
"Aedes sticticus",2006.63157894737,-114.30475,48.20895,0,315,"0000000000000000013a",6.12140672782875,12.9,34.3741080530071,80.8151681957187,27.0531090723751,-9.81253822629969,36.8656472986748,14.3645259938838,1.62945973496432,16.5645259938838,-4.2782874617737,478.026503567788,64.6921508664628,28.7339449541284,25.8430173292559,154.661569826707,92.4393476044852,137.692150866463,117.588175331295,0,0,0,0,0,1,0,17,1,"{""type"":""Polygon"",""coordinates"":[[[-114.30474801346747,48.217950090235156],[-114.31276035981948,48.2161950330437],[-114.31764673724852,48.21161461716875],[-114.31750192965683,48.20599565582887],[-114.31238384405005,48.20152952754843],[-114.30428891066863,48.19995756182274],[-114.29637294533407,48.20189256892446],[-114.29172208179226,48.20658020467449],[-114.29215071763404,48.212192730383634],[-114.29749311042744,48.21654121255328],[-114.30474801346747,48.217950090235156]]]}"
"Culex tarsalis",2018.93959731544,-116.49595,43.67715,0,316,"0000000000000000013b",10.4695459579181,14.8,37,83.8918161683278,32.8790697674419,-6.31029900332226,39.1893687707641,0.289700996677741,20.5589147286822,21.4,-0.37906976744186,292.764119601329,36.0121816168328,7,36.4983388704319,107.012181616833,35.0121816168328,40,98.5105204872647,0,0,0,0,1,0,0,15,2,"{""type"":""Polygon"",""coordinates"":[[[-116.49595027113075,43.6861478532139],[-116.50333291823766,43.68439283680877],[-116.50783542559861,43.6798124858522],[-116.5077021857787,43.67419352215392],[-116.50298628849026,43.66972732757187],[-116.4955272300809,43.66815532493541],[-116.48823309315706,43.67009037646777],[-116.48394773175484,43.67477807545472],[-116.48434287789411,43.68039059418426],[-116.48926554564339,43.68473900897139],[-116.49595027113075,43.6861478532139]]]}"
"Aedes sticticus",2014.72483221477,-93.68755,41.57725,0,317,"0000000000000000013c",9.6,11.7910179640719,27,107.213125748503,30.1,-12.1850299401198,42.2850299401198,20.7,-5.07461077844311,22.8,-5.07461077844311,834.937724550898,120.083832335329,22.2550898203593,46,321.083832335329,79.2550898203593,320.083832335329,79.2550898203593,0,0,0,0,0,1,0,17,1,"{""type"":""Polygon"",""coordinates"":[[[-93.68755474163298,41.58625014872095],[-93.69469238794727,41.584495149165534],[-93.69904553716137,41.579914825028986],[-93.69891679380996,41.574295860357346],[-93.6943573793915,41.5698296383838],[-93.68714573178866,41.56825762049778],[-93.68009354006567,41.57019269038647],[-93.67595038706519,41.57488041549863],[-93.67633249866535,41.58049293134371],[-93.68109185833154,41.58484131829295],[-93.68755474163298,41.58625014872095]]]}"
"Aedes communis",2019.80530973451,-71.29415,44.07555,0,318,"0000000000000000013d",5.85298759864713,13.3742953776776,31,98.1839909808343,26.7155580608794,-15.5740698985344,42.2896279594138,1.07429537767756,-6.01093573844419,18.0943630214205,-7.42570462232244,1178.45321307779,118.404735062007,83.2987598647125,10,328.108229988726,256.002254791432,307.349492671928,276.108229988726,1,0,0,0,0,0,0,6,3,"{""type"":""Polygon"",""coordinates"":[[[-71.29414991077518,44.084550695935086],[-71.30158209600961,44.0827956762005],[-71.30611480273714,44.07821531994445],[-71.30598065348478,44.07259635643856],[-71.30123311608757,44.06813016726892],[-71.29372403270257,44.06655816764565],[-71.286380975899,44.06849321555093],[-71.282066860578,44.07318090937567],[-71.28246464196633,44.078793428675105],[-71.28742032972352,44.08314184896287],[-71.29414991077518,44.084550695935086]]]}"
"Aedes triseriatus",2021.48484848485,-81.94305,29.68335,0,319,"0000000000000000013e",20.4255411255411,12.3919191919192,46,52.8032611832612,32.7281385281385,6.12813852813853,26.6,26.7255411255411,17.4255411255411,26.7255411255411,13.287012987013,1312.51948051948,188.718614718615,57.7027417027417,41,526.5670995671,200.881673881674,526.5670995671,249.298701298701,1,0,0,0,0,0,0,3,2,"{""type"":""Polygon"",""coordinates"":[[[-81.94304507313667,29.692347217631053],[-81.94919071774783,29.690592296970365],[-81.952939110059,29.686012098418274],[-81.95282856112256,29.680393129196535],[-81.94890274468659,29.67592677896232],[-81.94269287649537,29.674354689666977],[-81.93662033292652,29.676289845512958],[-81.93305297888895,29.680977692955285],[-81.93338230168706,29.686590195286254],[-81.93748042254056,29.690938451885987],[-81.94304507313667,29.692347217631053]]]}"
"Culex quinquefasciatus",2018,-117.47535,33.89975,0,320,"0000000000000000013f",17.9300275482094,15.6957300275482,53.9986225895317,45.993567493113,33.5322314049587,4.69986225895317,28.8323691460055,13.1117079889807,21.5097796143251,24.2322314049587,12.4936639118457,248.707988980716,40.3925619834711,4.09917355371901,62.969696969697,119.258953168044,18.7741046831956,28.0977961432507,111.052341597796,0,0,0,0,0,1,0,17,3,"{""type"":""Polygon"",""coordinates"":[[[-117.47534722650961,33.90874831893998],[-117.4817799486885,33.90699337291417],[-117.48570335283222,33.902413133984815],[-117.48558753844158,33.89679416622463],[-117.48147836371308,33.89232785722815],[-117.47497858858374,33.8907557908926],[-117.46862254267664,33.89269091910132],[-117.46488855690913,33.89737872721285],[-117.46523315623692,33.902991233890155],[-117.4695226343591,33.90733953239899],[-117.47534722650961,33.90874831893998]]]}"
"Aedes triseriatus",2020,-83.71925,41.57725,0,321,"00000000000000000140",9.64261704681873,11.1,29,96.247118847539,29.2,-8.88835534213685,38.0883553421369,21.6400960384154,-1.81524609843938,21.6400960384154,-3.2,841.923169267707,92.9231692677071,44,21,260.923169267707,155,260.923169267707,159,0,0,0,0,0,1,0,17,1,"{""type"":""Polygon"",""coordinates"":[[[-83.71925217305893,41.58625014872095],[-83.72638981937321,41.58449514916554],[-83.73074296858732,41.579914825028986],[-83.73061422523591,41.574295860357346],[-83.72605481081744,41.569829638383794],[-83.71884316321459,41.56825762049778],[-83.71179097149161,41.57019269038647],[-83.70764781849113,41.57488041549863],[-83.70802993009129,41.58049293134371],[-83.71278928975748,41.58484131829295],[-83.71925217305893,41.58625014872095]]]}"
"Culex pipiens",2020,-86.31715,39.87575,0,322,"00000000000000000141",10.7417596034696,11.5,30,94.4391449814127,29.6520446096654,-8.23779429987609,37.8898389095415,20.4371747211896,-2.03779429987608,22.3841387856258,-2.03779429987608,1022.68401486989,113.628252788104,58.2044609665428,19.7955390334573,317.884758364312,196.10780669145,303.256505576208,196.10780669145,1,0,0,0,0,0,0,5,1,"{""type"":""Polygon"",""coordinates"":[[[-86.31714674230176,39.88475082784812],[-86.32410414414632,39.88299584116023],[-86.32834741113447,39.87841553750546],[-86.32822197455036,39.87279657209088],[-86.3237776832268,39.868330329199104],[-86.31674805519546,39.86675829966721],[-86.30987386193257,39.868693383574374],[-86.30583533023284,39.87338112863768],[-86.30620785115812,39.87899364227956],[-86.31084706588626,39.88334200796975],[-86.31714674230176,39.88475082784812]]]}"
"Aedes excrucians",2019.48888888889,-71.02025,42.14995,0,323,"00000000000000000142",9.69369797859691,10.7946492271106,30,86.163614744352,27.8696789536266,-7.70202140309156,35.5717003567182,0.97384066587396,18.2938168846611,20.6938168846611,-1.60202140309156,1175.78834720571,118.053507728894,82,10,329.649227110583,256.303210463734,261.315101070155,310.958382877527,0,0,0,0,0,1,0,17,2,"{""type"":""Polygon"",""coordinates"":[[[-71.02024962856727,42.15894587431817],[-71.02745151080828,42.157190870278995],[-71.03184381989553,42.152610539005515],[-71.03171389783104,42.14699157459283],[-71.02711345564833,42.14252535990829],[-71.01983693990768,42.14095334608029],[-71.01272131307559,42.14288841108422],[-71.008540874921,42.14757612924436],[-71.00892640421434,42.153188645857064],[-71.01372858122275,42.15753704021409],[-71.02024962856727,42.15894587431817]]]}"
"Culex pipiens",2020,-87.81945,41.85115,0,324,"00000000000000000143",9.80166468489893,10.2787158145065,26,99.5077764565993,28.9470868014269,-9.58370986920333,38.5307966706302,22.1689655172414,-3.53281807372176,22.1689655172414,-3.53281807372176,920.242568370987,102.017835909631,36,28,300.017835909631,143,300.017835909631,143,0,0,0,0,0,1,0,17,3,"{""type"":""Polygon"",""coordinates"":[[[-87.81944910091505,41.860150430928876],[-87.82661723610346,41.85839542923906],[-87.83098897213347,41.8538151017051],[-87.83085966933572,41.848196137156734],[-87.82628078153718,41.84372991865297],[-87.81903834495986,41.842157902698695],[-87.81195604443536,41.844092970262096],[-87.8077951944464,41.84878069206488],[-87.80817892823468,41.85439320827537],[-87.81295861069268,41.858741598750946],[-87.81944910091505,41.860150430928876]]]}"
"Aedes sticticus",2013.125,-107.73115,48.38325,0,325,"00000000000000000144",5.24676113360324,15.6,32,110.428066801619,29.4852226720648,-18.4625506072875,47.9477732793522,16.5467611336032,-9.66518218623482,18.9,-9.66518218623482,299.525303643725,59,8,65.4716599190283,152.880566801619,28,132,28,0,0,0,1,0,0,0,14,1,"{""type"":""Polygon"",""coordinates"":[[[-107.73114569957862,48.39225189131331],[-107.73918545350772,48.39049683241173],[-107.74408853849837,48.385916413814876],[-107.74394322702149,48.38029745257395],[-107.73880763632306,48.375831327073406],[-107.7306850272388,48.37425936289529],[-107.7227419975362,48.37619436813414],[-107.71807522559276,48.38088200123277],[-107.71850531864843,48.386494527234476],[-107.72386597962121,48.390843012229354],[-107.73114569957862,48.39225189131331]]]}"
"Aedes communis",2012,-117.94845,53.18895,0,326,"00000000000000000145",2.63572060123784,12.8215738284704,32,88.2090627763042,22.105216622458,-17.3263483642794,39.4315649867374,13.4445623342175,-2.19681697612732,13.4445623342175,-9.13616268788683,488.561450044209,71.393457117595,22.4588859416446,43.0053050397878,205.348364279399,70.526967285588,205.348364279399,87.2838196286472,1,0,0,0,0,0,0,1,2,"{""type"":""Polygon"",""coordinates"":[[[-117.94844893007811,53.19794995144143],[-117.95736064340315,53.19619484015859],[-117.96279525576898,53.19161433819228],[-117.9626338942391,53.18599537998519],[-117.95694139204564,53.18152933963033],[-117.94793832553148,53.17995742285144],[-117.93913428581423,53.18189237103423],[-117.933961396916,53.18657992292214],[-117.93443783034378,53.19219245788213],[-117.94037967068648,53.19654102941172],[-117.94844893007811,53.19794995144143]]]}"
"Aedes sticticus",2020,-83.85205,41.47765,0,327,"00000000000000000146",9.5639606396064,11.2174661746617,29,95.6914145141452,28.9214022140221,-9.01746617466175,37.9388683886839,19.4,-1.9,21.4,-3.3,850.377613776138,92,44,21,263.9975399754,156.690036900369,263,158.690036900369,0,0,0,0,1,0,0,15,1,"{""type"":""Polygon"",""coordinates"":[[[-83.8520486615316,41.48664720849014],[-83.85917532515671,41.48489220970641],[-83.8635217790299,41.48031188679816],[-83.8633932371947,41.47469292208196],[-83.85884083747075,41.470226698853914],[-83.85164028067133,41.4686546802695],[-83.84459893473947,41.470589750998876],[-83.84046215654115,41.475277477307536],[-83.84084368378971,41.48088999302049],[-83.84559572278313,41.4852383786948],[-83.8520486615316,41.48664720849014]]]}"
"Aedes communis",2019.50610820244,-147.50475,65.15755,0,328,"00000000000000000147",-4.05231591448931,10.1644299287411,20,147.75703087886,21.4766627078385,-28.3215558194774,49.7982185273159,14.3589667458432,-12.3010688836105,14.3589667458432,-23.1889548693587,311.947743467933,50.2624703087886,7.770783847981,50.2036817102138,139.067695961995,37.4661520190024,139.067695961995,58.9845605700713,1,0,0,0,0,0,0,5,1,"{""type"":""Polygon"",""coordinates"":[[[-147.50474411544187,65.16654728427761],[-147.51745524775458,65.16479196799642],[-147.52520550409415,65.16021113980075],[-147.52497372847395,65.15459219351847],[-147.51685469890344,65.15012648634199],[-147.50401598980127,65.1485547550148],[-147.49146099852197,65.15048947996159],[-147.48408282585183,65.15517671406086],[-147.48476067530115,65.16078928402239],[-147.49323455146762,65.16513819417509],[-147.50474411544187,65.16654728427761]]]}"
"Culex tarsalis",2020.65517241379,-109.39115,38.24895,0,329,"00000000000000000148",9.89987389659521,15.50605296343,37,89.5571248423707,32.1402269861286,-9.6061790668348,41.7464060529634,16.5219419924338,14.1769230769231,21.5402269861286,-1.6061790668348,311.401008827238,35.8398486759143,12,23.1828499369483,100.741488020177,56.9394703656999,77.6191677175284,70.8184110970996,0,1,0,0,0,0,0,8,2,"{""type"":""Polygon"",""coordinates"":[[[-109.39115308514911,38.25795036782264],[-109.39795193976597,38.25619539285355],[-109.40209855121657,38.25161510785235],[-109.40197602265093,38.24599614176144],[-109.39763299645628,38.241529879818586],[-109.39076347823581,38.2399578396802],[-109.38404585765161,38.2418929363547],[-109.38009935333541,38.246580699588264],[-109.3804634373517,38.25219321122333],[-109.38499696928189,38.2565415575521],[-109.39115308514911,38.25795036782264]]]}"
"Aedes triseriatus",2020,-83.70265,41.63535,0,330,"00000000000000000149",9.60806257521059,11,28,96.5586762936222,29.212274368231,-8.89193742478941,38.1042117930205,21.6953068592058,-1.89193742478941,21.6953068592058,-3.29193742478941,842.677496991577,92.9193742478941,45,20,260.838748495788,155.919374247894,260.838748495788,160,0,0,0,0,0,1,0,17,1,"{""type"":""Polygon"",""coordinates"":[[[-83.70265093983694,41.6443477763463],[-83.70979501789432,41.64259277633967],[-83.71415208806948,41.638012451484904],[-83.71402322670325,41.63239348683932],[-83.70945970430111,41.62792726559929],[-83.70224156164367,41.626355248121655],[-83.6951830183514,41.62829031751876],[-83.6910361321042,41.632978041931324],[-83.69141858591368,41.63859055785365],[-83.6961822327514,41.64293894554836],[-83.70265093983694,41.6443477763463]]]}"
"Aedes sticticus",2020.93103448276,-100.90855,46.76475,0,331,"0000000000000000014a",5.20138004246285,13.4,28,114.803789808917,28.5107218683652,-18.3981953290871,46.9089171974522,16.9785562632696,-10.1986199575372,19.4964968152866,-10.1986199575372,422.097664543525,80,10,64,202,31,192,31,0,0,1,0,0,0,0,10,3,"{""type"":""Polygon"",""coordinates"":[[[-100.90854718286533,46.77374981834827],[-100.91634215221663,46.77199477489346],[-100.92109601637871,46.76741438088238],[-100.92095520401473,46.76179541874784],[-100.91597595639749,46.75732926813767],[-100.90810052865423,46.75575728998097],[-100.90039922017178,46.757692312046295],[-100.89587453061584,46.76237996909395],[-100.89629160760525,46.767992492452805],[-100.90148910955094,46.772340951928626],[-100.90854718286533,46.77374981834827]]]}"
"Culex tarsalis",2011.9945474373,-99.09085,19.35815,0,332,"0000000000000000014b",15.9302250803859,17.4004823151125,69.3360128617363,20.6747909967846,27.4173633440515,2.55,24.8673633440515,17.6977491961415,12.9334405144695,18.0472668810289,12.9334405144695,653.228295819936,132.127009646302,5,89.532154340836,372.991961414791,21,197.792604501608,21,0,0,0,0,0,1,0,17,2,"{""type"":""Polygon"",""coordinates"":[[[-99.09085260674182,19.367147118941304],[-99.0965115739365,19.36539225267758],[-99.09996328800092,19.360812140720505],[-99.0998616849198,19.35519316836864],[-99.09624670754597,19.350726729693868],[-99.09052828067355,19.34915459115589],[-99.08493632276719,19.351089806276324],[-99.08165145501091,19.3557777380688],[-99.08195490025386,19.36139023107406],[-99.08572863105519,19.365738397794196],[-99.09085260674182,19.367147118941304]]]}"
"Culex tarsalis",2019,-123.18575,49.22985,0,333,"0000000000000000014c",9.98537074148297,7.7,34.4679358717435,51.564629258517,22.3066132264529,0.232164328657315,22.0744488977956,4.18537074148297,16.6973947895792,16.6973947895792,3.60200400801603,1198.27254509018,184.564128256513,34.1202404809619,51.37374749499,519.147294589178,123.998997995992,123.998997995992,476.773547094188,0,0,0,0,0,1,0,17,2,"{""type"":""Polygon"",""coordinates"":[[[-123.18575229937139,49.23884789911844],[-123.19392897567134,49.237092831740576],[-123.1989155276107,49.23251239965268],[-123.19876769830068,49.22689343890232],[-123.19354465605835,49.22242732718027],[-123.18528378599765,49.22085537067258],[-123.17720554936282,49.22279036667829],[-123.17245930250144,49.22747798663524],[-123.1728966749253,49.23309051408698],[-123.17834859940403,49.23743901308506],[-123.18575229937139,49.23884789911844]]]}"
"Culex tarsalis",2022.31818181818,-103.03335,40.46505,0,334,"0000000000000000014d",9.11471698113207,15.6357232704403,36.3572327044025,92.1903647798742,31.371572327044,-10.9164779874214,42.2880503144654,18.4147169811321,-2.51647798742138,21.2147169811321,-2.51647798742138,430.801257861635,81.1421383647799,9,70.7157232704403,225.801257861635,29,192.659119496855,29,0,0,0,0,1,0,0,15,3,"{""type"":""Polygon"",""coordinates"":[[[-103.03334896674178,40.47404778666733],[-103.0403670560684,40.472292795596985],[-103.04464731998186,40.467712484966434],[-103.04452077012805,40.46209351980485],[-103.04003771736258,40.4576272840375],[-103.0329468040063,40.45605525847202],[-103.02601267931848,40.4579903376047],[-103.02193892210096,40.46267807587296],[-103.0223146722715,40.468290590265255],[-103.0269943393238,40.472638963195934],[-103.03334896674178,40.47404778666733]]]}"
"Culex pipiens",2020,-87.86925,41.86775,0,335,"0000000000000000014e",9.7,10.4307692307692,26.3473557692308,99.39,28.9006009615385,-9.79603365384615,38.6966346153846,22.0108173076923,-3.67692307692308,22.0108173076923,-3.67692307692308,920.997596153846,103,36,28.2451923076923,301,141.997596153846,301,141.997596153846,0,0,0,0,0,1,0,17,3,"{""type"":""Polygon"",""coordinates"":[[[-87.86924834147995,41.8767472050498],[-87.87641833776331,41.87499220323007],[-87.8807912083647,41.87041187548932],[-87.88066187141638,41.864792910948445],[-87.87608179492842,41.86032669265588],[-87.86883747893916,41.8587546768192],[-87.86175334052156,41.860689744241064],[-87.85759141027711,41.86537746584241],[-87.8579752430856,41.87098998207514],[-87.86275616608212,41.87533837276535],[-87.86924834147995,41.8767472050498]]]}"
"Aedes communis",2019.25,-105.53165,40.16625,0,336,"0000000000000000014f",2.14651457541191,15.4077313054499,41.9759188846641,72.8994423320659,21.9595690747782,-14.2901140684411,36.2496831432193,9.14866920152092,-3.46894803548796,11.7799746514575,-6.67300380228137,555.18124207858,60.2281368821293,33.4321926489227,20.7782002534854,168.836501901141,109.835234474018,166.145754119138,110.286438529785,1,0,0,0,0,0,0,1,1,"{""type"":""Polygon"",""coordinates"":[[[-105.53164505485485,40.17524788417698],[-105.538632148814,40.17349289533825],[-105.5428935170239,40.168912588259865],[-105.54276753577089,40.16329362296945],[-105.53830427992074,40.15882738357423],[-105.53124466725193,40.157255355989],[-105.52434115176541,40.15919043755291],[-105.52028538553668,40.16387817928131],[-105.52065948642385,40.169490693291486],[-105.52531849297004,40.1738390625352],[-105.53164505485485,40.17524788417698]]]}"
"Culex tarsalis",2018.6935483871,-116.40465,43.66885,0,337,"00000000000000000150",10.3048919226394,14.7,37,83.199260523322,32.5143344709898,-6.3,38.8143344709898,0.3,20.4014789533561,21.2014789533561,-0.4,304.824800910125,37.9829351535836,7,36.80204778157,111.524459613197,36,41,101.841865756542,0,0,0,0,0,1,0,17,2,"{""type"":""Polygon"",""coordinates"":[[[-116.4046457179604,43.67784946615345],[-116.41202734403642,43.6760944498172],[-116.41652922895706,43.671514098970256],[-116.41639600788044,43.665895135268],[-116.4116807627269,43.66142894057398],[-116.40422273538458,43.65985693787518],[-116.3969296067505,43.66179198948257],[-116.39264483799566,43.66647968857631],[-116.39303992981874,43.67209220729407],[-116.39796191699156,43.6764406219674],[-116.4046457179604,43.67784946615345]]]}"
"Aedes sticticus",2019.76923076923,-83.60305,41.72665,0,338,"00000000000000000151",9.7,10.8,28,97.1506129807692,29.3848557692308,-8.71514423076923,38.1,21.8848557692308,-1.9,21.8848557692308,-3.21514423076923,839,92,45,20,258,155,258,160,0,0,0,0,0,1,0,17,1,"{""type"":""Polygon"",""coordinates"":[[[-83.60305245870718,41.735647870415605],[-83.6102066825479,41.73389286969825],[-83.61456993785924,41.72931254371219],[-83.61444089032727,41.72369357910767],[-83.60987088776768,41.71922735902302],[-83.60264249946043,41.71765534218863],[-83.59557393685967,41.719590410811456],[-83.5914211615851,41.72427813412203],[-83.59180415521146,41.729890650166034],[-83.59657456486599,41.734239039034975],[-83.60305245870718,41.735647870415605]]]}"
"Aedes sticticus",2019.65432098765,-87.88585,41.74325,0,339,"00000000000000000152",9.8,10.7,27,100.203201911589,29.2,-10,39.2,22.1930704898447,-3.70692951015532,22.1930704898447,-3.70692951015532,928.801672640382,102.820788530466,36,28.7216248506571,302.011947431302,141.568697729988,302.011947431302,141.568697729988,0,0,0,0,0,1,0,17,3,"{""type"":""Polygon"",""coordinates"":[[[-87.88584957470192,41.75224910363759],[-87.89300564841645,41.75049410279079],[-87.89737003145919,41.74591377659867],[-87.8972409499834,41.74029481200161],[-87.89266976590116,41.73582859212742],[-87.88543950951212,41.73425657541017],[-87.87836912009816,41.73619164389198],[-87.87421527108125,41.740879367001845],[-87.87459836313168,41.74649188306801],[-87.87937000584574,41.75084027215082],[-87.88584957470192,41.75224910363759]]]}"
"Aedes sticticus",2020,-87.86925,41.89265,0,340,"00000000000000000153",9.63166666666667,10.4,26.3,99.1256547619048,28.8380952380952,-9.76785714285715,38.6059523809524,21.9184523809524,-3.66857142857143,21.9184523809524,-3.66857142857143,919.953571428571,103,36,28.2535714285714,300.953571428571,142,300.953571428571,142,0,0,0,0,0,1,0,17,3,"{""type"":""Polygon"",""coordinates"":[[[-87.86924834147995,41.90165128443329],[-87.87642113334904,41.89989628241849],[-87.88079570821131,41.89531595436723],[-87.88066631996456,41.88969698983763],[-87.87608445792392,41.88523077186218],[-87.86883731883495,41.88365875620205],[-87.86175041968387,41.885593823411384],[-87.85758686676735,41.89028154471028],[-87.85797084831574,41.895894060976396],[-87.86275363474834,41.90024245198891],[-87.86924834147995,41.90165128443329]]]}"
"Aedes sticticus",2000.72527472527,-87.80285,41.84285,0,341,"00000000000000000154",9.89082007343941,10.2046511627907,26,99.3442962056304,28.9,-9.50452876376989,38.4045287637699,22.1545899632803,-3.5,22.1545899632803,-3.5,920.949816401469,102,36,28,300,143,300,143,0,0,0,0,0,1,0,17,3,"{""type"":""Polygon"",""coordinates"":[[[-87.80284786769307,41.851847584767356],[-87.81001507242215,41.85009258314251],[-87.81438624122016,41.845512255711974],[-87.81425695549603,41.83989329115984],[-87.8096786619859,41.835427072550466],[-87.80243716502564,41.83385505653739],[-87.79535578336072,41.835790124171574],[-87.79119547344834,41.84047784607509],[-87.79157915773115,41.84609036227446],[-87.79635821997861,41.85043875264269],[-87.80284786769307,41.851847584767356]]]}"
"Culex quinquefasciatus",2019.54166666667,-81.09645,28.57115,0,342,"00000000000000000155",21.9,10.8,46,44.9903628447025,32.6,9.3,23.3,27.1,16.8984034833091,27.2,15.7984034833091,1301.38896952105,199.721335268505,53.1567489114659,49.8432510885341,559.692307692308,174.910014513788,552.407837445573,192.486211901306,0,0,0,0,0,1,0,17,2,"{""type"":""Polygon"",""coordinates"":[[[-81.09644906533154,28.58014931467848],[-81.10252857210479,28.578394400346504],[-81.10623664509426,28.57381421186889],[-81.1061273097806,28.56819524228268],[-81.10224373586809,28.563728881759282],[-81.09610065642754,28.562156786735194],[-81.09009342615258,28.564091949477014],[-81.08656446121816,28.568779806732685],[-81.08689026514139,28.574392307979004],[-81.09094430091221,28.578740554122078],[-81.09644906533154,28.58014931467848]]]}"
"Culex quinquefasciatus",2019.5,-82.48255,27.56685,0,343,"00000000000000000156",22.3,11.2013215859031,48,44.1386196769457,32.7,9.63392070484582,23.0660792951542,27.4,17.4123348017621,27.4,16.2339207048458,1309.91776798825,230.688693098385,34,60.2290748898679,621.108663729809,170.117474302496,621.108663729809,200.093979441997,0,0,0,0,0,1,0,17,2,"{""type"":""Polygon"",""coordinates"":[[[-82.48255170959308,27.57584827991614],[-82.4885746364348,27.57409337118486],[-82.49224821708503,27.56951319162288],[-82.49213992029343,27.563894221714204],[-82.48829248415551,27.559427852085154],[-82.48220654101168,27.557855751991237],[-82.4762551848309,27.559790920835727],[-82.47275906117851,27.564478786775933],[-82.47308185505815,27.5700912870623],[-82.47709817691276,27.574439523951536],[-82.48255170959308,27.57584827991614]]]}"
"Culex tarsalis",2019.10526315789,-116.27185,43.62735,0,344,"00000000000000000157",10.4050925925926,14.2650462962963,36.650462962963,83.1047916666667,32.5342592592593,-5.90150462962963,38.4357638888889,0.49849537037037,20.6050925925926,21.3050925925926,-0.20150462962963,316.671296296296,39.7719907407407,8,36.9085648148148,115.491898148148,37,42.1354166666667,105.509259259259,0,0,0,0,0,1,0,17,3,"{""type"":""Polygon"",""coordinates"":[[[-116.27184922948776,43.636348612649016],[-116.27922575586769,43.63459359665695],[-116.28372453191395,43.63001324635784],[-116.28359140445325,43.6243942826357],[-116.27887941648795,43.61992808738216],[-116.27142653896941,43.61835608437188],[-116.26413844639464,43.620291136354226],[-116.25985663770862,43.6249788359816],[-116.26025145824052,43.63059135464045],[-116.26517004616886,43.634939768745156],[-116.27184922948776,43.636348612649016]]]}"
"Aedes communis",2012,-117.90695,53.18895,0,345,"00000000000000000158",1.90504424778761,12.5555752212389,32,86.2561769911504,21.0246902654867,-17.3666371681416,38.3913274336283,12.5078761061947,-2.97522123893805,12.5078761061947,-9.54194690265487,499.718584070797,74.4946902654867,22.6867256637168,44.0504424778761,212.005309734513,72.4991150442478,212.005309734513,87.3389380530974,1,0,0,0,0,0,0,1,2,"{""type"":""Polygon"",""coordinates"":[[[-117.90695253567475,53.19794995144142],[-117.91586424899975,53.19619484015859],[-117.92129886136564,53.191614338192274],[-117.92113749983571,53.18599537998518],[-117.91544499764224,53.18152933963033],[-117.90644193112809,53.17995742285143],[-117.89763789141087,53.18189237103422],[-117.89246500251264,53.186579922922135],[-117.8929414359404,53.19219245788213],[-117.89888327628312,53.19654102941171],[-117.90695253567475,53.19794995144142]]]}"
"Aedes sticticus",2020,-83.52835,41.71005,0,346,"00000000000000000159",9.88804878048781,10.7,27.4182926829268,97.7935,29.6462195121951,-8.6,38.2462195121951,22.1265853658537,-1.8,22.1265853658537,-3.1,839,92,45,20,258,156,258,161,0,0,0,0,0,1,0,17,1,"{""type"":""Polygon"",""coordinates"":[[[-83.5283491387588,41.719046637193635],[-83.53550151428216,41.71729163660565],[-83.53986364281086,41.71271131082554],[-83.53973462919404,41.707092346213535],[-83.535165807163,41.70262612591856],[-83.52793928536597,41.70105410896707],[-83.5208725480415,41.702989177730856],[-83.51672084560586,41.70767690124204],[-83.51710374089086,41.71328941726389],[-83.52187291852321,41.71763780591906],[-83.5283491387588,41.719046637193635]]]}"
"Aedes communis",2020.58,-119.00255,37.00395,0,347,"0000000000000000015a",7.11925545571245,12.3697047496791,43.397946084724,57.1783953786906,23.5395378690629,-4.58408215661104,28.1236200256739,1.04634146341463,14.8395378690629,14.9390243902439,1.03620025673941,811.571245186136,151.465982028241,5.89858793324775,77.7650834403081,410.499358151476,23.3915275994865,38.4929396662388,406.955070603338,1,0,0,0,0,0,0,1,1,"{""type"":""Polygon"",""coordinates"":[[[-119.00254920540534,37.01294705819527],[-119.00923509213287,37.011192091845174],[-119.01331283444833,37.00661182056349],[-119.01319237761054,37.00099285397532],[-119.00892150480432,36.9965265780206],[-119.00216606833123,36.99495453008115],[-118.99556000919203,36.99688963614599],[-118.99167907614479,37.00157741274358],[-118.99203714839844,37.00718992290247],[-118.99649537912546,37.01153825499113],[-119.00254920540534,37.01294705819527]]]}"
"Aedes communis",2018.55871886121,-105.58145,40.05835,0,348,"0000000000000000015b",-1.63145780051151,12.8910485933504,37.9718670076726,74.1094373401535,16.8414322250639,-16.7303069053708,33.5717391304348,-3.86329923273657,-0.655115089514067,8.24181585677749,-10.3388746803069,766.350383631714,82.8938618925831,45.6202046035806,16,233.081841432225,157.83631713555,195.31074168798,180.121483375959,0,1,0,0,0,0,0,8,1,"{""type"":""Polygon"",""coordinates"":[[[-105.58145321362183,40.06734655688569],[-105.58842922835429,40.065591568848],[-105.59268384233079,40.06101126304468],[-105.5925580643166,40.055392297708025],[-105.58810188483241,40.05092605701056],[-105.58105346053684,40.049354028700336],[-105.57416088625276,40.05128911113695],[-105.57011155086434,40.05597685410737],[-105.57048506221211,40.06158936798039],[-105.57513668370062,40.065937735900654],[-105.58145321362183,40.06734655688569]]]}"
"Aedes communis",2012,-116.15565,51.40445,0,349,"0000000000000000015c",0.413492822966507,12.2183732057416,31.9387559808612,82.3174736842105,20.2265071770335,-17.6597129186603,37.8862200956938,10.7551196172249,-4.52602870813397,10.7551196172249,-10.1667942583732,600.988516746412,75.2851674641148,31.3473684210526,24.5732057416268,196.712918660287,106.908133971292,196.712918660287,140.99043062201,1,0,0,0,0,0,0,1,1,"{""type"":""Polygon"",""coordinates"":[[[-116.15564505603497,51.413448923559756],[-116.16420466581388,51.41169383300632],[-116.16942464737728,51.407113364032135],[-116.16926977155853,51.4014944046238],[-116.16380215310531,51.39702833057391],[-116.15515461399546,51.39545639503782],[-116.14669824913322,51.3973913657993],[-116.14172973358639,51.402078949825146],[-116.14218745926537,51.40769148124069],[-116.14789461857175,51.412040018525445],[-116.15564505603497,51.413448923559756]]]}"
"Aedes communis",2022.225,-149.37225,68.66015,0,350,"0000000000000000015d",-11.7013265306122,11.5070918367347,22,145.119770408163,16.205,-35.4080102040816,51.6130102040816,7.71112244897959,-23.3825510204082,7.71112244897959,-29.0080102040816,224.105612244898,45,8,64,113.016836734694,27,113.016836734694,31,0,0,0,0,0,0,0,11,1,"{""type"":""Polygon"",""coordinates"":[[[-149.3722513094334,68.66914886625408],[-149.3869271578397,68.66739345051657],[-149.39587458957163,68.66281246407374],[-149.3956060824745,68.65719352360652],[-149.38623235410145,68.65272797804717],[-149.37141073510142,68.65115633666497],[-149.35691659650166,68.65309095334037],[-149.34839807531424,68.65777803328314],[-149.34917974197057,68.66339062019296],[-149.358962719547,68.6677396946093],[-149.3722513094334,68.66914886625408]]]}"
"Culex tarsalis",2019,-116.42125,43.48625,0,351,"0000000000000000015e",10.4,14.6,37.6065192083818,82.1013038416764,32.2477299185099,-6.13760186263097,38.3853317811409,0.479976717112922,20.3032596041909,21.1032596041909,-0.2,264.025611175786,32.0221187427241,7,32.639115250291,90.6600698486612,34.3981373690338,40,79.6379511059371,0,0,0,0,0,1,0,17,3,"{""type"":""Polygon"",""coordinates"":[[[-116.42125141028346,43.49524927801484],[-116.42861067954387,43.4934942631894],[-116.43309893530655,43.488913914747236],[-116.43296612463011,43.48329495095767],[-116.42826515883091,43.47882875380763],[-116.4208297080741,43.477256749741535],[-116.41355865728687,43.4791918029948],[-116.40928686532813,43.483879504431016],[-116.40968076781643,43.489492022890175],[-116.41458785286383,43.493840435067455],[-116.42125141028346,43.49524927801484]]]}"
"Aedes excrucians",2019.52272727273,-71.02855,42.16655,0,352,"0000000000000000015f",9.67237308146399,10.795867768595,30,86.3380047225502,27.8981109799292,-7.72762691853601,35.6257378984652,0.972373081463991,18.3031877213695,20.7031877213695,-1.62762691853601,1171.64344746163,118.04132231405,82,10,328.902007083825,255.965761511216,261.223140495868,309.902007083825,0,0,0,0,0,1,0,17,2,"{""type"":""Polygon"",""coordinates"":[[[-71.02854801562773,42.17554710754016],[-71.03575178794807,42.173792103369806],[-71.04014524927459,42.16921177188751],[-71.04001529252554,42.16359280748241],[-71.03541364314152,42.15912659301112],[-71.02813521872281,42.157554579301845],[-71.02101772537793,42.15948964416288],[-71.01683619014429,42.16417736211962],[-71.01722181999776,42.16978987875476],[-71.02202525686305,42.174138273328516],[-71.02854801562773,42.17554710754016]]]}"
"Aedes communis",2013.75409836066,-111.87285,46.64855,0,353,"00000000000000000160",7.08677859391396,14,34,87.2348688352571,28.9264428121721,-11.2308499475341,40.1572927597062,15.8264428121721,-4.199685204617,18.3961175236097,-4.199685204617,301.628541448059,51.2161594963274,9,53.0849947534103,133.769150052466,36.1322140608604,115.507869884575,36.1322140608604,0,0,1,0,0,0,0,10,3,"{""type"":""Polygon"",""coordinates"":[[[-111.8728479400402,46.65754564489548],[-111.88062614283002,46.65579060251375],[-111.88536978600348,46.651210210210685],[-111.88522928170792,46.645591248014085],[-111.88026074286208,46.64112509565952],[-111.87240224601362,46.63955311653169],[-111.86471749442417,46.64148813976598],[-111.86020253683334,46.646175798477415],[-111.86061872218066,46.651788321652646],[-111.86580504844697,46.65613677935562],[-111.8728479400402,46.65754564489548]]]}"
"Aedes sticticus",2022.43103448276,-97.57195,33.40175,0,354,"00000000000000000161",17.6142068965517,13.4142068965517,36,80.395075862069,35.5635862068966,-1.18579310344828,36.7493793103448,21.9493793103448,6.81420689655173,27.6673103448276,6.81420689655173,870.806896551724,124,39.3048275862069,35,295.172413793103,132.011034482759,199.460689655172,132.011034482759,0,0,1,0,0,0,0,10,1,"{""type"":""Polygon"",""coordinates"":[[[-97.57195347400759,33.41074699508905],[-97.57834907410533,33.408992052183756],[-97.58224984731618,33.4044118182217],[-97.58213471367826,33.39879285028164],[-97.5780492490938,33.394326536212006],[-97.57158696212196,33.392754467051915],[-97.56526757617922,33.3946895986606],[-97.56155513761705,33.39937741161069],[-97.56189776140118,33.40498991775338],[-97.56616249496832,33.409338211106444],[-97.57195347400759,33.41074699508905]]]}"
"Aedes communis",2002,-64.87825,46.12565,0,355,"00000000000000000162",5.40792616720956,11,28,94.9016395222584,25.3048859934853,-13.5305103148751,38.8353963083605,-3.9028230184582,12.7836047774159,17.4048859934853,-7.17328990228013,1154.76764386536,116.71009771987,80.0293159609121,12,344.522258414767,259.812160694897,269.028230184582,327.296416938111,0,0,0,0,0,1,0,17,2,"{""type"":""Polygon"",""coordinates"":[[[-64.8782481647425,46.134649159863145],[-64.88595219452138,46.13289412225375],[-64.89065062129355,46.12831373754666],[-64.89051147970329,46.12269477507408],[-64.8855903150584,46.11822861496169],[-64.87780671845853,46.11665663151503],[-64.87019521256916,46.118591659948045],[-64.8657233078934,46.1232793260587],[-64.86613554858008,46.1288918484173],[-64.87127243503481,46.133240298235975],[-64.8782481647425,46.134649159863145]]]}"
"Aedes communis",2007,-78.32425,53.00635,0,356,"00000000000000000163",-2.72045662100457,10.3,22,123.910447488584,18.7,-27.7954337899543,46.4954337899543,11.1018264840183,-13.1,11.7,-19.7362557077626,646.036529680365,89,20,43.9817351598174,246.018264840183,76.0182648401827,220.018264840183,92,0,1,0,0,0,0,0,8,1,"{""type"":""Polygon"",""coordinates"":[[[-78.32424823590951,53.015349763302815],[-78.33312219549423,53.01359465421937],[-78.33853379466976,53.00901415575351],[-78.33837312886551,53.003395197418925],[-78.3327047393937,52.998929153489044],[-78.3237397932234,52.99735723472004],[-78.31497303190352,52.9992921852984],[-78.30982205658768,53.00397974059614],[-78.31029648442913,53.00959227518011],[-78.31621316170069,53.013940843076334],[-78.32424823590951,53.015349763302815]]]}"
"Aedes sticticus",2010.94117647059,-109.71485,48.55755,0,357,"00000000000000000164",6.02272727272727,14.9266666666667,32,105.321545454545,29.519797979798,-16.2607070707071,45.780505050505,16.750303030303,-8.04626262626263,19.2315151515152,-8.04626262626263,290.914141414141,51.2555555555556,8.21111111111111,57.2232323232323,134.859595959596,33.2020202020202,119.684848484848,33.2020202020202,0,0,0,0,0,1,0,17,1,"{""type"":""Polygon"",""coordinates"":[[[-109.71485260792191,48.566549233290395],[-109.72292003178198,48.56479417266697],[-109.72783998423454,48.560213751329584],[-109.7276941640134,48.55459479018831],[-109.72254090066824,48.55012866748669],[-109.71439035102077,48.54855670486672],[-109.70641999793806,48.55049170822998],[-109.70173716531555,48.555179338659045],[-109.70216872949636,48.56079186495533],[-109.7075478334906,48.565140352794764],[-109.71485260792191,48.566549233290395]]]}"
"Culex tarsalis",2011.82222222222,-115.46675,32.66305,0,358,"00000000000000000165",22.5,17.8045961002786,47,73.2299442896936,41.9423398328691,4.31643454038997,37.6259052924791,13.3,25.0853760445682,31.9,13.3,74.1559888579387,11.4122562674095,0,55.7701949860724,30.433147632312,3,21,30.433147632312,0,0,0,0,0,1,0,17,2,"{""type"":""Polygon"",""coordinates"":[[[-115.466749616086,32.672052314575204],[-115.47309181048068,32.67029737623341],[-115.47696002572035,32.66571714953568],[-115.47684587148771,32.66009818133261],[-115.47279451750525,32.65563185984384],[-115.46638616282512,32.654059786553056],[-115.46011951769765,32.65599492313397],[-115.45643807803158,32.66068274316012],[-115.45677785974077,32.66629524852092],[-115.46100699456957,32.67064353433405],[-115.466749616086,32.672052314575204]]]}"
"Culex tarsalis",2021.75,-96.55935,39.10385,0,359,"00000000000000000166",11.9042983565107,12.7299620733249,30,99.3724525916561,32.2055625790139,-9.124399494311,41.3299620733249,21.9787610619469,-1.42553729456384,24.375600505689,-1.42553729456384,874.910240202276,137,20,50.7446270543616,355.24399494311,72.212389380531,326.255372945638,72.212389380531,0,0,1,0,0,0,0,10,2,"{""type"":""Polygon"",""coordinates"":[[[-96.55934959308372,39.112849221789276],[-96.56623016204541,39.111094240729265],[-96.57042658927175,39.10651394603272],[-96.57030256199951,39.10089498029331],[-96.56590734431202,39.096428728252405],[-96.55895530628298,39.094856693626845],[-96.5521569889151,39.096791783665395],[-96.5481630542002,39.10147953745483],[-96.54853148662515,39.107092050132984],[-96.55311948692399,39.111440406525006],[-96.55934959308372,39.112849221789276]]]}"
"Aedes sticticus",2019.96153846154,-87.43765,32.87885,0,360,"00000000000000000167",17.2292307692308,12.7292307692308,39,71.3813986013986,32.7762237762238,0.693706293706294,32.0825174825175,9.32923076923077,22.4556643356643,26.1644755244755,7.75566433566433,1418.16643356643,156,79.8251748251748,18,436.502097902098,271.327272727273,327.20979020979,411.829370629371,1,0,0,0,0,0,0,5,1,"{""type"":""Polygon"",""coordinates"":[[[-87.43765195051691,32.88784605095565],[-87.44400954465354,32.886091111288614],[-87.4478871481058,32.88151088248133],[-87.44777271145202,32.875891914354625],[-87.44371152154643,32.871425595020376],[-87.43728761529033,32.869853522929155],[-87.43100576215312,32.87178865806613],[-87.42731538383539,32.876476476037396],[-87.42765598506183,32.88208898162526],[-87.43189538492076,32.88643726962798],[-87.43765195051691,32.88784605095565]]]}"
"Aedes sticticus",2018.89189189189,-83.76905,41.52745,0,361,"00000000000000000168",9.6,11.2,29,95.9130703883495,29.1,-8.90449029126214,38.0044902912621,21.5925970873786,-1.80449029126214,21.5925970873786,-3.20449029126214,843.242718446602,92,44,21,261.625,155.572815533981,261.625,158.572815533981,0,0,0,0,1,0,0,15,1,"{""type"":""Polygon"",""coordinates"":[[[-83.76905141362381,41.53645090815608],[-83.77618356191714,41.53469590898678],[-83.78053335939107,41.53011558546483],[-83.78040471692077,41.52449662077089],[-83.77584881411366,41.52003039816964],[-83.76864271865382,41.518458379934174],[-83.76159595641879,41.52039345024352],[-83.7574559946946,41.525081175954355],[-83.75783781376424,41.53069369173332],[-83.76259350864416,41.53504207804463],[-83.76905141362381,41.53645090815608]]]}"
"Culex quinquefasciatus",2019.5,-81.42015,28.37195,0,362,"00000000000000000169",22.2,11.7827988338192,49,44.4216180758018,32.9803206997085,9.10758017492711,23.8727405247813,27.3739067055394,17.2,27.3803206997084,16.1632653061225,1209.91545189504,184.078717201166,46.8513119533528,49,521.985422740525,166.924198250729,517.720116618076,190.903790087464,0,0,0,0,0,1,0,17,3,"{""type"":""Polygon"",""coordinates"":[[[-81.42014858810434,28.380947893317888],[-81.4262166394789,28.37919298010518],[-81.42991772899215,28.3746127934093],[-81.42980860391825,28.368993823758643],[-81.42593234660976,28.364527461415538],[-81.41980083525146,28.36295536537827],[-81.41380491750581,28.36489052933967],[-81.4102826017502,28.36957838833089],[-81.41060779622318,28.375190889385376],[-81.41465419626648,28.37953913367913],[-81.42014858810434,28.380947893317888]]]}"
"Culex tarsalis",2018.56880733945,-116.38805,43.67715,0,363,"0000000000000000016a",10.3591814159292,14.7,37,83.2749336283186,32.5946902654867,-6.25088495575221,38.8455752212389,0.349115044247788,20.4379424778761,21.2379424778761,-0.350884955752212,306.91814159292,38.3838495575221,7,37.3838495575221,112.383849557522,36,41,103,0,0,0,0,1,0,0,15,2,"{""type"":""Polygon"",""coordinates"":[[[-116.38804448473843,43.68614785321391],[-116.39542713184534,43.68439283680877],[-116.39992963920629,43.6798124858522],[-116.39979639938636,43.67419352215392],[-116.39508050209791,43.66972732757188],[-116.38762144368857,43.66815532493541],[-116.38032730676474,43.670090376467776],[-116.3760419453625,43.67477807545472],[-116.37643709150178,43.68039059418426],[-116.38135975925107,43.68473900897139],[-116.38804448473843,43.68614785321391]]]}"
"Aedes sticticus",2018.52459016393,-116.13075,43.56925,0,364,"0000000000000000016b",10.6653935185185,13.8695601851852,36,83.7555902777778,32.8012731481482,-5.50277777777778,38.3040509259259,0.797222222222222,21.043287037037,21.6534722222222,-0.00277777777777778,333.460648148148,42.2268518518518,8,39.0277777777778,123.407407407407,37.1273148148148,43,112.407407407407,0,0,0,0,0,1,0,17,3,"{""type"":""Polygon"",""coordinates"":[[[-116.1307543539546,43.57824652592262],[-116.13812375896725,43.5764915104116],[-116.14261819368738,43.57191116087821],[-116.14248519695306,43.56629219712826],[-116.13777775742278,43.56182600109271],[-116.13033207127424,43.56025399764706],[-116.12305101120518,43.56218905015346],[-116.11877333604747,43.566876750526724],[-116.11916777773855,43.57248926910323],[-116.12408161885952,43.576837682413164],[-116.1307543539546,43.57824652592262]]]}"
"Culex quinquefasciatus",2018,-117.61645,33.88315,0,365,"0000000000000000016c",17.7711934156379,15.0990397805213,55,42.5324417009602,32.3993141289438,5.07133058984911,27.3279835390947,13.2894375857339,21.5117969821674,23.599451303155,12.7411522633745,272.01646090535,46.1179698216735,5,65.0740740740741,132.031550068587,19.80109739369,27.80109739369,124.314128943759,0,0,0,0,0,1,0,17,3,"{""type"":""Polygon"",""coordinates"":[[[-117.61644656114382,33.89214708571801],[-117.62287803104664,33.890392139796816],[-117.62680067175835,33.885811901033975],[-117.62668488033192,33.880192933267764],[-117.62257650544137,33.87572662410121],[-117.6160779949378,33.874154557670984],[-117.60972318571817,33.87608968599367],[-117.60598992682402,33.880777494267406],[-117.60633445950855,33.886390000926795],[-117.61062310289782,33.890738299262786],[-117.61644656114382,33.89214708571801]]]}"
"Aedes communis",2017,-138.41625,61.02415,0,366,"0000000000000000016d",-2.7,11.6,26,112.913408929837,18.398440822112,-25.0029766123317,43.4014174344437,10.9641389085755,-9.08653437278526,10.9641389085755,-18.176754075124,392.683912119065,60.9936215450035,14.9900779588944,41.7618710134657,157.287030474841,51.1566265060241,157.287030474841,69.8589652728561,0,0,0,0,0,0,1,18,2,"{""type"":""Polygon"",""coordinates"":[[[-138.41624893931902,61.03314788997751],[-138.42727199542432,61.03139266182995],[-138.43399349726866,61.02681197387936],[-138.43379310576188,61.02119302246023],[-138.42675215330382,61.01672717205159],[-138.41561744755933,61.015155361003934],[-138.40472884146558,61.017090181913886],[-138.39833046537012,61.021777552630894],[-138.3989189305807,61.027390107555654],[-138.4062679010726,61.031738872133666],[-138.41624893931902,61.03314788997751]]]}"
"Culex quinquefasciatus",2019,-86.24245,30.35565,0,367,"0000000000000000016e",19.6,10.8816143497758,39.8161434977578,61.5395515695067,32.1,5,27.1,26.8,15.8,27,11.4816143497758,1534.64798206278,191.22869955157,82.8161434977578,28,542.199551569507,290.816143497758,528.199551569507,342.632286995516,0,0,0,0,0,1,0,17,2,"{""type"":""Polygon"",""coordinates"":[[[-86.24244788145444,30.364650342560143],[-86.24863534736323,30.362895418005778],[-86.25240923513255,30.35831521325549],[-86.25229791892718,30.35269624425803],[-86.24834539100978,30.34822990035409],[-86.24209328967717,30.346657814583274],[-86.23597944596531,30.348592966186708],[-86.23238781712678,30.353280807591485],[-86.23271936518981,30.35889331058973],[-86.23684536271269,30.363241573622794],[-86.24244788145444,30.364650342560143]]]}"
"Aedes sticticus",2019.51351351351,-71.17795,42.16655,0,368,"0000000000000000016f",9.7,11.3763872491145,31,87.249492325856,28.3128689492326,-8.1,36.4128689492326,0.8,18.4501770956316,20.8109799291617,-1.8,1154.78276269185,116.390791027155,83,9.39079102715466,323.390791027155,256,262,302,0,0,0,1,0,0,0,14,2,"{""type"":""Polygon"",""coordinates"":[[[-71.17795019642344,42.17554710754016],[-71.18515396874378,42.173792103369806],[-71.18954743007028,42.16921177188751],[-71.18941747332124,42.16359280748241],[-71.18481582393723,42.15912659301112],[-71.17753739951851,42.157554579301845],[-71.17041990617363,42.15948964416288],[-71.16623837094,42.16417736211962],[-71.16662400079346,42.16978987875477],[-71.17142743765874,42.17413827332852],[-71.17795019642344,42.17554710754016]]]}"
"Aedes communis",2021,-89.52925,46.25845,0,369,"00000000000000000170",3.71006493506493,12.2971861471861,27.9718614718615,108.808744588745,25.2680735930736,-18.4638528138528,43.7319264069264,15.8325757575758,-9.43192640692641,16.9968614718615,-11.1319264069264,850.221861471862,108.082251082251,28.8733766233766,36.1807359307359,299.938311688312,113.924242424242,298.938311688312,116.743506493507,0,0,0,1,0,0,0,14,2,"{""type"":""Polygon"",""coordinates"":[[[-89.52925126794939,46.26745010743687],[-89.53697394039945,46.26569506862407],[-89.54168373189694,46.26111468200156],[-89.54154424782641,46.25549571959858],[-89.53661117612707,46.25102956144241],[-89.5288087540339,46.249457579084805],[-89.5211788385083,46.25139260620689],[-89.51669611289569,46.25608027045175],[-89.51710934505857,46.261692793016266],[-89.52225865775011,46.266041244823064],[-89.52925126794939,46.26745010743687]]]}"
"Aedes sticticus",2020.62962962963,-84.46625,31.17735,0,370,"00000000000000000171",19.3076379066478,13.5,45,62.52342291372,33.5459688826026,3.58203677510608,29.9639321074965,26.9076379066478,19.9332390381895,26.9076379066478,10.9459688826025,1337.14427157001,150,58,23,397.46676096181,227.902404526167,397.46676096181,366.807637906648,1,0,0,0,0,0,0,3,2,"{""type"":""Polygon"",""coordinates"":[[[-84.46624969973429,31.186346730082832],[-84.4724902355489,31.184591800696147],[-84.47629647635752,31.180011588253507],[-84.4761841866423,31.17439261953442],[-84.47219776266554,31.169926283486777],[-84.46589206859146,31.168354202090097],[-84.45972581609661,31.17028934842827],[-84.45610338329246,31.174977182340072],[-84.45643775528356,31.180589686166407],[-84.46059912751635,31.18493795718364],[-84.46624969973429,31.186346730082832]]]}"
"Aedes communis",2004,-64.98615,46.21695,0,371,"00000000000000000172",5.0909978308026,11.098590021692,27.9859002169197,96.0228850325379,25.2568329718004,-14.0874186550976,39.344251626898,-4.37841648590022,12.6255965292842,17.2270065075922,-7.60856832971801,1170.86767895879,118,82,12,349.090021691974,263.748373101952,273.550976138829,330.090021691974,1,0,0,0,0,0,0,6,2,"{""type"":""Polygon"",""coordinates"":[[[-64.98615395113482,46.22594925393245],[-64.99387078353223,46.22419421549636],[-64.99857701488703,46.21961382947341],[-64.9984376381044,46.21399486704863],[-64.99350829644013,46.20952870828013],[-64.98571177166825,46.20795672558162],[-64.9780876231916,46.209891753114064],[-64.97360828737426,46.21457941794295],[-64.97402120894637,46.220191940443016],[-64.9791666289632,46.224540391627485],[-64.98615395113482,46.22594925393245]]]}"
"Culex quinquefasciatus",2019,-86.22585,30.40545,0,372,"00000000000000000173",19.572047832586,11.0989536621824,40,61.4990134529148,32.2192825112108,4.9,27.3192825112108,26.8,15.7745889387145,27.0203288490284,11.4771300448431,1537.8086696562,191.841554559043,83.7100149476831,27.0104633781764,538.973094170404,290.796711509716,527.683109118087,344.593423019432,0,0,0,1,0,0,0,14,2,"{""type"":""Polygon"",""coordinates"":[[[-86.22585110733351,30.414449583125027],[-86.2320417277032,30.412694658280124],[-86.23581753852528,30.408114453067345],[-86.23570616445097,30.40249548408662],[-86.23175162176189,30.398029140655034],[-86.22549633489757,30.39645705514721],[-86.21937937602779,30.398392206434067],[-86.21578591621012,30.40308004738835],[-86.21611763212267,30.408692550436385],[-86.22024573230595,30.413040813949472],[-86.22585110733351,30.414449583125027]]]}"
"Aedes sticticus",2018.69047619048,-116.49595,43.68545,0,373,"00000000000000000174",10.4393333333333,14.8,37,84.0877555555556,32.8997777777778,-6.36044444444444,39.2602222222222,0.239555555555556,20.5718888888889,21.4,-0.4,295.14,36.5366666666667,7,36.93,107.734444444444,35.4577777777778,40,99.4688888888889,0,0,0,0,1,0,0,15,2,"{""type"":""Polygon"",""coordinates"":[[[-116.49595027113078,43.694450699375416],[-116.50333394025496,43.69269568290135],[-116.50783707065754,43.688115331835064],[-116.50770381207614,43.68249636814077],[-116.50298726202281,43.67803017367078],[-116.49552717155039,43.6764581710967],[-116.48823202536278,43.67839322255396],[-116.48394607074056,43.683080921434026],[-116.48434127124847,43.68869344017537],[-116.48926462023172,43.69304185507639],[-116.49595027113078,43.694450699375416]]]}"
"Culex pipiens",2020,-76.92985,38.94615,0,374,"00000000000000000175",13.0294044665012,11.7053349875931,32.9143920595533,85.0964392059553,30.9093052109181,-4.40868486352357,35.3179900744417,23.8207196029777,1.82940446650124,23.8207196029777,1.82940446650124,1050.95037220844,106.086848635236,70.2009925558313,12,299.606699751861,227.488833746898,299.606699751861,227.488833746898,0,0,0,0,0,1,0,17,2,"{""type"":""Polygon"",""coordinates"":[[[-76.9298472045875,38.95514865393311],[-76.93671243727535,38.953393674007685],[-76.94089951500912,38.94881338111713],[-76.94077576902701,38.94319441531223],[-76.93639034671642,38.93872816142686],[-76.92945379611412,38.9371561257744],[-76.92267062402591,38.939091217049054],[-76.91868559112032,38.94377897259769],[-76.91905320744038,38.94939148508154],[-76.92363098503999,38.953739839599045],[-76.9298472045875,38.95514865393311]]]}"
"Culex tarsalis",2021.78571428571,-109.34965,38.27385,0,375,"00000000000000000176",8.77425997425997,15.0942084942085,36.3603603603604,87.7644401544402,30.6124839124839,-10.2362934362934,40.8487773487774,15.407722007722,12.8124839124839,20.1702702702703,-2.50604890604891,346.833976833977,38.9073359073359,13.7207207207207,23.4749034749035,111.002574002574,62.7696267696268,87.5353925353925,79.5263835263835,0,1,0,0,0,0,0,8,2,"{""type"":""Polygon"",""coordinates"":[[[-109.34964777254363,38.28284998810507],[-109.35644895837677,38.28109501296062],[-109.36059699101567,38.276514727680286],[-109.36047441969548,38.27089576159948],[-109.3561299045371,38.26642949994173],[-109.34925803211834,38.264857459962066],[-109.34253810934483,38.26679255644551],[-109.33859025189376,38.27148031940716],[-109.33895445996707,38.27709283107226],[-109.34348954581854,38.28144117769075],[-109.34964777254363,38.28284998810507]]]}"
"Aedes communis",2002,-64.69565,46.06755,0,376,"00000000000000000177",5.63173913043478,10.8639130434783,28,93.5537282608696,25.1910869565217,-12.9248913043478,38.1159782608696,-3.42489130434783,14.5061956521739,17.4147826086957,-6.72130434782609,1141.9402173913,114.941304347826,78.5684782608696,12.0717391304348,339.978260869565,257.344565217391,265.865217391304,322.734782608696,0,0,0,0,0,1,0,17,2,"{""type"":""Polygon"",""coordinates"":[[[-64.69564797660388,46.076551532237794],[-64.70334389185736,46.07479649515305],[-64.70803737194436,46.07021611128101],[-64.7078983794195,46.06459714877809],[-64.70298239751462,46.06013098781286],[-64.69520699502436,46.0585590038914],[-64.68760350223558,46.06049403289593],[-64.68313630754871,46.065181699820016],[-64.68354811667432,46.070794222088836],[-64.68867959440416,46.07514267104076],[-64.69564797660388,46.076551532237794]]]}"
"Culex quinquefasciatus",2018,-80.97195,29.05255,0,377,"00000000000000000178",21.4,10.593063583815,44,46.7946098265896,32.2197976878613,8.62890173410405,23.5908959537572,26.8859826589595,16.1929190751445,26.8859826589595,15.0881502890173,1271.98265895954,177.263005780347,58,41,498.575144508671,189,483.748554913295,204,0,0,0,1,0,0,0,14,2,"{""type"":""Polygon"",""coordinates"":[[[-80.97194650481828,29.061549405307446],[-80.97805418056927,29.05979448825295],[-80.98177942605733,29.05521429544145],[-80.98166957380666,29.04959532601202],[-80.977768008256,29.045128969914874],[-80.97159648267109,29.04355687735521],[-80.96556143466434,29.045492037130543],[-80.96201611930739,29.050179890164657],[-80.96234342192469,29.05579239187758],[-80.96641623408478,29.060140642518952],[-80.97194650481828,29.061549405307446]]]}"
"Aedes communis",2002,-66.57145,45.76045,0,378,"00000000000000000179",5.7,10.3,26,95.6938436482085,24.7820846905537,-13.4179153094463,38.2,-3.97839305103149,-1.76959826275787,17.6,-7.17687296416938,1111.08794788274,113.251900108578,82,11,322.251900108578,250,264.836047774159,294.251900108578,1,0,0,0,0,0,0,5,1,"{""type"":""Polygon"",""coordinates"":[[[-66.57144909855485,45.76944878358593],[-66.5791025332376,45.767693749256196],[-66.58377011676126,45.76311336976923],[-66.5836319045666,45.757494407107004],[-66.57874305497556,45.753028241663266],[-66.57101054976697,45.751456255248584],[-66.56344900665007,45.753391287254296],[-66.55900646935658,45.75807895844987],[-66.5594160191566,45.76369148024723],[-66.56451918149051,45.76803992464764],[-66.57144909855485,45.76944878358593]]]}"
"Aedes triseriatus",2023,-76.68915,39.49395,0,379,"0000000000000000017a",11.9957868649318,11.6478314745973,32,86.37541511772,30.1194547707559,-5.63804213135068,35.7574969021066,20.7366790582404,0.561957868649318,22.8957868649318,0.561957868649318,1119.89962825279,111.276332094176,76.2899628252788,10,311.288723667906,249.443618339529,299.33209417596,249.443618339529,1,0,0,0,0,0,0,5,3,"{""type"":""Polygon"",""coordinates"":[[[-76.68914938882355,39.50294921834893],[-76.69606841696977,39.50119423446035],[-76.7002882901493,39.4966139352614],[-76.70016355745483,39.49099496968524],[-76.69574377564449,39.48652872224268],[-76.68875289942024,39.48495669017721],[-76.68191660186612,39.486891777134126],[-76.67790034384757,39.491579526537805],[-76.67827082281585,39.49719203970034],[-76.68288445883378,39.50154040076562],[-76.68914938882355,39.50294921834893]]]}"
"Aedes sticticus",2019.58181818182,-71.30245,42.16655,0,380,"0000000000000000017b",9.46930342384888,11.7530106257379,31,88.1134356552538,28.3103896103896,-8.74262101534829,37.0530106257379,0.38370720188902,18.283707201889,20.6693034238489,-2.21629279811098,1169.19362455726,118.817001180638,85.1629279811098,9,325.848878394333,262.32585596222,268.32585596222,300.75678866588,0,0,0,1,0,0,0,14,2,"{""type"":""Polygon"",""coordinates"":[[[-71.3024527569367,42.175547107540154],[-71.30965652925705,42.173792103369806],[-71.31404999058356,42.1692117718875],[-71.3139200338345,42.16359280748241],[-71.30931838445048,42.15912659301112],[-71.30203996003179,42.15755457930184],[-71.2949224666869,42.15948964416287],[-71.29074093145327,42.1641773621196],[-71.29112656130673,42.16978987875476],[-71.295929998172,42.174138273328516],[-71.3024527569367,42.175547107540154]]]}"
"Aedes communis",2019.48837209302,-149.19795,63.87935,0,381,"0000000000000000017c",-4.03044017358958,10.9321140731556,25,115.505616862988,18.6309361438314,-23.8196528208308,42.4505889646621,11.0209547427154,-11.1856788592684,11.0209547427154,-18.0530068195908,397.911965282083,79.5505269683819,10.8090514569126,66.160570365778,206.233106013639,41.0489770613763,206.233106013639,55.8406695598264,0,1,0,0,0,0,0,8,1,"{""type"":""Polygon"",""coordinates"":[[[-149.19795396745636,63.88834596730734],[-149.21008348839172,63.8865906810396],[-149.2174793118533,63.8820099006022],[-149.2172583675529,63.8763909525689],[-149.2095107750322,63.871925196616964],[-149.19725913423335,63.87035343814303],[-149.1852782520774,63.872288195767666],[-149.17823765802885,63.87697547639019],[-149.17888473013954,63.882588041232914],[-149.18697104383125,63.88693690181216],[-149.19795396745636,63.88834596730734]]]}"
"Aedes triseriatus",2020,-83.38725,41.67685,0,382,"0000000000000000017d",9.9,10.4996381182147,27,97.2994933655006,29.4,-8.5205066344994,37.9205066344994,22.0996381182147,-1.7,22.0996381182147,-3.0205066344994,840.024125452352,92,44.8262967430639,20.1737032569361,259.197828709288,154.826296743064,259.197828709288,158.826296743064,0,0,0,1,0,0,0,14,1,"{""type"":""Polygon"",""coordinates"":[[[-83.38725426322567,41.68584862985072],[-83.39440294727304,41.68409362952128],[-83.3987628253811,41.67951330415267],[-83.3986338794996,41.67389433952573],[-83.39406741523085,41.669428118810494],[-83.38684462124527,41.66785610162502],[-83.3797815293795,41.66979117067044],[-83.3756319696274,41.674478894582485],[-83.37601466850379,41.68009141056007],[-83.38078138553021,41.68443979878811],[-83.38725426322567,41.68584862985072]]]}"
"Aedes communis",2020.02777777778,-90.08535,45.82685,0,383,"0000000000000000017e",4.08150163220892,11.9589771490751,26.3852013057671,111.10668117519,25.4526659412405,-18.8766050054407,44.3292709466812,16.2396082698585,-11.2184983677911,17.5322089227421,-11.2184983677911,816.310119695321,110,22,44.3112078346028,312.184983677911,87.8161044613711,308.184983677911,87.8161044613711,1,0,0,0,0,0,0,5,2,"{""type"":""Polygon"",""coordinates"":[[[-90.08535021942569,45.83584925737279],[-90.0930127806611,45.83409422244995],[-90.0976859278242,45.82951384201897],[-90.09754754798944,45.82389487939104],[-90.09265286927328,45.81942871491144],[-90.08491114797464,45.817856729033494],[-90.07734059235345,45.81979176039311],[-90.07289275764947,45.82447943066912],[-90.0733027928513,45.830091952567976],[-90.0784120384876,45.83444039794824],[-90.08535021942569,45.83584925737279]]]}"
"Culex quinquefasciatus",2019,-81.19605,28.59605,0,384,"0000000000000000017f",21.9198250728863,11,46.2725947521866,45.3311370262391,32.7,9.22725947521866,23.4727405247813,27.2,16.8418367346939,27.2,15.7437317784257,1274.13702623907,186.319241982507,52.7259475218659,48.9985422740525,541.33527696793,163.819241982507,539.208454810496,190.706997084548,0,0,0,0,0,1,0,17,2,"{""type"":""Polygon"",""coordinates"":[[[-81.19605200556236,28.605048934960916],[-81.20213295244235,28.603294020488736],[-81.20584190335487,28.598713831787943],[-81.20573254161187,28.593094862209806],[-81.20184804789785,28.588628501914354],[-81.19570351418332,28.587056407017165],[-81.1896948617611,28.588991569606222],[-81.18616506093016,28.59367942664449],[-81.18649094147081,28.599291927914837],[-81.19054593716189,28.60364017428957],[-81.19605200556236,28.605048934960916]]]}"
"Aedes communis",2014,-93.46345,58.71675,0,385,"00000000000000000180",-7.54532710280374,8.9,17,141.325848909657,17.2,-32.7,49.9,9.45467289719626,-25.1,9.75467289719627,-26,412,61,14,45,165,46,156,50,0,0,0,1,0,0,0,14,1,"{""type"":""Polygon"",""coordinates"":[[[-93.46344924088889,58.72575037706352],[-93.47373275255022,58.72399518874254],[-93.4800035160866,58.719414564171416],[-93.47981682348804,58.71379561043599],[-93.47324818840882,58.709329695297846],[-93.46286008962764,58.707757848220666],[-93.45270160497061,58.70969271250085],[-93.44673248067225,58.714380144957396],[-93.44728173357471,58.71999269308165],[-93.45413784639848,58.72434139187246],[-93.46344924088889,58.72575037706352]]]}"
"Aedes communis",2002,-66.73745,45.83515,0,386,"00000000000000000181",5.2504907306434,10.6,27,97.4475245365322,24.6895310796074,-14.2931297709924,38.9826608505998,0.903925845147219,-2.27197382769902,17.3802617230098,-7.88996728462377,1107.67175572519,112.583424209378,80.2508178844057,11,319.291166848419,243.958560523446,266.62159214831,286.834242093784,1,0,0,0,0,0,0,1,1,"{""type"":""Polygon"",""coordinates"":[[[-66.73744805347147,45.8441521035343],[-66.74511175816463,45.8423970685372],[-66.74978560239097,45.837816687988024],[-66.74964720155248,45.83219772536439],[-66.74475179251044,45.82773156100549],[-66.73700891653644,45.826159575194765],[-66.72943723174691,45.828094606473485],[-66.72498873333507,45.832782276634354],[-66.72539882935219,45.83839479854591],[-66.7305088371599,45.84274324404886],[-66.73744805347147,45.8441521035343]]]}"
"Culex pipiens",2019.6,-71.21945,42.27445,0,387,"00000000000000000182",9.45130023640662,11.3781323877069,30.7813238770686,87.9325177304965,28.1810874704492,-8.45094562647754,36.6320330969267,0.449408983451537,18.2841607565012,20.6513002364066,-2.15059101654846,1152.37588652482,116.996453900709,82.9964539007092,9.50945626477541,323.432624113475,257.735224586288,260.992907801418,300.872340425532,0,0,0,0,0,1,0,17,2,"{""type"":""Polygon"",""coordinates"":[[[-71.21945104992786,42.28344843483143],[-71.22666714600572,42.28169342980677],[-71.23106812019812,42.27711309696466],[-71.2309379372948,42.2714941326089],[-71.22632841667775,42.267027919526406],[-71.21903754723853,42.26545590659031],[-71.21190788380012,42.26739097052064],[-71.20771919535582,42.272078687152785],[-71.20810548088146,42.27769120393419],[-71.2129171323049,42.28203959991937],[-71.21945104992786,42.28344843483143]]]}"
"Culex quinquefasciatus",2019,-81.50315,28.45495,0,388,"00000000000000000183",22.0008759124088,11.7843795620438,48.8437956204379,45.3104379562044,32.9008759124088,8.88613138686131,24.0147445255474,27.2486131386861,16.9056934306569,27.2494890510949,15.8008759124088,1236.42481751825,187.518248175182,50.6,49,533.500729927007,168.910948905109,522.075912408759,195.563503649635,0,0,0,0,0,1,0,17,3,"{""type"":""Polygon"",""coordinates"":[[[-81.50315029511319,28.46394960032674],[-81.50922310546422,28.462194686648168],[-81.51292709615855,28.45761449921071],[-81.5128178837423,28.45199552958688],[-81.50893858685889,28.44752916800116],[-81.50280226971368,28.44595707238559],[-81.4968016523467,28.447892235839387],[-81.49327657428789,28.45258009410825],[-81.49360202194657,28.458192595242576],[-81.49765159413927,28.462540840306044],[-81.50315029511319,28.46394960032674]]]}"
"Aedes excrucians",1999,-72.85455,44.16685,0,389,"00000000000000000184",5.0555431131019,11.4894736842105,28.0212765957447,97.8656103023516,24.871444568869,-15.1399776035834,40.0114221724524,17.2131019036954,-6.90481522956327,17.2131019036954,-8.13079507278835,1093.81858902576,119.924972004479,61.6942889137738,17.474804031355,327.077267637178,204.440089585666,327.077267637178,216.136618141097,1,0,0,0,0,0,0,5,2,"{""type"":""Polygon"",""coordinates"":[[[-72.85455435611487,44.17585079000439],[-72.86199803839925,44.174095769500504],[-72.86653775393157,44.16951541201993],[-72.86640339360015,44.16389644855851],[-72.86164851301585,44.15943026063947],[-72.85412781961365,44.15785826171244],[-72.8467734092675,44.15979330877965],[-72.84245262059807,44.16448100141159],[-72.84285101357358,44.17009352084271],[-72.84781436476491,44.174441942401444],[-72.85455435611487,44.17585079000439]]]}"
"Culex tarsalis",2019.05128205128,-116.29675,43.65225,0,390,"00000000000000000185",10.3956069364162,14.4045086705202,37,83.0594797687861,32.5452023121387,-6.02023121387283,38.5654335260116,0.438381502890173,20.5383815028902,21.2452023121387,-0.261618497109827,317.339884393064,39.8104046242775,7.95491329479769,37.0300578034682,115.840462427746,36.9549132947977,41.9549132947977,106.131791907514,0,0,0,0,0,1,0,17,3,"{""type"":""Polygon"",""coordinates"":[[[-116.29675330887125,43.66124823293146],[-116.30413289364864,43.65949321673295],[-116.30863353415388,43.65491286610524],[-116.30850035054983,43.64929390239502],[-116.30378640917861,43.6448277074771],[-116.29633044319972,43.64325570465365],[-116.28903933039163,43.6451907564111],[-116.28475574648861,43.64987845571839],[-116.2851507297198,43.655490974412565],[-116.2900713562483,43.659839388858344],[-116.29675330887125,43.66124823293146]]]}"
"Aedes communis",2012,-116.06435,51.34635,0,391,"00000000000000000186",0.557511961722488,12.3358851674641,32,82.3848516746411,20.4268899521531,-17.540956937799,37.9678468899521,9.2756937799043,-4.40545454545455,10.9207655502392,-10.0537799043062,586.2,74.6411483253588,30.0813397129187,25.1885167464115,193.392344497608,103.868899521531,193.38947368421,135.470813397129,1,0,0,0,0,0,0,1,1,"{""type"":""Polygon"",""coordinates"":[[[-116.06434496196565,51.35535129593441],[-116.07289371289049,51.35359620602846],[-116.07810707516794,51.349015738084844],[-116.0779523992676,51.343396778638976],[-116.07249171624235,51.33893070353659],[-116.06385514174735,51.33735876741459],[-116.05540949931766,51.33929373888135],[-116.05044728664161,51.343981323911066],[-116.0509044352687,51.349593855215886],[-116.05660435694969,51.353942391430955],[-116.06434496196565,51.35535129593441]]]}"
"Culex tarsalis",2018.85810810811,-116.38805,43.69375,0,392,"00000000000000000187",10.3765486725664,14.7,37,83.2676880530973,32.6482300884956,-6.3,38.9482300884956,0.3,20.4,21.2,-0.4,310.128318584071,39,7,38.0597345132743,114.356194690265,36,41,104.768805309735,0,0,0,0,1,0,0,15,2,"{""type"":""Polygon"",""coordinates"":[[[-116.38804448473843,43.70274908643589],[-116.39542917576885,43.70099406989289],[-116.39993292914524,43.69641371871691],[-116.39979965180433,43.6907947550266],[-116.39508244905707,43.68632856066864],[-116.38762132663395,43.68475655815694],[-116.38032517129234,43.68669160953912],[-116.37603862351466,43.691379308312335],[-116.37643387838519,43.696991827065474],[-116.38135790852833,43.701340242080356],[-116.38804448473843,43.70274908643589]]]}"
"Culex tarsalis",2019.12941176471,-116.29675,43.66885,0,393,"00000000000000000188",10.4345062429058,14.4562996594779,37,83.2432690124858,32.6850170261067,-6.03677639046538,38.7217934165721,0.46322360953462,20.5939841089671,21.3213393870602,-0.238024971623156,317.972758229285,39.8399545970488,7.45402951191828,37.8206583427923,116.964812712826,36.4540295119183,41.489216799092,106.964812712826,0,0,0,0,0,1,0,17,3,"{""type"":""Polygon"",""coordinates"":[[[-116.29675330887125,43.67784946615345],[-116.3041349349472,43.67609444981719],[-116.30863681986786,43.671514098970256],[-116.30850359879128,43.665895135268],[-116.30378835363774,43.66142894057397],[-116.29633032629538,43.65985693787518],[-116.28903719766133,43.66179198948257],[-116.2847524289065,43.66647968857631],[-116.28514752072958,43.67209220729407],[-116.2900695079024,43.6764406219674],[-116.29675330887125,43.67784946615345]]]}"
"Aedes sticticus",2016.33333333333,-76.74725,38.93785,0,394,"00000000000000000189",12.7304402515723,11.6557232704403,33,83.8015849056604,30.3586163522013,-4.51509433962264,34.8737106918239,23.297358490566,1.66251572327044,23.297358490566,1.66251572327044,1074.7786163522,109,71,12,306.374842767296,233.023899371069,306.374842767296,233.023899371069,0,0,0,0,0,1,0,17,2,"{""type"":""Polygon"",""coordinates"":[[[-76.74725147554994,38.94685026687265],[-76.75411590455748,38.94509528700679],[-76.75830249234141,38.94051499421105],[-76.75817876109987,38.934896028402704],[-76.75379385210509,38.930429774420496],[-76.74685811310434,38.92885773871415],[-76.74007573468784,38.93079283005369],[-76.73609116827163,38.93548058569467],[-76.73645874182448,38.94109309816833],[-76.74103598371484,38.94544145258742],[-76.74725147554994,38.94685026687265]]]}"
"Aedes triseriatus",2019,-91.65405,42.18315,0,395,"0000000000000000018a",8.60751515151515,11.8,27,107.428206060606,29.3,-13.3345454545455,42.6345454545455,21.6810909090909,-6.2,21.6810909090909,-6.2,883,116,26,43,334,91,334,91,0,0,0,0,1,0,0,15,3,"{""type"":""Polygon"",""coordinates"":[[[-91.65405305182585,42.192148340762124],[-91.66125871582297,42.190393336460524],[-91.66565333036245,42.18581300476931],[-91.66552333889943,42.1801940403718],[-91.66092048129383,42.17572782611387],[-91.65364014658415,42.174155812523374],[-91.64652078514915,42.17609087724143],[-91.64233815190927,42.18077859499466],[-91.6427238824077,42.186391111652284],[-91.64752858019456,42.19073950644288],[-91.65405305182585,42.192148340762124]]]}"
"Aedes sticticus",2013.8,-76.92155,39.00425,0,396,"0000000000000000018b",12.8298865069357,11.8,33,85.2661412358134,30.799369482976,-4.69697351828499,35.496343001261,23.6266078184111,1.58398486759142,23.6266078184111,1.58398486759142,1064.34804539723,105.505674653216,70.6620428751576,12,299.747793190416,229.395964691047,299.747793190416,229.395964691047,0,0,0,0,0,1,0,17,2,"{""type"":""Polygon"",""coordinates"":[[[-76.92154881752704,39.01324628155846],[-76.928419686155,39.011491301215635],[-76.93261019974211,39.006911007660676],[-76.93248635038907,39.00129204187987],[-76.92809732836706,38.99682578867305],[-76.92115508627633,38.99525375339838],[-76.91436634843566,38.99718884421829],[-76.91037804419668,39.00187659911973],[-76.91074596042844,39.00748911167508],[-76.9153274947768,39.01183746688218],[-76.92154881752704,39.01324628155846]]]}"
"Aedes communis",2014,-93.45515,58.72505,0,397,"0000000000000000018c",-7.5648590021692,8.9,17,141.308557483731,17.2,-32.7,49.9,9.4351409978308,-25.1,9.7351409978308,-26,412,61,14,45,165,46,156,50,0,0,0,0,0,0,1,18,1,"{""type"":""Polygon"",""coordinates"":[[[-93.4551463947274,58.734048764123976],[-93.46543235903317,58.732293575669324],[-93.4717046174516,58.72771295088542],[-93.47151787947179,58.722093997157764],[-93.46494767797408,58.7176280822369],[-93.45455710304172,58.71605623528067],[-93.44439619691157,58.71799109941528],[-93.43842564902747,58.72267853166458],[-93.43897503202751,58.728291079811655],[-93.44583277941476,58.73263977882329],[-93.4551463947274,58.734048764123976]]]}"
"Aedes sticticus",2012,-117.90695,53.19725,0,398,"0000000000000000018d",2.20549645390071,12.7130319148936,32,87.0159042553191,21.4804078014184,-17.3897163120567,38.8701241134752,12.8896276595745,-2.67650709219858,12.8896276595745,-9.35815602836879,494.961879432624,73.7508865248227,22.2225177304965,44.3404255319149,210.51329787234,70.9556737588652,210.51329787234,86.2411347517731,1,0,0,0,0,0,0,1,2,"{""type"":""Polygon"",""coordinates"":[[[-117.90695253567478,53.20624833850189],[-117.9158659745303,53.204493227118654],[-117.92130163871006,53.19991272499255],[-117.9211402453803,53.194293766791276],[-117.915446641118,53.189827726599624],[-117.90644183232067,53.18825580991157],[-117.89763608880119,53.190190757985015],[-117.89246219834523,53.19487830971726],[-117.89293872343626,53.20049084469442],[-117.89888171385303,53.20483941638988],[-117.90695253567478,53.20624833850189]]]}"
"Aedes communis",2020,-135.32865,60.87475,0,399,"0000000000000000018e",-1.83381088825215,11.3982808022923,25.0121776504298,112.049118911175,20.0370343839542,-24.097564469914,44.1345988538682,10.9252148997135,-6.32958452722063,11.8555873925501,-16.8811604584527,276.266475644699,40,8.79297994269341,39.980659025788,108.853868194842,36.8438395415473,108.189828080229,56.0565902578797,1,0,0,0,0,0,0,1,1,"{""type"":""Polygon"",""coordinates"":[[[-135.3286514332857,60.8837457091818],[-135.33962284867033,60.88199048378622],[-135.34631287730008,60.87740980021503],[-135.3461134433474,60.871790848635726],[-135.33910547149335,60.86732499375442],[-135.32802289796356,60.865753180217254],[-135.31718527303644,60.86768800412394],[-135.31081687054882,60.87237537910703],[-135.31140259869608,60.877987933561975],[-135.3187171547877,60.882336693594226],[-135.3286514332857,60.8837457091818]]]}"
"Aedes sticticus",2018,-80.57355,37.42725,0,400,"0000000000000000018f",10.0751275510204,12.790306122449,36.9706632653061,76.8499107142857,26.9358418367347,-7.04030612244898,33.9761479591837,17.9047193877551,-0.237117346938776,19.6512755102041,-0.237117346938776,1005.27678571429,103.922193877551,69.0102040816327,12.4362244897959,290.713010204082,210.911989795918,279.682397959184,210.911989795918,1,0,0,0,0,0,0,5,1,"{""type"":""Polygon"",""coordinates"":[[[-80.57354812119816,37.43624952119889],[-80.58027163795167,37.43449455195061],[-80.58437232085069,37.42991427605563],[-80.58425117393344,37.42429530963464],[-80.57995626655858,37.419829038391526],[-80.57316282899426,37.418256993075246],[-80.56651960828803,37.42019209598251],[-80.56261683320447,37.424879868086336],[-80.56297690802066,37.43049237874162],[-80.56746022187532,37.43484071561863],[-80.57354812119816,37.43624952119889]]]}"
"Culex quinquefasciatus",2018,-117.60815,33.85825,0,401,"00000000000000000190",17.4322314049587,14.931955922865,54.2851239669422,43.6902479338843,32.3267217630854,5.05426997245179,27.2724517906336,12.8181818181818,22.847520661157,23.4998622589532,12.4101928374656,327.964187327824,58.9779614325069,4.00275482093664,73.6735537190083,168.734159779614,16.1088154269972,24.6570247933884,159.28650137741,0,0,0,0,0,1,0,17,3,"{""type"":""Polygon"",""coordinates"":[[[-117.60814817408338,33.86724746543556],[-117.61457776766572,33.86549251967119],[-117.61849926450583,33.86091228115798],[-117.61838350748738,33.85529331338272],[-117.61427633101648,33.85082700396122],[-117.60777971533724,33.849254937389034],[-117.60142675908118,33.8511900658826],[-117.59769458928177,33.855877874399496],[-117.59803902211281,33.86149038103202],[-117.60232641479837,33.86583867910891],[-117.60814817408338,33.86724746543556]]]}"
"Aedes sticticus",2019.67231638418,-87.88585,41.85945,0,402,"00000000000000000191",9.7,10.5196341463415,27,99.4184268292683,28.9207317073171,-9.83341463414634,38.7541463414634,22,-3.70548780487805,22,-3.70548780487805,921.008536585366,103,36,29,301.710975609756,141.010975609756,301.710975609756,141.010975609756,0,0,0,0,0,1,0,17,3,"{""type"":""Polygon"",""coordinates"":[[[-87.88584957470192,41.86844881798934],[-87.89301864024183,41.86669381623457],[-87.89739094343808,41.86211348859723],[-87.89726162356865,41.85649452405261],[-87.89268214155057,41.852028305654436],[-87.88543876546515,41.850456289758945],[-87.87835554618762,41.852391357251584],[-87.87419415618467,41.85707907895366],[-87.87457793947264,41.86269159517527],[-87.87935824206927,41.86703998575816],[-87.88584957470192,41.86844881798934]]]}"
"Culex quinquefasciatus",2018,-81.09645,28.95295,0,403,"00000000000000000192",21.4867052023121,10.985838150289,45.278901734104,46.8220809248555,32.5,8.5342485549133,23.9657514450867,26.914161849711,16.2420520231214,26.9588150289017,15.1132947976879,1293.70520231214,178.254335260116,55.53612716763,43.8670520231214,524.43063583815,181.414739884393,508.765895953757,203.472543352601,1,0,0,0,0,0,0,3,2,"{""type"":""Polygon"",""coordinates"":[[[-81.09644906533154,28.96194646507662],[-81.1025508560765,28.960191548587495],[-81.10627251391655,28.95561135667598],[-81.10616276965824,28.949992387213996],[-81.10226496288564,28.94552603019768],[-81.09609938022041,28.943953937126246],[-81.09007014384615,28.945889097517604],[-81.0865282443869,28.950576951428385],[-81.0868552338947,28.95618945304441],[-81.09092412332559,28.96053770275165],[-81.09644906533154,28.96194646507662]]]}"
"Aedes communis",2003,-67.20225,45.22925,0,404,"00000000000000000193",5.94961664841183,10.0030668127054,28,89.3663417305586,23.7184008762322,-11.8981380065717,35.6165388828039,2.28302300109529,17.0153340635268,17.0153340635268,-6.06670317634173,1095.87075575027,119.825848849945,74.5542168674699,14,328.892661555312,237.100766703176,237.100766703176,284.151150054765,1,0,0,0,0,0,0,6,1,"{""type"":""Polygon"",""coordinates"":[[[-67.20224691087846,45.23824945239209],[-67.20982847312334,45.23649442275686],[-67.21445224237456,45.23191405074206],[-67.21431535023854,45.226295087808424],[-67.2094724055729,45.221828914733315],[-67.20181247812384,45.22025692407015],[-67.19432190949789,45.22219196118988],[-67.1899210898065,45.22687963966408],[-67.19032681689357,45.23249216065804],[-67.19538207257231,45.23684059730266],[-67.20224691087846,45.23824945239209]]]}"
"Culex quinquefasciatus",2018,-117.59155,33.84165,0,405,"00000000000000000194",17.3123626373626,14.8402472527473,53.7912087912088,44.3852472527472,32.3070054945055,4.98214285714286,27.3248626373626,12.6021978021978,22.8373626373626,23.4796703296703,12.2021978021978,346.589285714286,63.5384615384615,3.79120879120879,76.8983516483516,181.353021978022,15.2239010989011,23.4684065934066,171.837912087912,0,0,0,0,0,1,0,17,3,"{""type"":""Polygon"",""coordinates"":[[[-117.59155139996246,33.850646232213585],[-117.59797974383504,33.848891286553716],[-117.60190047880772,33.84431104820686],[-117.60178474470646,33.83869208042559],[-117.5976783664344,33.83422577083419],[-117.59118301278917,33.832653704167406],[-117.58483129068614,33.834588832774834],[-117.58109984627045,33.839276641453786],[-117.58144421259482,33.844889148068404],[-117.58573077225815,33.84923744597262],[-117.59155139996246,33.850646232213585]]]}"
"Aedes communis",2019.90625,-147.48815,65.18245,0,406,"00000000000000000195",-4.96308328411105,9.96910809214412,20,146.055002953337,20.6276432368577,-28.5465445953928,49.1741878322504,13.4049025398701,-13.2757826343768,13.4049025398701,-23.6904311872416,303.420555227407,51.9881866509155,7.06497341996456,55.701122268163,144.084465445954,34.8387477849971,144.084465445954,53.3124630832841,1,0,0,0,0,0,0,5,1,"{""type"":""Polygon"",""coordinates"":[[[-147.488151800422,65.19144690456005],[-147.50087488093683,65.18969158766554],[-147.5086324183203,65.18511075849393],[-147.50840041998777,65.17949181224743],[-147.50027375993562,65.17502610606768],[-147.48742299086732,65.17345437529524],[-147.47485620582572,65.17538909957426],[-147.467471098201,65.18007633272283],[-147.46814957970517,65.18568890278895],[-147.4766314175234,65.19003781395467],[-147.488151800422,65.19144690456005]]]}"
"Culex pipiens",2019.78571428571,-86.14285,39.70145,0,407,"00000000000000000196",11.1,11.4,30,94.2991529709229,29.9,-7.86776232616941,37.7677623261694,20.8254108723135,-1.60341340075853,22.8,-1.60341340075853,1016.25158027813,115.982300884956,59.0176991150443,20,315.988621997472,197.017699115044,297,197.017699115044,0,0,0,0,0,1,0,17,1,"{""type"":""Polygon"",""coordinates"":[[[-86.14285385942573,39.710449026769986],[-86.14979365182992,39.7086940413639],[-86.15402618355537,39.70411373974943],[-86.15390106998618,39.69849477426085],[-86.1494680259175,39.6940285292853],[-86.14245618083054,39.69245649859329],[-86.13559937765453,39.69439158389691],[-86.13157106720173,39.69907933094767],[-86.13194265109105,39.70469184437005],[-86.13657012791899,39.70904020794251],[-86.14285385942573,39.710449026769986]]]}"
"Aedes communis",2012,-112.81905,53.66205,0,408,"00000000000000000197",1.7,12.5018356643357,28,110.526879370629,23.0018356643357,-20.5,43.5018356643357,14.9018356643357,-5.01363636363636,14.9018356643357,-13.240472027972,451.981643356643,87,15.9816433566434,68,236,52.9816433566434,236,57.9816433566434,1,0,0,0,0,0,0,6,3,"{""type"":""Polygon"",""coordinates"":[[[-112.81905580627826,53.67104719590887],[-112.82806727599332,53.66929207883938],[-112.83356269562047,53.66471156766338],[-112.83339949542298,53.65909260979177],[-112.82764328047952,53.65462657884281],[-112.81853948950325,53.65305466729988],[-112.80963694995621,53.654989609179964],[-112.80440615901153,53.659677152096606],[-112.80488789140635,53.66528968804587],[-112.81089621965323,53.669638269134865],[-112.81905580627826,53.67104719590887]]]}"
"Aedes communis",2014,-93.46345,58.72505,0,409,"00000000000000000198",-7.58260405549627,8.9,17,141.237780149413,17.2,-32.7,49.9,9.41739594450374,-25.1,9.71739594450374,-26,412,61,14,45,165,46,156,50,0,0,0,0,0,0,1,18,1,"{""type"":""Polygon"",""coordinates"":[[[-93.46344924088889,58.734048764123976],[-93.47373520519467,58.73229357566931],[-93.4800074636131,58.72771295088542],[-93.4798207256333,58.722093997157764],[-93.4732505241356,58.7176280822369],[-93.46285994920324,58.71605623528067],[-93.45269904307308,58.71799109941528],[-93.44672849518898,58.72267853166456],[-93.44727787818903,58.728291079811655],[-93.45413562557627,58.73263977882329],[-93.46344924088889,58.734048764123976]]]}"
"Culex tarsalis",2001,-100.01215,25.96495,0,410,"00000000000000000199",21.8818181818182,12.2065573770492,44,52.5563189269747,35.2098360655738,7.79761549925484,27.4122205663189,25.4190760059612,16.1214605067064,28.0256333830104,14.6214605067064,650.935916542474,150.076005961252,19.8181818181818,69.1833084947839,308.177347242921,60.8837555886736,226.907600596125,61.6587183308495,0,1,0,0,0,0,0,7,2,"{""type"":""Polygon"",""coordinates"":[[[-100.01215193449531,25.97394744017307],[-100.01809048923398,25.97219254016733],[-100.02171263538077,25.967612374495463],[-100.0216058878839,25.961993404084502],[-100.0178123403002,25.957527020269332],[-100.01181159782111,25.95595491227683],[-100.00594356017118,25.95789009062902],[-100.00249640945242,25.96257797009927],[-100.00281471543276,25.968190468889958],[-100.00677479870595,25.972538691362207],[-100.01215193449531,25.97394744017307]]]}"
"Culex tarsalis",2018.91743119266,-116.45445,43.68545,0,411,"0000000000000000019a",10.4,14.8,37,83.6186333333333,32.7451111111111,-6.3,39.0451111111111,0.3,20.4765555555556,21.3272222222222,-0.4,300.008888888889,37,7,36.3811111111111,109.536666666667,36,40.8533333333333,100.536666666667,0,0,0,0,1,0,0,15,2,"{""type"":""Polygon"",""coordinates"":[[[-116.45445387672744,43.694450699375416],[-116.46183754585162,43.69269568290135],[-116.46634067625418,43.688115331835064],[-116.4662074176728,43.68249636814077],[-116.46149086761946,43.67803017367078],[-116.45403077714705,43.67645817109669],[-116.44673563095942,43.67839322255396],[-116.44244967633722,43.68308092143402],[-116.44284487684511,43.68869344017537],[-116.44776822582838,43.69304185507638],[-116.45445387672744,43.694450699375416]]]}"
"Aedes communis",2017.92592592593,-90.08535,45.80195,0,412,"0000000000000000019b",3.91616052060738,11.9037960954447,26.0379609544469,111.113286334056,25.3,-19.0009761388286,44.3009761388286,16.1027114967462,-11.3838394793926,17.4,-11.3838394793926,819.6431670282,110.508676789588,22,44.2527114967462,314.353579175705,87.2895878524946,310.300433839479,87.2895878524946,1,0,0,0,0,0,0,5,2,"{""type"":""Polygon"",""coordinates"":[[[-90.08535021942569,45.810949637090346],[-90.0930093545253,45.80919460239008],[-90.09768041308145,45.804614222313354],[-90.09754209617972,45.79899525967256],[-90.09264960573486,45.79452909483114],[-90.08491134418395,45.79295710875177],[-90.07734417188381,45.79489214035386],[-90.07289832584391,45.799579810974954],[-90.07330817882485,45.805192332835716],[-90.07841514077113,45.80954077784827],[-90.08535021942569,45.810949637090346]]]}"
"Culex quinquefasciatus",2019.42857142857,-81.50315,28.51305,0,413,"0000000000000000019c",21.9431286549708,11.7,48,45.5013888888889,32.918567251462,8.86842105263158,24.0501461988304,27.2431286549708,16.818567251462,27.2431286549708,15.718567251462,1244.67105263158,188.396198830409,52.4853801169591,48.4853801169591,534.184210526316,168.671052631579,525.665204678363,197.315789473684,0,0,0,0,0,1,0,17,3,"{""type"":""Polygon"",""coordinates"":[[[-81.50315029511319,28.522047227952076],[-81.50922644857789,28.520292313947003],[-81.51293247731189,28.51571212598977],[-81.51282320354001,28.510093156384745],[-81.50894177139791,28.505626795329867],[-81.50280207825342,28.504054700009867],[-81.49679815946705,28.505989863107878],[-81.49327114092924,28.510677720870447],[-81.49359676644849,28.516290222060732],[-81.49764856703214,28.520638467663687],[-81.50315029511319,28.522047227952076]]]}"
"Culex quinquefasciatus",2019.55555555556,-82.16715,27.46725,0,414,"0000000000000000019d",22.2961820851689,12.3,51.2187958883994,42.7351248164464,33,9.32187958883994,23.6781204111601,27.1972099853157,17.5,27.2,16.4218795888399,1322.45814977974,214.267254038179,40.0381791483113,60.5168869309838,633.812041116006,160.81644640235,607.760646108664,188,0,0,0,0,1,0,0,15,3,"{""type"":""Polygon"",""coordinates"":[[[-82.16715057388076,27.476249798786363],[-82.17316804732357,27.474494890604877],[-82.17683830347866,27.46991471191811],[-82.17673010680045,27.464295741977775],[-82.17288615376081,27.459829371454877],[-82.1668057176128,27.45825727086327],[-82.16085974677338,27.460192440306837],[-82.15736678849315,27.46488030709956],[-82.15768929227022,27.47049280729168],[-82.16170197911985,27.47484104327252],[-82.16715057388076,27.476249798786363]]]}"
"Aedes excrucians",2009,-93.91995,58.74995,0,415,"0000000000000000019e",-7.7,8.8,17,141.0158996139,17.0127413127413,-32.8,49.8127413127413,9.31274131274131,-25.3,9.60617760617761,-26,415.934362934363,61,14.9343629343629,43.0656370656371,164,48.9343629343629,155,51.9343629343629,0,0,0,0,0,0,1,18,1,"{""type"":""Polygon"",""coordinates"":[[[-93.91995417033647,58.75894838440643],[-93.93024750221699,58.75719319555024],[-93.93652425115633,58.75261257012735],[-93.9363373768524,58.746993616423026],[-93.92976246994213,58.742527702154774],[-93.91936445682582,58.7409558555618],[-93.9091962767606,58.74289071925914],[-93.9032214525233,58.74757815088596],[-93.90377122632547,58.75319069910162],[-93.91063388382707,58.757539398776544],[-93.91995417033647,58.75894838440643]]]}"
"Aedes sticticus",2019,-87.42935,32.90375,0,416,"0000000000000000019f",17.1675524475524,12.7,39,71.4113006993007,32.6935664335664,0.624895104895105,32.0686713286713,9.25916083916084,22.3935664335664,26.1,7.71846153846154,1423.23776223776,156,80.2237762237762,18,437.064335664336,272.553846153846,329.394405594406,412.721678321678,1,0,0,0,0,0,0,5,1,"{""type"":""Polygon"",""coordinates"":[[[-87.42935356345644,32.912750130339155],[-87.43571294545566,32.91099519051877],[-87.4395916388508,32.90641496146735],[-87.4394771694091,32.90079599334949],[-87.43541483758307,32.896329674264564],[-87.42898912583632,32.89475760231215],[-87.42270550709551,32.89669273728203],[-87.41901409102783,32.90138055501551],[-87.41935478739802,32.906993060629645],[-87.4235953789956,32.91134134888576],[-87.42935356345644,32.912750130339155]]]}"
"Culex quinquefasciatus",2016,-91.21415,16.31205,0,417,"000000000000000001a0",25.5592105263158,11.7424342105263,68.75,14.8666447368421,34.1,17.1587171052632,16.9412828947368,26.3592105263158,25.4847039473684,27.1842105263158,23.3592105263158,2233.41940789474,388.766447368421,36.75,73.25,1073.24835526316,122.504934210526,519.863486842105,196.189144736842,1,0,0,0,0,0,0,3,1,"{""type"":""Polygon"",""coordinates"":[[[-91.21414935560024,16.32105046641241],[-91.21971228240608,16.319295614747055],[-91.22310545819444,16.314715526030096],[-91.2230056299579,16.309096552839193],[-91.21945199081141,16.304630090428976],[-91.21383052848503,16.30305793867495],[-91.20833339383083,16.304993169703817],[-91.20510427088284,16.309681124133807],[-91.20540261946647,16.31529361463525],[-91.20911234255317,16.319641757233917],[-91.21414935560024,16.32105046641241]]]}"
"Aedes communis",2017.9,-71.28585,44.05895,0,418,"000000000000000001a1",5.4777027027027,13.0850225225225,30.9177927927928,97.4116666666667,26.0613738738739,-15.5932432432432,41.6546171171171,0.74268018018018,-6.26554054054054,17.6227477477478,-7.68186936936937,1230.63063063063,123.829954954955,87.3243243243243,10,343.086711711712,269.672297297297,317.877252252252,290.14527027027,1,0,0,0,0,0,0,6,3,"{""type"":""Polygon"",""coordinates"":[[[-71.28585152371471,44.0679494627131],[-71.29328162426398,44.06619444311815],[-71.29781306013011,44.061614087084344],[-71.29767894915078,44.05599512357038],[-71.29293274324601,44.05152893417375],[-71.28542576503075,44.04995693442414],[-71.27808476689195,44.051891982481514],[-71.27377186160582,44.05657967652275],[-71.27416953209845,44.06219219579829],[-71.27912383029462,44.06654061585535],[-71.28585152371471,44.0679494627131]]]}"
"Aedes triseriatus",2021.6,-83.51175,35.65105,0,419,"000000000000000001a2",11.3907630522088,13.6275769745649,40.7135207496653,71.9475100401607,27.4769745649264,-5.70709504685408,33.1840696117805,3.19277108433735,12.1136546184739,20.2954484605087,1.71432396251673,1479.52476572958,153.394912985274,89.9946452476573,11.9812583668005,410.192771084337,312.069611780455,377.883534136546,383.982597054886,1,0,0,0,0,0,0,5,3,"{""type"":""Polygon"",""coordinates"":[[[-83.51174790553682,35.66005133947874],[-83.51831867178088,35.65829638218021],[-83.52232623254116,35.653716125306765],[-83.5222078867593,35.64809715819653],[-83.51801054225687,35.643630867526525],[-83.51137136159974,35.64205881139434],[-83.50487898993516,35.643993927321006],[-83.50106487762412,35.648681717953465],[-83.50141682340482,35.65429422656193],[-83.50579831795893,35.658642543695656],[-83.51174790553682,35.66005133947874]]]}"
"Culex tarsalis",2019.04,-116.30505,43.67715,0,420,"000000000000000001a3",10.4,14.5050941306755,37,83.2326688815061,32.7,-6.103211517165,38.803211517165,0.40188261351052,20.577519379845,21.2961240310077,-0.281284606866002,317.719822812846,40.0166112956811,7.04983388704319,38.2513842746401,117.325581395349,36.0498338870432,41.0730897009967,107.325581395349,0,0,0,0,0,1,0,17,3,"{""type"":""Polygon"",""coordinates"":[[[-116.3050516959317,43.68614785321391],[-116.31243434303859,43.68439283680877],[-116.31693685039954,43.6798124858522],[-116.31680361057963,43.67419352215392],[-116.31208771329119,43.66972732757188],[-116.30462865488182,43.66815532493541],[-116.29733451795799,43.670090376467776],[-116.29304915655577,43.67477807545472],[-116.29344430269502,43.68039059418427],[-116.29836697044432,43.68473900897139],[-116.3050516959317,43.68614785321391]]]}"
"Culex tarsalis",2019.35714285714,-116.44615,43.61905,0,421,"000000000000000001a4",10.4,14.7,37,83.244731934732,32.6,-6.29184149184149,38.8918414918415,0.308158508158508,20.4409090909091,21.2486013986014,-0.391841491841492,286.869463869464,35.016317016317,7,35.983682983683,102.951048951049,35,40,93.8531468531468,0,0,0,0,0,1,0,17,3,"{""type"":""Polygon"",""coordinates"":[[[-116.4461510305659,43.62804576648751],[-116.45352653798801,43.62629075056424],[-116.45802469285753,43.621710400374646],[-116.45789158410192,43.616091436648524],[-116.45318024694747,43.61162524128315],[-116.44572839840288,43.6100532382106],[-116.43844131207103,43.61198829026789],[-116.43416009482918,43.616675990001944],[-116.43455486115491,43.62228850864901],[-116.43947276988841,43.626636922640046],[-116.4461510305659,43.62804576648751]]]}"
"Aedes communis",2008.55882352941,-114.25495,48.11765,0,422,"000000000000000001a5",6.40112820512821,12.6037948717949,34.0379487179487,79.7622461538461,27.0291282051282,-9.17682051282051,36.2059487179487,14.2811282051282,1.95425641025641,16.8011282051282,-3.79097435897436,485.662564102564,65.0974358974359,29.9641025641026,25.0953846153846,157.09641025641,94.4225641025641,139.134358974359,116.505641025641,0,0,0,0,1,0,0,15,1,"{""type"":""Polygon"",""coordinates"":[[[-114.25495323200364,48.12664999616586],[-114.26295132605367,48.12489493986553],[-114.2678290153185,48.120314525408936],[-114.2676844697399,48.1146955640175],[-114.26257548701548,48.110229434288485],[-114.25449494538829,48.10865746775638],[-114.2465930539044,48.1105924758288],[-114.2419504629426,48.11528011296046],[-114.24237834099931,48.12089263851715],[-114.24771123408786,48.12524111921459],[-114.25495323200364,48.12664999616586]]]}"
"Aedes sticticus",2000.75179856115,-87.81945,41.90925,0,423,"000000000000000001a6",9.70337756332931,10.1930036188178,26,98.9859710494572,28.7,-9.56755126658625,38.2675512665862,21.9890229191797,-3.56755126658625,21.9890229191797,-3.56755126658625,916.406513872135,102.182147165259,36,28,299.182147165259,142,299.182147165259,142,0,0,0,0,0,1,0,17,3,"{""type"":""Polygon"",""coordinates"":[[[-87.81944910091505,41.91824805855423],[-87.8266237578043,41.91649305640933],[-87.83099946963061,41.911912728151],[-87.83087004716099,41.90629376362892],[-87.82628699392397,41.90182754586495],[-87.81903797145968,41.90025553032255],[-87.8119492305397,41.90219059739017],[-87.80778459508936,41.90687831848735],[-87.80816867586651,41.91249083477575],[-87.81295270545384,41.9168392260032],[-87.81944910091505,41.91824805855423]]]}"
"Culex tarsalis",2012,-99.14065,19.44115,0,424,"000000000000000001a7",15.9245161290323,16.9198387096774,69,20.6022580645161,27.1866129032258,2.83,24.3566129032258,17.766935483871,12.9296774193548,18.0001612903226,12.9296774193548,634.733870967742,126.290322580645,7,88.1274193548387,359.575806451613,23.0016129032258,276.11935483871,23.0016129032258,0,0,0,0,0,1,0,17,2,"{""type"":""Polygon"",""coordinates"":[[[-99.14064738820565,19.450148825950148],[-99.14630924417592,19.448393959281372],[-99.14976271907626,19.443813846679475],[-99.14966106270295,19.438194874350895],[-99.14604424032775,19.433728436334686],[-99.14032289672593,19.432156298163406],[-99.13472808650695,19.43409151284245],[-99.13144154200897,19.438779444006816],[-99.131745140651,19.444391937081544],[-99.13552079679411,19.448740104470954],[-99.14064738820565,19.450148825950148]]]}"
"Aedes excrucians",2021.50757575758,-99.24025,47.12995,0,425,"000000000000000001a8",4.52778947368421,13.1422105263158,27,121.271884210526,28.3824210526316,-19.6855789473684,48.068,16.9824210526316,-11.9548421052632,19.4584210526316,-11.9548421052632,430,88,7,71,211,25,209,25,0,0,1,0,0,0,0,10,1,"{""type"":""Polygon"",""coordinates"":[[[-99.24025032843646,47.13895019462549],[-99.24809867588147,47.137195147767784],[-99.25288507955555,47.13261474834051],[-99.25274328634032,47.126995786402794],[-99.24772994625597,47.12252964132423],[-99.23980061738675,47.12095766624701],[-99.23204659844373,47.12289268460546],[-99.22749092617035,47.12758033637721],[-99.2279108417074,47.13319286031831],[-99.2331439225295,47.137541325415924],[-99.24025032843646,47.13895019462549]]]}"
"Culex tarsalis",2011.98412698413,-99.21535,19.33325,0,426,"000000000000000001a9",15.3737520128825,17.1998389694042,68,21.1417552334944,27.0418679549114,1.98067632850242,25.061191626409,16.6402576489533,12.3737520128825,17.6273752012882,12.3737520128825,841.083735909823,177.61191626409,6,94.4943639291465,496.581320450886,23,238.104669887279,25.4847020933977,0,0,0,0,0,1,0,17,2,"{""type"":""Polygon"",""coordinates"":[[[-99.21534624905297,19.342247498658864],[-99.22100435253543,19.340492632516575],[-99.22445554012994,19.335912520752807],[-99.22435395298348,19.330293548393957],[-99.22073952724459,19.325827109521754],[-99.21502197244081,19.324254970873852],[-99.20943086734327,19.326190186126613],[-99.20614650091433,19.330878118107385],[-99.20644990029352,19.33649061109182],[-99.21022305543941,19.34083877761131],[-99.21534624905297,19.342247498658864]]]}"
"Aedes communis",2020.66964285714,-145.75345,63.87935,0,427,"000000000000000001aa",-3.32459526774595,10.9452054794521,23,130.069234122042,20.6591531755915,-25.6095890410959,46.2687422166874,13.1760896637609,-10.3168119551681,13.1760896637609,-19.6381070983811,294.367372353674,65,6,80.36799501868,171.673723536737,21.0778331257783,171.673723536737,29.0821917808219,1,0,0,0,0,0,0,1,2,"{""type"":""Polygon"",""coordinates"":[[[-145.7534500131052,63.88834596730734],[-145.76557953404057,63.8865906810396],[-145.7729753575022,63.88200990060221],[-145.77275441320174,63.87639095256888],[-145.76500682068107,63.871925196616964],[-145.75275517988223,63.87035343814303],[-145.7407742977263,63.872288195767666],[-145.73373370367773,63.87697547639021],[-145.73438077578842,63.88258804123293],[-145.7424670894801,63.88693690181216],[-145.7534500131052,63.88834596730734]]]}"
"Aedes triseriatus",2019,-82.00945,29.69995,0,428,"000000000000000001ab",20.3,12.5,46,52.9830680173661,32.7,5.9,26.8,26.6435600578871,17.2942112879884,26.6435600578871,13.1777134587554,1314.67438494935,191.399421128799,57.2228654124457,41,530.318379160637,197.795947901592,530.318379160637,254.772793053546,1,0,0,0,0,0,0,3,2,"{""type"":""Polygon"",""coordinates"":[[[-82.00945446512564,29.708948450853036],[-82.0156011254554,29.707193530096827],[-82.01935013697663,29.70261333139269],[-82.0192395694042,29.696994362176454],[-82.01531310422376,29.692528012097526],[-82.00910221031354,29.69095592288864],[-82.00302866368538,29.69289107863055],[-81.99946072008306,29.697578925924766],[-81.99979009692514,29.703191428272103],[-82.00388889482154,29.707539685029655],[-82.00945446512564,29.708948450853036]]]}"
"Culex tarsalis",2018.83333333333,-116.31335,43.64395,0,429,"000000000000000001ac",10.3804220398593,14.4368112543963,37,82.9758147713951,32.4971864009379,-6.13223915592028,38.6294255568581,0.4,20.4764361078546,21.1971864009379,-0.3,311.84407971864,38.968347010551,7.57796014067995,36.9179366940211,114.042203985932,36.57796014068,41.57796014068,104.042203985932,0,0,0,0,0,1,0,17,3,"{""type"":""Polygon"",""coordinates"":[[[-116.31334562389111,43.65294984587101],[-116.32072418894872,43.65119482974131],[-116.32522420781282,43.646614479223146],[-116.32509104292791,43.64099551550895],[-116.32037775285421,43.63652932047914],[-116.31292281661855,43.63495731759342],[-116.30563271080565,43.63689236942582],[-116.30134971878903,43.64158006883983],[-116.30174464777366,43.647192587522234],[-116.30666459459951,43.651541001854305],[-116.31334562389111,43.65294984587101]]]}"
"Culex tarsalis",2012,-99.19045,19.40795,0,430,"000000000000000001ad",15.9529886914378,16.773182552504,68.6639741518578,20.6991437802908,27.3067851373183,3.00371567043619,24.3030694668821,17.773182552504,12.9946688206785,18.1558966074313,12.9946688206785,751.43618739903,160.91760904685,6,93.5492730210016,441.647819063005,22.5654281098546,213.568659127625,24.6138933764136,0,0,0,0,0,1,0,17,2,"{""type"":""Polygon"",""coordinates"":[[[-99.19045108787158,19.416946359506195],[-99.19611178649008,19.4151914929995],[-99.19956455593311,19.410611380655624],[-99.19946292091011,19.40499240831772],[-99.19584683771176,19.40052597003799],[-99.19012666266194,19.398953831719982],[-99.18453299518714,19.40088904657565],[-99.18124712245479,19.40557697799135],[-99.18155065963883,19.411189471038277],[-99.18532554441747,19.415537638159883],[-99.19045108787158,19.416946359506195]]]}"
"Aedes communis",2019.3008356546,-89.58735,45.51145,0,431,"000000000000000001ae",4.46608122941822,12.3095499451153,27,110.72069154775,26.2772777167947,-18.456531284303,44.7338090010977,16.6660812294182,-10.7,17.9413830954995,-10.7,802.057080131724,109.97365532382,22,44.7200878155873,309.652030735455,85,298.678375411636,85,1,0,0,0,0,0,0,6,3,"{""type"":""Polygon"",""coordinates"":[[[-89.58734889557475,45.5204525807615],[-89.59496839004073,45.518697548643324],[-89.59961528323676,45.514117172676436],[-89.59947769443849,45.508498209886355],[-89.59461052245668,45.50403204084753],[-89.58691229049242,45.50246005243142],[-89.57938426351338,45.50439508684631],[-89.57496142646033,45.50908276147079],[-89.57536917109465,45.514695282889676],[-89.58044971055865,45.519043723636386],[-89.58734889557475,45.5204525807615]]]}"
"Culex pipiens",2020,-86.30885,39.74295,0,432,"000000000000000001af",11.0982233502538,11.4002538071066,30,93.9199873096447,29.8,-7.8017766497462,37.6017766497462,20.7615482233503,-1.60177664974619,22.7,-1.60177664974619,1021.43781725888,114,60,19,316.420050761421,200,300.420050761421,200,0,0,0,0,0,1,0,17,1,"{""type"":""Polygon"",""coordinates"":[[[-86.30885281434237,39.7519498802744],[-86.31579678559676,39.75019489456371],[-86.3200318648799,39.745614592464385],[-86.31990667465757,39.7399956269934],[-86.31547096153211,39.735529382513015],[-86.30845489641997,39.7339573520967],[-86.30159396644686,39.73589243706848],[-86.29756323041666,39.74058018364694],[-86.29793503667226,39.74619269712149],[-86.30256529899108,39.7505410611972],[-86.30885281434237,39.7519498802744]]]}"
"Aedes sticticus",1998.32283464567,-87.86925,41.74325,0,433,"000000000000000001b0",9.85985663082437,10.6268817204301,27,100.277491039427,29.1796893667861,-9.94014336917563,39.1198327359618,22.2,-3.71326164874552,22.2,-3.71326164874552,928.033452807646,102.228195937873,36,28.1326164874552,300.971326164875,142,300.971326164875,142,0,0,0,0,0,1,0,17,3,"{""type"":""Polygon"",""coordinates"":[[[-87.86924834147995,41.75224910363759],[-87.87640441519447,41.75049410279078],[-87.88076879823721,41.74591377659866],[-87.88063971676142,41.74029481200162],[-87.87606853267918,41.73582859212742],[-87.86883827629015,41.73425657541017],[-87.86176788687618,41.73619164389198],[-87.85761403785928,41.740879367001845],[-87.8579971299097,41.746491883068],[-87.86276877262377,41.75084027215081],[-87.86924834147995,41.75224910363759]]]}"
"Aedes communis",2022,-110.43695,44.92215,0,434,"000000000000000001b1",1.76420824295011,16.2780911062907,38.3004338394794,86.7450759219089,24.6767895878525,-17.0655097613883,41.7422993492408,10.3774403470716,-3.77733188720173,12.882863340564,-9.41540130151844,490.109544468547,60.175704989154,28.0108459869848,22.1019522776573,161.032537960954,96.8872017353579,146.654013015184,105.932754880694,0,1,0,0,0,0,0,8,3,"{""type"":""Polygon"",""coordinates"":[[[-110.43695051431484,44.931146703740204],[-110.44449143105692,44.929391676779154],[-110.44909042225864,44.92481130902079],[-110.44895427655081,44.91919234593257],[-110.44413729219174,44.914726168510335],[-110.43651840928086,44.91315417542705],[-110.42906797849865,44.91508921545995],[-110.42469075107012,44.91977689808033],[-110.42509431622562,44.92538941861662],[-110.43012247952733,44.92973785084325],[-110.43695051431484,44.931146703740204]]]}"
"Aedes sticticus",2018.79259259259,-116.38805,43.68545,0,435,"000000000000000001b2",10.4,14.7,37,83.311820199778,32.6290788013319,-6.26026637069922,38.8893451720311,0.339733629300777,20.4463928967814,21.2463928967814,-0.360266370699223,307.820199778024,38.7092119866815,7,37.7092119866815,113.110987791343,36,41,103.401775804661,0,0,0,0,1,0,0,15,2,"{""type"":""Polygon"",""coordinates"":[[[-116.38804448473846,43.694450699375416],[-116.39542815386264,43.69269568290135],[-116.39993128426522,43.68811533183507],[-116.39979802568382,43.68249636814077],[-116.39508147563048,43.67803017367078],[-116.38762138515807,43.6764581710967],[-116.38032623897044,43.67839322255396],[-116.37604028434824,43.683080921434026],[-116.37643548485613,43.68869344017537],[-116.3813588338394,43.69304185507639],[-116.38804448473846,43.694450699375416]]]}"
"Aedes communis",2014,-93.44685,58.71675,0,436,"000000000000000001b3",-7.50324189526185,8.9,17,141.487497921862,17.2,-32.7,49.9,9.49675810473815,-25.1,9.79675810473815,-26,412,61,14,45,165,46,156,50,0,0,0,0,0,0,1,18,1,"{""type"":""Polygon"",""coordinates"":[[[-93.44685246676796,58.72575037706352],[-93.45713597842929,58.72399518874254],[-93.46340674196567,58.7194145641714],[-93.46322004936711,58.71379561043599],[-93.45665141428789,58.709329695297846],[-93.44626331550671,58.707757848220666],[-93.43610483084967,58.70969271250085],[-93.43013570655133,58.714380144957396],[-93.43068495945379,58.71999269308165],[-93.43754107227755,58.72434139187246],[-93.44685246676796,58.72575037706352]]]}"
"Culex tarsalis",2019.53846153846,-116.41295,43.47795,0,438,"000000000000000001b5",10.3995332555426,14.6,38,82.2130221703617,32.2483080513419,-6.10046674445741,38.3487747957993,0.472462077012835,20.3483080513419,21.1483080513419,-0.20046674445741,263.606767794632,32,7,32.6896149358226,90.2963827304551,34.534422403734,40,79.2963827304551,0,0,0,0,0,1,0,17,3,"{""type"":""Polygon"",""coordinates"":[[[-116.41294856412195,43.486950890954375],[-116.42030682235203,43.48519587619738],[-116.42479446177025,43.480615527864146],[-116.42466166965268,43.474996564070636],[-116.41996134960117,43.47053036680934],[-116.41252691981391,43.46895836268129],[-116.40525686744205,43.470893416009126],[-116.40098566232602,43.475581117551464],[-116.4013795110292,43.48119363599889],[-116.40628592216547,43.48554204806311],[-116.41294856412195,43.486950890954375]]]}"
"Aedes communis",2021,-119.01915,36.97075,0,439,"000000000000000001b6",7.15625806451613,12.2641290322581,43.0735483870968,57.0578193548387,23.5072258064516,-4.49006451612903,27.9972903225806,1.11406451612903,14.8665806451613,14.9801290322581,1.07548387096774,838.670967741935,156.874838709677,5.58451612903226,78.4645161290323,425.753548387097,22.3741935483871,37.8503225806452,422.838709677419,1,0,0,0,0,0,0,1,1,"{""type"":""Polygon"",""coordinates"":[[[-119.01915043862736,36.97974905085238],[-119.02583340737182,36.977994084728195],[-119.02990937078188,36.97341381380615],[-119.02978896745492,36.96779484720493],[-119.02551995838564,36.96332857088292],[-119.01876746867072,36.96175652273899],[-119.01216429118953,36.96369162904997],[-119.0082850518614,36.96837940599787],[-119.00864296882754,36.97399191611807],[-119.01309925450778,36.978340247833465],[-119.01915043862736,36.97974905085238]]]}"
"Aedes communis",2009,-105.88025,39.89235,0,440,"000000000000000001b7",1.1339670468948,15.719391634981,40.8542458808618,76.9117743979721,21.4463878326996,-16.4761723700887,37.9225602027883,-0.534220532319392,2.2339670468948,11.1363751584284,-8.40823827629911,580.531051964512,57.8757921419518,35.4321926489227,13.1457541191381,163.475285171103,123.602027883397,152.556400506971,140.897338403042,1,0,0,0,0,0,0,1,3,"{""type"":""Polygon"",""coordinates"":[[[-105.88024865701112,39.90134760196906],[-105.88720774362451,39.89959261515878],[-105.8914520376998,39.89501231130919],[-105.89132657021109,39.889393345901674],[-105.88688120281572,39.88492710320887],[-105.8798498734164,39.88335507378775],[-105.87297401637184,39.88529015756157],[-105.86893450676267,39.8899779024351],[-105.86930711733768,39.89559041609794],[-105.87394745507953,39.89993878199034],[-105.88024865701112,39.90134760196906]]]}"
"Aedes communis",2013,-64.95295,46.80625,0,441,"000000000000000001b8",5,10.6,26,98.6083386923901,25.5,-14.564308681672,40.064308681672,-4.78317256162915,12.7423365487674,17.5,-7.99657020364416,1149.14683815648,119,81.3804930332261,13,346.047159699893,257.380493033226,267,324.672025723473,0,0,0,1,0,0,0,14,2,"{""type"":""Polygon"",""coordinates"":[[[-64.95295148469087,46.815250671852695],[-64.9607524673247,46.81349562801351],[-64.96550999721458,46.80891523339066],[-64.96536907435963,46.80329627127835],[-64.96038598607088,46.798830121292994],[-64.95250448611249,46.79725814348413],[-64.94479723954933,46.799193165130745],[-64.94026905965033,46.803880821582474],[-64.94068645642157,46.8094933450071],[-64.94588796649259,46.81384180511792],[-64.95295148469087,46.815250671852695]]]}"
"Culex quinquefasciatus",2018,-117.38405,33.94125,0,442,"000000000000000001b9",18.0309491059147,15.8889958734525,53,48.1263273727648,34.3401650618982,4.6,29.7401650618982,12.9683631361761,24.0931224209078,24.5954607977992,12.3711141678129,261.716643741403,48.2943603851444,2.04126547455296,77.5199449793673,139.722145804677,11.041265474553,19.041265474553,129.365887207703,0,0,0,0,0,1,0,17,3,"{""type"":""Polygon"",""coordinates"":[[[-117.3840471324403,33.9502491724444],[-117.39048298964018,33.94849422615691],[-117.3944083050041,33.94391398681098],[-117.39429243312355,33.93829501906589],[-117.39018125603414,33.93382871049484],[-117.38367831496676,33.93225664439616],[-117.37731917306394,33.93419177231977],[-117.3735833675994,33.93887958002553],[-117.37392813376594,33.94449208674767],[-117.3782197016072,33.94884038568887],[-117.3840471324403,33.9502491724444]]]}"
"Culex quinquefasciatus",2019.06666666667,-81.33715,28.44665,0,443,"000000000000000001ba",22.1,11.3747445255474,48,44.8080875912409,32.8071532846715,9.23051094890511,23.5766423357664,27.3,17.1,27.3118248175183,16.0010218978102,1227.23503649635,188.144525547445,51.7270072992701,48,525.881751824817,163.72700729927,503.289051094891,186.694890510949,0,0,0,0,0,1,0,17,3,"{""type"":""Polygon"",""coordinates"":[[[-81.33715134019656,28.455646754165222],[-81.34322367358682,28.453891840533284],[-81.34692737351486,28.44931165317006],[-81.34681816985227,28.44369268354354],[-81.3429391776054,28.43922632188201],[-81.3368033421126,28.43765422622422],[-81.33080319575774,28.439589389728834],[-81.32727839454635,28.444277248070005],[-81.3276038168298,28.449889749196338],[-81.33165307109886,28.45423799418276],[-81.33715134019656,28.455646754165222]]]}"
"Culex tarsalis",2018.84905660377,-116.47935,43.70205,0,444,"000000000000000001bb",10.4,14.8,37,83.9041878453039,32.7942541436464,-6.39966850828729,39.1939226519337,0.200331491712707,20.5124861878453,21.338453038674,-0.4,301.763535911602,37.3447513812155,7,36.3480662983425,110.461878453039,36,40.8718232044199,101.774585635359,0,0,0,0,0,1,0,17,2,"{""type"":""Polygon"",""coordinates"":[[[-116.47934903790883,43.71104747349635],[-116.48673475128324,43.70929245688443],[-116.49123912790036,43.704712105598716],[-116.49110583179191,43.69909314191238],[-116.48638797607109,43.69462694766649],[-116.47892582125513,43.69305494521718],[-116.47162865632721,43.69498999652426],[-116.46734151513992,43.69967769519059],[-116.46773682439637,43.70529021395553],[-116.4726615359912,43.709638629084296],[-116.47934903790883,43.71104747349635]]]}"
"Culex tarsalis",2017.66666666667,-116.39635,43.67715,0,445,"000000000000000001bc",10.3588950276243,14.7,37,83.3123535911602,32.6160220994475,-6.27580110497238,38.8918232044199,0.324198895027624,20.4411049723757,21.2411049723757,-0.375801104972376,305.939226519337,38.0243093922652,7,37.0243093922652,112.024309392265,36,41,102.883977900553,0,0,0,0,1,0,0,15,2,"{""type"":""Polygon"",""coordinates"":[[[-116.39634733089994,43.68614785321391],[-116.40372997800685,43.684392836808776],[-116.4082324853678,43.67981248585221],[-116.40809924554787,43.67419352215392],[-116.40338334825944,43.66972732757188],[-116.3959242898501,43.66815532493541],[-116.38863015292627,43.67009037646777],[-116.384344791524,43.67477807545472],[-116.38473993766327,43.68039059418427],[-116.3896626054126,43.68473900897139],[-116.39634733089994,43.68614785321391]]]}"
"Culex tarsalis",2018.88888888889,-116.42955,43.69375,0,446,"000000000000000001bd",10.4,14.8,37,83.4482651933701,32.8,-6.3,39.1,0.3,20.4220994475138,21.3,-0.4,304.898342541436,37.9966850828729,7,36.7790055248619,111.775690607735,36,41,102.558011049724,0,0,0,0,1,0,0,15,2,"{""type"":""Polygon"",""coordinates"":[[[-116.42954979734395,43.70274908643589],[-116.43693448837435,43.7009940698929],[-116.44143824175073,43.69641371871692],[-116.44130496440982,43.6907947550266],[-116.4365877616626,43.68632856066865],[-116.42912663923944,43.68475655815694],[-116.42183048389782,43.68669160953912],[-116.41754393612015,43.691379308312335],[-116.41793919099071,43.69699182706548],[-116.42286322113382,43.70134024208036],[-116.42954979734395,43.70274908643589]]]}"
"Culex quinquefasciatus",2018,-117.59155,33.94125,0,447,"000000000000000001be",18.0064738292011,15.4926997245179,54.7272727272727,43.6755371900827,33.0812672176309,5.01184573002755,28.0694214876033,13.481955922865,21.3842975206612,24.0011019283747,12.8049586776859,269.925619834711,46.4159779614325,4.52203856749311,65.7066115702479,132.363636363636,19.0399449035813,27.5179063360882,124.245179063361,0,0,0,0,0,1,0,17,3,"{""type"":""Polygon"",""coordinates"":[[[-117.59155139996243,33.950249172444416],[-117.59798725716226,33.94849422615691],[-117.60191257252625,33.94391398681098],[-117.60179670064568,33.93829501906589],[-117.59768552355624,33.93382871049484],[-117.59118258248887,33.93225664439616],[-117.58482344058608,33.934191772319764],[-117.58108763512152,33.93887958002553],[-117.58143240128807,33.94449208674767],[-117.58572396912929,33.94884038568887],[-117.59155139996243,33.950249172444416]]]}"
"Aedes communis",2020.16666666667,-147.51305,65.15755,0,448,"000000000000000001bf",-4.14285714285714,10.1200948429164,20,147.517741553053,21.373325429757,-28.2990515708358,49.6723770005928,14.2474214582098,-12.3944279786603,14.2474214582098,-23.2416716064019,310.681683461767,50.4113811499704,7.63070539419087,50.9608772969769,139.691760521636,36.9834024896266,139.691760521636,58.1641967990516,1,0,0,0,0,0,0,5,1,"{""type"":""Polygon"",""coordinates"":[[[-147.51304696160338,65.16654728427761],[-147.5257580939161,65.16479196799642],[-147.53350835025566,65.16021113980075],[-147.53327657463547,65.15459219351847],[-147.52515754506493,65.15012648634199],[-147.5123188359628,65.1485547550148],[-147.4997638446835,65.15048947996159],[-147.49238567201337,65.15517671406086],[-147.49306352146266,65.16078928402239],[-147.50153739762914,65.16513819417509],[-147.51304696160338,65.16654728427761]]]}"
"Culex pipiens",2019.5652173913,-71.41035,42.08355,0,449,"000000000000000001c0",9.23270142180095,11.964691943128,31.6599526066351,88.2099881516588,28.0629146919431,-9.16469194312796,37.2276066350711,5,18.0971563981043,20.428317535545,-2.46599526066351,1200.01303317536,122.302132701422,88.0130331753554,9,332.617298578199,272.315165876777,278.315165876777,303.906398104265,0,0,0,0,0,1,0,17,2,"{""type"":""Polygon"",""coordinates"":[[[-71.41034516602589,42.09254985963236],[-71.41753950490391,42.09079485611716],[-71.42192721536892,42.08621452567768],[-71.42179743173028,42.08059556123473],[-71.41720180752435,42.076129345698405],[-71.40993290937674,42.0745573313962],[-71.40282473185475,42.07649239697096],[-71.39864867217543,42.081180115943496],[-71.39903380012913,42.08679263246649],[-71.40383094901024,42.09114102595786],[-71.41034516602589,42.09254985963236]]]}"
"Aedes sticticus",2020.21698113208,-87.80285,32.53855,0,450,"000000000000000001c1",17.5,13.2,40,70.7059831460674,33.1161516853933,0.735533707865168,32.3806179775281,9.7,22.7405898876404,26.2161516853933,8.07247191011236,1387.61938202247,160.936797752809,79.6418539325843,21,432.918539325843,263.623595505618,312.25702247191,405.963483146068,0,0,0,1,0,0,0,14,1,"{""type"":""Polygon"",""coordinates"":[[[-87.80284786769307,32.54754975406194],[-87.80918125187,32.545794816481845],[-87.81304409609974,32.54121459099659],[-87.81293010344314,32.53559562274962],[-87.8088843766079,32.53112930002253],[-87.80248491900599,32.52955722604229],[-87.79622697440212,32.53149236345311],[-87.79255064855326,32.53618018466034],[-87.79288996141791,32.54179268989062],[-87.79711322360782,32.54614097444527],[-87.80284786769307,32.54754975406194]]]}"
"Aedes sticticus",2020.68571428571,-95.18985,39.04575,0,451,"000000000000000001c2",12.5229695431472,11.6021573604061,29,96.5478934010152,31.9043147208122,-7.49784263959391,39.4021573604061,22.4020304568528,-0.376903553299492,24.5204314720812,-0.376903553299492,972.434010152284,142.026649746193,28,45.0215736040609,370.827411167513,93,347.166243654822,93,0,0,0,0,1,0,0,15,1,"{""type"":""Polygon"",""coordinates"":[[[-95.18984818204417,39.05474713506288],[-95.19672308659109,39.052992154421474],[-95.20091606060599,39.048411860391255],[-95.20079213722818,39.04279289462768],[-95.19640053743872,39.03832664190625],[-95.1894542196514,39.03675460690182],[-95.18266149615411,39.03868969739644],[-95.17867084930039,39.04337745183492],[-95.17903898029965,39.0489899644414],[-95.1836232048703,39.05333832014182],[-95.18984818204417,39.05474713506288]]]}"
"Aedes triseriatus",2025,-94.08595,36.28185,0,452,"000000000000000001c3",13.7419270833333,12.916796875,34,84.2461458333333,31.8587239583333,-5.3,37.1587239583333,18.3640625,2.44192708333333,24.2419270833333,2.44192708333333,1138.29296875,134.516927083333,53,23.1575520833333,363.768229166667,195,295.00390625,195,1,0,0,0,0,0,0,5,1,"{""type"":""Polygon"",""coordinates"":[[[-94.08595312525311,36.290849151802355],[-94.0925766106451,36.28909419032255],[-94.09661631088942,36.28451392679336],[-94.09649699836653,36.27889495992426],[-94.09226598175147,36.27442867605184],[-94.08557356200356,36.27285662370423],[-94.07902912741508,36.274791735075304],[-94.07518441470798,36.279479519224495],[-94.07553916610479,36.28509202854918],[-94.07995580181331,36.2894403525912],[-94.08595312525311,36.290849151802355]]]}"
"Aedes sticticus",2009.62368421053,-87.90245,41.88435,0,453,"000000000000000001c4",9.6,10.5128676470588,26.9571078431373,99.245012254902,28.8171568627451,-9.90637254901961,38.7235294117647,21.9,-3.75723039215686,21.9,-3.75723039215686,920.742647058824,103.25,35.1311274509804,29,302.259803921569,140.182598039216,302.259803921569,140.182598039216,0,0,0,0,0,1,0,17,3,"{""type"":""Polygon"",""coordinates"":[[[-87.9024508079239,41.89334843827178],[-87.90962266737147,41.891593436322026],[-87.91399667380561,41.88701310837431],[-87.91386730266865,41.88139414384096],[-87.90928603616966,41.876927925759766],[-87.90203983867902,41.87535591004075],[-87.89495386032505,41.87729097732095],[-87.89079084862406,41.88197869872071],[-87.89117478056274,41.8875912149757],[-87.89595694547697,41.89193960588074],[-87.9024508079239,41.89334843827178]]]}"
"Aedes communis",2018.375,-145.73685,63.84615,0,454,"000000000000000001c5",-3.45848353014295,11.0766935985084,23,130.14593536358,20.6925419515227,-25.8740832815413,46.566625233064,13.0615288999379,-10.4026103169671,13.0615288999379,-19.7740832815413,294.188315724052,64.7134866376632,6,79.7899316345556,170.713486637663,21.6967060285892,170.713486637663,29.1255438160348,1,0,0,0,0,0,0,1,2,"{""type"":""Polygon"",""coordinates"":[[[-145.73684877988322,63.855147959964434],[-145.7489639822972,63.853392674439725],[-145.75635107987702,63.84881189518472],[-145.75613040198755,63.843192947108065],[-145.74839195382958,63.83872718994859],[-145.736154766302,63.83715543080257],[-145.72418801835488,63.839090189236224],[-145.71715573507512,63.84377747101054],[-145.7178020492322,63.849390035726515],[-145.72587882145518,63.853738895078465],[-145.73684877988322,63.855147959964434]]]}"
"Aedes communis",2020.11428571429,-105.57315,40.04175,0,455,"000000000000000001c6",-1.14045512010114,13.1836915297092,38.73198482933,73.5758027812895,17.4390644753477,-16.3573957016435,33.7964601769912,-3.33362831858407,-0.152465233881163,8.67256637168142,-9.80670037926675,743.341340075854,80.0404551201011,44.24399494311,16,225.270543615676,153.582806573957,191.389380530973,173.098609355247,1,0,0,0,0,0,0,1,1,"{""type"":""Polygon"",""coordinates"":[[[-105.57315036746031,40.05074978276476],[-105.58012468335902,40.04899479485006],[-105.58437826167457,40.0444144892425],[-105.58425251482373,40.038795523898735],[-105.57979742039451,40.03432928300136],[-105.57275071166919,40.03275725457982],[-105.56585981505535,40.03469233715042],[-105.56181146574016,40.039380080311545],[-105.56218488669057,40.04499259416349],[-105.5668353757907,40.04934096188057],[-105.57315036746031,40.05074978276476]]]}"
"Culex quinquefasciatus",2018,-117.55005,33.89975,0,456,"000000000000000001c7",17.8255172413793,15.5457931034483,54.2593103448276,44.641324137931,33.1055172413793,4.8351724137931,28.2703448275862,13.1412413793103,21.5388965517241,23.9566896551724,12.5809655172414,258.518620689655,40.6510344827586,5.21379310344828,57.9820689655173,118.96275862069,22.1668965517241,31.3062068965517,111.815172413793,0,0,0,0,0,1,0,17,3,"{""type"":""Polygon"",""coordinates"":[[[-117.55005054645802,33.90874831893998],[-117.5564832686369,33.90699337291417],[-117.56040667278064,33.902413133984815],[-117.56029085838998,33.89679416622463],[-117.5561816836615,33.89232785722815],[-117.54968190853214,33.89075579089259],[-117.54332586262501,33.89269091910132],[-117.53959187685753,33.89737872721285],[-117.53993647618533,33.902991233890155],[-117.54422595430752,33.90733953239899],[-117.55005054645802,33.90874831893998]]]}"
"Aedes fitchii",2021,-120.23925,39.36945,0,457,"000000000000000001c8",5.66037037037037,15.9566666666667,45.1086419753086,64.8001358024691,25.6741975308642,-9.27987654320988,34.9540740740741,-2.1,14.1733333333333,14.1753086419753,-2.1,926.944444444444,161.051851851852,11.3259259259259,70.8827160493827,440.488888888889,50.1024691358025,51.0802469135802,440.488888888889,1,0,0,0,0,0,0,1,2,"{""type"":""Polygon"",""coordinates"":[[[-120.23924966887122,39.378446657835674],[-120.2461563411196,39.37669167485328],[-120.25036868175044,39.37211137709676],[-120.25024417569283,39.366492411468286],[-120.24583228567111,39.362026162552574],[-120.23885388710423,39.360454129666934],[-120.23202979155275,39.3623892176111],[-120.22802070540877,39.36707696841984],[-120.22839052688188,39.372689481427194],[-120.2329959268381,39.377037840995314],[-120.23924966887122,39.378446657835674]]]}"
"Aedes sticticus",2019.80612244898,-87.86925,41.80965,0,458,"000000000000000001c9",9.77350835322196,10.526491646778,27,99.8202028639618,29.026491646778,-9.83508353221957,38.8615751789976,22.1,-3.69439140811456,22.1,-3.69439140811456,925.76491646778,103,36,28,301.85799522673,142,301.85799522673,142,0,0,0,0,0,1,0,17,3,"{""type"":""Polygon"",""coordinates"":[[[-87.86924834147995,41.81864957742445],[-87.876411829786,41.81689457605921],[-87.88078073295647,41.81231424904188],[-87.88065151542723,41.80669528447477],[-87.8760755956127,41.80222906544337],[-87.86883785165348,41.80065704919535],[-87.8617601400805,41.80259211711235],[-87.85760198733182,41.80727983941838],[-87.85798547388056,41.8128923555733],[-87.8627620588946,41.817240745512635],[-87.86924834147995,41.81864957742445]]]}"
"Aedes sticticus",2015.26966292135,-93.57965,41.54405,0,459,"000000000000000001ca",9.6,11.7346863468635,27,106.982054120541,30.1,-12.1574415744157,42.2574415744157,20.6,-5.0019680196802,22.7345633456335,-5.0019680196802,847.79950799508,119.736777367774,24.0627306273063,44,322.736777367774,85.0627306273063,319.736777367774,85.0627306273063,0,0,0,0,0,1,0,17,1,"{""type"":""Polygon"",""coordinates"":[[[-93.57964895524064,41.553047682277004],[-93.58678293433944,41.551292682979096],[-93.5911338479213,41.54671235925241],[-93.59100517185833,41.541093394565905],[-93.5864480997073,41.53662717217375],[-93.57924015541953,41.53505515405468],[-93.5721915851999,41.53699022422389],[-93.56805056080131,41.54167794973532],[-93.56843247728183,41.5472904655363],[-93.57318939251199,41.551638852060115],[-93.57964895524064,41.553047682277004]]]}"
"Culex quinquefasciatus",2011,-101.19075,20.39565,0,460,"000000000000000001cb",19.5685897435898,16.3873397435897,62.713141025641,27.1846794871795,32.0695512820513,6.05352564102564,26.0160256410256,21.0310897435897,19.4544871794872,22.7519230769231,15.7814102564103,672.423076923077,147.852564102564,7,97.9663461538462,411.189102564103,25,161.059294871795,29.150641025641,0,0,0,0,0,1,0,17,1,"{""type"":""Polygon"",""coordinates"":[[[-101.19075031123475,20.404650620147617],[-101.19644646339448,20.402895748790474],[-101.19992084359471,20.39831562872493],[-101.19981855483987,20.392696656665905],[-101.19617982811613,20.388230226272416],[-101.19042385592043,20.386658092345474],[-101.1847951819094,20.388593301915513],[-101.18148873073507,20.39328122580975],[-101.18179415089784,20.39889371968849],[-101.18559266536396,20.40324189482461],[-101.19075031123475,20.404650620147617]]]}"
"Aedes vexans",2014.8,-111.93095,40.73065,0,461,"000000000000000001cc",10.7,13.6154126213592,33.0145631067961,90.9541262135923,33.2756067961165,-7.09550970873786,40.3711165048544,9.70594660194175,22.7208737864078,22.7208737864078,-0.801456310679612,413.378640776699,53.0291262135922,20,26.5934466019418,144.169902912621,69.6686893203884,69.6686893203884,96.7087378640777,0,0,0,0,0,1,0,17,2,"{""type"":""Polygon"",""coordinates"":[[[-111.93094556766556,40.73964968181479],[-111.9379916019515,40.73789468874403],[-111.9422889019293,40.73331437492936],[-111.94216183941057,40.72769540988327],[-111.93766093804848,40.723229177367884],[-111.93054180449953,40.72165715361292],[-111.92358008305035,40.72359223056624],[-111.91949010542847,40.72827996573288],[-111.91986734254401,40.73389248046768],[-111.9245656367822,40.73824085670333],[-111.93094556766556,40.73964968181479]]]}"
"Aedes excrucians",2019.45238095238,-71.26925,42.11675,0,462,"000000000000000001cd",9.41610576923077,11.5837740384615,31,87.5298557692307,28.1016826923077,-8.51754807692308,36.6192307692308,0.4890625,18.2177884615385,20.5673076923077,-2.10925480769231,1182.28004807692,120,86,9,329.442307692308,264.280048076923,271,304.697115384615,0,0,0,1,0,0,0,14,2,"{""type"":""Polygon"",""coordinates"":[[[-71.26925029049274,42.12574786697527],[-71.27644839786768,42.12399286319821],[-71.28083840570262,42.11941253234195],[-71.28070855290973,42.11379356791413],[-71.27611052174935,42.109327352803476],[-71.26883781802073,42.10775533873824],[-71.26172591898816,42.10969040402774],[-71.25754767191965,42.114378122594296],[-71.257933000374,42.11999063916211],[-71.26273266119621,42.12433903308608],[-71.26925029049274,42.12574786697527]]]}"
"Culex quinquefasciatus",2021.89473684211,-81.98455,29.72485,0,463,"000000000000000001ce",20.3528138528139,12.4199134199134,46,53.2184992784993,32.7108225108225,5.92150072150072,26.7893217893218,26.7,17.2528138528139,26.7,13.1823953823954,1310.37229437229,191.067821067821,57,41,528.15873015873,197.528138528139,528.15873015873,253,0,0,0,1,0,0,0,14,2,"{""type"":""Polygon"",""coordinates"":[[[-81.98455038574214,29.73384807113548],[-81.99069857111081,29.732093150235958],[-81.99444851233794,29.72751295130367],[-81.99433791678486,29.72189398209569],[-81.99041047755453,29.717427632249763],[-81.98419804359014,29.715855543170612],[-81.97812299092999,29.717790698756367],[-81.97455416213249,29.722478545828352],[-81.97488362011838,29.72809104820025],[-81.97898343455313,29.7324393051946],[-81.98455038574214,29.73384807113548]]]}"
"Aedes communis",2013,-64.95295,46.81455,0,464,"000000000000000001cf",5.00064239828694,10.597965738758,26,98.6284475374733,25.5,-14.5765524625268,40.0765524625268,-4.78158458244111,12.7607066381156,17.5006423982869,-7.99935760171306,1148.32976445396,118.894004282655,81.262312633833,13,345.894004282655,257.262312633833,266.993576017131,324.086723768737,1,0,0,0,0,0,0,1,2,"{""type"":""Polygon"",""coordinates"":[[[-64.95295148469087,46.82354905891315],[-64.96075367132724,46.821794014997046],[-64.96551193518306,46.81721362025175],[-64.96537099020499,46.81159465814388],[-64.96038713292229,46.807128508283576],[-64.95250441716196,46.80555653054434],[-64.94479598165377,46.80749155210716],[-64.94026710290488,46.81217920843961],[-64.9406845637039,46.8177917318774],[-64.94588687629701,46.822140192115306],[-64.95295148469087,46.82354905891315]]]}"
"Aedes triseriatus",2025,-81.17115,34.10725,0,465,"000000000000000001d0",16.8222068965517,13.5169655172414,40,72.5128,33.1451034482759,0,33.1451034482759,25.9659310344828,12.1233103448276,25.9659310344828,7.25531034482758,1186.07034482759,128.627586206897,69.9903448275862,18.9958620689655,360.412413793103,229.758620689655,360.412413793103,295.542068965517,0,0,0,0,0,1,0,17,3,"{""type"":""Polygon"",""coordinates"":[[[-81.17115238527992,34.116248127361025],[-81.17760084672199,34.11449318002426],[-81.18153384608104,34.10991293900806],[-81.18141774306538,34.10429397132346],[-81.17729851555345,34.099827664458275],[-81.17078284594106,34.09825559930934],[-81.16441125669417,34.10019072608971],[-81.16066813520104,34.10487853216848],[-81.16101357213805,34.11049103907039],[-81.16531354162248,34.11483933974523],[-81.17115238527992,34.116248127361025]]]}"
"Aedes excrucians",2025,-83.70265,42.09185,0,466,"000000000000000001d1",9.1,10.9,28.6468446601942,95.3514077669903,28.3353155339806,-9.2,37.5353155339806,20.9330097087379,-2.3,20.9330097087379,-3.7,823,88,43,20,249,149,249,153,0,0,0,0,1,0,0,15,1,"{""type"":""Polygon"",""coordinates"":[[[-83.70265093983694,42.10084824669282],[-83.70984622011628,42.09909324311218],[-83.71423450448312,42.09451291256857],[-83.71410470356922,42.0888939481294],[-83.70950847808639,42.08442773269943],[-83.70223862927348,42.082855718456436],[-83.69512952208767,42.084790783959924],[-83.69095291598065,42.08947850283102],[-83.6913380940211,42.09509101936521],[-83.69613587040567,42.09943941296467],[-83.70265093983694,42.10084824669282]]]}"
"Aedes sticticus",2020.41176470588,-76.53975,38.90465,0,467,"000000000000000001d2",13.2500621118012,10.7662111801242,31,84.4600124223603,30.4848447204969,-3.63378881987578,34.1186335403727,23.9152795031056,2.16621118012422,23.9152795031056,2.16621118012422,1067.85714285714,112.337888198758,70.3378881987578,14,310.837267080745,235.113043478261,310.837267080745,235.113043478261,1,0,0,0,0,0,0,5,2,"{""type"":""Polygon"",""coordinates"":[[[-76.53974720802785,38.91365225952974],[-76.54660842520265,38.911897279902036],[-76.55079305494806,38.90731698748536],[-76.5506693826156,38.90169802166328],[-76.54628652503926,38.89723176729393],[-76.53935402952794,38.89565973137202],[-76.5325748229459,38.897594822971016],[-76.52859212081066,38.90228257898126],[-76.52895952344821,38.90789509141413],[-76.53353462442686,38.91224344543976],[-76.53974720802785,38.91365225952974]]]}"
"Culex tarsalis",2021.91666666667,-96.60085,39.21175,0,468,"000000000000000001d3",12.0444726810673,13.1649301143583,31,100.754307496823,32.7376111817027,-9.39059720457433,42.128208386277,22.3,-1.47979669631512,24.7108005082592,-1.47979669631512,855.930114358323,135.595933926302,19.0940279542567,52,355.336721728081,68.0940279542567,325.595933926302,68.0940279542567,0,0,0,0,0,1,0,17,2,"{""type"":""Polygon"",""coordinates"":[[[-96.6008549056892,39.22075054908056],[-96.60774603765535,39.21899556724132],[-96.61194890443102,39.21441527130443],[-96.61182468341448,39.20879630560999],[-96.60742271906881,39.20433005483587],[-96.60046001393245,39.202758020915574],[-96.593651265114,39.204693110105175],[-96.58965119919357,39.20938086268639],[-96.59002019371528,39.21499337549799],[-96.59461523499319,39.21934173317743],[-96.6008549056892,39.22075054908056]]]}"
"Aedes communis",2019.23267326733,-89.58735,45.49485,0,469,"000000000000000001d4",4.53486842105263,12.3348684210526,27,110.908530701754,26.3401315789474,-18.4375,44.7776315789474,16.7348684210526,-10.6651315789474,18.0243421052632,-10.6651315789474,801.5625,109.651315789474,22,44.5405701754386,308.96600877193,84.9276315789474,298.242324561404,84.9276315789474,1,0,0,0,0,0,0,6,3,"{""type"":""Polygon"",""coordinates"":[[[-89.58734889557475,45.503846888438474],[-89.59496614236161,45.50209185646708],[-89.5996116653464,45.49751148073385],[-89.59947411783065,45.49189251793528],[-89.59460838144145,45.48742634865783],[-89.58691241921383,45.48585436010887],[-89.57938661183213,45.48778939468367],[-89.57496507942085,45.492477069535745],[-89.57537270450689,45.49808959092952],[-89.58045174577788,45.50243803143371],[-89.58734889557475,45.503846888438474]]]}"
"Culex pipiens",2020,-87.79455,41.90925,0,470,"000000000000000001d5",9.75030156815441,10.1,26,98.9990591073583,28.7032569360676,-9.5,38.2032569360676,22.0430639324487,-3.52665862484922,22.0430639324487,-3.52665862484922,918.423401688782,102,36.3642943305187,28,299.349819059107,143.240048250905,299.349819059107,143.240048250905,0,0,0,0,0,1,0,17,3,"{""type"":""Polygon"",""coordinates"":[[[-87.79454948063261,41.91824805855423],[-87.80172413752186,41.91649305640933],[-87.80609984934817,41.911912728151],[-87.80597042687855,41.906293763628916],[-87.80138737364153,41.901827545864954],[-87.79413835117724,41.90025553032255],[-87.78704961025726,41.90219059739017],[-87.78288497480693,41.90687831848735],[-87.78326905558407,41.91249083477575],[-87.7880530851714,41.91683922600319],[-87.79454948063261,41.91824805855423]]]}"
"Culex tarsalis",2012,-99.05765,19.30005,0,471,"000000000000000001d6",15.8522580645161,17.5064516129032,69,20.9482741935484,27.4908064516129,2.25935483870968,25.2314516129032,17.6522580645161,12.8070967741935,17.9840322580645,12.8070967741935,683.45,142.537096774194,6,90.0983870967742,392.701612903226,23.1596774193548,207.404838709677,23.1596774193548,0,0,0,0,0,1,0,17,2,"{""type"":""Polygon"",""coordinates"":[[[-99.05764568119679,19.30904949131596],[-99.063302635186,19.307294625335505],[-99.06675312211526,19.30271451382939],[-99.06665155617644,19.297095541461236],[-99.0630378645947,19.292629102325893],[-99.05732147040449,19.291056963531478],[-99.05173150028816,19.292992178960603],[-99.04844780106328,19.297680111192335],[-99.04875113940423,19.303292604149014],[-99.052523528425,19.307640770401093],[-99.05764568119679,19.30904949131596]]]}"
"Aedes communis",2019.22580645161,-89.56245,46.23355,0,472,"000000000000000001d7",3.68841991341991,12.2,27,108.97170995671,25.1884199134199,-18.5895021645022,43.7779220779221,15.7972943722944,-9.48950216450216,16.9838744588745,-11.2,847.838744588745,109,28,37.0238095238095,302.701298701299,111.135281385281,301.664502164502,113.274891774892,0,0,0,1,0,0,0,14,2,"{""type"":""Polygon"",""coordinates"":[[[-89.56244481619125,46.24255048715443],[-89.57016398318896,46.240795448567724],[-89.5748716377349,46.23621506230504],[-89.57473221806337,46.23059609988898],[-89.56980138529248,46.22612994136531],[-89.56200250302645,46.2245579588031],[-89.55437604913291,46.22649298617147],[-89.5498953582221,46.23118065076684],[-89.55030840395516,46.23679317329268],[-89.55545538009501,46.241141624725984],[-89.56244481619125,46.24255048715443]]]}"
"Culex tarsalis",2014,-106.56085,48.99745,0,473,"000000000000000001d8",3.73500501504514,14.4399197592778,30,112.635426278837,27.7735205616851,-19.2922768304915,47.0657973921765,15.2734202607823,-9.39227683049147,17.677331995988,-11.461183550652,309.553660982949,63,7.92276830491474,72.283851554664,164.609829488465,26.9227683049148,148.35406218656,27.9227683049147,0,0,1,0,0,0,0,10,1,"{""type"":""Polygon"",""coordinates"":[[[-106.56085016900069,49.006448470414945],[-106.56898861905174,49.00469340539256],[-106.57395186860374,49.00011297705367],[-106.57380474231687,48.994494016166975],[-106.56860611494058,48.990027900616035],[-106.56038384469234,48.98845594197682],[-106.55234335524507,48.99039094054832],[-106.54761929633602,48.99507856415719],[-106.54805463658651,49.000691091205994],[-106.55348108201235,49.00503958631274],[-106.56085016900069,49.006448470414945]]]}"
"Aedes sticticus",2009.16076294278,-87.82775,41.87605,0,474,"000000000000000001d9",9.77536057692308,10.2540865384615,26,99.3524399038462,28.8419471153846,-9.640625,38.4825721153846,22.0854567307692,-3.59495192307692,22.0854567307692,-3.59495192307692,919.728365384616,102.581730769231,36,28,300.581730769231,143,300.581730769231,143,0,0,0,0,0,1,0,17,3,"{""type"":""Polygon"",""coordinates"":[[[-87.82775194707658,41.8850500512113],[-87.83492287499598,41.88329504932656],[-87.83929631354665,41.87871472148231],[-87.83916695950303,41.873095756945204],[-87.83458628797511,41.86862953875834],[-87.82734103118065,41.867057522980495],[-87.82025597274156,41.86899259033153],[-87.81609350173753,41.87368031183206],[-87.81647738411401,41.879292828075926],[-87.82125892810534,41.88364121887356],[-87.82775194707658,41.8850500512113]]]}"
"Aedes triseriatus",2022,-78.14165,38.89635,0,475,"000000000000000001da",11.127904040404,12.6147727272727,34.1426767676768,84.0809090909091,29.0968434343434,-7.1074494949495,36.2042929292929,19.6676767676768,-0.17209595959596,21.6603535353535,-0.17209595959596,1013.29797979798,102.57702020202,64.2171717171717,15,295.396464646465,197.651515151515,289.421717171717,197.651515151515,1,0,0,0,0,0,0,5,3,"{""type"":""Polygon"",""coordinates"":[[[-78.1416480477709,38.905349413368235],[-78.14850846249374,38.90359443380005],[-78.15269260303808,38.899014141478126],[-78.15256894542357,38.89339517565261],[-78.14818660037852,38.888928921186476],[-78.14125491522843,38.88735688521069],[-78.13447650110515,38.88929197687455],[-78.13049426474635,38.89397973297708],[-78.13086162468198,38.89959224539976],[-78.13543619077011,38.90394059932705],[-78.1416480477709,38.905349413368235]]]}"
"Aedes sticticus",2015,-93.57965,41.69345,0,476,"000000000000000001db",9.19447174447175,11.8,27,108.617530712531,29.8,-12.9055282555283,42.7055282555283,20.3717444717445,-5.77174447174447,22.4406633906634,-5.77174447174447,835.707616707617,123,21,47,327,75.514742014742,325,75.514742014742,0,0,0,0,0,1,0,17,1,"{""type"":""Polygon"",""coordinates"":[[[-93.57964895524064,41.70244986307271],[-93.58679948449742,41.70069486261402],[-93.5911604874936,41.69611453703968],[-93.59103150775421,41.69049557242021],[-93.5864638649419,41.686029351915074],[-93.57923920758431,41.68445733484658],[-93.5721742935111,41.6863924037512],[-93.56802366272404,41.69108012746284],[-93.56840645977665,41.69669264346255],[-93.57317440675376,41.70104103190413],[-93.57964895524064,41.70244986307271]]]}"
"Culex tarsalis",2012,-99.19875,19.39965,0,477,"000000000000000001dc",15.8852327447833,16.7210272873194,68.0337078651686,20.9580096308186,27.2926163723917,2.97126805778491,24.3213483146067,17.4584269662921,12.9025682182986,18.1333868378812,12.9025682182986,776.059390048154,166.947030497592,6,94.9293739967897,458.749598715891,22.0690208667737,218.886035313002,25.9325842696629,0,0,0,0,0,1,0,17,2,"{""type"":""Polygon"",""coordinates"":[[[-99.19875393403309,19.408647972445728],[-99.20441434376215,19.406893105979528],[-99.20786693711432,19.40231299370012],[-99.20776530742074,19.396694021359902],[-99.20414940873012,19.39222758301432],[-99.19842952536528,19.39065544465965],[-99.19283614313355,19.392590659559445],[-99.18955043808225,19.39727859103795],[-99.18985395992573,19.40289108407793],[-99.19362865216223,19.40723925113262],[-99.19875393403309,19.408647972445728]]]}"
"Culex quinquefasciatus",2019.55555555556,-81.44505,28.55455,0,478,"000000000000000001dd",21.9784773060029,11.5382137628111,47.3821376281113,45.8700146412884,32.9,8.87847730600293,24.0215226939971,27.2784773060029,16.7784773060029,27.2784773060029,15.6786237188873,1249.40263543192,191.002928257687,50.1420204978038,48,532.150805270864,163.477306002928,526.298682284041,195.335285505124,0,0,0,0,0,1,0,17,3,"{""type"":""Polygon"",""coordinates"":[[[-81.44505266748783,28.563548081456492],[-81.45113121512063,28.561793167217964],[-81.45483870339551,28.557212978889098],[-81.45472938568444,28.55159400929751],[-81.45084642437847,28.54712764862219],[-81.44470431351388,28.545555553513513],[-81.43869803041785,28.547490716357153],[-81.43516962220755,28.55217857375771],[-81.43549537510214,28.557791074988014],[-81.43954877154655,28.56213932097671],[-81.44505266748783,28.563548081456492]]]}"
"Aedes sticticus",2014,-95.86215,41.27845,0,479,"000000000000000001de",10.1631137724551,11.8631137724551,27.8155688622755,105.927592814371,30.594251497006,-11.5184431137725,42.1126946107784,21.1446706586826,-4.13688622754491,23.3446706586826,-4.13688622754491,775.867065868263,109,18,51.1353293413174,311.523353293413,62.1844311377246,296.25628742515,62.1844311377246,0,0,0,0,0,1,0,17,1,"{""type"":""Polygon"",""coordinates"":[[[-95.86215130697325,41.2874502462306],[-95.8692561715229,41.285695248983075],[-95.87358933608759,41.281114928520054],[-95.87346119422224,41.275495963715144],[-95.86892271767172,41.27102973798977],[-95.86174417455804,41.26945771801501],[-95.85472435599615,41.271392790417984],[-95.85060023087406,41.276080519108525],[-95.85098059825604,41.28169303455846],[-95.85571810674715,41.286041417694754],[-95.86215130697325,41.2874502462306]]]}"
"Culex tarsalis",2019.17948717949,-116.35485,43.68545,0,480,"000000000000000001df",10.4,14.641731409545,37,83.2281132075472,32.6,-6.2,38.8,0.4,20.5,21.2780244173141,-0.3,312.89012208657,39.118756936737,7,37.2475027746948,115.108768035516,36,41,105.380688124306,0,0,0,0,0,1,0,17,2,"{""type"":""Polygon"",""coordinates"":[[[-116.3548509364966,43.69445069937542],[-116.36223460562078,43.69269568290135],[-116.36673773602337,43.68811533183507],[-116.36660447744197,43.68249636814077],[-116.36188792738862,43.67803017367078],[-116.35442783691622,43.676458171096705],[-116.34713269072859,43.67839322255396],[-116.34284673610638,43.683080921434026],[-116.34324193661428,43.68869344017537],[-116.34816528559753,43.69304185507639],[-116.3548509364966,43.69445069937542]]]}"
"Aedes communis",2019.77966101695,-105.55655,40.04175,0,481,"000000000000000001e0",-0.485696202531646,13.6317721518987,39.6835443037975,72.6532025316456,18.2481012658228,-15.8275949367089,34.0756962025317,-2.6653164556962,0.491898734177215,9.21582278481012,-9.0246835443038,710.743037974684,76.1367088607595,42.7151898734177,16.2303797468354,214.507594936709,146.841772151899,187.473417721519,161.920253164557,1,0,0,0,0,0,0,1,1,"{""type"":""Polygon"",""coordinates"":[[[-105.55654913423832,40.05074978276476],[-105.56352345013703,40.04899479485006],[-105.5677770284526,40.0444144892425],[-105.56765128160175,40.03879552389874],[-105.56319618717252,40.034329283001355],[-105.55614947844721,40.03275725457982],[-105.54925858183337,40.03469233715042],[-105.54521023251819,40.039380080311545],[-105.5455836534686,40.044992594163496],[-105.55023414256871,40.04934096188057],[-105.55654913423832,40.05074978276476]]]}"
"Culex tarsalis",2020,-100.91685,46.76475,0,482,"000000000000000001e1",5.20137566137566,13.4,28,114.796412698413,28.5126984126984,-18.3986243386243,46.9113227513228,16.9621164021164,-10.2,19.4807407407407,-10.2,422.492063492064,80,10,64,202,31,192,31,0,0,1,0,0,0,0,10,3,"{""type"":""Polygon"",""coordinates"":[[[-100.91684556992578,46.77374981834827],[-100.92464053927709,46.77199477489346],[-100.92939440343918,46.76741438088238],[-100.9292535910752,46.76179541874784],[-100.92427434345795,46.75732926813767],[-100.9163989157147,46.75575728998098],[-100.90869760723224,46.757692312046295],[-100.90417291767632,46.762379969093956],[-100.90458999466571,46.767992492452805],[-100.9097874966114,46.77234095192862],[-100.91684556992578,46.77374981834827]]]}"
"Culex tarsalis",2019.14634146341,-116.28015,43.66055,0,483,"000000000000000001e2",10.4692660550459,14.4,37,83.2713302752294,32.6311926605505,-5.94552752293578,38.5767201834862,0.5,20.6005733944954,21.3337155963303,-0.206651376146789,320.56995412844,40.3130733944954,8,37.7855504587156,117.442660550459,37,42.3130733944954,107.442660550459,0,0,0,0,0,1,0,17,3,"{""type"":""Polygon"",""coordinates"":[[[-116.28015207564924,43.66954661999193],[-116.28753268058321,43.66779160372456],[-116.2920339429958,43.663211252987296],[-116.29190074066454,43.657592289281055],[-116.28718614771688,43.653126094475034],[-116.27972915155381,43.651554091713884],[-116.27243703131928,43.65348914339633],[-116.26815285527636,43.658176842596895],[-116.26854789277729,43.66378936130286],[-116.27346919929953,43.66813777586236],[-116.28015207564924,43.66954661999193]]]}"
"Aedes communis",2021,-149.33075,68.62695,0,484,"000000000000000001e3",-11.8720143516146,11.6,22,144.877954894926,16.0370579190159,-35.4658636596617,51.5029215786776,7.54997437211686,-23.5613018964634,7.54997437211686,-29.0828805740646,225.954382368016,45,8,64.9543823680164,114.952332137365,27,114.952332137365,31,0,0,0,0,0,0,0,11,1,"{""type"":""Polygon"",""coordinates"":[[[-149.330750455929,68.63595085891117],[-149.34540456557673,68.63419544426108],[-149.35433875207306,68.6296144595484],[-149.354070652603,68.6239955190175],[-149.34471080663567,68.61952997169116],[-149.32991112566768,68.61795832932562],[-149.3154384410063,68.61989294718472],[-149.30693253720187,68.62458002881293],[-149.3077130564385,68.63019261553754],[-149.31748155026017,68.63454168815795],[-149.330750455929,68.63595085891117]]]}"
"Aedes communis",2017.77272727273,-149.21455,63.87935,0,485,"000000000000000001e4",-4.09659231722429,10.8742874845105,25,115.419950433705,18.5234200743494,-23.8637546468401,42.3871747211896,10.9547087980174,-11.2635068153656,10.9547087980174,-18.1221189591078,399.361833952912,79.8172242874845,11,65.9498141263941,206.767038413879,41.8172242874845,206.767038413879,56.2211895910781,0,1,0,0,0,0,0,8,1,"{""type"":""Polygon"",""coordinates"":[[[-149.21455520067832,63.88834596730734],[-149.2266847216137,63.8865906810396],[-149.2340805450753,63.8820099006022],[-149.23385960077488,63.87639095256888],[-149.2261120082542,63.871925196616964],[-149.2138603674553,63.87035343814303],[-149.2018794852994,63.872288195767666],[-149.19483889125084,63.87697547639019],[-149.19548596336153,63.882588041232914],[-149.2035722770532,63.88693690181216],[-149.21455520067832,63.88834596730734]]]}"
"Aedes sticticus",2008.48571428571,-114.06405,46.83945,0,486,"000000000000000001e5",7.04748953974896,13.9544979079498,36,82.3081066945607,28.9847280334728,-9.24089958158996,38.2256276150628,11.2911087866109,2.5847280334728,17.7305439330544,-3.5,340.101464435146,46.6945606694561,19.5251046025105,28.1882845188285,115.713389121339,66.4163179916318,97.7133891213389,78.2196652719665,0,0,0,0,0,1,0,17,3,"{""type"":""Polygon"",""coordinates"":[[[-114.06405019770352,46.8484486791956],[-114.07185600020924,46.84669363504851],[-114.07661646831669,46.842113239935586],[-114.07647545689792,46.83649427784109],[-114.07148929016697,46.83202812835624],[-114.06360292310191,46.83045615082601],[-114.05589091694584,46.83239117213723],[-114.0513599394058,46.837078828111586],[-114.05177759249301,46.84269135158889],[-114.0569823152262,46.84703981220837],[-114.06405019770352,46.8484486791956]]]}"
"Aedes communis",2018.78260869565,-90.06045,45.80195,0,487,"000000000000000001e6",4.02351029252438,12,26.7096424702059,111.120563380282,25.428602383532,-18.9366197183099,44.3652221018418,16.228602383532,-11.2956663055255,17.4734561213434,-11.2956663055255,816.489707475623,110,22,44.0574214517877,312.942578548212,87,308.315276273023,87,1,0,0,0,0,0,0,5,2,"{""type"":""Polygon"",""coordinates"":[[[-90.06044614004219,45.810949637090346],[-90.06810527514179,45.80919460239008],[-90.07277633369795,45.80461422231336],[-90.07263801679622,45.79899525967256],[-90.06774552635136,45.79452909483115],[-90.06000726480045,45.79295710875178],[-90.0524400925003,45.79489214035386],[-90.0479942464604,45.79957981097496],[-90.04840409944134,45.805192332835716],[-90.05351106138762,45.80954077784827],[-90.06044614004219,45.810949637090346]]]}"
"Aedes sticticus",2019.71875,-71.11985,42.22465,0,488,"000000000000000001e7",9.58650602409639,10.9526506024096,29.9060240963855,87.2423975903614,28.038313253012,-7.97289156626506,36.0112048192771,0.748313253012048,18.3630120481928,20.7586746987952,-1.84734939759036,1162.16024096386,117.269879518072,82.1349397590362,10,326.524096385542,256.649397590362,261.063855421687,306.356626506024,0,0,0,0,0,1,0,17,2,"{""type"":""Polygon"",""coordinates"":[[[-71.11984810969703,42.233649194266555],[-71.12705850963044,42.231894189636535],[-71.13145601131352,42.2273138574226],[-71.13132593294124,42.221694893044045],[-71.12672005047419,42.217228679319994],[-71.11943493322713,42.215656666026725],[-71.11231089490738,42.217591730387],[-71.1081255127372,42.22227944763104],[-71.1085114952063,42.227891964344884],[-71.11331934979232,42.23224035967805],[-71.11984810969703,42.233649194266555]]]}"
"Aedes communis",2020.58510638298,-145.73685,63.86275,0,489,"000000000000000001e8",-3.4340570719603,11.0269851116625,23,129.969727047146,20.6813275434243,-25.8021091811414,46.4834367245658,13.04658808933,-10.3955334987593,13.04658808933,-19.7029156327543,294.322580645161,65,6,80,171.106699751861,21.6885856079404,171.106699751861,29.1327543424318,1,0,0,0,0,0,0,1,2,"{""type"":""Polygon"",""coordinates"":[[[-145.73684877988322,63.87174919318641],[-145.74897113778266,63.86999390729035],[-145.75636259600395,63.86541312744442],[-145.75614178498066,63.859794179389425],[-145.74839876705198,63.85532842283347],[-145.73615435669709,63.85375666402331],[-145.7241805453699,63.855691422052644],[-145.71714410889686,63.86037870325134],[-145.71779080183242,63.865991268030655],[-145.72587234227512,63.87034012799597],[-145.73684877988322,63.87174919318641]]]}"
"Culex tarsalis",2019.13513513514,-116.39635,43.46965,0,490,"000000000000000001e9",10.4462077012835,14.5313885647608,37.3138856476079,82.334235705951,32.3210035005834,-6.03337222870478,38.3543757292882,0.5,20.4010501750292,21.2199533255543,-0.174795799299883,263.93698949825,32,7,32.7654609101517,90.4457409568261,34.7012835472579,40,79.4457409568261,0,0,0,0,1,0,0,15,3,"{""type"":""Polygon"",""coordinates"":[[[-116.39634733089994,43.478648044792855],[-116.40370457798895,43.47689303010432],[-116.40819160099505,43.47231268188007],[-116.40805882743834,43.4666937180826],[-116.40335915320534,43.46222752071001],[-116.39592574449969,43.46065551652],[-116.38865669065265,43.46259056992241],[-116.3843860724437,43.4672782715709],[-116.38477986735585,43.47289079000661],[-116.38968560450702,43.47723920195773],[-116.39634733089994,43.478648044792855]]]}"
"Aedes sticticus",2019.35714285714,-71.32735,42.05035,0,491,"000000000000000001ea",9.28297362110312,11.5604316546763,31,87.5267026378897,27.9086330935252,-8.69940047961631,36.6080335731415,0.352997601918465,18.0570743405276,20.4305755395683,-2.24700239808154,1206.40047961631,122.218225419664,87.6810551558753,9,335.094724220624,270.822541966427,276.89928057554,309.270983213429,1,0,0,0,0,0,0,5,2,"{""type"":""Polygon"",""coordinates"":[[[-71.32734791811808,42.05934739318841],[-71.33453849435091,42.05759238993482],[-71.33892391101297,42.053012059911744],[-71.33879419642074,42.0473930954537],[-71.33420097543184,42.04292687949208],[-71.32693587695672,42.04135486495311],[-71.31983141516727,42.043289930812875],[-71.3156575394806,42.04797765019103],[-71.31604246724454,42.05359016666924],[-71.32083710808472,42.05793855972839],[-71.32734791811808,42.05934739318841]]]}"
"Aedes communis",2014,-116.05605,50.88155,0,492,"000000000000000001eb",1.71668273866924,12.2601735776278,32,82.6087174541948,21.8871745419479,-16.1814850530376,38.0686595949855,10.0623915139826,-3.0794599807136,12.0414657666345,-8.9168756027001,580.463837994214,67.0183220829315,29.3982642237223,20.7367405978785,171.416586306654,107.194792671167,169.235294117647,155.756991321119,1,0,0,0,0,0,0,1,1,"{""type"":""Polygon"",""coordinates"":[[[-116.05605103400623,50.89054797942638],[-116.06451420296412,50.88879289464226],[-116.06967539644151,50.884212434850454],[-116.06952229595234,50.878593475107934],[-116.06411627321972,50.874127391680034],[-116.05556611457348,50.87255545092338],[-116.04720497925916,50.87449042796904],[-116.04229244146126,50.87917802093949],[-116.04274504194612,50.884790551368404],[-116.04838792152218,50.88913907912215],[-116.05605103400623,50.89054797942638]]]}"
"Culex tarsalis",2019.4,-116.17225,43.60245,0,493,"000000000000000001ec",10.4439624853458,13.9506447831184,36,83.3126611957796,32.5682297772567,-5.69484173505275,38.2630715123095,0.618053927315358,20.7570926143025,21.3771395076202,-0.143141852286049,334.942555685815,42.8053927315358,8.00468933177022,38.2051582649473,123.345838218054,37.3352872215709,43.1430246189918,113.579132473623,0,0,0,0,0,1,0,17,3,"{""type"":""Polygon"",""coordinates"":[[[-116.17225074835797,43.611448992366576],[-116.17962422026643,43.60969397658078],[-116.18412113424674,43.605113626610006],[-116.18398806285697,43.59949466287593],[-116.17927802579017,43.59502846728708],[-116.17182823276804,43.593456464090124],[-116.16454315655018,43.59539151629717],[-116.16026312080237,43.600079216244374],[-116.16065777884347,43.605691734867904],[-116.16557433078827,43.610040148631825],[-116.17225074835797,43.611448992366576]]]}"
"Aedes communis",2002,-64.72885,46.11735,0,494,"000000000000000001ed",5.53125,10.9,28,94.1526293103448,25.2,-13.16875,38.36875,-3.64773706896552,15.545150862069,17.4,-6.86875,1153.88362068966,116.6875,79,12.4773706896552,343.852370689655,258.6875,267.689655172414,327.0625,0,0,0,0,0,1,0,17,2,"{""type"":""Polygon"",""coordinates"":[[[-64.72885044304783,46.12635077280267],[-64.73655331225442,46.1245957352683],[-64.74125103153177,46.12001535068059],[-64.74111191126164,46.11439638820366],[-64.73619148787317,46.10993022796934],[-64.72840906322776,46.108358244454806],[-64.72079870340421,46.11029327296952],[-64.71632747237015,46.11498093919648],[-64.71673965133338,46.12059346154224],[-64.72187576421051,46.124941911236995],[-64.72885044304783,46.12635077280267]]]}"
"Aedes excrucians",1995,-72.51425,41.31165,0,495,"000000000000000001ee",10.1542021924482,10.200730816078,29.0073081607795,84.9794762484775,27.6667478684531,-6.6026796589525,34.2694275274056,5.17259439707674,20.9667478684531,20.9667478684531,-0.966138855054811,1201.90012180268,115.619975639464,90.6601705237515,7.95980511571255,322.434835566383,281.600487210719,281.600487210719,297.483556638246,1,0,0,0,0,0,0,5,2,"{""type"":""Polygon"",""coordinates"":[[[-72.5142536001201,41.32064825357351],[-72.52136208245854,41.318893256070616],[-72.52569745252636,41.314312935201116],[-72.52556924428279,41.30869397041094],[-72.52102845703305,41.30422774510072],[-72.51384626051203,41.302655725357084],[-72.50682286925218,41.30459079748186],[-72.50269664421724,41.309278525776435],[-72.50307720409252,41.31489104127009],[-72.507817124076,41.31923942482829],[-72.5142536001201,41.32064825357351]]]}"
"Aedes communis",2019.38922155689,-71.28585,44.06725,0,496,"000000000000000001ef",5.76996625421822,13.2926884139483,31,97.9501012373454,26.5565804274466,-15.5166479190101,42.0732283464567,0.980877390326209,-6.0384701912261,17.9780652418448,-7.50517435320585,1196.24634420697,120.380202474691,84.8087739032621,10,333.590551181102,260.897637795276,310.299212598425,281.329583802025,1,0,0,0,0,0,0,6,3,"{""type"":""Polygon"",""coordinates"":[[[-71.28585152371471,44.076247849773566],[-71.2932826661024,44.074492830108824],[-71.2978147370919,44.06991247396393],[-71.29768060698532,44.064293510454014],[-71.29293373565635,44.05982732117083],[-71.28542570536531,44.05825532148437],[-71.27808367839194,44.06019036946573],[-71.27377016838102,44.06487806339876],[-71.2741678942947,44.07049058268624],[-71.27912288693535,44.0748390028586],[-71.28585152371471,44.076247849773566]]]}"
"Culex tarsalis",2001,-99.94575,25.85705,0,497,"000000000000000001f0",22.4273402674591,12.6,44,54.5007280832095,36.2445765230312,7.962852897474,28.2817236255572,26.097176820208,16.5301634472511,28.8372956909361,14.9402674591382,693.404160475483,151.997028231798,20,66.851411589896,323.068350668648,65.444279346211,246.444279346211,66.9182763744428,0,0,0,0,1,0,0,15,2,"{""type"":""Polygon"",""coordinates"":[[[-99.9457470016074,25.86605057198284],[-99.95168012414774,25.864295672556125],[-99.95529895877152,25.859715507805998],[-99.95519231105642,25.854096537361723],[-99.95140223301551,25.849630152605155],[-99.94540697602649,25.8480580440885],[-99.93954430269083,25.84999322307163],[-99.9361003050342,25.85468110343973],[-99.93641832210044,25.860293602131158],[-99.94037478454291,25.864641823646693],[-99.9457470016074,25.86605057198284]]]}"
"Culex quinquefasciatus",2018,-117.30935,33.65075,0,498,"000000000000000001f1",17.280275862069,14.980275862069,50,50.9899724137931,33.0310344827586,3.5,29.5310344827586,11.9678620689655,23.7988965517241,24.280275862069,11.2964137931035,310.765517241379,59.5641379310345,2,83.8979310344828,170.635862068966,10,19,162.635862068966,0,0,0,0,0,1,0,17,3,"{""type"":""Polygon"",""coordinates"":[[[-117.30934827159301,33.65974765701451],[-117.31576231844961,33.65799271255348],[-117.31967433745483,33.65341247611496],[-117.31955886553395,33.64779350826457],[-117.31546161887061,33.64332719672419],[-117.30898070323262,33.64175512897227],[-117.3026431001704,33.64369025888589],[-117.29891995433958,33.648378069423714],[-117.29926355981135,33.653990575832935],[-117.30354058947727,33.65833887175643],[-117.30934827159301,33.65974765701451]]]}"
"Culex tarsalis",2021.4,-112.46215,40.15795,0,499,"000000000000000001f2",8.96063569682151,15.0246943765281,36,88.9311491442543,31.7359413202934,-9.58239608801956,41.318337408313,7.64902200488998,10.5737163814181,20.7761613691932,-2.16246943765281,320.310513447433,35.1809290953545,21.0660146699266,17.9095354523227,102.106356968215,67.3276283618582,67.7713936430318,67.6246943765281,0,1,0,0,0,0,0,8,2,"{""type"":""Polygon"",""coordinates"":[[[-112.46214935796044,40.16694949711651],[-112.46913559771858,40.165194508339475],[-112.47339644518166,40.160614201359294],[-112.47327047959836,40.15499523606532],[-112.46880776933129,40.15052899656979],[-112.46174901927841,40.14895696892873],[-112.45484634735116,40.150892050559854],[-112.45079107693596,40.155579792383925],[-112.45116513237015,40.16119230638353],[-112.4558235695334,40.165540675525314],[-112.46214935796044,40.16694949711651]]]}"
"Culex tarsalis",2024,-101.89625,33.54285,0,500,"000000000000000001f3",15.5,15.3,41,78.987897648686,33.2998616874136,-3.4,36.6998616874136,23.7998616874136,6.3,25.5752420470263,5.3,468.984785615491,71.4799446749654,12,57.478561549101,200.76071922545,37.4799446749654,188.76071922545,42,0,0,0,0,0,1,0,17,3,"{""type"":""Polygon"",""coordinates"":[[[-101.89624698440569,33.55185078882428],[-101.90265301001494,33.550095845038484],[-101.90656013898456,33.545515609674815],[-101.90644481415946,33.53989664178551],[-101.90235269072522,33.53543032914735],[-101.89587987543474,33.53385826078426],[-101.88955019376621,33.53579339143358],[-101.88583170380214,33.540481203018395],[-101.88617488240372,33.54609370931194],[-101.89044656532778,33.55044200411979],[-101.89624698440569,33.55185078882428]]]}"
"Culex tarsalis",2022,-124.19005,40.69745,0,501,"000000000000000001f4",11.4224137931034,7.93990147783251,54.0246305418719,23.4876108374384,19.054433497537,4.460960591133,14.5934729064039,9.11133004926109,14.1131773399015,14.5131773399015,8.63386699507389,1259.65886699507,224.554187192118,4,77.121921182266,626.838669950739,33.0246305418719,43.3337438423645,616.990147783251,1,0,0,0,0,0,0,1,1,"{""type"":""Polygon"",""coordinates"":[[[-124.19004887503267,40.70644721537082],[-124.19709139551406,40.704692222551024],[-124.20138655337489,40.70011190913577],[-124.20125955532,40.69449294407519],[-124.19676089824355,40.69002671115187],[-124.18964531310495,40.68845468716978],[-124.18268706167592,40.69038976439649],[-124.1785991236107,40.695077499952205],[-124.17897617375877,40.700690014644046],[-124.18367212581195,40.705038390465106],[-124.19004887503267,40.70644721537082]]]}"
"Culex tarsalis",2019.22222222222,-116.15565,43.57755,0,502,"000000000000000001f5",10.6304093567251,13.8773099415205,36,83.6838128654971,32.7577777777778,-5.5,38.2577777777778,0.8,21.0304093567252,21.6577777777778,0,327.53918128655,41.4315789473684,8,37.8046783625731,120.145029239766,37,43,109.498245614035,0,0,0,0,0,1,0,17,3,"{""type"":""Polygon"",""coordinates"":[[[-116.15564505603494,43.586549372084136],[-116.16301547739188,43.58479435650443],[-116.16751053169564,43.580214006861716],[-116.16737751630447,43.574595043115735],[-116.16266942763254,43.57012884719184],[-116.15522271514892,43.56855684380836],[-116.14794065141754,43.57049189623993],[-116.14366238633266,43.575179596506686],[-116.14405688209112,43.580792115094944],[-116.148971400665,43.58514052851836],[-116.15564505603494,43.586549372084136]]]}"
"Aedes sticticus",2010.6,-76.78875,38.86315,0,503,"000000000000000001f6",12.8650062266501,11.6611457036115,33,83.4832129514322,30.3637608966376,-4.43499377334994,34.7987546699876,23.3693648816937,1.76500622665006,23.3693648816937,1.76500622665006,1058.32129514321,107.353673723537,70.0124533001245,12,303.366127023661,229.374844333748,303.366127023661,229.374844333748,0,0,0,0,0,1,0,17,2,"{""type"":""Polygon"",""coordinates"":[[[-76.78874786995331,38.872151406025324],[-76.79560507947433,38.870396426695],[-76.7997872660223,38.86581613475171],[-76.79966366719502,38.860197168912464],[-76.79528336933326,38.85573091405964],[-76.7883549209768,38.85415887786857],[-76.78157967214011,38.85609396979157],[-76.77759929621342,38.86078172626292],[-76.77796648558633,38.86639423864487],[-76.78253891518251,38.87074259217916],[-76.78874786995331,38.872151406025324]]]}"
"Aedes sticticus",2022.61904761905,-97.60515,33.40175,0,504,"000000000000000001f7",17.5807162534435,13.3716253443526,36,80.2084986225895,35.485261707989,-1.2,36.685261707989,21.8807162534435,6.8,27.585261707989,6.8,869.949035812672,124,39,35.2837465564738,294.855371900826,131,199.809917355372,131,0,0,1,0,0,0,0,10,1,"{""type"":""Polygon"",""coordinates"":[[[-97.60514702224945,33.41074699508905],[-97.61154262234716,33.408992052183756],[-97.61544339555802,33.4044118182217],[-97.6153282619201,33.39879285028164],[-97.61124279733565,33.394326536212006],[-97.60478051036381,33.392754467051915],[-97.59846112442106,33.394689598660605],[-97.59474868585889,33.3993774116107],[-97.59509130964302,33.40498991775338],[-97.59935604321018,33.40933821110645],[-97.60514702224945,33.41074699508905]]]}"
"Culex tarsalis",2022.4,-104.71825,40.85515,0,505,"000000000000000001f8",8.29525547445256,15.9480535279805,39,85.1486618004866,30.013503649635,-10.5725060827251,40.5860097323601,16.9952554744526,-2.2,19.6222627737226,-2.2,365.356447688564,63,8,60,171,26,146.237226277372,26,0,0,1,0,0,0,0,10,1,"{""type"":""Polygon"",""coordinates"":[[[-104.7182470543926,40.86414778322698],[-104.7253063166874,40.862392789213075],[-104.72961168083968,40.85781247389711],[-104.72948437563839,40.85219350890547],[-104.72497502547753,40.84772727792337],[-104.7178425336486,40.84615525502202],[-104.7108677490257,40.84809033094782],[-104.70677009332373,40.85277806465206],[-104.7071480342904,40.85839057954834],[-104.71185514587607,40.86273895734226],[-104.7182470543926,40.86414778322698]]]}"
"Aedes sticticus",2022.44444444444,-95.18985,39.03745,0,506,"000000000000000001f9",12.5120603015075,11.601256281407,29,96.4580150753769,31.9025125628141,-7.49874371859297,39.401256281407,22.3844221105528,-0.3678391959799,24.5037688442211,-0.3678391959799,971.507537688442,142.16959798995,28,45,370.358040201005,93,347.144472361809,93,1,0,0,0,0,0,0,5,1,"{""type"":""Polygon"",""coordinates"":[[[-95.18984818204417,39.04644874800242],[-95.19672227891304,39.044693767420746],[-95.2009147605411,39.04011347348561],[-95.20079085197732,39.03449450771858],[-95.19639976805705,39.03002825490005],[-95.18945426590811,39.02845621984156],[-95.1826623400302,39.03039131040126],[-95.17867216198631,39.035079064932354],[-95.17904025000581,39.04069157752859],[-95.18362393620257,39.045039933130326],[-95.18984818204417,39.04644874800242]]]}"
"Aedes sticticus",2020.45833333333,-84.31685,35.91665,0,507,"000000000000000001fa",13.9651162790698,13.0726098191215,37.1976744186047,79.3774935400517,30.9179586563308,-3.53488372093023,34.452842377261,5.01834625322997,19.8156330749354,23.8790697674419,3.36511627906977,1353.84366925065,144.989664082687,80.0025839793282,16,376.797157622739,266.848837209302,333.511627906977,364.651162790698,1,0,0,0,0,0,0,5,3,"{""type"":""Polygon"",""coordinates"":[[[-84.31684751893859,35.92564877552515],[-84.32344028259162,35.92389381647422],[-84.32746125376303,35.919313556811325],[-84.3273425046038,35.91369458980215],[-84.32313111019191,35.909228301981045],[-84.31646971517347,35.90765624743499],[-84.30995561991107,35.90959136145238],[-84.30612873938466,35.91427914936767],[-84.30648185582875,35.91989165827632],[-84.31087801326042,35.92423997830534],[-84.31684751893859,35.92564877552515]]]}"
"Aedes sticticus",2015.1,-92.40935,42.52345,0,508,"000000000000000001fb",8.05849282296651,11.6683014354067,26.683014354067,109.901495215311,28.6651913875598,-14.4379186602871,43.1031100478469,19.4111244019139,-7.08624401913876,21.3916267942584,-7.08624401913876,870.78947368421,116.348086124402,21.0311004784689,47,340.348086124402,79.0311004784689,337.727272727273,79.0311004784689,0,0,0,1,0,0,0,14,2,"{""type"":""Polygon"",""coordinates"":[[[-92.40934896556166,42.53244909675689],[-92.41659376074506,42.53069408974956],[-92.4210122306017,42.52611375375157],[-92.42088152101871,42.520494789510344],[-92.41625367017376,42.516028579650964],[-92.40893381927008,42.51445656850926],[-92.40177581460503,42.51639163027963],[-92.39757046803287,42.52107934383766],[-92.39795828044217,42.526691860958486],[-92.40278906160636,42.53104026021932],[-92.40934896556166,42.53244909675689]]]}"
"Aedes excrucians",2025,-83.70265,42.19975,0,509,"000000000000000001fc",8.9,10.6,28,95.8665731707317,28.1080487804878,-9.34012195121951,37.4481707317073,20.7753658536585,-2.6,20.7753658536585,-3.94012195121951,821.981707317073,86.9841463414634,44,20,246.984146341463,151,246.984146341463,155,0,0,0,0,0,1,0,17,1,"{""type"":""Polygon"",""coordinates"":[[[-83.70265093983694,42.20874957398411],[-83.70985849710982,42.206994569551185],[-83.71425426583698,42.20241423765096],[-83.71412423963051,42.19679527326103],[-83.7095201727821,42.192329059216576],[-83.70223792616687,42.19075704574493],[-83.69511669506288,42.19269211031992],[-83.69093296288864,42.19737982786955],[-83.69131879411698,42.202992344549656],[-83.69612475389118,42.2073407395572],[-83.70265093983694,42.20874957398411]]]}"
"Aedes sticticus",2021,-87.81115,32.53855,0,510,"000000000000000001fd",17.5,13.2,40,70.6024578651686,33.1018258426966,0.716151685393259,32.3856741573034,9.7,22.7709269662921,26.2018258426966,8.09929775280899,1387.40870786517,160.643258426966,79.8384831460674,21,432.625,263.820224719101,312,405.963483146068,0,0,0,1,0,0,0,14,1,"{""type"":""Polygon"",""coordinates"":[[[-87.81115071385459,32.54754975406194],[-87.81748409803151,32.545794816481845],[-87.82134694226126,32.541214590996596],[-87.82123294960465,32.535595622749625],[-87.81718722276942,32.53112930002253],[-87.8107877651675,32.52955722604229],[-87.80452982056363,32.53149236345311],[-87.80085349471477,32.53618018466034],[-87.80119280757943,32.54179268989062],[-87.80541606976934,32.54614097444527],[-87.81115071385459,32.54754975406194]]]}"
"Aedes triseriatus",2020,-83.66945,41.67685,0,511,"000000000000000001fe",9.65857487922705,10.9913043478261,28,96.8032487922705,29.3,-8.81074879227053,38.1107487922705,21.7525362318841,-1.9,21.7525362318841,-3.25821256038647,840.949275362319,92.0265700483092,45,20,259.026570048309,155.378019323671,259.026570048309,160,0,0,0,0,0,1,0,17,1,"{""type"":""Polygon"",""coordinates"":[[[-83.66944847339299,41.685848629850724],[-83.67659715744034,41.684093629521286],[-83.68095703554842,41.67951330415268],[-83.68082808966693,41.67389433952574],[-83.67626162539817,41.669428118810494],[-83.66903883141259,41.66785610162502],[-83.66197573954682,41.66979117067044],[-83.65782617979472,41.674478894582485],[-83.6582088786711,41.68009141056007],[-83.66297559569753,41.68443979878812],[-83.66944847339299,41.685848629850724]]]}"
"Aedes sticticus",2017.875,-83.70265,41.55235,0,512,"000000000000000001ff",9.70035971223022,11.1,29,96.3979376498801,29.2264988009592,-8.89964028776978,38.126139088729,21.6641486810552,-1.80035971223022,21.6641486810552,-3.19964028776978,842.226618705036,92.9964028776978,44,21,261.996402877698,154.996402877698,261.996402877698,158,0,0,0,0,0,1,0,17,1,"{""type"":""Polygon"",""coordinates"":[[[-83.70265093983694,41.56134606933746],[-83.70978583491552,41.55959106997523],[-83.7141373069031,41.555010746146145],[-83.71400861403319,41.54939178146335],[-83.70945095684164,41.54492555917577],[-83.70224208755721,41.54335354111494],[-83.69519261277549,41.54528861121407],[-83.69105105670474,41.54997633662574],[-83.69143302192138,41.55558885243774],[-83.69619054771127,41.559937239067835],[-83.70265093983694,41.56134606933746]]]}"
"Culex tarsalis",2018.63865546218,-116.37145,43.69375,0,513,"00000000000000000200",10.3614617940199,14.7,37,83.3008748615725,32.6482834994463,-6.28471760797342,38.9330011074197,0.315282392026578,20.4152823920266,21.2152823920266,-0.384717607973422,313.201550387597,39.3853820598007,7,38.0044296788483,115.666666666667,36,41,105.764119601329,0,0,0,0,0,1,0,17,2,"{""type"":""Polygon"",""coordinates"":[[[-116.37145216971855,43.70274908643589],[-116.37883686074895,43.70099406989289],[-116.38334061412536,43.69641371871691],[-116.38320733678445,43.6907947550266],[-116.3784901340372,43.68632856066864],[-116.37102901161407,43.68475655815694],[-116.36373285627245,43.68669160953912],[-116.35944630849475,43.691379308312335],[-116.35984156336534,43.696991827065474],[-116.36476559350845,43.70134024208035],[-116.37145216971855,43.70274908643589]]]}"
"Aedes communis",2009,-105.87195,39.90065,0,514,"00000000000000000201",1.23886138613861,15.7924504950495,40.960396039604,77.0048762376238,21.5513613861386,-16.4600247524752,38.0113861386139,-0.412623762376237,2.33502475247525,11.2288366336634,-8.32920792079208,578.861386138614,57.634900990099,35.2574257425743,13.0445544554455,163.058168316832,123.443069306931,151.878712871287,140.481435643564,1,0,0,0,0,0,0,1,3,"{""type"":""Polygon"",""coordinates"":[[[-105.87195026995066,39.90965044813058],[-105.87891019992654,39.907895461259045],[-105.88315500814163,39.90331515731195],[-105.88302952518266,39.897696191907976],[-105.87858361912666,39.893229949314744],[-105.87155143805572,39.89165791994906],[-105.86467474815444,39.89359300365616],[-105.86063474902288,39.89828074843472],[-105.86100740447476,39.90389326210805],[-105.86564830437538,39.90824162810164],[-105.87195026995066,39.90965044813058]]]}"
"Culex tarsalis",2018.61290322581,-116.37145,43.68545,0,515,"00000000000000000202",10.4,14.6864594894562,37,83.226781354051,32.6,-6.23784683684795,38.8378468368479,0.362153163152053,20.4621531631521,21.2621531631521,-0.337846836847947,310.061043285239,39,7,38.1098779134295,114.207547169811,36,41,104.207547169811,0,0,0,0,0,1,0,17,2,"{""type"":""Polygon"",""coordinates"":[[[-116.37145216971855,43.69445069937542],[-116.37883583884279,43.69269568290135],[-116.38333896924534,43.68811533183507],[-116.38320571066392,43.68249636814077],[-116.37848916061057,43.67803017367078],[-116.3710290701382,43.676458171096705],[-116.36373392395059,43.67839322255396],[-116.35944796932836,43.683080921434026],[-116.35984316983622,43.68869344017537],[-116.36476651881951,43.69304185507639],[-116.37145216971855,43.69445069937542]]]}"
"Aedes communis",2022.28571428571,-119.06065,37.01225,0,516,"00000000000000000203",7.14993531694696,12.3388098318241,44,56.6527554980595,23.4589909443726,-4.46558861578266,27.9245795601552,1.13441138421734,14.8267787839586,14.929107373868,1.13441138421734,854.111254851229,158.941785252264,5.61190168175938,78.8395860284605,434.14489003881,22.6830530401035,37.6830530401035,431.058214747736,1,0,0,0,0,0,0,1,1,"{""type"":""Polygon"",""coordinates"":[[[-119.06065575123282,37.021249904356786],[-119.06734236849944,37.01949493795015],[-119.0714205561773,37.01491466657848],[-119.07130008594268,37.009295699993565],[-119.0670287465358,37.00482942413075],[-119.06027257231958,37.00325737624247],[-119.05366579173557,37.005192482245725],[-119.04978443465296,37.00988025875566],[-119.05014254578397,37.01549276892423],[-119.05460126346814,37.019841101106294],[-119.06065575123282,37.021249904356786]]]}"
"Aedes communis",2020.76470588235,-110.46185,44.94705,0,517,"00000000000000000204",1.5899241603467,16.0076923076923,38,86.1196749729144,24.3308775731311,-16.9057421451788,41.2366197183099,10.1138678223185,-4.02535211267606,12.6979414951246,-9.43466955579632,506.800650054171,61.8147345612134,29.4832069339112,21.5763813651138,164.598049837486,102.361863488624,149.773564463705,111.300108342362,1,0,0,0,0,0,0,1,3,"{""type"":""Polygon"",""coordinates"":[[[-110.46185459369833,44.956046324022644],[-110.46939878163788,44.954291296845845],[-110.473999767008,44.94971092874407],[-110.47386356122928,44.94409196566833],[-110.46904448755382,44.939625788596814],[-110.46142230132642,44.93805379570879],[-110.45396864019978,44.939988835506654],[-110.44958951403821,44.944676517792516],[-110.44999325319112,44.950289038365725],[-110.45502359692081,44.9546374709488],[-110.46185459369833,44.956046324022644]]]}"
"Culex quinquefasciatus",2018,-117.48365,33.89975,0,518,"00000000000000000205",17.9213204951857,15.6917469050894,54,45.7236726272352,33.4905089408528,4.7,28.7905089408528,13.1566712517194,21.5808803301238,24.1905089408528,12.5218707015131,248.111416781293,39.6671251719395,4.59009628610729,61.7469050894085,117.423658872077,19.5804676753783,28.5419532324622,109.627235213205,0,0,0,0,0,1,0,17,3,"{""type"":""Polygon"",""coordinates"":[[[-117.48365007267114,33.90874831893998],[-117.49008279485004,33.90699337291417],[-117.49400619899376,33.902413133984815],[-117.4938903846031,33.89679416622463],[-117.48978120987462,33.89232785722815],[-117.48328143474528,33.8907557908926],[-117.47692538883815,33.89269091910132],[-117.47319140307067,33.89737872721285],[-117.47353600239845,33.902991233890155],[-117.47782548052064,33.90733953239899],[-117.48365007267114,33.90874831893998]]]}"
"Culex pipiens",2020,-86.24245,39.77615,0,519,"00000000000000000206",11.0874074074074,11.4,30,94.4076913580247,29.890987654321,-7.9,37.790987654321,20.7874074074074,-1.7,22.7702469135803,-1.7,1012.93456790123,114,59,19.6827160493827,313.808641975309,197,298.125925925926,197,0,0,0,0,0,1,0,17,1,"{""type"":""Polygon"",""coordinates"":[[[-86.24244788145444,39.78514788761731],[-86.24939520176983,39.78339290166268],[-86.25363232274495,39.77881259917509],[-86.25350707109011,39.77319363371818],[-86.2490692188993,39.76872738963435],[-86.24204977172779,39.76715535943881],[-86.23518553441114,39.76909044414483],[-86.23115285444752,39.77377819034508],[-86.23152483891408,39.779390703861395],[-86.23615733361203,39.78373906834011],[-86.24244788145444,39.78514788761731]]]}"
"Aedes communis",2021.66666666667,-145.75345,63.91255,0,520,"00000000000000000207",-3.05358024691358,10.7724691358025,23,129.888308641975,20.8316666666667,-25.285,46.1166666666667,13.4314814814815,-10.0545679012346,13.4314814814815,-19.3377160493827,297.006172839506,65,6,80.9469135802469,172.775925925926,21,172.775925925926,29.0549382716049,0,1,0,0,0,0,0,8,2,"{""type"":""Polygon"",""coordinates"":[[[-145.7534500131052,63.92155289285235],[-145.7655938943907,63.919797605839605],[-145.77299846921528,63.915216824216735],[-145.77277725771398,63.90959787622686],[-145.7650204941201,63.90513212148567],[-145.75275435784727,63.903560363685585],[-145.74075930021073,63.905495120499076],[-145.733710371116,63.910182399966786],[-145.73435820338221,63.915794964936595],[-145.7424540864074,63.92014382674636],[-145.7534500131052,63.92155289285235]]]}"
"Aedes vexans",2017.9,-112.12185,40.79705,0,521,"00000000000000000208",10.9453883495146,11.9980582524272,30,92.6083009708738,32.7667475728155,-6.68555825242718,39.4523058252427,9.9,23.2514563106796,23.2514563106796,-0.8,395.733009708738,51.8385922330097,20,28.1371359223301,139.83859223301,70,70,80.1929611650485,0,0,0,1,0,0,0,14,2,"{""type"":""Polygon"",""coordinates"":[[[-112.12184860196568,40.80605015560163],[-112.12890168102786,40.80429516202829],[-112.13320327570432,40.799714847413604],[-112.13307608394194,40.79409588239653],[-112.12857068304409,40.7896296506982],[-112.12144443533997,40.78805762739812],[-112.114475756899,40.7899927038039],[-112.11038169019935,40.79468043819125],[-112.11075930216212,40.800292953012104],[-112.11546229221258,40.80464133007812],[-112.12184860196568,40.80605015560163]]]}"
"Aedes sticticus",2019,-84.39985,35.94985,0,522,"00000000000000000209",13.7758988015979,13.1672436750999,37.7376830892144,78.9965113182423,30.7447403462051,-3.77190412782956,34.5166444740346,4.85925432756325,19.5824234354194,23.608655126498,3.15925432756325,1365.78828229028,145.407456724368,81.6391478029294,15.3608521970706,377.944074567244,271.009320905459,334.906790945406,366.304926764314,1,0,0,0,0,0,0,5,3,"{""type"":""Polygon"",""coordinates"":[[[-84.39984922594742,35.958846782868044],[-84.40644475947632,35.95709182359726],[-84.4104674192635,35.95251156358439],[-84.41034861931155,35.94689259658789],[-84.40613545575927,35.94242630912422],[-84.39947126354696,35.94085425477717],[-84.39295443288674,35.94278936855501],[-84.38912594460864,35.947477156129395],[-84.3894792084605,35.953089665075694],[-84.39387721221637,35.95743798546797],[-84.39984922594742,35.958846782868044]]]}"
"Aedes sticticus",2018.75438596491,-83.71925,41.61875,0,523,"0000000000000000020a",9.60979689366786,11.0902031063321,28.9020310633214,96.3711111111111,29.2,-8.9,38.1,21.6506571087216,-1.85902031063321,21.6506571087216,-3.24922341696535,842.706093189964,92.9020310633214,45,20,260.804062126643,156,260.804062126643,160,0,0,0,0,0,1,0,17,1,"{""type"":""Polygon"",""coordinates"":[[[-83.71925217305893,41.627751002225374],[-83.72639441182578,41.62599600234773],[-83.73075036072079,41.62141567769827],[-83.73062153310346,41.61579671304524],[-83.72605918546456,41.611330491595524],[-83.71884290020267,41.60975847400116],[-83.71178617327337,41.611693543538784],[-83.70764035462561,41.616381268151336],[-83.70802271057337,41.62199378405157],[-83.71278513140543,41.62634217153318],[-83.71925217305893,41.627751002225374]]]}"
"Aedes sticticus",2016.70833333333,-93.61285,41.61875,0,524,"0000000000000000020b",9.45232974910394,11.7747909199522,27,107.675221027479,30.052329749104,-12.4305854241338,42.4829151732378,20.5774193548387,-5.30334528076463,22.6252090800478,-5.30334528076463,837.719235364397,121,22,46,322.99761051374,79,321.942652329749,79,0,0,0,0,0,1,0,17,1,"{""type"":""Polygon"",""coordinates"":[[[-93.61284696258355,41.627751002225374],[-93.61998920135039,41.62599600234773],[-93.6243451502454,41.62141567769827],[-93.6242163226281,41.61579671304524],[-93.61965397498918,41.611330491595524],[-93.6124376897273,41.60975847400116],[-93.605380962798,41.611693543538784],[-93.60123514415022,41.616381268151336],[-93.60161750009799,41.62199378405157],[-93.60637992093005,41.626342171533196],[-93.61284696258355,41.627751002225374]]]}"
"Culex pipiens",2019.83333333333,-76.99625,38.81335,0,525,"0000000000000000020c",13.105183312263,11.2788874841972,32,84.7654235145386,30.5946902654867,-4.06763590391909,34.6623261694058,23.8605562579014,1.95992414664981,23.8605562579014,1.95992414664981,1030.82932996207,105.917825537295,70.9152970922882,11.6776232616941,295.740834386852,226.576485461441,295.740834386852,226.576485461441,0,0,0,0,0,1,0,17,2,"{""type"":""Polygon"",""coordinates"":[[[-76.99624767837436,38.82234770635939],[-77.00310008937136,38.82059272738549],[-77.00727935058111,38.81601243600956],[-77.00715583976402,38.81039347014974],[-77.00277860675097,38.80592721471747],[-76.99585500421547,38.8043551782038],[-76.98908449414611,38.80629027051513],[-76.98510690348189,38.81097802753913],[-76.98547383750405,38.816590539860044],[-76.99004306854694,38.82093889280545],[-76.99624767837436,38.82234770635939]]]}"
"Culex tarsalis",2021.63157894737,-95.19815,39.05405,0,526,"0000000000000000020d",12.5018656716418,11.6018656716418,29,96.6294402985075,31.9,-7.5,39.4,22.3976368159204,-0.4,24.5664179104478,-0.4,972.73631840796,142.023631840796,28,45,371.351990049751,93,347.351990049751,93,1,0,0,0,0,0,0,5,1,"{""type"":""Polygon"",""coordinates"":[[[-95.19815102820569,39.06304998122438],[-95.20502674119899,39.06129500052321],[-95.20922020806913,39.05671470639784],[-95.20909626986315,39.051095740637706],[-95.2047041537138,39.04662948801347],[-95.19775701951218,39.04505745306314],[-95.19096349763677,39.04699254349263],[-95.18697238152726,39.05168029783843],[-95.18734055554717,39.05729281045514],[-95.19192531900384,39.06164116625431],[-95.19815102820569,39.06304998122438]]]}"
"Culex tarsalis",2021.94736842105,-96.72535,33.03655,0,527,"0000000000000000020e",17.9984722222222,12.2,34.1458333333333,78.8436527777778,34.9633333333333,0.0241666666666667,34.9391666666667,22.1056944444445,7.44097222222222,27.8690277777778,7.44097222222222,981.6,143,50,31.9847222222222,339.056944444444,171.863888888889,210.066666666667,171.863888888889,0,0,0,0,0,1,0,17,1,"{""type"":""Polygon"",""coordinates"":[[[-96.72534854800037,33.04554661881183],[-96.73171750079207,33.04379167817223],[-96.73560202887407,33.03921144781677],[-96.73548738391322,33.033592479746126],[-96.7314189391542,33.029126161993034],[-96.72498356224666,33.02755409078214],[-96.7186904918685,33.02948922485944],[-96.71499352051399,33.034177041322664],[-96.71533472620932,33.03978954707717],[-96.71958169742722,33.044137836686794],[-96.72534854800037,33.04554661881183]]]}"
"Aedes sticticus",2013.79487179487,-93.61285,41.61045,0,528,"0000000000000000020f",9.5,11.7740831295844,27,107.671613691932,30.1,-12.4030562347188,42.5030562347188,20.5962102689487,-5.25647921760391,22.670293398533,-5.25647921760391,837.310513447433,121,22.0134474327628,46,322.768948655257,79.0134474327628,321.262836185819,79.0134474327628,0,0,0,0,0,1,0,17,1,"{""type"":""Polygon"",""coordinates"":[[[-93.61284696258355,41.61944815606387],[-93.61998828179115,41.61769315625072],[-93.62434367009848,41.61311283170393],[-93.62421485935401,41.60749386704717],[-93.61965309904178,41.6030276454926],[-93.61243774239088,41.601455627839854],[-93.60538192355817,41.60339069744776],[-93.6012366386602,41.608078422160304],[-93.60161894568164,41.61369093804951],[-93.60638075356817,41.618039325424554],[-93.61284696258355,41.61944815606387]]]}"
"Aedes sticticus",2006.75656324582,-87.89415,41.82625,0,529,"00000000000000000210",9.7,10.5820143884892,26.8201438848921,99.9202517985611,29.0075539568345,-9.9931654676259,39.0007194244604,22.036690647482,-3.8,22.036690647482,-3.8,925.658273381295,103.161870503597,36,28.8621103117506,303.016786570743,141.317745803357,303.016786570743,141.317745803357,0,0,0,1,0,0,0,14,3,"{""type"":""Polygon"",""coordinates"":[[[-87.89414796176239,41.835246351545386],[-87.90131330724778,41.833491350050394],[-87.90568334260281,41.82891102282654],[-87.90555409099512,41.82329205826691],[-87.90097698499204,41.81882583944643],[-87.89373736557455,41.817253823315845],[-87.88665781997483,41.819188891091486],[-87.8824985892434,41.82387661319634],[-87.88288217460433,41.82948912937348],[-87.88765999754709,41.83383751952718],[-87.89414796176239,41.835246351545386]]]}"
"Aedes communis",2008,-148.07745,64.75915,0,530,"00000000000000000211",-3.08501199040767,11.0682254196643,22,140.765089928058,22.1399880095923,-26.8758393285372,49.0158273381295,14.5061151079137,-10.6824940047962,14.5061151079137,-21.0608513189448,303.531774580336,55,8,59.3393285371703,148.808153477218,31,148.808153477218,45.8471223021583,1,0,0,0,0,0,0,5,1,"{""type"":""Polygon"",""coordinates"":[[[-148.07745321834224,64.76814444155643],[-148.08997650047178,64.76638913493454],[-148.09761228301463,64.76180832210889],[-148.09738400782047,64.75618937526286],[-148.08938494530636,64.75172365238903],[-148.07673584534282,64.75015191232532],[-148.06436627782645,64.7520866477887],[-148.05709713691365,64.75677389686052],[-148.05776504804223,64.76238646517487],[-148.0661137499563,64.76673535937334],[-148.07745321834224,64.76814444155643]]]}"
"Aedes communis",2019.33333333333,-149.24775,63.87105,0,531,"00000000000000000212",-4.24222222222222,10.7021604938272,25,114.771141975309,18.2771604938272,-23.8407407407407,42.1179012345679,10.7619135802469,-11.4403703703704,10.7619135802469,-18.1388888888889,404.407407407408,80,11,66,207.83024691358,42.9055555555556,207.83024691358,57.891975308642,0,1,0,0,0,0,0,8,1,"{""type"":""Polygon"",""coordinates"":[[[-149.24774874892017,63.88005203934792],[-149.2598746890771,63.878296753265985],[-149.26726833036946,63.87371597312424],[-149.26704745269424,63.86809702508009],[-149.2593021469972,63.863631268826225],[-149.24705412067323,63.86205951018421],[-149.23507677320114,63.86399426801116],[-149.22803825751106,63.8686815489217],[-149.22868514007374,63.87429411373273],[-149.236769067634,63.87864297400508],[-149.24774874892017,63.88005203934792]]]}"
"Aedes sticticus",2012.97727272727,-111.98075,46.65685,0,532,"00000000000000000213",7.22652631578948,13.9818947368421,34,88.1828842105263,29.1777894736842,-11.2243157894737,40.4021052631579,16.1043157894737,-4.14242105263158,18.6509473684211,-4.14242105263158,292.129473684211,50,9,52.0663157894737,129.195789473684,36,111.195789473684,36,0,0,0,0,1,0,0,15,3,"{""type"":""Polygon"",""coordinates"":[[[-111.9807492673315,46.66584849105699],[-111.98852866464661,46.66409344859874],[-111.99327303600961,46.659513056173886],[-111.99313250976628,46.65389409398171],[-111.98816320797927,46.649427941751526],[-111.98030350489702,46.64785596269296],[-111.97261757371936,46.649790985843886],[-111.96810192277952,46.65447864443668],[-111.96851817165185,46.660091167625005],[-111.97370529412417,46.6644396254544],[-111.9807492673315,46.66584849105699]]]}"
"Aedes communis",2004.77142857143,-73.94185,45.42845,0,533,"00000000000000000214",6.19060402684564,10.4,25,106.234530201342,26.4677852348993,-14.7372483221477,41.205033557047,18.1309843400447,-6.83724832214765,19.2906040268456,-8.23724832214765,932.761744966443,97,60.7885906040269,13,270.324384787472,194.788590604027,266.324384787472,210.788590604027,0,0,0,0,1,0,0,15,3,"{""type"":""Polygon"",""coordinates"":[[[-73.94184817968396,45.43745087375265],[-73.94945645899189,45.43569584236735],[-73.95409651529596,45.431115467566954],[-73.95395913248127,45.4254965047345],[-73.94909912362124,45.42103033450432],[-73.94141221687812,45.41945834542498],[-73.93389526494194,45.42139338063823],[-73.92947893760979,45.42608105639899],[-73.92988608573643,45.43169357769246],[-73.9349591497228,45.4360420172284],[-73.94184817968396,45.43745087375265]]]}"
"Aedes sticticus",2014.42857142857,-76.78875,38.98765,0,534,"00000000000000000215",12.6266418835192,11.798760842627,33,84.0230235439901,30.4254027261462,-4.67447335811648,35.0998760842627,23.2266418835192,1.52552664188352,23.2266418835192,1.52552664188352,1079.2614622057,108,71.0483271375465,12,305.428748451053,232.828996282528,305.428748451053,232.828996282528,0,0,0,0,0,1,0,17,2,"{""type"":""Polygon"",""coordinates"":[[[-76.78874786995331,38.996649507437525],[-76.7956171268952,38.99489452721401],[-76.79980665794585,38.99031423384897],[-76.79968283815343,38.98469526806128],[-76.79529484552573,38.9802290146605],[-76.78835423100587,38.978656979277844],[-76.78156708477988,38.98059207022774],[-76.77757971603035,38.985279825314166],[-76.77794754649769,38.990892337849075],[-76.78252800654447,38.99524069285906],[-76.78874786995331,38.996649507437525]]]}"
"Aedes communis",2012,-112.01395,59.79575,0,535,"00000000000000000216",-2.7710861423221,11.3264419475655,21,143.187003745318,22.4331086142322,-30.1129588014981,52.5460674157303,14.5244194756554,-11.8158801498127,14.5244194756554,-22.1222471910112,356.85393258427,56.9265917602996,15,43.7797752808989,146.019475655431,46,146.019475655431,55.434456928839,1,0,0,0,0,0,0,1,3,"{""type"":""Polygon"",""coordinates"":[[[-112.01394727467441,59.80475027267319],[-112.02456172463222,59.80299506641481],[-112.03103419191528,59.798414413298055],[-112.0308413729618,59.792795460605475],[-112.02406137990168,59.788329574621024],[-112.0133391760942,59.78675774377144],[-112.00285396388544,59.788692588517804],[-111.99669275366695,59.79337999316737],[-111.99725955762594,59.7989925443549],[-112.00433622183742,59.80334127277572],[-112.01394727467441,59.80475027267319]]]}"
"Aedes vexans",2016.78571428571,-112.03055,40.84685,0,536,"00000000000000000217",10.9,12.7310049019608,31.9044117647059,91.6351838235294,33.0400735294118,-6.64007352941177,39.6801470588235,9.89632352941176,23.0540441176471,23.0540441176471,-0.7,422.30637254902,55.0049019607843,19.4497549019608,27.8578431372549,149.189950980392,70.4007352941176,70.4007352941176,93.9865196078431,0,0,0,1,0,0,0,14,2,"{""type"":""Polygon"",""coordinates"":[[[-112.03054850789638,40.85584939616652],[-112.03760688589988,40.85409440221557],[-112.04191171096289,40.84951408699986],[-112.04178442198506,40.84389512200459],[-112.03727563662565,40.83942889092012],[-112.03014403779636,40.83785686796176],[-112.02317012644531,40.839791943956165],[-112.01907298402234,40.84447967775805],[-112.01945087793678,40.850092192643565],[-112.02415740008364,40.85444057033342],[-112.03054850789638,40.85584939616652]]]}"
"Aedes sticticus",2014.04901960784,-93.59625,42.00055,0,537,"00000000000000000218",8.84649227110583,12.0938168846611,27.0998810939358,109.644589774078,29.7,-13.5900118906064,43.2900118906064,20.2,-6.29001189060642,22.1544589774078,-6.29001189060642,834.858501783591,126.061831153389,19,50,334.061831153389,70.9381688466112,332.061831153389,70.9381688466112,0,0,0,0,1,0,0,15,1,"{""type"":""Polygon"",""coordinates"":[[[-93.59625464756367,42.00954815262352],[-93.60343959222685,42.007793149761795],[-93.60782157574198,42.003212820362464],[-93.60769196449094,41.99759385588178],[-93.60310234040908,41.99312763928314],[-93.59584292892404,41.991555624389505],[-93.58874402849125,41.993490690676175],[-93.58457342159721,41.998178410661914],[-93.58495804973516,42.003790927073034],[-93.58974893677747,42.00813931948478],[-93.59625464756367,42.00954815262352]]]}"
"Aedes communis",2009.06666666667,-113.00995,46.91415,0,538,"00000000000000000219",4.70806282722513,15.5341361256545,38,80.9136230366492,27.0995811518325,-13.1527748691099,40.2523560209424,12.2731937172775,0,15.1995811518325,-5.59193717277487,383.685863874346,50.9780104712042,23,27.165445026178,129.130890052356,75.965445026178,108.305759162304,92.1643979057592,0,0,1,0,0,0,0,10,3,"{""type"":""Polygon"",""coordinates"":[[[-113.0099499223763,46.923147540042926],[-113.01776660149415,46.921392495201644],[-113.02253370003466,46.91681209898382],[-113.02239248875735,46.91119313692947],[-113.01739937515765,46.90672698857308],[-113.00950202489602,46.90515501167106],[-113.00177927816034,46.90709003222608],[-112.99724198741205,46.91177768712413],[-112.99766021890258,46.91739021072023],[-113.00287219138589,46.92173867248656],[-113.0099499223763,46.923147540042926]]]}"
"Aedes sticticus",2020,-83.85205,41.57725,0,539,"0000000000000000021a",9.47889688249401,11.2,29,95.5451318944844,28.867865707434,-9,37.8678657074341,21.3597122302158,-1.9,21.3597122302158,-3.3,848.639088729017,92.0731414868106,45,20.2230215827338,262.073141486811,157.171462829736,262.073141486811,160.471223021583,1,0,0,0,0,0,0,5,1,"{""type"":""Polygon"",""coordinates"":[[[-83.8520486615316,41.58625014872095],[-83.85918630784589,41.58449514916554],[-83.86353945706,41.579914825028986],[-83.86341071370857,41.57429586035735],[-83.85885129929012,41.5698296383838],[-83.85163965168726,41.56825762049779],[-83.84458745996429,41.57019269038648],[-83.84044430696379,41.57488041549863],[-83.84082641856396,41.58049293134371],[-83.84558577823016,41.58484131829296],[-83.8520486615316,41.58625014872095]]]}"
"Culex quinquefasciatus",2024,-105.27435,20.54505,0,540,"0000000000000000021b",25.3179321486268,12.8915993537964,69.5815831987076,21.8257027463651,33.2738287560582,14.8844911147011,18.389337641357,27.6544426494346,23.1726978998385,27.6544426494346,22.3319870759289,1369.55250403877,351.786752827141,2.89337641357027,116.806138933764,988.40549273021,16.8626817447496,906.179321486268,39.7754442649435,1,0,0,0,0,0,0,4,1,"{""type"":""Polygon"",""coordinates"":[[[-105.27435492407102,20.55404834184226],[-105.2800566254818,20.5522934697461],[-105.28353438827948,20.547713348504082],[-105.28343199725359,20.54209437648755],[-105.27978972631186,20.537627947295608],[-105.27402815099563,20.536055814037685],[-105.26839399761693,20.537991022802416],[-105.26508432546441,20.54267894555068],[-105.26539004040939,20.548291439556152],[-105.26919225347494,20.552639615913368],[-105.27435492407102,20.55404834184226]]]}"
"Culex tarsalis",2021,-99.06595,35.41035,0,541,"0000000000000000021c",15.5278795811518,13.7,34,90.0133115183246,35.2988219895288,-4.3196335078534,39.6184554973822,21.5997382198953,3.62787958115183,26.9578534031414,3.62787958115183,702.494764397906,114.998691099476,20,47.4856020942408,265.010471204188,74.0510471204189,222.011780104712,74.0510471204189,0,0,1,0,0,0,0,10,1,"{""type"":""Polygon"",""coordinates"":[[[-99.06594852735832,35.41934906461374],[-99.07249960570464,35.41759410889329],[-99.07649516401388,35.41301385453187],[-99.07637717925758,35.407394887330625],[-99.07219240956283,35.40292859409508],[-99.06557311097987,35.40135653653452],[-99.05910018215117,35.403291654180556],[-99.05529749751877,35.40797944725994],[-99.05564839554296,35.41359195559806],[-99.06001676667636,35.41794027012447],[-99.06594852735832,35.41934906461374]]]}"
"Aedes excrucians",2007.5,-93.82035,58.63375,0,542,"0000000000000000021d",-7.6,8.9,17,141.002885958107,17.1926299456943,-32.7,49.8926299456943,9.4,-25.1453064391001,9.69262994569434,-25.9902249806051,420.971295577967,62,15,43,166.897595034911,49,158,52,0,0,0,0,0,0,1,18,1,"{""type"":""Polygon"",""coordinates"":[[[-93.82035123010564,58.64274867005469],[-93.83061028607582,58.64099348306741],[-93.83686614390051,58.63641286061876],[-93.83667990378707,58.63079390680582],[-93.8301268877097,58.62632798949997],[-93.81976347903934,58.62475614121619],[-93.8096291392882,58.626691006948825],[-93.80367420978139,58.63137844147293],[-93.80422216544169,58.636990989369394],[-93.8110619797709,58.641339685957064],[-93.82035123010564,58.64274867005469]]]}"
"Aedes sticticus",2021.13513513514,-88.19295,31.82475,0,543,"0000000000000000021e",18.1,14.2,43.0254237288135,67.6441384180791,33.5210451977401,1.20254237288136,32.3185028248588,10.6,23.000988700565,26.3639830508475,9,1499.5593220339,172,78.4604519774011,20,458,280.25,356.088983050847,437,0,0,0,1,0,0,0,14,1,"{""type"":""Polygon"",""coordinates"":[[[-88.19294786425273,31.833750234729475],[-88.1992317757197,31.83199530147607],[-88.20306445972636,31.827415082878208],[-88.20295137441899,31.821796114381915],[-88.19893724613718,31.81732978462066],[-88.19258774893456,31.815757706724032],[-88.18637866100535,31.8176928488491],[-88.18273105117417,31.82238067676522],[-88.18306773133959,31.82799318125414],[-88.18725801646639,31.8323414586601],[-88.19294786425273,31.833750234729475]]]}"
"Aedes sticticus",2019.61111111111,-88.20125,31.81645,0,544,"0000000000000000021f",18.0991525423729,14.2,43.1285310734463,67.6767655367232,33.5199152542373,1.21242937853107,32.3074858757062,10.5792372881356,23.035593220339,26.3918079096045,8.99957627118644,1500.96751412429,172.008474576271,78.2810734463277,20,458.021186440678,280.436440677966,356.786723163842,437.220338983051,0,0,0,1,0,0,0,14,1,"{""type"":""Polygon"",""coordinates"":[[[-88.2012462513132,31.825447388567955],[-88.20752959758804,31.823692455364476],[-88.21136193703494,31.81911223684611],[-88.21124886209385,31.813493268346935],[-88.20723509480396,31.8090269385045],[-88.2008861683643,31.80745486056269],[-88.19467763858877,31.809390002742152],[-88.19103035681857,31.8140778307357],[-88.19136700690764,31.819690335216055],[-88.19555691529418,31.82403861253952],[-88.2012462513132,31.825447388567955]]]}"
"Culex tarsalis",2021.25,-109.42435,38.26555,0,545,"00000000000000000220",9.88117797695262,15.4226632522407,36.9718309859155,89.6781306017926,32.1003841229193,-9.51241997439181,41.6128040973112,16.5955185659411,14.1475032010243,21.5514724711908,-1.63725992317542,309.90781049936,35.3085787451985,12,23.3188220230474,99.7157490396927,56.9641485275288,77.3649167733675,70.5262483994878,0,1,0,0,0,0,0,8,2,"{""type"":""Polygon"",""coordinates"":[[[-109.42434663339097,38.27454714194356],[-109.43114704155333,38.2727921668576],[-109.4352946000978,38.26821188167037],[-109.43517204304013,38.2625929155862],[-109.43082802458537,38.25812665383335],[-109.42395693750396,38.256554613800745],[-109.41723778271812,38.25848971034791],[-109.41329037665952,38.263177473400255],[-109.41365454334861,38.268789985055335],[-109.41818911082726,38.2731383315772],[-109.42434663339097,38.27454714194356]]]}"
"Aedes fitchii",2022.9375,-112.45385,40.17455,0,546,"00000000000000000221",8.96634146341463,14.919756097561,36,88.7833048780488,31.6335365853659,-9.50341463414634,41.1369512195122,7.665,16.3298780487805,20.770243902439,-2.14451219512195,328.713414634146,36.4414634146341,21.4829268292683,18.55,105.471951219512,68.5890243902439,68.7829268292683,69.6219512195122,0,1,0,0,0,0,0,8,2,"{""type"":""Polygon"",""coordinates"":[[[-112.45385097089998,40.18354627123744],[-112.46083891941568,40.18179128233699],[-112.4651008085891,40.177210975160385],[-112.46497481165986,40.171592009873535],[-112.46051100999955,40.16712577057863],[-112.4534505343558,40.165553743049266],[-112.44654617495898,40.167488824545934],[-112.44248991271037,40.172176566178656],[-112.44286405906942,40.177789080199396],[-112.44752363523554,40.182137449545074],[-112.45385097089998,40.18354627123744]]]}"
"Aedes sticticus",2016.75438596491,-76.78875,39.04575,0,547,"00000000000000000222",12.7877679697352,11.7480453972257,33,84.8364817150063,30.7199243379571,-4.62938209331652,35.3493064312736,23.5199243379571,1.62686002522068,23.5199243379571,1.62686002522068,1074.46910466583,106.446406052963,71.6229508196721,11.953341740227,301.699873896595,233.423707440101,301.699873896595,233.423707440101,0,0,0,1,0,0,0,14,2,"{""type"":""Polygon"",""coordinates"":[[[-76.78874786995331,39.05474713506288],[-76.79562277450023,39.052992154421474],[-76.79981574851513,39.048411860391255],[-76.79969182513732,39.04279289462768],[-76.79530022534787,39.03832664190625],[-76.78835390756053,39.03675460690182],[-76.78156118406324,39.03868969739644],[-76.77757053720953,39.04337745183492],[-76.7779386682088,39.048989964441404],[-76.78252289277944,39.05333832014181],[-76.78874786995331,39.05474713506288]]]}"
"Aedes sticticus",2019.4358974359,-71.25265,42.12505,0,548,"00000000000000000223",9.43341232227488,11.4925355450237,31,87.5973696682464,28.0984597156398,-8.50035545023697,36.5988151658768,0.499644549763033,18.2239336492891,20.5964454976303,-2.10035545023697,1183.43009478673,119.920616113744,85.7725118483412,9,329.936018957346,264.107819905213,270.630331753555,305.998815165877,0,0,0,1,0,0,0,14,2,"{""type"":""Polygon"",""coordinates"":[[[-71.25264905727076,42.13404625403573],[-71.25984810763791,42.132291250193184],[-71.26423869034441,42.12771091923266],[-71.26410882024696,42.12209195480864],[-71.2595101867936,42.11762573980444],[-71.25223653079333,42.116053725798494],[-71.24512370052608,42.11798879101664],[-71.24094490610645,42.12267650948164],[-71.24133028473207,42.12828902606067],[-71.24613057411807,42.13263742009284],[-71.25264905727076,42.13404625403573]]]}"
"Aedes communis",2014,-140.36675,68.42775,0,549,"00000000000000000224",-11.654587628866,9.5,19,144.252731958763,15.139587628866,-34.2864432989691,49.426030927835,7.47701030927835,-23.5651030927835,7.63474226804124,-28.279175257732,187.752577319588,40,6,66.7865979381443,93.7865979381444,21,93.7077319587629,22.9010309278351,0,0,0,1,0,0,0,14,2,"{""type"":""Polygon"",""coordinates"":[[[-140.3667489221173,68.43674943755059],[-140.3812740329038,68.43499402935845],[-140.39012962105673,68.43041305492069],[-140.38986393990822,68.42479411401163],[-140.3805864729613,68.42032855619158],[-140.36591697429097,68.41875690798624],[-140.3515715992357,68.42069153287503],[-140.34314056764552,68.4253786245126],[-140.34391427744947,68.43099121013736],[-140.3535968235425,68.43534027209213],[-140.3667489221173,68.43674943755059]]]}"
"Aedes fitchii",2025,-83.71925,42.20805,0,550,"00000000000000000225",8.8818831942789,10.5961859356377,28,95.8918831942789,28.0034564958284,-9.43528009535161,37.43873659118,20.7052443384982,-2.63909415971395,20.7052443384982,-4,822.038140643623,87,44,20,247,151,247,155,0,0,0,0,1,0,0,15,1,"{""type"":""Polygon"",""coordinates"":[[[-83.71925217305893,42.217047961044564],[-83.72646067731532,42.21529295654597],[-83.73085702334701,42.210712624541216],[-83.73072697976244,42.20509366015508],[-83.72612230807185,42.200627446217375],[-83.71883910515488,42.19905543280517],[-83.71171693887516,42.20099049730862],[-83.70753265703311,42.205678214756425],[-83.70791853864475,42.211290731447775],[-83.71272512964296,42.21563912656382],[-83.71925217305893,42.217047961044564]]]}"
"Culex tarsalis",2012,-99.14065,19.27515,0,551,"00000000000000000226",15.7903536977492,17.3,68.7813504823151,20.8435209003215,27.3807073954984,2.36848874598071,25.0122186495177,17.1684887459807,12.7903536977492,17.9395498392283,12.7903536977492,836.430868167202,177.369774919614,6,94,490.713826366559,24.903536977492,238.360128617363,24.903536977492,0,0,0,0,0,1,0,17,2,"{""type"":""Polygon"",""coordinates"":[[[-99.14064738820564,19.28414987103352],[-99.14630348158882,19.282395005174415],[-99.14975344394227,19.277814893861468],[-99.14965189388174,19.27219592148634],[-99.14603875195085,19.2677294821537],[-99.14032322669149,19.266157343249436],[-99.13473410631556,19.26809255881079],[-99.131450906615,19.272780491230687],[-99.13175419925813,19.278392984166558],[-99.13552601469439,19.282741150218136],[-99.14064738820564,19.28414987103352]]]}"
"Aedes sticticus",2016.69047619048,-93.47175,41.55235,0,552,"00000000000000000227",9.41351674641149,11.7874401913876,27.0071770334928,107.06466507177,30.0014354066986,-12.3204545454545,42.3218899521531,20.5016746411483,-5.1872009569378,22.6014354066986,-5.1872009569378,867.771531100479,119.608851674641,26.7523923444976,41.9976076555024,326.285885167464,92.6818181818182,321.547846889952,92.6818181818182,1,0,0,0,0,0,0,5,1,"{""type"":""Polygon"",""coordinates"":[[[-93.47174762794936,41.56134606933747],[-93.47888252302793,41.55959106997523],[-93.48323399501551,41.555010746146145],[-93.48310530214559,41.54939178146335],[-93.47854764495403,41.544925559175766],[-93.47133877566962,41.54335354111493],[-93.4642893008879,41.54528861121407],[-93.46014774481716,41.54997633662574],[-93.4605297100338,41.55558885243774],[-93.4652872358237,41.559937239067835],[-93.47174762794936,41.56134606933747]]]}"
"Culex quinquefasciatus",2018,-117.55835,33.97445,0,553,"00000000000000000228",18.150956284153,15.677868852459,54.2691256830601,44.9861202185792,33.601912568306,5.01161202185792,28.5903005464481,13.442349726776,22.9744535519126,24.328825136612,12.8116120218579,273.650273224044,48.0792349726776,4,68.4549180327869,137.312841530055,17.3647540983607,25.3647540983607,128.581967213115,0,0,0,0,0,1,0,17,3,"{""type"":""Polygon"",""coordinates"":[[[-117.5583489335185,33.98344717978731],[-117.56478730316654,33.9816922332903],[-117.56871415020831,33.97711199361087],[-117.56859823225466,33.97149302587784],[-117.56448545044604,33.96702671764743],[-117.55797997215296,33.96545465173838],[-117.55161834907723,33.9673897794337],[-117.5478810852828,33.9720775868146],[-117.54822598515628,33.97769009357263],[-117.55251922772668,33.982038392860005],[-117.5583489335185,33.98344717978731]]]}"
"Culex tarsalis",2017,-99.20705,20.47865,0,554,"00000000000000000229",18.2189102564103,17.2990384615385,67,24.6278365384615,30.2977564102564,4.71762820512821,25.5801282051282,20.5022435897436,16.0469551282051,20.7964743589744,14.7655448717949,381.876602564103,67.9358974358974,5,70.2900641025641,171.168269230769,22.7532051282051,144.501602564103,28.4855769230769,0,0,0,0,0,1,0,17,2,"{""type"":""Polygon"",""coordinates"":[[[-99.20704786199249,20.4876478680554],[-99.212747090896,20.485892996287877],[-99.21622334655255,20.48131287556903],[-99.21612100109262,20.475693903533603],[-99.21248030930221,20.471227473807343],[-99.20672123049792,20.469655340251908],[-99.20108951849207,20.47159054937476],[-99.19778128146885,20.47627847263263],[-99.19808686506985,20.48189096658174],[-99.20188743019756,20.486239142395945],[-99.20704786199249,20.4876478680554]]]}"
"Aedes sticticus",2019.08333333333,-116.25525,43.72695,0,555,"0000000000000000022a",9.70421753607103,14.592896781354,37,82.8148168701443,32.050166481687,-6.71753607103219,38.7677025527192,-0.146947835738069,19.869589345172,20.5436182019978,-0.917536071032186,373.948945615982,49.4694783573807,8.48057713651498,40.5982241953385,143.337402885683,40.6115427302997,46.1442841287458,133.337402885683,0,0,0,0,0,1,0,17,3,"{""type"":""Polygon"",""coordinates"":[[[-116.25524799626575,43.73595155287985],[-116.26263678040205,43.73419653606093],[-116.26714302901487,43.72961618444574],[-116.26700967653503,43.723997220771366],[-116.26228985951138,43.719531026861965],[-116.25482460375089,43.71795902459999],[-116.24752440638123,43.71989407568157],[-116.24323548280023,43.724581774026966],[-116.24363095541263,43.730194292827335],[-116.24855771384838,43.73454270829808],[-116.25524799626575,43.73595155287985]]]}"
"Culex quinquefasciatus",2018,-117.29275,33.68395,0,556,"0000000000000000022b",16.7339805825243,15.0196948682386,50.3411927877947,51.4985436893204,32.9459084604716,3.43481276005548,29.5110957004161,11.2854368932039,23.2933425797503,23.8502080443828,10.7626907073509,376.873786407767,74.2302357836338,2,84.4521497919556,207.345353675451,10,19,197.579750346741,0,1,0,0,0,0,0,7,3,"{""type"":""Polygon"",""coordinates"":[[[-117.292747038371,33.692945664357424],[-117.29916356185069,33.691190719688294],[-117.3030770906929,33.68661048291851],[-117.30296157335525,33.680991515080116],[-117.29886274485467,33.67652520387804],[-117.29237932817047,33.6749531363145],[-117.28603927931552,33.676888266001384],[-117.28231469594931,33.68157607621652],[-117.28265843322076,33.6871885826614],[-117.28693711373532,33.691536878928716],[-117.292747038371,33.692945664357424]]]}"
"Aedes triseriatus",2025,-70.58865,41.41955,0,557,"0000000000000000022c",9.96874236874237,8.7,27.989010989011,79.6053601953602,25.5971916971917,-5.40500610500611,31.0021978021978,2.5007326007326,17.2990231990232,20.0990231990232,-0.199267399267399,1163.72527472527,115.946275946276,75,12,327.043956043956,250.985347985348,252.93894993895,307.040293040293,1,0,0,0,0,0,0,5,2,"{""type"":""Polygon"",""coordinates"":[[[-70.58865323760423,41.4285495808648],[-70.59577352062902,41.42679458253009],[-70.60011608471623,41.42221426033656],[-70.59998765995397,41.416595295594426],[-70.59543933554944,41.412129071636436],[-70.58824522216429,41.410557052645636],[-70.58121017730198,41.4124921238642],[-70.5770771026653,41.41717985086906],[-70.57745829042196,41.42279236650513],[-70.58220607633119,41.427140751437605],[-70.58865323760423,41.4285495808648]]]}"
"Aedes triseriatus",2021,-84.93105,35.10325,0,558,"0000000000000000022d",14.5139597315436,13.1404026845638,38,77.3675167785235,31.4056375838926,-2.77677852348993,34.1824161073826,5.85879194630872,20.1731543624161,24.2306040268456,4.22322147651007,1411.6711409396,155.638926174497,88.5973154362416,15,411.340939597315,293.868456375839,320.089932885906,389.571812080537,1,0,0,0,0,0,0,5,3,"{""type"":""Polygon"",""coordinates"":[[[-84.93105301624233,35.11224631596186],[-84.93757931283056,35.110491362241206],[-84.94155976328771,35.10591111106308],[-84.94144223296479,35.10029214374653],[-84.93727329156464,35.095825847259846],[-84.93067901915639,35.09425378788921],[-84.92423056361973,35.09618890771408],[-84.92044226335545,35.10087670389428],[-84.92079184253602,35.10648921188982],[-84.92514369481859,35.11083752311215],[-84.93105301624233,35.11224631596186]]]}"
"Aedes triseriatus",2021.6,-78.15825,38.86315,0,559,"0000000000000000022e",10.5529265255293,12.1211706102117,33.4470734744707,83.6069489414695,28.1754669987547,-7.4865504358655,35.6620174346202,19.0672478206725,-0.632752179327522,21.0110834371108,-0.632752179327522,1044.97758405978,105.424657534247,66.013698630137,15,302.6600249066,203.414694894147,295.530510585305,203.414694894147,1,0,0,0,0,0,0,5,3,"{""type"":""Polygon"",""coordinates"":[[[-78.15824928099288,38.87215140602532],[-78.16510649051389,38.870396426694995],[-78.16928867706189,38.86581613475171],[-78.16916507823458,38.860197168912464],[-78.16478478037286,38.85573091405964],[-78.15785633201638,38.85415887786857],[-78.15108108317969,38.85609396979157],[-78.14710070725299,38.86078172626292],[-78.1474678966259,38.86639423864487],[-78.15204032622209,38.87074259217916],[-78.15824928099288,38.87215140602532]]]}"
"Culex quinquefasciatus",2019.71052631579,-81.18775,28.38025,0,560,"0000000000000000022f",22.1587209302326,11.2,48,43.9982122093023,32.7,9.45872093023256,23.2412790697674,27.2540697674419,17.2587209302326,27.2630813953488,16.1587209302326,1246.91715116279,183.412790697674,52.7093023255814,48.1061046511628,535.38226744186,169.300872093023,522.614825581395,186.643895348837,0,0,0,1,0,0,0,14,3,"{""type"":""Polygon"",""coordinates"":[[[-81.1877536185019,28.389250739479404],[-81.1938221450186,28.387495826220132],[-81.19752352418932,28.382915639450122],[-81.19741439039497,28.37729666980215],[-81.19353782961154,28.372830307534752],[-81.18740583843764,28.371258211539637],[-81.18140945147609,28.3731933754503],[-81.17788685992868,28.377881234369312],[-81.17821207967992,28.383493735431777],[-81.18225879643452,28.38784197980247],[-81.1877536185019,28.389250739479404]]]}"
"Aedes communis",2010,-106.07115,53.90275,0,561,"00000000000000000230",-0.224147217235189,12.2,24.9614003590664,128.45486535009,23.051526032316,-25.7523339317774,48.8038599640934,15.1614003590664,-15.5120287253142,15.1614003590664,-17.5596947935368,459.714542190305,78,16,53.0448833034111,211.231597845601,59.5233393177738,211.231597845601,61.0287253141831,1,0,0,0,0,0,0,5,1,"{""type"":""Polygon"",""coordinates"":[[[-106.07115169131124,53.911745011672835],[-106.08021501515329,53.909989891609165],[-106.08574204268392,53.905409375667816],[-106.08557788652732,53.89979041796982],[-106.07978855326657,53.89532439188772],[-106.07063240529828,53.89375248305402],[-106.0616786651194,53.89568742167292],[-106.05641777626849,53.900374959947584],[-106.05690226288961,53.90598749640869],[-106.06294515189899,53.91033608244399],[-106.07115169131124,53.911745011672835]]]}"
"Aedes fitchii",2008.85714285714,-104.18705,46.98885,0,562,"00000000000000000231",5.74427083333333,14.6736458333333,31,108.37015625,29.6461458333333,-16.7691666666667,46.4153125,16.79375,-8.66854166666667,19.4421875,-8.66854166666667,358.520833333333,72,7,66.534375,174.21875,26,155.066666666667,26,0,0,0,0,0,1,0,17,1,"{""type"":""Polygon"",""coordinates"":[[[-104.18704772319877,46.99784640089025],[-104.19487532260548,46.99609135535284],[-104.19964907820014,46.99151095802701],[-104.19950766625641,46.98589199601292],[-104.19450757789309,46.981425848788135],[-104.1865992003391,46.979853872516095],[-104.17886566990178,46.9817888923128],[-104.17432204059398,46.98647654613155],[-104.17474085280493,46.992089069846756],[-104.17996010414687,46.996437532763146],[-104.18704772319877,46.99784640089025]]]}"
"Culex tarsalis",2018.93333333333,-116.32995,43.51115,0,563,"00000000000000000232",10.3562937062937,14.3378787878788,37,82.3646386946387,32.2385780885781,-6,38.2385780885781,0.5,20.4100233100233,21.0952214452214,-0.206177156177156,285.100233100233,34.9708624708625,7,35.032634032634,100,35,41,89.025641025641,0,0,0,0,1,0,0,15,3,"{""type"":""Polygon"",""coordinates"":[[[-116.3299468571131,43.52014889829727],[-116.33730916260302,43.51839388326636],[-116.34179926931233,43.51381353449714],[-116.34166640290148,43.50819457071945],[-116.33696349785453,43.50372837390344],[-116.32952498101987,43.50215637002329],[-116.3222509318875,43.50409142305272],[-116.3179773775788,43.50877912417035],[-116.31837144158916,43.51439164266467],[-116.32328055046199,43.51874005518144],[-116.3299468571131,43.52014889829727]]]}"
"Aedes vexans",2017.33333333333,-116.32995,43.53605,0,564,"00000000000000000233",10.3906323185012,14.3467213114754,37,82.448512880562,32.2793911007026,-5.95608899297424,38.2354800936768,0.491451990632319,20.3914519906323,21.1214285714286,-0.209367681498829,287.418032786885,35.0081967213115,7,34.9379391100703,100.927400468384,35,41,90.4098360655738,0,0,0,0,0,1,0,17,3,"{""type"":""Polygon"",""coordinates"":[[[-116.3299468571131,43.54504851857971],[-116.33731220273052,43.54329350334315],[-116.34180416276241,43.5387131542466],[-116.34167124054525,43.53309419048079],[-116.33696639376105,43.528627993999095],[-116.32952480691281,43.52705599030506],[-116.32224775558656,43.528991043110445],[-116.31797243666534,43.53367874390923],[-116.3183666624048,43.53929126243875],[-116.323277797701,43.54363967529527],[-116.3299468571131,43.54504851857971]]]}"
"Culex quinquefasciatus",2018,-81.32055,29.09405,0,565,"00000000000000000234",21.1,11.8610709117221,47,48.4628654124457,32.6104196816208,7.45369030390738,25.1567293777135,26.8052098408104,15.670477568741,26.8052098408104,14.5243125904486,1355.12590448625,189.733719247467,62,43.0289435600579,548.332850940666,196.272069464544,548.332850940666,222.21997105644,0,0,0,0,0,1,0,17,2,"{""type"":""Polygon"",""coordinates"":[[[-81.32055010697458,29.103050258811855],[-81.32666024359406,29.10129534152148],[-81.33038698929019,29.096715148334464],[-81.3302770918823,29.09109617891863],[-81.32637395456443,29.086629823204994],[-81.32019994389265,29.085057730858853],[-81.31416246569803,29.086992890377154],[-81.31061572195252,29.091680743045497],[-81.31094315550018,29.09729324479886],[-81.31501760798551,29.10164149582998],[-81.32055010697458,29.103050258811855]]]}"
"Culex pipiens",2021.11111111111,-84.43305,35.92495,0,566,"00000000000000000235",13.9079893475366,13.2707057256991,38,79.101517976032,30.9374167776298,-3.7115845539281,34.6490013315579,4.98761651131824,19.7406125166445,23.7382157123835,3.28761651131824,1359.1171770972,145.292942743009,81.2929427430093,15.7150466045273,376.886817576565,269.487350199734,331.717709720373,365.406125166445,1,0,0,0,0,0,0,5,3,"{""type"":""Polygon"",""coordinates"":[[[-84.43305169239139,35.9339471625856],[-84.43964514799478,35.93219220347974],[-84.44366654100398,35.927611943729396],[-84.44354777915609,35.921992976723374],[-84.43933594279034,35.91752668899159],[-84.43267384899714,35.91595463449527],[-84.42615907039743,35.9178897484528],[-84.42233178823413,35.92257753628291],[-84.42268494150257,35.92819004520096],[-84.4270815601696,35.93253836532076],[-84.43305169239139,35.9339471625856]]]}"
"Aedes communis",2002.85714285714,-66.04855,45.27075,0,567,"00000000000000000236",6.01915966386555,8.6,26,82.4254621848739,21.641512605042,-10.570756302521,32.212268907563,-1.9,15.970756302521,15.970756302521,-5,1294.47226890756,143.29243697479,91,16,407.87731092437,282.808403361345,282.808403361345,379.912605042017,0,0,0,0,0,1,0,17,2,"{""type"":""Polygon"",""coordinates"":[[[-66.04855261352252,45.27974584679545],[-66.05613971825784,45.277990816796674],[-66.06076686628195,45.273410444203215],[-66.06062987235644,45.267791481290594],[-66.05578338770023,45.26332530880647],[-66.04811786335647,45.261753318472316],[-66.0406218214737,45.26368835519602],[-66.03621778470134,45.26837603310654],[-66.03662380658753,45.27398855416272],[-66.0416827566253,45.27833699140796],[-66.04855261352252,45.27974584679545]]]}"
"Aedes vexans",2017.16666666667,-112.03055,40.83025,0,568,"00000000000000000237",10.9,12.6816646562123,31.4209891435464,91.537804583836,33.0203860072377,-6.64197828709288,39.6623642943305,9.86188178528347,23.0367913148372,23.0367913148372,-0.702412545235223,416.73220747889,54.2870928829916,20,27.6936067551267,146.99517490953,70.9746682750302,70.9746682750302,91.7177322074789,0,0,0,0,0,0,1,18,2,"{""type"":""Polygon"",""coordinates"":[[[-112.03054850789638,40.83924816294455],[-112.03760511795105,40.83749316911955],[-112.04190886522186,40.832912854104286],[-112.04178160867927,40.827293889101746],[-112.03727395251799,40.82282765781253],[-112.0301441390481,40.821255634740204],[-112.02317197361494,40.82319071087181],[-112.01907585738212,40.82787844486897],[-112.01945365722577,40.83349095973291],[-112.02415900091736,40.8378393372147],[-112.03054850789638,40.83924816294455]]]}"
"Culex quinquefasciatus",2023,-114.93555,35.99965,0,569,"00000000000000000238",19.2038709677419,13.3668387096774,35.8554838709677,84.8016258064516,39.1518709677419,2.16503225806452,36.9868387096774,10.4781935483871,23.0176774193548,30.3171612903226,8.67767741935484,124.587096774194,16.0503225806452,2,36.6374193548387,41.0838709677419,13.861935483871,29.9122580645161,37.9174193548387,0,0,0,0,0,1,0,17,3,"{""type"":""Polygon"",""coordinates"":[[[-114.93554582579112,36.008646023432924],[-114.94214552284389,36.00689106383197],[-114.9461707208646,36.00231080329357],[-114.94605184456378,35.9966918363161],[-114.94183602173776,35.992225549389175],[-114.93516762493877,35.990653495340965],[-114.92864668258028,35.9925886087591],[-114.92481577761896,35.997276395821565],[-114.92516926304594,36.0028889048244],[-114.92957004209396,36.007237225762175],[-114.93554582579112,36.008646023432924]]]}"
"Aedes communis",2006,-151.48875,66.56025,0,570,"00000000000000000239",-5.52607722439843,10.9962506994964,21,148.195679910464,21.2739227756016,-29.8320649132625,51.105987688864,10.4739227756016,-14.7517627308338,13.5739227756016,-23.7387241186346,338.956911024063,62,12,53.9569110240627,155.956911024063,41,148.956911024063,54,0,1,0,0,0,0,0,8,1,"{""type"":""Polygon"",""coordinates"":[[[-151.4887547062494,66.56924670266008],[-151.5021799584595,66.56749134992425],[-151.51036537617344,66.56291046372291],[-151.5101202751984,66.55729151956983],[-151.50154519081863,66.55282587163435],[-151.48798570594428,66.55125417327767],[-151.47472584792945,66.55318885853625],[-151.46693318815556,66.55787603612957],[-151.4676487991851,66.5634886123058],[-151.4765985165218,66.56783758266917],[-151.4887547062494,66.56924670266008]]]}"
"Culex tarsalis",2022.18181818182,-99.07425,35.39375,0,571,"0000000000000000023a",15.6212201591512,13.7745358090186,34,89.9576657824934,35.3744031830239,-4.29694960212202,39.6713527851459,24.704774535809,3.67758620689655,27.0201591511936,3.67758620689655,696.099469496021,114.03050397878,20,47.7652519893899,263.285145888594,73.2241379310345,220.509283819629,73.2241379310345,0,0,1,0,0,0,0,10,1,"{""type"":""Polygon"",""coordinates"":[[[-99.07425137351984,35.40274783139175],[-99.08080110259674,35.40099287577979],[-99.08479583834276,35.39641262159107],[-99.08467787832858,35.39079365438357],[-99.08049397042232,35.38632736097165],[-99.07387603441629,35.384755303312886],[-99.06740443806223,35.38669042107713],[-99.06360253660219,35.39137821432473],[-99.06395336282053,35.396990722644276],[-99.06832083456736,35.40133903699142],[-99.07425137351984,35.40274783139175]]]}"
"Aedes sticticus",2020,-83.75245,41.67685,0,572,"0000000000000000023b",9.5,11.1,29,96.0426328502416,29.0345410628019,-8.9,37.9345410628019,21.5,-1.9,21.5,-3.3,843.114734299517,92,45,20,259.114734299517,156,259.114734299517,160,0,0,0,0,0,1,0,17,1,"{""type"":""Polygon"",""coordinates"":[[[-83.75245018040184,41.685848629850724],[-83.75959886444922,41.684093629521286],[-83.76395874255726,41.67951330415267],[-83.76382979667578,41.67389433952573],[-83.75926333240702,41.669428118810494],[-83.75204053842144,41.66785610162502],[-83.74497744655567,41.66979117067044],[-83.74082788680357,41.674478894582485],[-83.74121058567995,41.68009141056007],[-83.74597730270638,41.68443979878811],[-83.75245018040184,41.685848629850724]]]}"
"Aedes vexans",2017.09090909091,-111.93925,40.81365,0,573,"0000000000000000023c",10.8,13.4524213075061,33,91.0116949152543,33.2963680387409,-6.9,40.1963680387409,9.8,22.8466101694915,22.8466101694915,-0.7,428.023002421308,55.1162227602906,20,27.6997578692494,150.864406779661,70.0871670702179,70.0871670702179,100.323244552058,0,0,0,0,0,1,0,17,2,"{""type"":""Polygon"",""coordinates"":[[[-111.93924841382706,40.822646929722566],[-111.94630325741046,40.820891936023436],[-111.95060592778974,40.81631162120855],[-111.95047870365521,40.81069265619874],[-111.94597217574837,40.806226424704896],[-111.93884414614591,40.80465440151863],[-111.93187372517163,40.806589477787384],[-111.92777863427135,40.81127721197971],[-111.92815634012271,40.8168897268221],[-111.93286050634387,40.82123810409592],[-111.93924841382706,40.822646929722566]]]}"
"Aedes communis",2020.15384615385,-149.59635,68.62695,0,574,"0000000000000000023d",-11.3613648024628,11.5,22,146.16356080041,16.6555669574141,-35.2845561826578,51.9401231400718,8.17080554130324,-23.0939456131349,8.17080554130324,-28.9,225.630066700872,45.846587993843,8,63.850692662904,113.10723447922,26.2606464853771,113.10723447922,31.163160595177,0,0,0,0,0,0,0,11,1,"{""type"":""Polygon"",""coordinates"":[[[-149.5963478919754,68.63595085891117],[-149.61100200162312,68.63419544426108],[-149.61993618811942,68.6296144595484],[-149.6196680886494,68.6239955190175],[-149.61030824268207,68.61952997169116],[-149.5955085617141,68.61795832932562],[-149.5810358770527,68.61989294718472],[-149.57252997324827,68.62458002881293],[-149.5733104924849,68.63019261553754],[-149.58307898630656,68.63454168815795],[-149.5963478919754,68.63595085891117]]]}"
"Aedes excrucians",2014,-147.70395,64.95835,0,575,"0000000000000000023e",-3.54785969084423,9.84191438763377,20,144.674738406659,21.6533293697979,-26.985790725327,48.6391200951249,14.470451843044,-11.5075505350773,14.470451843044,-22.2719381688466,315.074910820452,52.153983353151,8,50.9726516052319,141.804994054697,36.1688466111772,141.804994054697,56.4512485136742,1,0,0,0,0,0,0,1,1,"{""type"":""Polygon"",""coordinates"":[[[-147.7039499959035,64.96735032201806],[-147.7165664297778,64.96559501060237],[-147.72425897815916,64.96101419014872],[-147.72402896741352,64.95539524358246],[-147.7159704151907,64.95092952849907],[-147.70322729082395,64.94935779277122],[-147.69076577438688,64.95129252301531],[-147.6834425664408,64.9559797646564],[-147.68411540607983,64.96159233378826],[-147.69252617998657,64.96594123590465],[-147.7039499959035,64.96735032201806]]]}"
"Culex quinquefasciatus",2018,-117.57495,33.94955,0,576,"0000000000000000023f",18.096853625171,15.5662106703146,54.4309165526676,44.1675649794802,33.2462380300958,5,28.2462380300958,13.4262653898769,21.4770177838577,24.1199726402189,12.8,266.777017783858,45.2941176470588,4.51025991792066,65.0191518467852,130.004103967168,19.3638850889193,27.8536251709986,121.965800273598,0,0,0,0,0,1,0,17,3,"{""type"":""Polygon"",""coordinates"":[[[-117.57495016674045,33.95854755950487],[-117.58138665158161,33.95679261316502],[-117.58531234957802,33.952212373735755],[-117.58519646618784,33.946593405993674],[-117.58108488821928,33.94212709750776],[-117.57458131332085,33.940555031456455],[-117.56822155158973,33.942490159323015],[-117.56448538181594,33.94717796694759],[-117.56483018138417,33.952790473678704],[-117.56912216759392,33.95713877270641],[-117.57495016674045,33.95854755950487]]]}"
"Aedes communis",2018.48484848485,-114.07235,46.77305,0,577,"00000000000000000240",7.01997907949791,14.1925732217573,36.9257322175732,81.6015481171548,29.0020920502092,-9.18002092050209,38.1821129707113,11.2020920502092,2.59330543933054,17.6020920502092,-3.38326359832636,334.616108786611,45.3410041841004,19.2667364016736,28.0742677824268,112.874476987448,64.8002092050209,96.607740585774,77.3336820083682,0,0,0,1,0,0,0,14,3,"{""type"":""Polygon"",""coordinates"":[[[-114.07234858476397,46.78204820540874],[-114.08014475544458,46.780293161877104],[-114.08489935194328,46.775712767743784],[-114.08475851750562,46.77009380561368],[-114.07977850260173,46.76562765512837],[-114.07190186175542,46.76405567704118],[-114.06419936696723,46.76599069902283],[-114.05967398011302,46.77067835595141],[-114.06009112098835,46.776290879323405],[-114.06528942367457,46.780639338926115],[-114.07234858476397,46.78204820540874]]]}"
"Aedes communis",2019,-132.76395,60.17755,0,578,"00000000000000000241",-1.49794117647059,11.3,24.7522058823529,111.961176470588,20.0084558823529,-25.1671323529412,45.1755882352941,10.8020588235294,-7.6127205882353,12.1176470588235,-16.5905882352941,353.020588235294,46.0507352941177,12,33,128.527205882353,52,116.050735294118,75.9529411764706,1,0,0,0,0,0,0,1,2,"{""type"":""Polygon"",""coordinates"":[[[-132.76394595318365,60.18655188217238],[-132.77468359469555,60.184796669286264],[-132.78123114476602,60.18021600562224],[-132.78103604372777,60.17459705331514],[-132.77417737320155,60.17013117810262],[-132.76333080164005,60.16855935324889],[-132.75272396778172,60.1704941907778],[-132.74649125383198,60.175181585153005],[-132.7470645895225,60.18079413747223],[-132.75422335267746,60.185142876841],[-132.76394595318365,60.18655188217238]]]}"
"Aedes sticticus",1997.63043478261,-87.87755,41.85945,0,579,"00000000000000000242",9.7,10.493023255814,26.9302325581395,99.4156793145655,28.9181150550796,-9.8,38.7181150550796,22.0179926560588,-3.67943696450428,22.0179926560588,-3.67943696450428,920.483476132191,103,36,28.9302325581395,301.231334149327,141.250917992656,301.231334149327,141.250917992656,0,0,0,0,0,1,0,17,3,"{""type"":""Polygon"",""coordinates"":[[[-87.8775467285404,41.86844881798934],[-87.88471579408031,41.86669381623457],[-87.88908809727656,41.86211348859723],[-87.88895877740713,41.856494524052614],[-87.88437929538904,41.852028305654436],[-87.87713591930363,41.850456289758945],[-87.8700527000261,41.852391357251584],[-87.86589131002314,41.85707907895366],[-87.86627509331112,41.86269159517527],[-87.87105539590775,41.86703998575816],[-87.8775467285404,41.86844881798934]]]}"
"Culex quinquefasciatus",2018,-117.57495,33.84165,0,580,"00000000000000000243",17.3421703296703,14.8903846153846,53.7087912087912,44.6151510989011,32.3968406593407,4.90741758241758,27.4894230769231,12.5990384615385,22.8677197802198,23.5190934065934,12.1990384615385,338.722527472527,61.6648351648352,4,76.3131868131868,176.726648351648,15.5604395604396,23.7870879120879,167.028846153846,0,0,0,0,0,1,0,17,3,"{""type"":""Polygon"",""coordinates"":[[[-117.57495016674045,33.850646232213585],[-117.58137851061306,33.848891286553716],[-117.58529924558577,33.84431104820686],[-117.58518351148452,33.83869208042559],[-117.58107713321242,33.83422577083419],[-117.5745817795672,33.832653704167406],[-117.56823005746416,33.834588832774834],[-117.56449861304844,33.83927664145379],[-117.56484297937286,33.844889148068404],[-117.56912953903618,33.84923744597262],[-117.57495016674045,33.850646232213585]]]}"
"Aedes excrucians",2019.45238095238,-70.99535,42.19145,0,581,"00000000000000000244",9.72390532544379,10.6260355029586,29.2816568047337,86.2176094674556,27.8262721893491,-7.6094674556213,35.4357396449704,1,18.3284023668639,20.7413017751479,-1.57396449704142,1172.80828402367,118.031952662722,81.0213017751479,10,329.824852071006,254.950295857988,259.040236686391,311.553846153846,0,0,0,0,0,1,0,17,2,"{""type"":""Polygon"",""coordinates"":[[[-70.99535446738588,42.20044672782259],[-71.00256107756663,42.198691723455354],[-71.00695626892306,42.19411139165969],[-71.00682626009666,42.18849242726595],[-71.00222279815978,42.18402621311472],[-70.99494150795601,42.18245419958363],[-70.98782121213507,42.18438926423018],[-70.98363802969168,42.18907698188165],[-70.98402381053089,42.19468949855051],[-70.98882913900864,42.199037893449535],[-70.99535446738588,42.20044672782259]]]}"
"Aedes sticticus",2019.77083333333,-72.22375,42.42385,0,582,"00000000000000000245",7.71698113207547,12.5784198113208,31.308962264151,92.6921816037736,27.4169811320755,-11.9433962264151,39.3603773584906,17.1557783018868,-3.43691037735849,19.3258254716981,-4.75224056603774,1125.24410377358,101.371462264151,79.2158018867925,7,297.887971698113,253.64858490566,297.306603773585,259.587264150943,1,0,0,0,0,0,0,1,1,"{""type"":""Polygon"",""coordinates"":[[[-72.22374762558916,42.432850615627146],[-72.23098089758842,42.43109560941475],[-72.23539234263802,42.426515274682096],[-72.23526184452936,42.42089631039495],[-72.23064135358509,42.41643009924327],[-72.22333313923177,42.41485808738212],[-72.21618651405093,42.416793150018506],[-72.21198785600315,42.4214808648091],[-72.212375055346,42.427093381793846],[-72.21719815559302,42.431441779741306],[-72.22374762558916,42.432850615627146]]]}"
"Aedes triseriatus",2020,-83.54495,41.69345,0,583,"00000000000000000246",9.9,10.7136363636364,27.1363636363636,97.9120761670762,29.6880835380835,-8.6,38.2880835380835,22.1863636363636,-1.8,22.1863636363636,-3.1,838.970515970516,92.1265356265356,45,20,257.970515970516,156,257.970515970516,161,0,0,0,0,0,1,0,17,1,"{""type"":""Polygon"",""coordinates"":[[[-83.54495037198079,41.7024498630727],[-83.55210090123757,41.70069486261401],[-83.55646190423376,41.69611453703967],[-83.55633292449436,41.690495572420204],[-83.55176528168205,41.68602935191507],[-83.54454062432444,41.68445733484657],[-83.53747571025124,41.686392403751185],[-83.53332507946419,41.69108012746283],[-83.53370787651681,41.69669264346254],[-83.5384758234939,41.701041031904126],[-83.54495037198079,41.7024498630727]]]}"
"Culex quinquefasciatus",2018,-117.60815,33.90805,0,584,"00000000000000000247",17.9069863013699,15.27,55,42.7684246575342,32.6247945205479,5.05452054794521,27.5702739726027,13.391095890411,21.1245205479452,23.7491780821918,12.8,264.983561643836,44.7849315068493,5,63.5109589041096,128.205479452055,19.972602739726,27.972602739726,120.294520547945,0,0,0,1,0,0,0,14,3,"{""type"":""Polygon"",""coordinates"":[[[-117.60814817408335,33.9170511651015],[-117.61458152295407,33.91529621902335],[-117.61850530915137,33.91071598001068],[-117.61838948326847,33.90509701225352],[-117.61427990826732,33.900630703342124],[-117.60777950026583,33.89905863705393],[-117.60142283546809,33.90099376520564],[-117.59768848594248,33.905681573236016],[-117.5980331186214,33.91129407992229],[-117.60232301447917,33.915642378517596],[-117.60814817408335,33.9170511651015]]]}"
"Aedes communis",2012,-113.78185,49.06385,0,585,"00000000000000000248",2.63851554663992,13.2117352056168,35.9859578736209,77.4431895687061,22.4254764292879,-14.1584754262788,36.5839518555667,6.39809428284855,-1.91995987963892,12.6268806419258,-7.13681043129388,587.590772316951,80.6940822467402,34.5476429287864,26.4523570712136,196.601805416249,117.692076228686,175.669007021063,125.278836509529,1,0,0,0,0,0,0,1,1,"{""type"":""Polygon"",""coordinates"":[[[-113.78185152843514,49.07284894420181],[-113.79000085018411,49.07109387850867],[-113.79497072703411,49.066513449102196],[-113.79482340081178,49.06089448825433],[-113.7896178297482,49.05642837379372],[-113.7813845815471,49.05485641576148],[-113.77333335663761,49.05679141360233],[-113.7686029873857,49.061479036171285],[-113.76903890560193,49.06709156333483],[-113.77447259737752,49.07144005954968],[-113.78185152843514,49.07284894420181]]]}"
"Culex tarsalis",2014,-111.38315,49.86895,0,586,"00000000000000000249",4.90216748768473,13.7021674876847,31,101.652709359606,26.9942857142857,-16.7060098522167,43.7002955665025,15.488275862069,-1.02502463054187,17.5486699507389,-8.52886699507389,339,58,14,45,135,48,134,51,0,0,0,0,0,1,0,17,2,"{""type"":""Polygon"",""coordinates"":[[[-111.38314946235079,49.87794855760357],[-111.39143384705656,49.87619348363212],[-111.3964860567837,49.87161304104977],[-111.39633624621781,49.86599408068112],[-111.39104441138727,49.86152797967711],[-111.3826747809843,49.859956029136086],[-111.37449018637277,49.86189101795953],[-111.36968142153171,49.866578627693805],[-111.37012451952116,49.87219115627339],[-111.37564823491432,49.87653966616432],[-111.38314946235079,49.87794855760357]]]}"
"Aedes sticticus",2021.10810810811,-84.46625,31.19395,0,587,"0000000000000000024a",19.2924715909091,13.5,45,62.6547727272727,33.5090909090909,3.53380681818182,29.9752840909091,15.6823863636364,19.8985795454545,26.9,10.8958806818182,1336.01988636364,149.973011363636,57.9659090909091,23,396.299715909091,227.769886363636,396.245738636364,367.058238636364,1,0,0,0,0,0,0,3,2,"{""type"":""Polygon"",""coordinates"":[[[-84.46624969973429,31.202947963304812],[-84.47249133040593,31.201193033819635],[-84.47629823867399,31.196612821220217],[-84.47618592887613,31.190993852506807],[-84.47219880560746,31.18652751661928],[-84.46589200588778,31.18495543531175],[-84.4597246721731,31.18689058154261],[-84.45610160386862,31.191578415301702],[-84.45643603412006,31.19719091914492],[-84.46059813615067,31.201539190324873],[-84.46624969973429,31.202947963304812]]]}"
"Culex tarsalis",2019.21428571429,-116.26355,43.59415,0,588,"0000000000000000024b",10.4114982578397,14.0819976771196,36.2787456445993,82.8286759581882,32.3806039488966,-5.79674796747967,38.1773519163763,0.557375145180023,20.55737514518,21.2295005807201,-0.188501742160279,311.292682926829,38.8826945412311,8,36.5900116144019,112.292682926829,37,42,102.292682926829,0,0,0,0,0,1,0,17,3,"{""type"":""Polygon"",""coordinates"":[[[-116.26355084242729,43.603150605306105],[-116.27092329723213,43.601395589589],[-116.27541959116596,43.5968152397276],[-116.27528653844708,43.59119627598956],[-116.27057715100689,43.58673008028902],[-116.26312838508647,43.585158077029874],[-116.25584431328066,43.587093129311775],[-116.25156486790078,43.5917808293655],[-116.2519594718342,43.59739334797728],[-116.25687534582,43.60174176162769],[-116.26355084242729,43.603150605306105]]]}"
"Culex tarsalis",2019.39215686275,-116.34655,43.51115,0,589,"0000000000000000024c",10.3602100350058,14.4,37,82.3898833138857,32.2756126021003,-6.02217036172695,38.2977829638273,0.477829638273045,20.377829638273,21.1542590431739,-0.222170361726955,279.303383897316,34.3290548424737,7,34.3092182030338,97.8751458576429,35,40.6942823803967,86.8833138856476,0,0,0,0,1,0,0,15,3,"{""type"":""Polygon"",""coordinates"":[[[-116.34654809033506,43.520148898297265],[-116.353910395825,43.518393883266356],[-116.35840050253431,43.51381353449714],[-116.35826763612343,43.50819457071945],[-116.35356473107653,43.50372837390344],[-116.34612621424185,43.50215637002329],[-116.3388521651095,43.50409142305272],[-116.33457861080078,43.50877912417035],[-116.33497267481114,43.51439164266467],[-116.33988178368399,43.51874005518144],[-116.34654809033506,43.520148898297265]]]}"
"Aedes triseriatus",2021.77777777778,-83.50345,35.69255,0,590,"0000000000000000024d",12.228437917223,13.9217623497997,41,72.8662216288385,28.5913217623498,-5.05861148197597,33.6499332443258,5.83150867823765,12.9935914552737,21.3050734312417,2.44846461949266,1380.37249666222,142.18691588785,80.6889185580774,13.1789052069426,380.684913217624,284.405874499332,361.213618157543,354.969292389853,1,0,0,0,0,0,0,6,3,"{""type"":""Polygon"",""coordinates"":[[[-83.50344951847636,35.7015477338821],[-83.51002370256495,35.699792776310545],[-83.51403334696622,35.695212519002524],[-83.51391493850977,35.68959355190803],[-83.50971541100446,35.68512726168188],[-83.50307277879365,35.683555205796814],[-83.49657703182773,35.685490321426],[-83.49276093565688,35.69017811163515],[-83.49311306332936,35.695790620290374],[-83.49749683612626,35.70013893787519],[-83.50344951847636,35.7015477338821]]]}"
"Culex tarsalis",2021.75,-87.40445,32.91205,0,591,"0000000000000000024e",17.0607489597781,12.6869625520111,39,71.5496671289875,32.5253814147018,0.525104022191401,32.0002773925104,9.18363384188627,22.2945908460472,25.9945908460471,7.58890429958391,1432.35506241331,156.054091539528,80.9445214979195,18,438.5173370319,275.142857142857,332.307905686546,414.570041608877,1,0,0,0,0,0,0,5,1,"{""type"":""Polygon"",""coordinates"":[[[-87.40444948407296,32.92104851739962],[-87.41080946230328,32.919293577528116],[-87.41468851918151,32.914713348395324],[-87.41457403880547,32.90909438028041],[-87.41051132616242,32.904628061278586],[-87.4040850123058,32.90305598937244],[-87.39780080475695,32.90499112428663],[-87.3941090426119,32.90967894194084],[-87.39444977071145,32.91529144756374],[-87.39869075973981,32.91963973590431],[-87.40444948407296,32.92104851739962]]]}"
"Aedes sticticus",2013.24,-96.35185,42.43215,0,592,"0000000000000000024f",8.99336550060314,12.5351025331725,28,109.518383594692,30.2086851628468,-13.3623642943305,43.5710494571773,20.4278648974668,-5.79252110977081,22.5284680337756,-5.79252110977081,688.503015681544,104.648974668275,14.5042219541616,52.351025331725,288.633293124246,53.5042219541616,270.547647768396,53.5042219541616,0,0,0,0,0,1,0,17,3,"{""type"":""Polygon"",""coordinates"":[[[-96.35185424376374,42.4411490026876],[-96.35908847362192,42.43939399640907],[-96.36350050260523,42.43481366157115],[-96.36336998691806,42.42919469728782],[-96.35874888418567,42.424728486243666],[-96.35143970254963,42.423156474442365],[-96.34429213145458,42.4250915370067],[-96.34009291742655,42.42977925169475],[-96.34048016773042,42.435391768690806],[-96.34530390644997,42.43974016674754],[-96.35185424376374,42.4411490026876]]]}"
"Culex tarsalis",2019.23076923077,-116.42125,43.66055,0,593,"00000000000000000250",10.3898734177215,14.7,37,83.3484119677791,32.5944764096663,-6.3,38.8944764096663,0.3,20.4,21.2136939010357,-0.4,301.0333716916,37.0989643268124,7,36.0759493670886,109.008055235903,36,41,99.6133486766398,0,0,0,0,0,1,0,17,2,"{""type"":""Polygon"",""coordinates"":[[[-116.42125141028349,43.66954661999193],[-116.42863201521742,43.66779160372456],[-116.43313327762999,43.663211252987296],[-116.43300007529874,43.657592289281055],[-116.42828548235106,43.65312609447503],[-116.42082848618799,43.65155409171388],[-116.41353636595348,43.65348914339633],[-116.40925218991057,43.658176842596895],[-116.40964722741153,43.66378936130286],[-116.41456853393375,43.66813777586236],[-116.42125141028349,43.66954661999193]]]}"
"Aedes communis",2007,-78.49855,53.45455,0,594,"00000000000000000251",-3,10,21,123.33609403255,18.2311934900543,-27.9,46.1311934900543,10.8311934900543,-13.5028933092224,11.2356238698011,-19.8434900542495,615.575949367089,83.4358047016275,19,44,234.435804701628,71,211.96835443038,88,1,0,0,0,0,0,0,1,3,"{""type"":""Polygon"",""coordinates"":[[[-78.49855003698765,53.46355184658888],[-78.5075174057097,53.46179673207323],[-78.51298594329677,53.45721622496175],[-78.51282355601423,53.45159726694207],[-78.50709550762636,53.44713123184199],[-78.49803624550722,53.44555931798828],[-78.48917725134295,53.44749426264993],[-78.48397205812938,53.45218180952589],[-78.48445144798787,53.45779434503856],[-78.49043038285129,53.46214292190868],[-78.49855003698765,53.46355184658888]]]}"
"Aedes communis",2020.1,-145.75345,63.93745,0,595,"00000000000000000252",-2.88733003708282,10.6815203955501,23,129.822737948084,20.9104449938195,-25.0826328800989,45.9930778739184,13.5671199011125,-9.88399258343634,13.5671199011125,-19.1839925834363,298.88195302843,65,6,80.4215080346106,173.964153275649,21,173.964153275649,28.5457354758962,0,1,0,0,0,0,0,8,2,"{""type"":""Polygon"",""coordinates"":[[[-145.7534500131052,63.94644805403374],[-145.7656046853163,63.94469276646131],[-145.77301583624904,63.94011198394786],[-145.77279442395493,63.93449303599062],[-145.7650307688619,63.93002728215899],[-145.752753740139,63.928455524865136],[-145.74074803050718,63.930390281069236],[-145.7336928381351,63.93507755966939],[-145.7343412416037,63.94069012473467],[-145.7424443153925,63.94503898746889],[-145.7534500131052,63.94644805403374]]]}"
"Aedes communis",2018.60784313725,-71.30245,44.05895,0,596,"00000000000000000253",5.19977528089888,12.8293258426966,30.4741573033708,97.0890449438202,25.5361797752809,-15.7097752808989,41.2459550561798,0.503707865168539,-6.54123595505618,17.3022471910112,-7.90966292134831,1256.38764044944,126.798876404494,89.0651685393258,10,350.096629213483,275.066292134831,325.061797752809,295.505617977528,1,0,0,0,0,0,0,5,3,"{""type"":""Polygon"",""coordinates"":[[[-71.3024527569367,44.0679494627131],[-71.30988285748596,44.06619444311815],[-71.31441429335209,44.061614087084344],[-71.31428018237277,44.05599512357038],[-71.309533976468,44.05152893417375],[-71.30202699825274,44.04995693442414],[-71.29468600011394,44.05189198248152],[-71.29037309482781,44.05657967652275],[-71.29077076532045,44.062192195798296],[-71.29572506351661,44.06654061585536],[-71.3024527569367,44.0679494627131]]]}"
"Culex quinquefasciatus",2018,-117.38405,33.96615,0,597,"00000000000000000254",18.1046639231824,15.9548696844993,53,48.2059670781893,34.4548696844993,4.65102880658436,29.803840877915,13.1046639231824,24.1964334705075,24.7,12.4046639231824,261.603566529492,48.2085048010974,2,77.6186556927298,140.115226337449,11,19,129.406035665295,0,0,0,0,0,1,0,17,3,"{""type"":""Polygon"",""coordinates"":[[[-117.3840471324403,33.97514879272684],[-117.39048487367421,33.97339384628222],[-117.39441133761235,33.96881360668618],[-117.39429543118248,33.963194638950135],[-117.39018305074666,33.95872833063456],[-117.38367820706509,33.95715626467808],[-117.37731720458093,33.959091392430494],[-117.37358030554437,33.96377919989261],[-117.373925171975,33.96939170664167],[-117.37821799566173,33.97374000584248],[-117.3840471324403,33.97514879272684]]]}"
"Aedes sticticus",2017.57142857143,-76.88005,38.86315,0,598,"00000000000000000255",12.7613184079602,11.3042288557214,32,84.1608208955224,30.1772388059701,-4.37723880597015,34.5544776119403,23.3847014925373,1.65783582089552,23.3847014925373,1.65783582089552,1059.59452736318,108,71,12,304.089552238806,230,304.089552238806,230,0,0,0,0,0,1,0,17,2,"{""type"":""Polygon"",""coordinates"":[[[-76.88005242312367,38.87215140602532],[-76.88690963264469,38.870396426694995],[-76.89109181919267,38.865816134751704],[-76.89096822036538,38.86019716891246],[-76.88658792250364,38.85573091405964],[-76.87965947414718,38.85415887786857],[-76.87288422531047,38.85609396979157],[-76.86890384938378,38.860781726262914],[-76.86927103875671,38.866394238644865],[-76.87384346835287,38.87074259217916],[-76.88005242312367,38.87215140602532]]]}"
"Aedes vexans",2016.55357142857,-112.01395,40.80535,0,599,"00000000000000000256",10.9,12.8315724815725,32,91.6079852579853,33.1,-6.7,39.8,9.8522113022113,23.0522113022113,23.0522113022113,-0.7,414.755528255528,54,20,27.97542997543,146.72113022113,70.5626535626536,70.5626535626536,91.6891891891892,0,0,0,1,0,0,0,14,2,"{""type"":""Polygon"",""coordinates"":[[[-112.01394727467441,40.8143485426621],[-112.02100123581286,40.81259354902586],[-112.02530336822836,40.80801323431109],[-112.02517616028331,40.80239426929766],[-112.02067019599869,40.79792803770156],[-112.01354305753152,40.796356014458375],[-112.00657350800591,40.798291090795644],[-112.00247892931293,40.802978825085496],[-112.00285658821022,40.80859133991713],[-112.00756016622317,40.81293971708703],[-112.01394727467441,40.8143485426621]]]}"
"Aedes sticticus",2013.34482758621,-90.53355,41.54405,0,600,"00000000000000000257",9.90123609394314,10.4866501854141,25.8665018541409,104.814474660074,29.3866501854141,-10.7526576019778,40.1393077873918,22.7133498145859,-4.36600741656366,22.7133498145859,-4.36600741656366,881.752781211372,108,28,36.991347342398,314.805933250927,110.033374536465,314.805933250927,110.033374536465,0,0,0,0,0,1,0,17,3,"{""type"":""Polygon"",""coordinates"":[[[-90.53354784361069,41.553047682277],[-90.54068182270949,41.551292682979096],[-90.54503273629135,41.54671235925241],[-90.54490406022838,41.541093394565905],[-90.54034698807735,41.53662717217374],[-90.53313904378957,41.53505515405468],[-90.52609047356995,41.5369902242239],[-90.52194944917136,41.54167794973532],[-90.52233136565188,41.5472904655363],[-90.52708828088204,41.551638852060115],[-90.53354784361069,41.553047682277]]]}"
"Aedes communis",2018.25287356322,-72.19055,42.54005,0,601,"00000000000000000258",6.88472553699284,12.3062052505967,31,92.7857398568019,26.4972553699284,-12.7503579952267,39.2476133651551,18.4949880668258,-4.31575178997613,18.4949880668258,-5.58914081145585,1134.9045346062,104.131264916468,80.3603818615752,7.66945107398568,302.147971360382,256.157517899761,302.147971360382,261.463007159905,1,0,0,0,0,0,0,6,1,"{""type"":""Polygon"",""coordinates"":[[[-72.19054961824625,42.54905032997889],[-72.19779633983377,42.547295322838806],[-72.20221598407183,42.54271498662951],[-72.20208523913486,42.53709602239595],[-72.19745615788852,42.532629812752376],[-72.1901343616293,42.53105780173082],[-72.18297445458404,42.53299286335657],[-72.17876798984868,42.53768057670877],[-72.17915590474773,42.54329309385233],[-72.18398796997946,42.54764149333248],[-72.19054961824625,42.54905032997889]]]}"
"Culex tarsalis",2011,-99.94575,19.96405,0,602,"00000000000000000259",14.2953525641026,16.1307692307692,70,17.2036858974359,25.4166666666667,2.50961538461539,22.9070512820513,15.5320512820513,12.8884615384615,16.2862179487179,11.8979166666667,817.386217948718,179.145833333333,8,93.213141025641,483.783653846154,33.2083333333333,219.488782051282,34.8830128205128,0,0,0,0,1,0,0,15,1,"{""type"":""Polygon"",""coordinates"":[[[-99.9457470016074,19.97304977008353],[-99.95142739930318,19.971294900853373],[-99.95489217628565,19.966714784173867],[-99.95479017795516,19.961095811992546],[-99.95116151333694,19.95662937814085],[-99.94542144841698,19.955057242288376],[-99.93980833035167,19.95699245417622],[-99.93651102361007,19.961680381368705],[-99.93681560695703,19.96729287488269],[-99.94060362106123,19.97164104650436],[-99.9457470016074,19.97304977008353]]]}"
"Culex tarsalis",2023,-106.84305,32.58835,0,603,"0000000000000000025a",14.8203910614525,19,48,76.6415921787709,34.3,-4.98100558659218,39.2810055865922,23.8,14.3012569832402,24.7684357541899,5.08896648044693,257,55,5,72,140,22,120,40,0,1,0,0,0,0,0,7,1,"{""type"":""Polygon"",""coordinates"":[[[-106.84304883826906,32.59734899462682],[-106.84938573987776,32.59559405674231],[-106.85325072845396,32.59101383077249],[-106.85313667128878,32.58539486254307],[-106.84908869784552,32.58092854031087],[-106.84268568813366,32.57935646660617],[-106.83642426989316,32.581291603685315],[-106.83274590238045,32.58597942442053],[-106.83308540242854,32.591591929702965],[-106.83731100923758,32.59594021476058],[-106.84304883826906,32.59734899462682]]]}"
"Aedes sticticus",2005.5,-109.25005,45.62765,0,604,"0000000000000000025b",7.74930629669157,16.1695837780149,37,89.0806296691569,30.7186766275347,-12.0898612593383,42.808537886873,12.2409818569904,-3.72027748132337,19.4288153681964,-3.72027748132337,370.078975453575,73.5069370330843,12.6627534685165,55.0149413020278,165.588046958378,41.9701173959445,109.081109925294,41.9701173959445,0,0,0,0,0,1,0,17,3,"{""type"":""Polygon"",""coordinates"":[[[-109.25005375051492,45.63665229511325],[-109.25768902846951,45.63489726196545],[-109.26234554345798,45.63031688435973],[-109.26220766476281,45.62469792162918],[-109.25733041186862,45.620231754264104],[-109.24961624153514,45.61865976677979],[-109.2420726282707,45.62059480007306],[-109.23764062985788,45.62528247310115],[-109.23804921396913,45.63089499469624],[-109.24314027393054,45.635243437143984],[-109.25005375051492,45.63665229511325]]]}"
"Culex pipiens",2020,-86.18435,39.72635,0,605,"0000000000000000025c",11.1932835820896,11.4,30,94.3538805970149,29.9,-7.9,37.8,20.8932835820896,-1.6,22.8932835820896,-1.6,1010.39303482587,115,59,20,313.970149253731,196.300995024876,296.970149253731,196.300995024876,0,0,0,0,0,1,0,17,1,"{""type"":""Polygon"",""coordinates"":[[[-86.1843502538291,39.735348647052426],[-86.19129255241272,39.73359366146362],[-86.19552661198354,39.72901335955832],[-86.19540145244326,39.7233943940803],[-86.19096680766268,39.71892814940176],[-86.18395243170234,39.71735611887513],[-86.17709315356458,39.7192912039797],[-86.17306338842162,39.72397895074715],[-86.1734351056706,39.72959146420082],[-86.17806425303944,39.73393982807515],[-86.1843502538291,39.735348647052426]]]}"
"Culex tarsalis",2019,-116.27185,43.48625,0,606,"0000000000000000025d",10.2239256678281,14.0649245063879,36.6492450638792,82.5117537746806,32.0823461091754,-5.92752613240418,38.0098722415796,0.452148664343786,20.3823461091754,21.0492450638792,-0.298373983739837,301.807200929152,37.31475029036,8,35.4750290360046,107.277584204413,36.3507549361208,42.8362369337979,96.6933797909408,0,0,1,0,0,0,0,10,3,"{""type"":""Polygon"",""coordinates"":[[[-116.27184922948773,43.49524927801484],[-116.27920849874813,43.4934942631894],[-116.28369675451083,43.48891391474724],[-116.2835639438344,43.48329495095767],[-116.27886297803519,43.47882875380764],[-116.27142752727838,43.477256749741535],[-116.26415647649115,43.4791918029948],[-116.25988468453241,43.48387950443102],[-116.26027858702071,43.489492022890175],[-116.26518567206811,43.493840435067455],[-116.27184922948773,43.49524927801484]]]}"
"Aedes sticticus",2020.53846153846,-100.90855,46.79795,0,607,"0000000000000000025e",5.35381355932203,13.3533898305085,28,114.973707627119,28.593220338983,-18.2082627118644,46.8014830508475,17.1116525423729,-10.0904661016949,19.656779661017,-10.0904661016949,419.238347457627,79.9957627118644,10,64.7658898305085,201.002118644068,31,191.995762711864,31,0,0,1,0,0,0,0,10,3,"{""type"":""Polygon"",""coordinates"":[[[-100.90854718286533,46.80694782569118],[-100.91634696138519,46.80519278192894],[-100.92110375724117,46.80061238742856],[-100.92096285651132,46.794993425311795],[-100.91598053728771,46.790527275201356],[-100.90810025324384,46.78895529732287],[-100.90039419573586,46.79089031905331],[-100.8958667147514,46.795577975624326],[-100.89628404748892,46.80119049903578],[-100.9014847549635,46.80553895901948],[-100.90854718286533,46.80694782569118]]]}"
"Aedes communis",2020.02777777778,-105.56485,40.04175,0,608,"0000000000000000025f",-0.964601769911505,13.3007585335019,39.0202275600506,73.2566498103666,17.6566371681416,-16.1926675094817,33.8493046776233,-3.15701643489254,0.0319848293299621,8.82730720606827,-9.55360303413401,733.798988621998,78.8495575221239,43.763590391909,16,222.115044247788,151.466498103666,190.469026548673,169.748419721871,1,0,0,0,0,0,0,1,1,"{""type"":""Polygon"",""coordinates"":[[[-105.56485198039985,40.05074978276476],[-105.57182629629857,40.04899479485006],[-105.57607987461412,40.0444144892425],[-105.57595412776328,40.038795523898735],[-105.57149903333406,40.03432928300136],[-105.56445232460874,40.03275725457983],[-105.5575614279949,40.034692337150425],[-105.5535130786797,40.039380080311545],[-105.55388649963012,40.044992594163496],[-105.55853698873025,40.04934096188057],[-105.56485198039985,40.05074978276476]]]}"
"Aedes sticticus",2019.33333333333,-83.83545,41.61875,0,609,"00000000000000000260",9.5,11.2,29,95.5316387559809,28.9657894736842,-8.92667464114833,37.8924641148325,21.3885167464115,-1.9,21.3885167464115,-3.3,847,92,45,20,261,157,261,161,0,0,0,0,1,0,0,15,1,"{""type"":""Polygon"",""coordinates"":[[[-83.83544742830962,41.627751002225374],[-83.84258966707647,41.62599600234773],[-83.84694561597148,41.62141567769827],[-83.84681678835418,41.61579671304524],[-83.84225444071527,41.611330491595524],[-83.83503815545336,41.60975847400116],[-83.82798142852407,41.611693543538784],[-83.8238356098763,41.61638126815133],[-83.82421796582406,41.621993784051575],[-83.82898038665611,41.62634217153319],[-83.83544742830962,41.627751002225374]]]}"
"Aedes sticticus",2020.67741935484,-88.19295,31.81645,0,610,"00000000000000000261",18.0992927864215,14.2,43.4582743988685,67.5410749646393,33.5007072135785,1.24582743988685,32.2548797736917,10.5992927864215,23.0165487977369,26.3758132956153,9,1500.48797736917,172.007072135785,78.2418670438473,20,458.01414427157,280.256011315417,356.939179632249,437.01414427157,0,0,0,1,0,0,0,14,1,"{""type"":""Polygon"",""coordinates"":[[[-88.19294786425273,31.825447388567955],[-88.19923121052757,31.823692455364476],[-88.20306354997447,31.819112236846102],[-88.20295047503339,31.813493268346935],[-88.1989367077435,31.809026938504505],[-88.19258778130384,31.80745486056269],[-88.18637925152831,31.809390002742152],[-88.18273196975811,31.8140778307357],[-88.18306861984718,31.819690335216055],[-88.18725852823371,31.82403861253952],[-88.19294786425273,31.825447388567955]]]}"
"Culex quinquefasciatus",2019.21428571429,-81.17115,28.42175,0,611,"00000000000000000262",22.1,11.099709724238,47,44.3183744557329,32.7,9.4,23.3,27.2,17.1747460087083,27.3,16.05587808418,1261.45718432511,184.699564586357,54,48.4412191582003,542.396226415094,169.814223512337,525.210449927431,187.438316400581,0,0,0,1,0,0,0,14,3,"{""type"":""Polygon"",""coordinates"":[[[-81.17115238527992,28.430747133882768],[-81.17722328951365,28.428992220390644],[-81.18092611819502,28.424412033249975],[-81.18081694076184,28.418793063615407],[-81.17693886132228,28.414326701726576],[-81.1708044690438,28.412754605942236],[-81.16480573402092,28.414689769599185],[-81.16128176235001,28.419377628157136],[-81.16160710859972,28.424990129259513],[-81.16565541024829,28.429338374014936],[-81.17115238527992,28.430747133882768]]]}"
"Culex quinquefasciatus",2018,-117.35085,33.94955,0,612,"00000000000000000263",17.8447187928669,15.8212620027435,52.9218106995885,48.9782578875171,34.338683127572,4.53058984910837,29.8080932784636,12.6980795610425,24.0141289437586,24.5683127572016,12.0681755829904,281.928669410151,54.2729766803841,2,80.238683127572,153.18792866941,10.1248285322359,18.1248285322359,142.625514403292,0,0,0,0,0,1,0,17,3,"{""type"":""Polygon"",""coordinates"":[[[-117.35085358419848,33.958547559504865],[-117.3572900690396,33.95679261316502],[-117.36121576703604,33.952212373735755],[-117.36109988364585,33.946593405993674],[-117.35698830567729,33.94212709750776],[-117.3504847307789,33.940555031456455],[-117.34412496904777,33.94249015932301],[-117.34038879927398,33.947177966947585],[-117.34073359884222,33.952790473678704],[-117.34502558505191,33.95713877270641],[-117.35085358419848,33.958547559504865]]]}"
"Aedes communis",2018.94117647059,-89.56245,45.49485,0,613,"00000000000000000264",4.57664473684211,12.3416666666667,27,110.697763157895,26.3845394736842,-18.3177631578947,44.702302631579,16.7845394736842,-10.6145833333333,18.0139254385965,-10.6145833333333,799.137061403509,109.583333333333,22,45,308.583333333333,85,297.353070175439,85,0,0,0,1,0,0,0,14,3,"{""type"":""Polygon"",""coordinates"":[[[-89.56244481619125,45.503846888438474],[-89.57006206297811,45.50209185646709],[-89.5747075859629,45.497511480733856],[-89.57457003844715,45.491892517935284],[-89.56970430205794,45.487426348657834],[-89.56200833983033,45.485854360108874],[-89.55448253244863,45.48778939468367],[-89.55006100003735,45.49247706953575],[-89.55046862512339,45.498089590929524],[-89.55554766639438,45.50243803143371],[-89.56244481619125,45.503846888438474]]]}"
"Culex tarsalis",2020,-99.05765,35.39375,0,614,"00000000000000000265",15.6237400530504,13.7505305039788,34,89.9471883289125,35.3505305039788,-4.25053050397878,39.6010610079576,23.6767904509284,3.7,27.023474801061,3.7,699.476127320955,114.503978779841,20.0092838196286,47.5185676392573,264.007957559682,73.2586206896552,221.007957559682,73.2586206896552,0,0,0,0,1,0,0,15,1,"{""type"":""Polygon"",""coordinates"":[[[-99.05764568119679,35.40274783139175],[-99.06419541027368,35.40099287577979],[-99.06819014601972,35.39641262159107],[-99.06807218600552,35.39079365438357],[-99.06388827809927,35.38632736097165],[-99.05727034209323,35.384755303312886],[-99.05079874573917,35.38669042107713],[-99.04699684427914,35.39137821432473],[-99.04734767049749,35.39699072264428],[-99.05171514224432,35.40133903699142],[-99.05764568119679,35.40274783139175]]]}"
"Aedes sticticus",2013.05208333333,-93.59625,42.04205,0,615,"00000000000000000266",8.74703087885986,12.0479809976247,27,109.50390736342,29.6186460807601,-13.6274346793349,43.246080760095,20.0706650831354,-6.35439429928741,22.0470308788599,-6.35439429928741,838.450118764846,127.004750593824,19.458432304038,49.5463182897862,336.013064133017,71.916864608076,335.29809976247,71.916864608076,0,0,0,0,1,0,0,15,1,"{""type"":""Polygon"",""coordinates"":[[[-93.59625464756367,42.05104900612794],[-93.60344428437956,42.04929400293969],[-93.60782912834942,42.04471367302063],[-93.60769943099588,42.0390947085588],[-93.60310681001647,42.034628492490974],[-93.595842660203,42.033056477892856],[-93.58873912611797,42.03499154382381],[-93.58456579570718,42.03967926330328],[-93.58495067348979,42.045291779770295],[-93.58974468814914,42.049640172721496],[-93.59625464756367,42.05104900612794]]]}"
"Aedes sticticus",2019.0612244898,-78.04205,39.03745,0,616,"00000000000000000267",11.8076059850374,12.7350374064838,34,85.2785536159601,30.1840399002494,-6.4209476309227,36.6049875311721,20.495885286783,0.428304239401496,22.5781795511222,0.428304239401496,975.539900249377,98.143391521197,63,14,285.143391521197,192.557356608479,280.950124688279,192.557356608479,0,0,0,0,1,0,0,15,3,"{""type"":""Polygon"",""coordinates"":[[[-78.04205402574219,39.04644874800242],[-78.04892812261106,39.044693767420746],[-78.05312060423913,39.04011347348561],[-78.05299669567535,39.034494507718584],[-78.04860561175508,39.03002825490005],[-78.04166010960613,39.02845621984156],[-78.03486818372821,39.03039131040126],[-78.03087800568433,39.035079064932354],[-78.03124609370381,39.04069157752859],[-78.03582977990057,39.04503993313032],[-78.04205402574219,39.04644874800242]]]}"
"Aedes communis",2010,-93.78715,58.63375,0,617,"00000000000000000268",-7.6,8.9,17,140.850590520591,17.1163947163947,-32.7,49.8163947163947,9.31639471639472,-25.1,9.7,-25.999222999223,420.001554001554,62,15,43,166.001554001554,49,158,52,0,0,0,1,0,0,0,14,1,"{""type"":""Polygon"",""coordinates"":[[[-93.78714876366169,58.64274867005469],[-93.79740781963187,58.64099348306741],[-93.80366367745656,58.63641286061876],[-93.80347743734312,58.63079390680582],[-93.79692442126573,58.62632798949997],[-93.78656101259539,58.62475614121619],[-93.77642667284425,58.626691006948825],[-93.77047174333744,58.63137844147293],[-93.77101969899773,58.636990989369394],[-93.77785951332694,58.64133968595708],[-93.78714876366169,58.64274867005469]]]}"
"Aedes vexans",2018,-116.27185,43.67715,0,618,"00000000000000000269",10.3257174392936,14.4101545253863,37,83.3628366445916,32.5915011037528,-6.05275938189846,38.6442604856512,0.416777041942605,20.5257174392936,21.2530905077263,-0.352759381898455,328.753863134658,41.7317880794702,8,37.8079470198675,121.432671081678,37.5022075055188,43.0264900662252,111.432671081678,0,0,0,0,0,1,0,17,3,"{""type"":""Polygon"",""coordinates"":[[[-116.27184922948776,43.68614785321391],[-116.27923187659464,43.684392836808776],[-116.28373438395559,43.6798124858522],[-116.28360114413567,43.67419352215392],[-116.27888524684724,43.66972732757187],[-116.27142618843787,43.66815532493541],[-116.26413205151404,43.670090376467776],[-116.25984669011181,43.67477807545472],[-116.26024183625108,43.68039059418427],[-116.26516450400037,43.68473900897139],[-116.27184922948776,43.68614785321391]]]}"
"Culex pipiens",2020,-87.78625,41.86775,0,619,"0000000000000000026a",9.86305655836342,10.1194945848375,26,99.4595066185319,28.879302045728,-9.5,38.379302045728,22.1922984356197,-3.5,22.1922984356197,-3.5,920.075812274368,102,36.0758122743682,28,300,143.075812274368,300,143.075812274368,0,0,0,0,0,1,0,17,3,"{""type"":""Polygon"",""coordinates"":[[[-87.7862466344711,41.876747205049796],[-87.79341663075445,41.87499220323007],[-87.79778950135585,41.87041187548932],[-87.79766016440753,41.86479291094844],[-87.79308008791958,41.86032669265588],[-87.78583577193031,41.858754676819196],[-87.77875163351271,41.86068974424106],[-87.77458970326826,41.8653774658424],[-87.77497353607676,41.87098998207512],[-87.77975445907326,41.87533837276535],[-87.7862466344711,41.876747205049796]]]}"
"Aedes vexans",2015.59016393443,-111.94755,40.83025,0,620,"0000000000000000026b",10.8,13.4028985507246,33,91.0782367149758,33.2981884057971,-6.8981884057971,40.1963768115942,9.8,22.8467391304348,22.8467391304348,-0.7,432.229468599034,56.0277777777778,20,27.3913043478261,152.090579710145,71,71,101.247584541063,0,0,0,0,0,1,0,17,2,"{""type"":""Polygon"",""coordinates"":[[[-111.94754680088752,40.83924816294454],[-111.9546034109422,40.83749316911954],[-111.95890715821301,40.83291285410428],[-111.95877990167041,40.82729388910174],[-111.95427224550915,40.82282765781253],[-111.94714243203926,40.8212556347402],[-111.94017026660609,40.82319071087181],[-111.93607415037326,40.827878444868965],[-111.93645195021692,40.83349095973291],[-111.9411572939085,40.8378393372147],[-111.94754680088752,40.83924816294454]]]}"
"Aedes sticticus",2018.80459770115,-83.79395,41.56895,0,621,"0000000000000000026c",9.58947368421052,11.1074663402693,29,95.6916768665851,29,-8.90122399020808,37.9012239902081,21.4987760097919,-1.84871481028152,21.4987760097919,-3.24871481028152,845.971848225214,93,44,21,262.823745410037,156,262.823745410037,160,1,0,0,0,0,0,0,5,1,"{""type"":""Polygon"",""coordinates"":[[[-83.79395103390625,41.57794730255944],[-83.80108776259219,41.57619230306845],[-83.80544035239565,41.57161197903443],[-83.80531162588152,41.56599301435908],[-83.8007527975565,41.561526792280794],[-83.79354207661494,41.55995477433649],[-83.78649079108193,41.56188984429536],[-83.78234817071048,41.566577569507395],[-83.7827302334869,41.57219008534144],[-83.78748898149455,41.576538472184254],[-83.79395103390625,41.57794730255944]]]}"
"Aedes vexans",2016.93023255814,-112.04715,40.80535,0,622,"0000000000000000026d",10.9,12.5350122850123,31,91.7561302211302,32.930343980344,-6.74226044226044,39.6726044226044,9.85958230958231,23.0544226044226,23.0544226044226,-0.8,407.555282555283,53.0859950859951,20,27.6388206388206,143.970515970516,71,71,86.6769041769042,0,0,0,1,0,0,0,14,2,"{""type"":""Polygon"",""coordinates"":[[[-112.04714974111836,40.8143485426621],[-112.05420370225681,40.81259354902586],[-112.05850583467232,40.80801323431109],[-112.05837862672726,40.80239426929766],[-112.05387266244263,40.79792803770155],[-112.04674552397547,40.796356014458375],[-112.03977597444987,40.798291090795644],[-112.03568139575688,40.802978825085496],[-112.03605905465417,40.808591339917115],[-112.04076263266712,40.812939717087026],[-112.04714974111836,40.8143485426621]]]}"
"Aedes vexans",2016.28985507246,-112.01395,40.79705,0,623,"0000000000000000026e",10.9,12.832077764277,32,91.621567436209,33.1,-6.7,39.8,9.85212636695018,23.0521263669502,23.0521263669502,-0.7,412.349939246659,53.8894289185905,20,27.8396111786148,146.11907654921,70.1251518833536,70.1251518833536,90.951397326853,0,0,0,1,0,0,0,14,2,"{""type"":""Polygon"",""coordinates"":[[[-112.01394727467441,40.80605015560163],[-112.02100035373658,40.80429516202829],[-112.02530194841304,40.799714847413604],[-112.02517475665067,40.79409588239653],[-112.02066935575282,40.78962965069821],[-112.0135431080487,40.78805762739812],[-112.00657442960772,40.7899927038039],[-112.00248036290807,40.79468043819124],[-112.00285797487084,40.800292953012104],[-112.00756096492131,40.80464133007812],[-112.01394727467441,40.80605015560163]]]}"
"Aedes excrucians",2020,-71.16965,42.24955,0,624,"0000000000000000026f",9.6,11.2,30,87.6096208530806,28.2,-8.15521327014218,36.3552132701422,0.652369668246445,18.4,20.7635071090047,-1.92760663507109,1149.913507109,116.162322274882,82,10,323.129146919431,255.299763033175,259.488151658768,301.9336492891,0,0,0,0,0,1,0,17,2,"{""type"":""Polygon"",""coordinates"":[[[-71.16964735026191,42.25854881454899],[-71.17686059646188,42.256793809721735],[-71.18125983329892,42.25221347719383],[-71.18112970269442,42.246594512826675],[-71.17652200230562,42.24212829942327],[-71.16923401078569,42.24055628630851],[-71.16210716168956,42.2424913504539],[-71.1579201274304,42.24717906739211],[-71.15830626133184,42.252791584139736],[-71.16311601313308,42.25713997979878],[-71.16964735026191,42.25854881454899]]]}"
"Culex quinquefasciatus",2018,-117.37575,33.99935,0,625,"00000000000000000270",18.2651577503429,16,53,48.4702469135802,34.6748971193416,4.74526748971193,29.9296296296296,13.2058984910837,24.399451303155,24.899451303155,12.5447187928669,259.336076817558,48.3717421124828,2,78.3127572016461,138.748971193416,11,19,129.115226337449,0,0,0,0,0,1,0,17,3,"{""type"":""Polygon"",""coordinates"":[[[-117.37574874537984,34.00835125917081],[-117.38218900249382,34.00659631251652],[-117.38611700020205,34.00201607258673],[-117.38600104763617,33.99639710486277],[-117.3818870602892,33.991930796888056],[-117.37537967591611,33.99035873112137],[-117.3690161888698,33.992293858645326],[-117.36527782951136,33.99698166578235],[-117.3656228298316,34.00259417256733],[-117.36991733053513,34.00694247211456],[-117.37574874537984,34.00835125917081]]]}"
"Aedes sticticus",2013.7358490566,-92.44255,42.53175,0,626,"00000000000000000271",8.04929078014185,11.7,27,109.920236406619,28.746926713948,-14.4284869976359,43.1754137115839,19.446926713948,-7.06820330969267,21.3919621749409,-7.06820330969267,867.254137115839,116.284869976359,21,47,339.738770685579,78.1465721040189,337.284869976359,78.1465721040189,0,0,0,0,0,1,0,17,2,"{""type"":""Polygon"",""coordinates"":[[[-92.44255143200562,42.54074748381737],[-92.44979718992829,42.53899247674369],[-92.45421624669353,42.53441214064009],[-92.45408551944205,42.528793176402694],[-92.44945705369199,42.524326966651174],[-92.44213623057786,42.52275495556952],[-92.43497727517969,42.5246900172676],[-92.43077136979457,42.529377730722764],[-92.43115923342414,42.53499024785495],[-92.4359906563136,42.539338647225385],[-92.44255143200562,42.54074748381737]]]}"
"Culex quinquefasciatus",2019.36842105263,-81.20435,28.47985,0,627,"00000000000000000272",22.0157205240175,11.1,47,44.8191848617176,32.7,9.31572052401747,23.3842794759825,27.2,17,27.3,15.9411935953421,1263.65793304221,186.975254730713,54,49,544.039301310044,166.874818049491,528.167394468705,188.132459970888,0,0,0,1,0,0,0,14,2,"{""type"":""Polygon"",""coordinates"":[[[-81.20435485172388,28.488849220609172],[-81.21042909365926,28.487094306790716],[-81.21413395708053,28.482514119130563],[-81.21402471839052,28.476895149514785],[-81.2101445071491,28.47242878815651],[-81.20400674433749,28.47085669266757],[-81.19800471324062,28.472791855968932],[-81.1944788042321,28.477479714020873],[-81.1948043280539,28.483092215179173],[-81.19885485448556,28.48744046047379],[-81.20435485172388,28.488849220609172]]]}"
"Culex tarsalis",2022.28947368421,-104.74315,40.81365,0,628,"00000000000000000273",8.36128640776699,15.9041262135922,39,84.8865776699029,29.9623786407767,-10.5506067961165,40.5129854368932,17.0582524271845,-2.15266990291262,19.6582524271845,-2.15266990291262,365.938106796117,63,8,59,169.979368932039,26,144.979368932039,26,0,0,1,0,0,0,0,10,1,"{""type"":""Polygon"",""coordinates"":[[[-104.74314667467505,40.822646929722566],[-104.75020151825845,40.820891936023436],[-104.75450418863771,40.81631162120855],[-104.75437696450318,40.810692656198725],[-104.74987043659635,40.806226424704896],[-104.7427424069939,40.80465440151863],[-104.73577198601961,40.806589477787384],[-104.73167689511932,40.81127721197971],[-104.7320546009707,40.8168897268221],[-104.73675876719186,40.82123810409592],[-104.74314667467505,40.822646929722566]]]}"
"Aedes communis",2020,-149.51335,68.57715,0,629,"00000000000000000274",-11.7673145780051,11.5091560102302,22,145.217913043478,16.2198976982097,-35.3769820971867,51.5968797953964,7.70777493606138,-23.3837851662404,7.70777493606138,-29.0519693094629,228.70179028133,46,8,62,116,27,116,32,0,0,0,0,0,0,0,11,1,"{""type"":""Polygon"",""coordinates"":[[[-149.5133506440676,68.58614715924523],[-149.52797227089644,68.58439174622046],[-149.53688666585302,68.57981076409375],[-149.53661917542323,68.57419182346767],[-149.5272800730485,68.5697262735003],[-149.5125131727458,68.568154629665],[-149.49807254539476,68.57008924929332],[-149.48958549493247,68.57477633344067],[-149.4903642996009,68.58038891988849],[-149.50011115124823,68.58473798982457],[-149.5133506440676,68.58614715924523]]]}"
"Aedes triseriatus",2024,-97.82095,30.25605,0,630,"00000000000000000275",19.7330459770115,12.283908045977,38,69.3292097701149,35.3244252873563,3.3330459770115,31.9913793103448,23.605316091954,12.0330459770115,28.2777298850575,10.4955459770115,822.454022988506,112.004310344828,40.2873563218391,32,275.173850574713,155.952586206897,183.497126436782,160.826149425287,1,0,0,0,0,0,0,1,3,"{""type"":""Polygon"",""coordinates"":[[[-97.82095413593306,30.265047402329316],[-97.82713531627044,30.263292478355158],[-97.83090537217056,30.258712274528474],[-97.8307941712763,30.253093305497586],[-97.82684565798782,30.248626960650373],[-97.82059990413568,30.24705487435436],[-97.81449226767778,30.248990026589976],[-97.81090428724387,30.253677868894414],[-97.81123550085196,30.259290371793227],[-97.81535730861981,30.263638633867657],[-97.82095413593306,30.265047402329316]]]}"
"Culex tarsalis",2018.26470588235,-116.43785,43.49455,0,631,"00000000000000000276",10.4,14.6614754098361,37.6241217798595,82.3092271662764,32.3689695550351,-6.13009367681499,38.4990632318501,0.477751756440281,20.326112412178,21.1586651053864,-0.2,264.610070257611,32,7,32.5245901639344,91.2131147540984,34.4320843091335,40,80.4355971896956,0,0,0,0,0,1,0,17,3,"{""type"":""Polygon"",""coordinates"":[[[-116.43785264350544,43.503547665075295],[-116.44521292422841,43.5017926501814],[-116.44970179659903,43.49721230163026],[-116.44956896735579,43.491593337844655],[-116.4448673555328,43.4871271408059],[-116.43743088336996,43.485555136801764],[-116.43015883374058,43.48749018998044],[-116.42588645468818,43.49217789131052],[-116.42628041098456,43.497790409781395],[-116.43118817023125,43.50213882207179],[-116.43785264350544,43.503547665075295]]]}"
"Aedes triseriatus",2025,-91.24735,39.88405,0,632,"00000000000000000277",11.3,10.9112623762376,27,99.2886138613861,30.5112623762376,-8.61126237623762,39.1225247524752,21.4112623762376,-2.2,23.5,-2.2,966.540841584158,114,36.5866336633663,30,319.954207920792,136.586633663366,301.066831683168,136.586633663366,0,0,0,0,1,0,0,15,3,"{""type"":""Polygon"",""coordinates"":[[[-91.2473518220442,39.8930492149086],[-91.2543100660982,39.891294228159516],[-91.25855384652328,39.886713924407346],[-91.2584283944901,39.88109495899629],[-91.25398356524236,39.876628716203996],[-91.24695308670371,39.875056686727476],[-91.24007806172276,39.87699177056798],[-91.23603904116986,39.88167951553641],[-91.23641160691072,39.88729202918878],[-91.24105138302907,39.89164039498005],[-91.2473518220442,39.8930492149086]]]}"
"Culex quinquefasciatus",2018,-117.55835,33.88315,0,633,"00000000000000000278",17.8,15.5561042524006,54.9190672153635,43.9387242798354,32.9230452674897,4.75528120713306,28.1677640603567,13.1919067215364,21.1861454046639,23.8333333333333,12.5919067215364,244.962962962963,35.9821673525377,5.91906721536351,50.9053497942387,106.551440329218,24.5377229080933,35.0178326474623,100.251028806584,0,0,0,0,0,1,0,17,3,"{""type"":""Polygon"",""coordinates"":[[[-117.55834893351847,33.892147085718],[-117.56478040342128,33.89039213979681],[-117.568703044133,33.88581190103397],[-117.56858725270656,33.88019293326776],[-117.56447887781603,33.87572662410121],[-117.55798036731245,33.87415455767097],[-117.55162555809285,33.87608968599367],[-117.54789229919868,33.880777494267406],[-117.5482368318832,33.8863900009268],[-117.55252547527247,33.890738299262786],[-117.55834893351847,33.892147085718]]]}"
"Aedes sticticus",2015,-93.56305,41.61875,0,634,"00000000000000000279",9.39426523297491,11.7448028673835,27,107.614611708483,29.9676224611708,-12.473596176822,42.4412186379928,20.5181600955795,-5.36439665471924,22.5676224611708,-5.36439665471924,843.751493428913,121.26403823178,23,45,324.816009557945,81.5543608124253,322.229390681004,81.5543608124253,0,0,0,0,0,1,0,17,1,"{""type"":""Polygon"",""coordinates"":[[[-93.56304772201867,41.627751002225374],[-93.57018996078551,41.62599600234773],[-93.57454590968052,41.62141567769827],[-93.5744170820632,41.61579671304524],[-93.5698547344243,41.611330491595524],[-93.56263844916242,41.60975847400116],[-93.55558172223311,41.611693543538784],[-93.55143590358534,41.61638126815133],[-93.5518182595331,41.621993784051575],[-93.55658068036517,41.62634217153318],[-93.56304772201867,41.627751002225374]]]}"
"Culex tarsalis",2018.47368421053,-116.40465,43.65225,0,635,"0000000000000000027a",10.3467128027682,14.6866205305652,37,83.1263552479816,32.5216839677047,-6.3,38.8216839677047,0.3,20.4,21.1987312572088,-0.4,301.484429065744,37.1049596309112,7,36.0369088811995,109.16032295271,36,41,99.7266435986159,0,0,0,0,0,1,0,17,2,"{""type"":""Polygon"",""coordinates"":[[[-116.4046457179604,43.66124823293146],[-116.41202530273785,43.65949321673295],[-116.41652594324307,43.65491286610524],[-116.41639275963902,43.64929390239502],[-116.41167881826782,43.6448277074771],[-116.4042228522889,43.643255704653654],[-116.39693173948078,43.64519075641109],[-116.3926481555778,43.64987845571839],[-116.39304313880898,43.65549097441257],[-116.39796376533748,43.659839388858344],[-116.4046457179604,43.66124823293146]]]}"
"Aedes sticticus",2019.53571428571,-71.33565,42.14165,0,636,"0000000000000000027b",9.35294825511432,11.8303249097473,31.0060168471721,88.2353549939832,28.2540312876053,-8.90782190132371,37.161853188929,0.271961492178099,18.2529482551143,20.5853188929001,-2.3280385078219,1179.12274368231,119.983152827918,86.280385078219,9,327.924187725632,265.543922984356,271.738868832732,301.91817087846,0,0,0,0,0,1,0,17,2,"{""type"":""Polygon"",""coordinates"":[[[-71.33564630517854,42.150651946358764],[-71.3428472437393,42.14889694238511],[-71.34723897753562,42.144316611215885],[-71.3471090727884,42.13869764679943],[-71.3425092333381,42.134231432008384],[-71.33523367056377,42.132659418121094],[-71.32811897564568,42.1345944831964],[-71.32393908524155,42.139282201458116],[-71.32432456432711,42.144894718059604],[-71.32912611231318,42.14924311230839],[-71.33564630517854,42.150651946358764]]]}"
"Culex quinquefasciatus",2016,-87.60365,20.07195,0,637,"0000000000000000027c",25.8998394863563,11.0001605136437,69.0401284109149,16.5733226324238,33.3958266452648,17.5996789727127,15.7961476725522,27.0097913322632,25.2,27.4998394863563,23.4624398073836,1206.65329052969,187,39,51,490.446227929374,127,385.404494382022,175.096308186196,0,0,0,0,0,0,1,18,1,"{""type"":""Polygon"",""coordinates"":[[[-87.60365090543354,20.080951097374818],[-87.60933520338477,20.079196227614005],[-87.61280235778001,20.074616110089742],[-87.61270028754005,20.06899713793893],[-87.60906913189834,20.064530704950002],[-87.60332512890983,20.06295856957792],[-87.59770815975193,20.064893780887505],[-87.59440858916875,20.06958170725713],[-87.59471337967098,20.075194200862118],[-87.59850399329045,20.079542373360585],[-87.60365090543354,20.080951097374818]]]}"
"Culex tarsalis",2023,-106.80985,32.60495,0,638,"0000000000000000027d",14.8,19.1,48,76.9546769662921,34.3384831460674,-5.11137640449438,39.4498595505618,23.8,14.2511235955056,24.7664325842697,5,256.615168539326,55,5,72,139.615168539326,22,120,40,0,1,0,0,0,0,0,7,1,"{""type"":""Polygon"",""coordinates"":[[[-106.80985083092617,32.61395022784879],[-106.81618890705005,32.61219528986273],[-106.82005461165086,32.607615063731245],[-106.8199405329455,32.60199609550767],[-106.81589180933125,32.597529773440584],[-106.8094876135246,32.595957699827814],[-106.80322503539257,32.59789283679631],[-106.79954598614238,32.60258065737405],[-106.79988554869342,32.60819316267389],[-106.80411193840065,32.61254144789929],[-106.80985083092617,32.61395022784879]]]}"
"Aedes sticticus",2020.62790697674,-87.81115,32.53025,0,639,"0000000000000000027e",17.5,13.2,40,70.5955153203343,33.1,0.743454038997214,32.3565459610028,9.7,22.7984679665738,26.2,8.09735376044568,1387.65459610028,160.948467966574,79.5654596100278,21,432.948467966574,263.565459610028,312.140668523677,406,0,0,0,1,0,0,0,14,1,"{""type"":""Polygon"",""coordinates"":[[[-87.81115071385459,32.53925136700147],[-87.8174835127423,32.53749642947208],[-87.82134600015978,32.532916204067526],[-87.82123201823723,32.52729723581763],[-87.81718666523027,32.52283091300812],[-87.81078779868785,32.52125883898201],[-87.80453043208578,32.52319397644805],[-87.80085444596313,32.52788179773388],[-87.80119372768111,32.533494302955475],[-87.80541659973403,32.53784258742638],[-87.81115071385459,32.53925136700147]]]}"
"Aedes sticticus",2006.66666666667,-114.05575,46.64025,0,640,"0000000000000000027f",7.17983193277311,14.5,37.7415966386555,80.7239915966387,29.1692226890756,-8.95661764705882,38.1258403361345,15.3798319327731,2.87983193277311,17.6798319327731,-3.12016806722689,320.495798319328,44,19,28.7983193277311,108.201680672269,60.2016806722689,93.2016806722689,74.890756302521,0,0,1,0,0,0,0,10,3,"{""type"":""Polygon"",""coordinates"":[[[-114.055747351542,46.649251716936064],[-114.06352436161882,46.647496674630744],[-114.06826727770742,46.64291628244931],[-114.06812679532628,46.637297320248294],[-114.06315901826412,46.6328311677695],[-114.05530172581956,46.63125918857253],[-114.0476181520288,46.63319421189006],[-114.04310388673507,46.637881870719966],[-114.04352000865367,46.64349439388212],[-114.04870553992191,46.647842851458854],[-114.055747351542,46.649251716936064]]]}"
"Culex quinquefasciatus",2018,-81.30395,29.15215,0,641,"00000000000000000280",21.1,11.7104347826087,46,48.6795942028985,32.6408695652174,7.5304347826087,25.1104347826087,26.8342028985507,15.6895652173913,26.8433333333333,14.523768115942,1336.3115942029,184.523188405797,62,42,532.602898550725,196.695652173913,531.828985507246,221.391304347826,0,0,0,1,0,0,0,14,2,"{""type"":""Polygon"",""coordinates"":[[[-81.30394887375259,29.161147886437202],[-81.31006246410027,29.15939296881628],[-81.31379131527768,29.154812775103093],[-81.31368135449422,29.149193805706282],[-81.30977601126519,29.144727450530045],[-81.30359851287442,29.14315535848311],[-81.29755762400941,29.145090517641247],[-81.29400887557895,29.149778369797044],[-81.29433649288282,29.155390871607057],[-81.29841324749803,29.159739123184323],[-81.30394887375259,29.161147886437202]]]}"
"Culex quinquefasciatus",2018,-117.58325,33.94125,0,642,"00000000000000000281",18.029476584022,15.5009641873278,54.2878787878788,43.870523415978,33.1455922865014,5,28.1455922865014,13.4451790633609,21.4052341597796,24.029476584022,12.8,265.944903581267,45.1005509641873,4.84297520661157,64.8553719008264,129.348484848485,19.6955922865014,27.8526170798898,121.348484848485,0,0,0,1,0,0,0,14,3,"{""type"":""Polygon"",""coordinates"":[[[-117.58325301290199,33.950249172444416],[-117.5896888701018,33.94849422615691],[-117.59361418546578,33.94391398681098],[-117.59349831358521,33.93829501906589],[-117.58938713649577,33.93382871049484],[-117.5828841954284,33.93225664439616],[-117.57652505352561,33.934191772319764],[-117.57278924806106,33.93887958002553],[-117.5731340142276,33.94449208674767],[-117.57742558206881,33.94884038568887],[-117.58325301290199,33.950249172444416]]]}"
"Aedes communis",2018.71428571429,-149.25605,63.87935,0,643,"00000000000000000282",-4.14817110973342,10.7593924364538,25,115.490409175449,18.4639801611903,-23.8871047737136,42.3510849349039,10.9441413515189,-11.3626782393056,10.9441413515189,-18.1615623062616,405.442653440793,80,11,65.9869807811531,207.91940483571,42.7569745815251,207.91940483571,57.7569745815251,0,1,0,0,0,0,0,8,1,"{""type"":""Polygon"",""coordinates"":[[[-149.2560515950817,63.88834596730734],[-149.26818111601705,63.8865906810396],[-149.27557693947867,63.88200990060221],[-149.27535599517824,63.87639095256888],[-149.26760840265754,63.871925196616964],[-149.25535676185868,63.87035343814303],[-149.24337587970277,63.872288195767666],[-149.2363352856542,63.87697547639019],[-149.2369823577649,63.882588041232914],[-149.24506867145658,63.88693690181216],[-149.2560515950817,63.88834596730734]]]}"
"Culex tarsalis",2019,-116.40465,43.67715,0,645,"00000000000000000284",10.3588950276243,14.705635359116,37,83.3316574585636,32.6253038674033,-6.29878453038674,38.9240883977901,0.30121546961326,20.4564640883978,21.2564640883978,-0.39878453038674,305.385635359116,38.0044198895028,7,37.0044198895028,111.917127071823,36,41,102.376795580111,0,0,0,0,1,0,0,15,2,"{""type"":""Polygon"",""coordinates"":[[[-116.4046457179604,43.68614785321391],[-116.41202836506731,43.684392836808776],[-116.4165308724283,43.67981248585221],[-116.41639763260834,43.67419352215392],[-116.4116817353199,43.66972732757188],[-116.40422267691058,43.66815532493541],[-116.39692853998673,43.670090376467776],[-116.39264317858446,43.674778075454725],[-116.39303832472373,43.68039059418427],[-116.39796099247307,43.68473900897139],[-116.4046457179604,43.68614785321391]]]}"
"Aedes vexans",2017.8,-116.37145,43.60245,0,646,"00000000000000000285",10.4,14.5714453584019,37,82.602526439483,32.4,-6.17144535840188,38.5714453584019,0.4,20.3858989424207,21.1666274970623,-0.3,292.43830787309,36,7,35.3642773207991,104.660399529965,35.3642773207991,41,94.5170387779084,0,0,0,0,0,1,0,17,3,"{""type"":""Polygon"",""coordinates"":[[[-116.37145216971855,43.611448992366576],[-116.37882564162703,43.60969397658077],[-116.38332255560732,43.60511362660999],[-116.38318948421754,43.59949466287593],[-116.37847944715072,43.59502846728708],[-116.3710296541286,43.593456464090124],[-116.36374457791077,43.59539151629717],[-116.35946454216295,43.600079216244374],[-116.35985920020407,43.60569173486792],[-116.36477575214886,43.610040148631825],[-116.37145216971855,43.611448992366576]]]}"
"Culex pipiens",2025,-83.68605,42.23295,0,647,"00000000000000000286",8.9,10.526334519573,27.9347568208778,95.9057651245552,28.1252669039146,-9.3,37.4252669039146,20.814590747331,-2.6,20.814590747331,-3.90806642941874,816.075919335706,86,44,19.0806642941874,245.130486358244,151,245.130486358244,154,0,0,0,0,0,1,0,17,1,"{""type"":""Polygon"",""coordinates"":[[[-83.68604970661497,42.24194758132702],[-83.6932610547331,42.24019257663128],[-83.69765913445289,42.23561224431273],[-83.69752903868037,42.22999327993797],[-83.69292255060397,42.22552706632076],[-83.68563647584232,42.22395505308696],[-83.67851150116074,42.22589011737565],[-83.67432556862555,42.23057783451778],[-83.67471160154177,42.23619035124289],[-83.67952008815239,42.240538746684635],[-83.68604970661497,42.24194758132702]]]}"
"Culex quinquefasciatus",2019.23529411765,-81.43675,28.62925,0,648,"00000000000000000287",21.8403483309144,11.5,47,46.3409288824383,32.9,8.72931785195936,24.1706821480406,27.2403483309144,16.6403483309144,27.2403483309144,15.5503628447025,1254.29608127721,189.901306240929,50,47.100145137881,528.896952104499,163.277213352685,528.896952104499,197.277213352685,0,0,0,0,0,1,0,17,2,"{""type"":""Polygon"",""coordinates"":[[[-81.43675428042738,28.638246942303827],[-81.44283715021271,28.636492027644614],[-81.44654727337392,28.631911838646086],[-81.44643787634134,28.626292869078725],[-81.44255215446049,28.621826509087345],[-81.43640567892334,28.620254414359458],[-81.43039512757578,28.622189576744727],[-81.42686421061237,28.62687743349298],[-81.42719019345681,28.632489934795384],[-81.43124647088351,28.63683818147914],[-81.43675428042738,28.638246942303827]]]}"
"Aedes communis",2008,-148.09405,64.75085,0,649,"00000000000000000288",-2.9492206235012,11.2,22,140.862535971223,22.3,-26.9134892086331,49.2134892086331,14.6298561151079,-10.5221822541966,14.6298561151079,-20.9626498800959,304.023381294964,55,8,58.9736211031175,147.973621103117,31,147.973621103117,46.1348920863309,1,0,0,0,0,0,0,1,1,"{""type"":""Polygon"",""coordinates"":[[[-148.09404999246317,64.75984605449597],[-148.10656942724867,64.75809074807225],[-148.1142028652457,64.75350993556191],[-148.1139746617225,64.74789098870433],[-148.1059780562491,64.74342526550845],[-148.09333283968988,64.74185352526551],[-148.08096706985543,64.74378826094463],[-148.07370016201466,64.74847551032363],[-148.0743678695752,64.75408807860418],[-148.08271400779012,64.75843697247537],[-148.09404999246317,64.75984605449597]]]}"
"Culex quinquefasciatus",2019,-86.11795,30.37225,0,650,"00000000000000000289",19.5881088825215,11.2471346704871,40.7206303724928,61.3666332378223,32.2083094555874,4.87206303724928,27.3362464183381,26.7130372492837,15.7881088825215,27.0130372492837,11.4732091690544,1547.61461318052,196.750716332378,85.7507163323782,27.8510028653295,542.547277936963,292.620343839542,535.577363896848,347.501432664756,1,0,0,0,0,0,0,3,2,"{""type"":""Polygon"",""coordinates"":[[[-86.11794978004222,30.381247116681077],[-86.12413829637308,30.379492192029907],[-86.12791282451073,30.374911987125543],[-86.12780148903519,30.369293018133657],[-86.1238482902074,30.364826674387093],[-86.11759512810639,30.36325458870388],[-86.11148024706027,30.365189740201856],[-86.10788800851348,30.369877581456542],[-86.10821961246963,30.37549008447137],[-86.11234631016944,30.379838347664368],[-86.11794978004222,30.381247116681077]]]}"
"Aedes triseriatus",2025,-84.58245,38.89635,0,651,"0000000000000000028a",11.763810741688,11.7,32,88.8462276214834,29.9,-6.6,36.5,11.363810741688,-0.2,22.763810741688,-0.2,1087.50895140665,114,71,16,324,225.542199488491,297.966751918159,225.542199488491,0,0,0,0,1,0,0,15,3,"{""type"":""Polygon"",""coordinates"":[[[-84.58244941408603,38.905349413368235],[-84.58930982880885,38.903594433800045],[-84.59349396935319,38.899014141478126],[-84.5933703117387,38.89339517565261],[-84.58898796669367,38.888928921186476],[-84.58205628154356,38.88735688521069],[-84.5752778674203,38.88929197687455],[-84.57129563106147,38.89397973297708],[-84.57166299099711,38.89959224539976],[-84.57623755708524,38.90394059932705],[-84.58244941408603,38.905349413368235]]]}"
"Aedes communis",2020.03401360544,-72.17395,42.54005,0,652,"0000000000000000028b",6.73007159904535,12.1337708830549,31,92.4232816229117,26.1214797136038,-12.7332935560859,38.8547732696897,18.2949880668258,-4.4535799522673,18.2949880668258,-5.7082338902148,1147.4415274463,105.738663484487,81.6622911694511,7.31861575178998,304.683770883055,260.139618138425,304.683770883055,265.139618138425,1,0,0,0,0,0,0,6,1,"{""type"":""Polygon"",""coordinates"":[[[-72.17394838502426,42.54905032997889],[-72.1811951066118,42.5472953228388],[-72.18561475084985,42.54271498662951],[-72.18548400591287,42.53709602239595],[-72.18085492466653,42.532629812752376],[-72.17353312840733,42.53105780173082],[-72.16637322136205,42.53299286335657],[-72.16216675662669,42.537680576708766],[-72.16255467152574,42.54329309385232],[-72.16738673675746,42.54764149333248],[-72.17394838502426,42.54905032997889]]]}"
"Aedes communis",2021.66666666667,-110.64445,44.93875,0,653,"0000000000000000028c",1.70859630032644,15.3853101196953,37.208922742111,85.9018389553863,24.2855277475517,-16.2511425462459,40.5366702937976,10.2488574537541,-4.05527747551687,12.8766050054407,-9.12807399347116,523.734494015234,63.1360174102285,31.9314472252448,19.7290533188248,166.231773667029,109.071817192601,151.130576713819,119.070729053319,0,1,0,0,0,0,0,8,3,"{""type"":""Polygon"",""coordinates"":[[[-110.64444586363483,44.94774793696217],[-110.65198896089697,44.9459929098573],[-110.65658928137469,44.941412541870015],[-110.65645309562474,44.93579357879011],[-110.65163471856582,44.93132740160167],[-110.64401363372485,44.92975540864855],[-110.63656104965439,44.931690448524776],[-110.63218255656535,44.93637813092216],[-110.63258623770439,44.94199065148306],[-110.63761585443929,44.94633908394731],[-110.64444586363483,44.94774793696217]]]}"
"Aedes communis",2007,-76.58125,53.23045,0,654,"0000000000000000028d",-3.10236148955495,9.8780199818347,21,126.477765667575,18.4766575840145,-27.7759309718438,46.2525885558583,11.047229791099,-13.5244323342416,11.7797456857402,-20.4336058128974,711.326067211626,103.233424159855,25,43,280.123524069028,89.560399636694,249.123524069028,102.656675749319,0,0,0,0,0,0,1,18,2,"{""type"":""Polygon"",""coordinates"":[[[-76.58125252063331,53.2394463458448],[-76.59017287109997,53.23769123405952],[-76.59561274831789,53.23311073129357],[-76.59545122761236,53.227491773115595],[-76.58975320901469,53.22302573357742],[-76.5807414215064,53.221453817253156],[-76.57192885341097,53.223388764888696],[-76.56675095121649,53.22807631599767],[-76.56722784346287,53.23368885104355],[-76.5731754404992,53.23803742340315],[-76.58125252063331,53.2394463458448]]]}"
"Aedes communis",2020.1,-149.18135,63.87935,0,655,"0000000000000000028e",-3.93791821561338,11.0076208178439,25,115.658897149938,18.7695167286245,-23.7891573729864,42.5586741016109,11.1270755885998,-11.0758364312268,11.1270755885998,-17.964126394052,396.288723667906,79.4863692688971,10.2992565055762,66.7800495662949,205.972738537794,39.8172242874845,205.972738537794,55.4392812887237,0,1,0,0,0,0,0,8,1,"{""type"":""Polygon"",""coordinates"":[[[-149.18135273423434,63.88834596730734],[-149.1934822551697,63.8865906810396],[-149.20087807863132,63.8820099006022],[-149.2006571343309,63.87639095256888],[-149.1929095418102,63.871925196616964],[-149.18065790101133,63.87035343814303],[-149.16867701885542,63.87228819576765],[-149.16163642480686,63.87697547639019],[-149.16228349691755,63.882588041232914],[-149.17036981060923,63.88693690181216],[-149.18135273423434,63.88834596730734]]]}"
"Culex tarsalis",2018.6875,-116.24695,43.71865,0,656,"0000000000000000028f",9.65772626931567,14.5331125827815,37,82.8529801324503,31.9926048565121,-6.74337748344371,38.7359823399559,-0.206181015452539,19.8310154525386,20.4858719646799,-0.943377483443709,375.559602649007,49.6181015452539,8.48233995584989,40.5496688741722,143.786975717439,40.6169977924945,46.257174392936,133.746136865342,0,0,0,0,0,1,0,17,3,"{""type"":""Polygon"",""coordinates"":[[[-116.24694960920529,43.72764870671832],[-116.25433736913224,43.72589368996844],[-116.25884299336727,43.72131333846312],[-116.25870965968933,43.71569437478475],[-116.25399049683062,43.71122818076314],[-116.24652627534647,43.7096561784387],[-116.23922708940495,43.71159122959548],[-116.23493876031625,43.71627892804789],[-116.23533417844364,43.72189144683645],[-116.24026025418443,43.726239862193154],[-116.24694960920529,43.72764870671832]]]}"
"Aedes sticticus",2012,-117.76585,53.12255,0,657,"00000000000000000290",-0.0530195381882771,11.7930728241563,32.0648312611012,82.493676731794,18.4126998223801,-17.5013321492007,35.9140319715808,10.2319715808171,-5.04253996447602,10.2319715808171,-10.8267317939609,543.554174067496,82.5355239786856,24.3792184724689,43.550621669627,229.412078152753,82.0346358792185,229.412078152753,94.7984014209592,1,0,0,0,0,0,0,1,3,"{""type"":""Polygon"",""coordinates"":[[[-117.76584428283849,53.131549477654566],[-117.77474221987501,53.12979436717367],[-117.78016843476615,53.1252138664837],[-117.78000732711418,53.11959490823011],[-117.77432362361785,53.11512886657174],[-117.7653344671509,53.1135569490672],[-117.75654403025656,53.11549189812347],[-117.75137913759409,53.12017945125467],[-117.75185483919519,53.12579198607756],[-117.75778749757384,53.13014055628235],[-117.76584428283849,53.131549477654566]]]}"
"Culex quinquefasciatus",2018,-117.49195,33.96615,0,658,"00000000000000000291",18.2005494505495,15.8,54,45.8854120879121,33.9418956043956,4.93434065934066,29.007554945055,13.4,21.8005494505495,24.4962912087912,12.7586538461538,256.976648351648,43.8351648351648,4,67.0892857142857,127.887362637363,17.0054945054945,25.2486263736264,118.924450549451,0,0,0,1,0,0,0,14,3,"{""type"":""Polygon"",""coordinates"":[[[-117.49195291883268,33.97514879272684],[-117.49839066006656,33.97339384628222],[-117.50231712400468,33.96881360668618],[-117.50220121757485,33.963194638950135],[-117.49808883713901,33.958728330634564],[-117.49158399345744,33.95715626467808],[-117.48522299097331,33.9590913924305],[-117.4814860919367,33.96377919989261],[-117.48183095836737,33.96939170664168],[-117.48612378205411,33.97374000584249],[-117.49195291883268,33.97514879272684]]]}"
"Aedes vexans",2017.125,-116.40465,43.68545,0,659,"00000000000000000292",10.4,14.7089900110988,37,83.3570033296338,32.6603773584906,-6.2984461709212,38.9588235294118,0.301553829078801,20.44628190899,21.2513873473918,-0.398446170921199,306.19755826859,38.2441731409545,7,37.2441731409545,112.205327413984,36,41,102.709211986681,0,0,0,0,1,0,0,15,2,"{""type"":""Polygon"",""coordinates"":[[[-116.4046457179604,43.69445069937542],[-116.41202938708464,43.69269568290135],[-116.4165325174872,43.68811533183507],[-116.41639925890577,43.68249636814077],[-116.41168270885242,43.67803017367078],[-116.40422261838008,43.676458171096705],[-116.39692747219244,43.67839322255396],[-116.39264151757021,43.683080921434026],[-116.39303671807808,43.68869344017537],[-116.39796006706138,43.69304185507639],[-116.4046457179604,43.69445069937542]]]}"
"Aedes triseriatus",2022.66666666667,-73.89205,40.88835,0,660,"00000000000000000293",11.5988984088127,9.44308445532436,27,87.5874418604651,29.1541003671971,-5.04602203182375,34.2001223990208,10.2345165238678,0.170746634026928,22.7609547123623,0.170746634026928,1156.62668298654,107.292533659731,79.2925336597307,9,310.390452876377,260.132190942472,297.59853121175,260.132190942472,0,0,0,0,0,1,0,17,2,"{""type"":""Polygon"",""coordinates"":[[[-73.89205339822013,40.89735024967094],[-73.8991162023312,40.89559525540488],[-73.9034237256758,40.89101493968758],[-73.90329635549506,40.88539597471051],[-73.89878474315775,40.8809297441383],[-73.89164867463373,40.87935772146514],[-73.88467039233073,40.88129279711625],[-73.88057068081307,40.88598053042955],[-73.88094881023586,40.89159304536903],[-73.88565828267697,40.895941423579494],[-73.89205339822013,40.89735024967094]]]}"
"Aedes sticticus",2019,-83.84375,41.54405,0,661,"00000000000000000294",9.5,11.2,29,95.5288751545118,28.9,-9.021260815822,37.921260815822,21.3423980222497,-1.90506798516687,21.3423980222497,-3.321260815822,849.59826946848,92.3016069221261,44.2707045735476,20.9888751545117,263.301606922126,156.281829419036,263.301606922126,159.281829419036,1,0,0,0,0,0,0,5,1,"{""type"":""Polygon"",""coordinates"":[[[-83.84375027447113,41.553047682277],[-83.85088425356992,41.551292682979096],[-83.85523516715179,41.54671235925241],[-83.85510649108882,41.541093394565905],[-83.8505494189378,41.53662717217374],[-83.84334147465,41.535055154054675],[-83.8362929044304,41.53699022422389],[-83.83215188003179,41.54167794973532],[-83.83253379651234,41.5472904655363],[-83.83729071174248,41.551638852060115],[-83.84375027447113,41.553047682277]]]}"
"Culex quinquefasciatus",2020,-82.11735,27.27635,0,663,"00000000000000000296",22.4,12.4,52,41.738355359765,33,9.52922173274596,23.470778267254,27.1264317180617,17.7214390602056,27.3,16.7,1345.25110132159,216.720998531571,42.3421439060206,60.0778267254038,640.40234948605,161.657856093979,612.986784140969,183.657856093979,0,0,0,0,1,0,0,15,3,"{""type"":""Polygon"",""coordinates"":[[[-82.11734687421483,27.285346764486242],[-82.12335397320716,27.283591857355788],[-82.12701790490829,27.279011680342144],[-82.12690989869287,27.273392710341305],[-82.12307257183613,27.268926338109623],[-82.11700261208559,27.267354236566597],[-82.11106688621122,27.269289407155405],[-82.10757994967884,27.27397727557788],[-82.10790190157914,27.279589775589855],[-82.11190767326556,27.2839380098341],[-82.11734687421483,27.285346764486242]]]}"
"Culex tarsalis",2007,-100.53505,26.02305,0,664,"00000000000000000297",21.3121842496285,12.6109955423477,45.9286775631501,51.471381872214,34.0303120356612,6.73670133729569,27.2936106983655,24.8151560178306,15.6476968796434,27.2952451708767,14.0741456166419,302.866270430906,82.9821693907875,6.08023774145617,77.667161961367,151.512630014859,28.7251114413076,100.066864784547,34.6448736998514,0,1,0,0,0,0,0,7,2,"{""type"":""Polygon"",""coordinates"":[[[-100.53504841952764,26.03204952689947],[-100.54098991234225,26.03029462658149],[-100.54461384957133,26.02571446041256],[-100.54450704810797,26.02009549001957],[-100.54071162397595,26.015629106712055],[-100.53470791459439,26.014056999002207],[-100.52883697558164,26.015992177014162],[-100.52538811948762,26.020680056000238],[-100.52570658173286,26.02629255484445],[-100.52966862338131,26.03064077783261],[-100.53504841952764,26.03204952689947]]]}"
"Culex tarsalis",2012,-99.22365,19.30835,0,665,"00000000000000000298",15.0667205169628,17.167366720517,68.1631663974152,20.6751857835218,26.716155088853,1.6983844911147,25.0177705977383,16.462197092084,12.1360258481422,17.2814216478191,12.1360258481422,897.638126009693,187.150242326333,6,95.1631663974152,528.967689822294,24.1502423263328,255.8352180937,28.2697899838449,0,0,0,0,0,1,0,17,2,"{""type"":""Polygon"",""coordinates"":[[[-99.22364909521448,19.317347878376427],[-99.2293063363166,19.31559301235552],[-99.23275699825338,19.311012900785006],[-99.23265542701738,19.305393928419182],[-99.2290415520627,19.300927489349608],[-99.22332486798214,19.299355350591807],[-99.21773461437775,19.301290565976853],[-99.21445074850301,19.305978498145862],[-99.21475410208963,19.31159099110948],[-99.21852668246805,19.315939157428392],[-99.22364909521448,19.317347878376427]]]}"
"Aedes communis",2009.8,-94.05275,58.70015,0,666,"00000000000000000299",-7.6,8.8,17,140.75189628483,17.1161764705882,-32.618653250774,49.7348297213622,9.4,-25.1024767801858,9.63320433436532,-25.9024767801858,418.445820433437,61.2229102167183,15,43,164.222910216718,49,156.222910216718,52,0,0,0,0,0,0,1,18,1,"{""type"":""Polygon"",""coordinates"":[[[-94.05275065880915,58.709149143841536],[-94.06302926801935,58.70739395578782],[-94.0692970435204,58.70281333164201],[-94.06911044163081,58.69719437789105],[-94.06254493757643,58.69272846231852],[-94.0521617882343,58.691156614999535],[-94.04200814372341,58.693091479570796],[-94.0360418649495,58.697778912441656],[-94.03659085780622,58.70339146052027],[-94.04344370339358,58.707740158869576],[-94.05275065880915,58.709149143841536]]]}"
"Aedes fitchii",2017.66666666667,-107.11695,47.95995,0,667,"0000000000000000029a",5.869836400818,15.1061349693252,31.0613496932515,109.561083844581,29.969836400818,-17.4660531697341,47.4358895705521,17.0463190184049,-8.8,19.6697341513292,-8.8,302.856850715746,58.0204498977505,7,66.8006134969325,154.02044989775,27,133.826175869121,27,0,0,1,0,0,0,0,10,1,"{""type"":""Polygon"",""coordinates"":[[[-107.11694912047697,47.9689494283097],[-107.1249227634752,47.96719437354117],[-107.12978554742757,47.96261396152264],[-107.12964145133304,47.95699500004256],[-107.12454808539309,47.952528867823546],[-107.11649223409698,47.95095689990525],[-107.1086144875511,47.95289190964627],[-107.10398608891461,47.95757954915285],[-107.10441266690258,47.96319207444747],[-107.10972926241273,47.9675405526143],[-107.11694912047697,47.9689494283097]]]}"
"Aedes sticticus",2020,-72.24865,42.43215,0,668,"0000000000000000029b",7.52955899880811,12.5284862932062,31.0488676996424,92.6910131108462,27.1681764004768,-12.1244338498212,39.292610250298,16.9426698450536,-3.63456495828367,19.1333730631704,-4.9554231227652,1141.71275327771,103.181168057211,80.5709177592372,7,303.046483909416,257.067938021454,302.398092967819,263.106078665078,1,0,0,0,0,0,0,6,1,"{""type"":""Polygon"",""coordinates"":[[[-72.24865170497264,42.4411490026876],[-72.25588593483084,42.43939399640907],[-72.26029796381415,42.43481366157115],[-72.26016744812696,42.429194697287826],[-72.25554634539458,42.424728486243666],[-72.24823716375855,42.423156474442365],[-72.24108959266349,42.42509153700671],[-72.23689037863545,42.42977925169475],[-72.23727762893932,42.435391768690806],[-72.24210136765889,42.43974016674754],[-72.24865170497264,42.4411490026876]]]}"
"Culex tarsalis",2019.66666666667,-85.96025,39.68485,0,669,"0000000000000000029c",11,11.4970223325062,30,94.1361290322581,29.7480148883375,-7.99652605459057,37.744540942928,20.6522332506203,-1.7,22.6522332506204,-1.7,1026.47022332506,116,60,20,319.526054590571,198.847394540943,298.133995037221,198.847394540943,0,0,0,0,1,0,0,15,1,"{""type"":""Polygon"",""coordinates"":[[[-85.96024921218606,39.693847793548],[-85.96718733538735,39.69209280826366],[-85.97141884951445,39.68751250684298],[-85.9712937665635,39.68189354134739],[-85.96686178862483,39.677427296173896],[-85.95985162918792,39.6758552653717],[-85.95299647442289,39.677790350807975],[-85.94896913284447,39.68247809804749],[-85.94934062791148,39.68809061144903],[-85.95396699210086,39.69243897482034],[-85.96024921218606,39.693847793548]]]}"
"Aedes sticticus",2019.7037037037,-71.22775,42.19145,0,670,"0000000000000000029d",9.48944246737841,11.4062870699881,30.9727164887307,87.6411506524318,28.1718861209964,-8.40284697508897,36.5747330960854,0.532977461447212,18.2869513641756,20.6377224199288,-2.06702253855279,1167.84934756821,118.17793594306,84.1482799525504,9.0023724792408,326.607354685646,260.281138790036,266.077105575326,303.753262158956,0,0,0,0,0,1,0,17,2,"{""type"":""Polygon"",""coordinates"":[[[-71.22775389608937,42.20044672782259],[-71.23496050627011,42.198691723455354],[-71.23935569762655,42.19411139165969],[-71.23922568880015,42.188492427265956],[-71.23462222686327,42.18402621311472],[-71.22734093665949,42.18245419958363],[-71.22022064083855,42.18438926423018],[-71.21603745839515,42.18907698188165],[-71.21642323923437,42.19468949855051],[-71.22122856771213,42.19903789344954],[-71.22775389608937,42.20044672782259]]]}"
"Culex tarsalis",2022,-97.47235,32.77095,0,671,"0000000000000000029e",18.3861538461538,12.413006993007,35,79.2177482517483,35.4732867132867,0.469370629370629,35.0039160839161,22.6495104895105,9.19048951048951,28.3495104895105,7.94643356643357,816.432167832168,112.405594405594,44,30.8923076923077,283.306293706294,140.107692307692,191.586013986014,141.107692307692,0,0,0,0,0,1,0,17,1,"{""type"":""Polygon"",""coordinates"":[[[-97.47235053377678,32.77994918276543],[-97.47870040744637,32.77819424376181],[-97.48257330423573,32.77361401601058],[-97.48245900916957,32.76799504784565],[-97.47840275038057,32.76352872743284],[-97.47198664071269,32.761956654741105],[-97.46571241192102,32.763891790600915],[-97.46202651488397,32.768579609600884],[-97.46236670525506,32.774192115075074],[-97.46660095886969,32.77854040198168],[-97.47235053377678,32.77994918276543]]]}"
"Aedes sticticus",2006.8,-106.54425,48.13425,0,672,"0000000000000000029f",6.3144750254842,13.8,29,112.716513761468,30.1,-16.9,47,17.8,-8.82395514780836,20.4,-8.82395514780836,288.228338430173,58,6,69,150,23,135,23,0,0,0,0,1,0,0,15,3,"{""type"":""Polygon"",""coordinates"":[[[-106.54424893577871,48.143251229387836],[-106.55224961606284,48.14149617292572],[-106.55712888188947,48.13691575821159],[-106.55698428876646,48.13129679682952],[-106.55187365422557,48.12683066736352],[-106.54379050105797,48.12525870097783],[-106.53588605572077,48.127193708873996],[-106.53124196360994,48.1318813457548],[-106.53166997917567,48.137493871339174],[-106.53700459608878,48.14184235230392],[-106.54424893577871,48.143251229387836]]]}"
"Culex pipiens",2020,-85.99345,39.84255,0,673,"000000000000000002a0",10.7,11.4,30,94.658206724782,29.4404732254047,-8.46998754669987,37.9104607721046,20.4,-2.15952677459527,22.3404732254047,-2.15952677459527,1023.59526774595,116,58,20,317,194.595267745953,300,194.595267745953,0,0,0,0,0,1,0,17,1,"{""type"":""Polygon"",""coordinates"":[[[-85.99344721952899,39.85154836140417],[-86.00040125512837,39.84979337496095],[-86.00464246994923,39.84521307169564],[-86.0045170951137,39.83959410626692],[-86.00007495383092,39.8351278629774],[-85.99304872521101,39.83355583322406],[-85.98617785626044,39.83549091739778],[-85.98214127846846,39.840178662840444],[-85.98251362026929,39.84579117644043],[-85.98715059116451,39.85013954172639],[-85.99344721952899,39.85154836140417]]]}"
"Aedes communis",2019,-128.81315,60.09455,0,674,"000000000000000002a1",-2.80132255694342,12.1986774430566,23,139.119015429831,21.5637031594416,-30.6237325495959,52.1874357090375,13.6682586333578,-9.50132255694342,13.6682586333578,-21.8034533431301,433.781778104335,60.0132255694342,15,33.0132255694342,156.781778104335,62,156.781778104335,93,1,0,0,0,0,0,0,1,2,"{""type"":""Polygon"",""coordinates"":[[[-128.81315120612322,60.10355017516355],[-128.82386178323836,60.10179496373134],[-128.8303928381609,60.09721430238098],[-128.8301982385545,60.09159534998933],[-128.82335685294595,60.08712947241383],[-128.81253760406295,60.08555764624482],[-128.8019574895888,60.08749248535699],[-128.79574048454597,60.09217988198603],[-128.79631238533318,60.097792434057],[-128.8034531119293,60.102141171024186],[-128.81315120612322,60.10355017516355]]]}"
"Aedes triseriatus",2021.66666666667,-78.13335,38.88805,0,675,"000000000000000002a2",10.7502493765586,12.1672069825436,33.5885286783042,83.8522069825436,28.3721945137157,-7.32768079800499,35.6998753117207,19.2447630922693,-0.518329177057357,21.2129675810474,-0.518329177057357,1034.84413965087,104.907730673317,65.496259351621,15,300.769326683292,201.4463840399,293.315461346633,201.4463840399,1,0,0,0,0,0,0,5,3,"{""type"":""Polygon"",""coordinates"":[[[-78.13334520160939,38.89705102630776],[-78.14020481464264,38.89529604679905],[-78.14438846645069,38.8907157545718],[-78.14426482354015,38.88509678874286],[-78.13988299053948,38.88063053418004],[-78.1329521149807,38.87905849815042],[-78.12617449256331,38.880993589879076],[-78.12219272153838,38.885681346073824],[-78.12256003881265,38.89129385848633],[-78.12713407051844,38.89564221231535],[-78.13334520160939,38.89705102630776]]]}"
"Aedes communis",2019.23913043478,-89.49605,46.20865,0,676,"000000000000000002a3",3.75465367965368,12.3,28,109.057435064935,25.3439393939394,-18.5,43.8439393939394,15.8819264069264,-9.4,17.0365800865801,-11.1235930735931,836.829004329004,108.143939393939,28,37.8560606060606,299.287878787879,110,297.922077922078,111.453463203463,0,0,0,0,0,0,1,18,2,"{""type"":""Polygon"",""coordinates"":[[[-89.49604880150544,46.217646407770935],[-89.50376446706176,46.215891369410144],[-89.50846998710078,46.21131098350704],[-89.50833063175408,46.20569202107791],[-89.50340203534994,46.201225862187016],[-89.4956066888617,46.19965387942036],[-89.48798369264028,46.201588907034825],[-89.48350503410323,46.20627657198045],[-89.4839178936192,46.211889094467644],[-89.48906253588044,46.21623754552771],[-89.49604880150544,46.217646407770935]]]}"
"Culex pipiens",2020,-87.80285,41.78475,0,677,"000000000000000002a4",9.93221556886228,10.3081437125749,26,100.000419161677,29.0594011976048,-9.61688622754491,38.6762874251497,22.3,-3.50059880239521,22.3,-3.50059880239521,925.797604790419,102,36,28,300.195209580838,143.62754491018,300.195209580838,143.62754491018,0,0,0,0,0,1,0,17,3,"{""type"":""Polygon"",""coordinates"":[[[-87.80284786769307,41.793749957142005],[-87.81000857266257,41.7919949559713],[-87.81437577903891,41.78741462926362],[-87.81424661258248,41.78179566468527],[-87.80967247049722,41.77732944533762],[-87.8024375372694,41.775757428913536],[-87.79536257433473,41.777692497042466],[-87.79120603714826,41.782380219650115],[-87.79158937560794,41.787992735771745],[-87.79636410535012,41.792341125389676],[-87.80284786769307,41.793749957142005]]]}"
"Culex quinquefasciatus",2020,-82.58215,27.53365,0,678,"000000000000000002a5",22.4,10.6740029542097,47,44.2156868537666,32.6,10.0771048744461,22.5228951255539,27.5,17.5771048744461,27.5,16.4,1298.08567208272,228.459379615953,34,60,616.887740029542,172.228951255539,616.887740029542,198.228951255539,0,0,0,0,0,1,0,17,2,"{""type"":""Polygon"",""coordinates"":[[[-82.5821546498239,27.542650272573226],[-82.58817575582772,27.540895364025317],[-82.59184822646041,27.536315184755242],[-82.59173996309538,27.530696214836],[-82.58789368993085,27.526229844908837],[-82.58180958552103,27.52465774464893],[-82.57586002745495,27.526592913693218],[-82.57236496069018,27.53128077991776],[-82.57268765770696,27.5368932801727],[-82.5767027658678,27.541241516758966],[-82.5821546498239,27.542650272573226]]]}"
"Culex quinquefasciatus",2018,-117.56665,33.94125,0,679,"000000000000000002a6",18.0735537190083,15.6053719008264,54.7575757575758,44.2387190082645,33.2595041322314,4.99449035812672,28.2650137741047,13.3834710743802,21.4650137741047,24.1203856749311,12.8004132231405,260.681818181818,43.2079889807163,5,63.1088154269972,125.074380165289,20,28.2272727272727,117.246556473829,0,0,0,0,0,1,0,17,3,"{""type"":""Polygon"",""coordinates"":[[[-117.56665177967999,33.9502491724444],[-117.57308763687985,33.94849422615691],[-117.57701295224378,33.94391398681098],[-117.57689708036324,33.93829501906589],[-117.57278590327383,33.93382871049485],[-117.56628296220642,33.932256644396155],[-117.55992382030362,33.934191772319764],[-117.55618801483908,33.93887958002553],[-117.55653278100563,33.94449208674767],[-117.56082434884686,33.94884038568887],[-117.56665177967999,33.9502491724444]]]}"
"Aedes communis",2012,-115.93985,51.27995,0,680,"000000000000000002a7",0.788995215311005,12.5292822966507,32,82.5642392344498,20.7511961722488,-17.379043062201,38.1302392344498,9.12822966507177,-4.23894736842105,11.1839234449761,-9.84143540669857,567.711004784689,73.8468899521531,28.6956937799043,25.911961722488,190.174162679426,101.010526315789,188.087081339713,128.395215311005,1,0,0,0,0,0,0,1,1,"{""type"":""Polygon"",""coordinates"":[[[-115.93985131965448,51.288946363046506],[-115.94838770345949,51.28719127387863],[-115.95359352704381,51.28261080710972],[-115.95343907882284,51.2769918476211],[-115.94798629453976,51.272525771318975],[-115.93936220762741,51.27095383452911],[-115.93092877695896,51.27288880679981],[-115.92597374260613,51.27757639297381],[-115.92643023402269,51.28318892415241],[-115.93212191278614,51.287537459148176],[-115.93985131965448,51.288946363046506]]]}"
"Culex tarsalis",1997,-101.51445,27.87395,0,681,"000000000000000002a8",22,14.6,46.91642228739,60.2216568914956,36.4966275659824,5.58225806451613,30.9143695014663,28.5177419354839,15.7117302052786,29.1060117302053,13.8822580645161,591.046920821114,115.822580645161,13,64.375366568915,247.486803519062,48.033724340176,217.156891495601,53.033724340176,0,0,0,0,0,1,0,17,3,"{""type"":""Polygon"",""coordinates"":[[[-101.51444983400756,27.882946569466945],[-101.52048975320261,27.881191659034148],[-101.52417369272924,27.876611476763543],[-101.52406508401191,27.870992506952824],[-101.52020679481426,27.866526140090137],[-101.51410369228044,27.864954041536468],[-101.50813555577713,27.86688920852692],[-101.50462956907764,27.87157707182871],[-101.50495326691427,27.87718957240672],[-101.50898091516731,27.881537812107336],[-101.51444983400756,27.882946569466945]]]}"
"Culex tarsalis",2018.7125,-116.34655,43.67715,0,682,"000000000000000002a9",10.4,14.6,37,83.2412928176796,32.64,-6.2,38.84,0.4,20.5,21.2510497237569,-0.3,311.822099447514,39.0121546961326,7,37.3524861878453,114.683977900552,36,41,104.683977900553,0,0,0,0,0,1,0,17,3,"{""type"":""Polygon"",""coordinates"":[[[-116.34654809033506,43.68614785321391],[-116.35393073744197,43.68439283680877],[-116.35843324480292,43.6798124858522],[-116.35830000498296,43.67419352215392],[-116.35358410769456,43.66972732757188],[-116.34612504928522,43.66815532493541],[-116.33883091236139,43.67009037646777],[-116.33454555095912,43.67477807545472],[-116.33494069709839,43.68039059418426],[-116.33986336484772,43.68473900897139],[-116.34654809033506,43.68614785321391]]]}"
"Aedes communis",2020.51428571429,-149.23945,63.87935,0,683,"000000000000000002aa",-4.14863861386139,10.8076113861386,25,115.437747524752,18.4529702970297,-23.8880569306931,42.3410272277228,10.9172648514851,-11.343254950495,10.9172648514851,-18.1781559405941,402.633663366337,80,11,66,207.424504950495,42.302599009901,207.424504950495,57.227103960396,0,1,0,0,0,0,0,8,1,"{""type"":""Polygon"",""coordinates"":[[[-149.2394503618597,63.88834596730734],[-149.25157988279506,63.8865906810396],[-149.25897570625668,63.88200990060221],[-149.25875476195623,63.87639095256888],[-149.25100716943555,63.871925196616964],[-149.23875552863672,63.87035343814303],[-149.22677464648075,63.872288195767666],[-149.21973405243222,63.87697547639019],[-149.2203811245429,63.882588041232914],[-149.2284674382346,63.88693690181216],[-149.2394503618597,63.88834596730734]]]}"
"Culex tarsalis",2022.22222222222,-119.72465,37.07865,0,684,"000000000000000002ab",16.2514687100894,15.6561941251596,44.5185185185185,67.9939719029374,36.4521072796935,1.74840357598978,34.7037037037037,9.24329501915709,25.0162196679438,25.0162196679438,7.87484035759898,467.590038314176,85.1494252873563,0,81.5683269476373,237.522349936143,5,5,232.528735632184,0,0,1,0,0,0,0,10,1,"{""type"":""Polygon"",""coordinates"":[[[-119.72464711179829,37.08765037814364],[-119.73133958222395,37.08589541128443],[-119.73542133819376,37.08131513919236],[-119.73530076062188,37.07569617263356],[-119.73102568275989,37.07122989750649],[-119.72426359766543,37.069657850027845],[-119.71765103678702,37.071592955538016],[-119.71376628228671,37.07628073134621],[-119.71412470490733,37.081893241592304],[-119.7185873241452,37.086241574522106],[-119.72464711179829,37.08765037814364]]]}"
"Aedes communis",2003,-67.74175,47.05525,0,685,"000000000000000002ac",3.70287539936102,11.0230031948882,26,104.999350372737,23.8552715654952,-17.6905218317359,41.5457933972311,15.5122470713525,-4.19712460063898,16.5862619808307,-10.5905218317359,984.525026624068,104.561235356762,62.7252396166134,15.6421725239617,292.284345047923,196.696485623003,290.790202342918,222.055378061768,0,0,0,0,0,1,0,17,2,"{""type"":""Polygon"",""coordinates"":[[[-67.74175354733488,47.06424687467711],[-67.74959089072863,47.06249182851927],[-67.75437058629514,47.05791143020594],[-67.7542289952957,47.05229246822774],[-67.74922268347122,47.04782632201151],[-67.74130446646035,47.046254346300934],[-67.73356131391756,47.04818936542177],[-67.72901202882184,47.05287701827859],[-67.72943135919492,47.05848954209995],[-67.73465710533463,47.06283800604134],[-67.74175354733488,47.06424687467711]]]}"
"Culex tarsalis",2021.11111111111,-112.42065,40.19945,0,686,"000000000000000002ad",9.3032967032967,14.5778998778999,35,89.3274725274725,31.8620268620269,-9.06923076923077,40.9312576312576,8.06202686202686,21.1534798534799,21.1534798534799,-1.91404151404151,328.163614163614,37,21,19.7240537240537,106.411477411477,66.9133089133089,66.9133089133089,69.6007326007326,0,1,0,0,0,0,0,8,2,"{""type"":""Polygon"",""coordinates"":[[[-112.42064850445603,40.20845035062092],[-112.42763901969582,40.20669536153518],[-112.43190247362183,40.20211505406364],[-112.43177642960772,40.196496088787484],[-112.4273109885661,40.192029849793805],[-112.42024792091316,40.19045782243214],[-112.41334102676917,40.19239290372695],[-112.40928327468805,40.19708064507236],[-112.40965755762511,40.202693159124834],[-112.4143188446869,40.20704152877664],[-112.42064850445603,40.20845035062092]]]}"
"Aedes communis",2000,-72.26525,43.84315,0,687,"000000000000000002ae",5.93634311512415,12.7492099322799,30.597065462754,97.26269751693,26.3431151241535,-14.7860045146727,41.1291196388262,17.9882618510158,-5.8479683972912,18.0018058690745,-7.18081264108352,955.285553047404,96.6365688487585,58.9040632054176,14,270.630925507901,190.553047404063,270.617381489842,200.553047404063,1,0,0,0,0,0,0,6,1,"{""type"":""Polygon"",""coordinates"":[[[-72.26525293819462,43.852151267231584],[-72.27265610250258,43.85039624944458],[-72.27717111754149,43.845815896288464],[-72.27703750107344,43.84019693267003],[-72.27230849940157,43.835730740334384],[-72.26482872213417,43.83415873894856],[-72.25751432405086,43.83609378897549],[-72.25321705364023,43.84078148581988],[-72.25361329123236,43.846394004785964],[-72.25854963488335,43.85074242185612],[-72.26525293819462,43.852151267231584]]]}"
"Aedes sticticus",2005.5,-111.57405,46.41615,0,688,"000000000000000002af",7.23248945147679,14.8894514767932,36.6708860759494,85.0376582278481,29.1548523206751,-11.0148734177215,40.1697257383966,15.9122362869198,-3.76751054852321,18.32194092827,-3.76751054852321,286.654008438819,52,7,59.3924050632912,132,28.2025316455696,115.451476793249,28.2025316455696,0,0,1,0,0,0,0,10,3,"{""type"":""Polygon"",""coordinates"":[[[-111.5740524966509,46.42514621619198],[-111.58179747827441,46.4233911759426],[-111.58652086961052,46.41881078703352],[-111.5863809756834,46.4131918247136],[-111.58143365514357,46.408725668892735],[-111.57360870513213,46.4071536878352],[-111.565956759331,46.40908871339234],[-111.56146108460146,46.413776375409846],[-111.56187550321579,46.4193888982202],[-111.56703968602943,46.423737352400366],[-111.5740524966509,46.42514621619198]]]}"
"Aedes triseriatus",2022,-73.56005,40.88835,0,689,"000000000000000002b0",11.3263480392157,9.57058823529412,28,85.1019362745098,28.51875,-5.02254901960784,33.5412990196078,9.72843137254902,0.219117647058824,22.1481617647059,0.219117647058824,1130.36274509804,103.294117647059,79.7156862745098,8.22058823529412,307.046568627451,262.600490196078,284.058823529412,262.600490196078,1,0,0,0,0,0,0,6,2,"{""type"":""Polygon"",""coordinates"":[[[-73.56005102928582,40.89735024967094],[-73.56711383339689,40.89559525540488],[-73.57142135674148,40.89101493968758],[-73.57129398656075,40.88539597471051],[-73.56678237422344,40.8809297441383],[-73.5596463056994,40.87935772146514],[-73.55266802339642,40.88129279711625],[-73.54856831187875,40.88598053042955],[-73.54894644130155,40.891593045369014],[-73.55365591374266,40.89594142357949],[-73.56005102928582,40.89735024967094]]]}"
"Aedes communis",2019.78787878788,-147.48815,65.16585,0,690,"000000000000000002b1",-4.14090641553855,10.1728663919953,20,147.757092407298,21.4327839905827,-28.3924072984108,49.8251912889935,14.3224249558564,-12.3757504414361,14.3224249558564,-23.2492642731018,311.484402589759,50.284284873455,7.80164802825191,50.5756327251324,139.214243672749,37.3225426721601,139.214243672749,58.5909358446145,1,0,0,0,0,0,0,5,1,"{""type"":""Polygon"",""coordinates"":[[[-147.488151800422,65.17484567133805],[-147.50086691199473,65.17309035485258],[-147.5086195932327,65.16850952633186],[-147.5083877434407,65.16289058006149],[-147.50026617259468,65.158424873217],[-147.48742344700878,65.15685314207458],[-147.4748645279031,65.15878786679895],[-147.46748404559773,65.16347510058158],[-147.46816210554917,65.16908767057794],[-147.47663863328535,65.17343658106805],[-147.488151800422,65.17484567133805]]]}"
"Culex tarsalis",2017.63636363636,-116.40465,43.69375,0,691,"000000000000000002b2",10.3995570321152,14.7088593576966,37,83.2992580287929,32.6615725359911,-6.3,38.9615725359911,0.3,20.4,21.2088593576966,-0.4,308.236987818383,38.6777408637874,7,37.6821705426357,113.554817275748,36,41,103.881506090808,0,0,0,0,1,0,0,15,2,"{""type"":""Polygon"",""coordinates"":[[[-116.4046457179604,43.70274908643589],[-116.4120304089908,43.7009940698929],[-116.41653416236721,43.69641371871691],[-116.4164008850263,43.6907947550266],[-116.41168368227905,43.68632856066864],[-116.40422255985592,43.68475655815694],[-116.39692640451432,43.68669160953912],[-116.39263985673661,43.691379308312335],[-116.39303511160719,43.69699182706548],[-116.3979591417503,43.701340242080356],[-116.4046457179604,43.70274908643589]]]}"
"Culex quinquefasciatus",2019,-81.20435,28.56285,0,692,"000000000000000002b3",22,11,47,44.9380786026201,32.7,9.3,23.4,27.2,16.9435225618632,27.2,15.8806404657933,1274.21834061135,187.697234352256,53,49,544.864628820961,164.202328966521,541.147016011645,189.991266375546,0,0,0,0,0,1,0,17,2,"{""type"":""Polygon"",""coordinates"":[[[-81.20435485172388,28.571850927618016],[-81.21043387895409,28.57009601333275],[-81.21414165960283,28.5655158249295],[-81.21403233308996,28.559896855340604],[-81.21014906546336,28.555430494741266],[-81.20400647028336,28.55385839967488],[-81.19799971357102,28.555793562467606],[-81.1944710269829,28.560481419795707],[-81.19479680539324,28.566093921034014],[-81.19885052151896,28.570442167099916],[-81.20435485172388,28.571850927618016]]]}"
"Aedes fitchii",2005.5,-104.72655,47.11335,0,693,"000000000000000002b4",6.97694704049844,15.0769470404984,31,110.488982346833,31.2586708203531,-16.3158878504673,47.5745586708204,18.2717549325026,-7.7,20.8858774662513,-7.7,337,70,8,64,165,29,149,29,0,0,0,0,0,1,0,17,3,"{""type"":""Polygon"",""coordinates"":[[[-104.72654544145307,47.12234896140351],[-104.73439133965776,47.120593914701516],[-104.73917625026691,47.116013515522056],[-104.73903450206058,47.110394553575325],[-104.73402272629974,47.10592840824367],[-104.72609587066533,47.10435643302554],[-104.71834427032401,47.106291451553616],[-104.71379001968455,47.11097910356675],[-104.71420980497851,47.11659162748121],[-104.71944125327497,47.12094009232161],[-104.72654544145307,47.12234896140351]]]}"
"Aedes sticticus",2025,-91.75365,47.95165,0,694,"000000000000000002b5",3.23068062827225,11.8,25,119.38832460733,25.6057591623037,-21.4722513089005,47.0780104712042,17.680942408377,-13.2693193717278,17.680942408377,-13.2693193717278,701.873298429319,102,18,50,287.693193717277,70,287.693193717277,70,1,0,0,0,0,0,0,6,3,"{""type"":""Polygon"",""coordinates"":[[[-91.75364707385455,47.96064658214817],[-91.76161943533245,47.95889152746004],[-91.76648143807196,47.95431111556945],[-91.76633736553488,47.94869215408473],[-91.76124481809678,47.944226021735034],[-91.75319026086333,47.94265405374398],[-91.74531377979504,47.94458906357258],[-91.740686125002,47.94927670320381],[-91.74111263485042,47.95488922848467],[-91.74642837617677,47.95923770651869],[-91.75364707385455,47.96064658214817]]]}"
"Aedes fitchii",2019.8,-121.98225,45.83515,0,695,"000000000000000002b6",8.10705128205128,10.5586538461538,39.0972222222222,56.1076388888889,24.0314102564103,-2.54220085470086,26.5736111111111,1.82222222222222,15.3801282051282,15.4255341880342,1.3150641025641,2467.21474358974,424.530982905983,24.6356837606838,68.3108974358974,1207.41346153846,138.471153846154,154.524572649573,1141.82905982906,1,0,0,0,0,0,0,1,2,"{""type"":""Polygon"",""coordinates"":[[[-121.98224538414739,45.8441521035343],[-121.98990908884055,45.8423970685372],[-121.99458293306691,45.837816687988024],[-121.99444453222839,45.83219772536439],[-121.98954912318636,45.82773156100549],[-121.98180624721236,45.826159575194765],[-121.97423456242282,45.82809460647349],[-121.96978606401099,45.83278227663436],[-121.97019616002811,45.83839479854592],[-121.97530616783583,45.84274324404886],[-121.98224538414739,45.8441521035343]]]}"
"Aedes sticticus",2006.53333333333,-111.49935,45.91815,0,696,"000000000000000002b7",7.3,15.0883795309168,36,87.3530383795309,29.9,-11.4482942430704,41.3482942430704,16.1992537313433,-3.84285714285714,18.7051172707889,-3.84285714285714,308.31236673774,55.1567164179104,8,59.501066098081,140.313432835821,26.8123667377399,115.643923240938,26.8123667377399,0,0,0,1,0,0,0,14,3,"{""type"":""Polygon"",""coordinates"":[[[-111.49935363580357,45.9271493514421],[-111.50702879842719,45.925394315701446],[-111.51170962751999,45.92081393396876],[-111.51157101621212,45.91519497138811],[-111.50666828899642,45.91072880823795],[-111.49891384269165,45.90915682310012],[-111.4913308431625,45.91109185356884],[-111.48687569411716,45.91577952257686],[-111.48728639952606,45.92139204461567],[-111.49240404461156,45.925740491347035],[-111.49935363580357,45.9271493514421]]]}"
"Aedes sticticus",2021.125,-95.19815,39.04575,0,697,"000000000000000002b8",12.5020330368488,11.6020330368488,29,96.5687293519695,31.9020330368488,-7.49796696315121,39.4,22.3867852604828,-0.397966963151207,24.5186785260483,-0.397966963151207,972.313850063532,142.233799237611,28,45,371.133418043202,93,347.264294790343,93,1,0,0,0,0,0,0,5,1,"{""type"":""Polygon"",""coordinates"":[[[-95.19815102820569,39.05474713506288],[-95.2050259327526,39.052992154421474],[-95.2092189067675,39.048411860391255],[-95.20909498338969,39.04279289462768],[-95.20470338360025,39.03832664190625],[-95.19775706581291,39.03675460690182],[-95.19096434231562,39.03868969739644],[-95.1869736954619,39.04337745183492],[-95.18734182646116,39.048989964441404],[-95.19192605103181,39.05333832014181],[-95.19815102820569,39.05474713506288]]]}"
"Aedes sticticus",2008.13333333333,-114.27155,48.21725,0,698,"000000000000000002b9",6.20520408163265,12.8690816326531,34,81.0578163265306,27.0988775510204,-9.78938775510204,36.8882653061225,14.4957142857143,1.68102040816327,16.6957142857143,-4.19367346938776,478.933673469388,65,29.2020408163265,25.7979591836735,155.011224489796,92.3275510204082,138,117.061224489796,0,0,0,0,0,1,0,17,1,"{""type"":""Polygon"",""coordinates"":[[[-114.2715544652256,48.22624847729562],[-114.27956811051642,48.22449342002301],[-114.28445527977459,48.219913004018885],[-114.28431044830283,48.21429404268371],[-114.27919153306972,48.20982791453519],[-114.27109528804078,48.20825594888295],[-114.26317804003203,48.21019095589626],[-114.25852642253662,48.21487859152046],[-114.25895512744157,48.22049111724349],[-114.26429838602704,48.22483959954722],[-114.2715544652256,48.22624847729562]]]}"
"Culex quinquefasciatus",2018,-81.93475,26.48785,0,699,"000000000000000002ba",23.3,11.3,52,38.2186074074074,33.0042962962963,11.5051851851852,21.4991111111111,27.6764444444445,19.1,27.7042962962963,18.1,1331.93925925926,223.503703703704,39,67,648.401481481482,132,631.940740740741,145,0,0,0,0,0,1,0,17,3,"{""type"":""Polygon"",""coordinates"":[[[-81.93475560427832,26.496848384306464],[-81.94072092730859,26.495093481479397],[-81.94435939172756,26.490513311316274],[-81.94425215259656,26.484894341067708],[-81.94044150810063,26.48042796183951],[-81.93441373462069,26.47885585640095],[-81.92851926309478,26.4807910316789],[-81.92505657499943,26.485478906774322],[-81.92537630472906,26.491091406048636],[-81.92935423044733,26.495439633182503],[-81.93475560427832,26.496848384306464]]]}"
"Aedes fitchii",2019.48571428571,-71.19455,42.10845,0,700,"000000000000000002bb",9.39940546967895,11.2675386444709,30.7265160523187,87.0230558858502,27.9178359096314,-8.30059453032105,36.2184304399524,0.587395957193817,18.189179548157,20.499405469679,-2.00059453032105,1191.25802615933,120.05707491082,85.6183115338882,9.14625445897741,332.219976218787,264.293697978597,271.090368608799,310.016646848989,0,0,0,0,0,1,0,17,2,"{""type"":""Polygon"",""coordinates"":[[[-71.19455142964541,42.11744947991481],[-71.2017485944261,42.11569447620324],[-71.20613802763206,42.1111141454512],[-71.20600819213641,42.1054951810196],[-71.20141076301483,42.10102896580249],[-71.19413901115604,42.099456951678],[-71.1870280429652,42.10139201703884],[-71.1828503430168,42.106079735706906],[-71.18323562132102,42.11169225226352],[-71.18803465384471,42.116040646079306],[-71.19455142964541,42.11744947991481]]]}"
"Aedes sticticus",2021.77777777778,-97.58855,33.32705,0,701,"000000000000000002bc",17.4102920723227,13.3,36,79.7832406119611,35.3087621696801,-1.2,36.5087621696801,21.6997218358832,6.71029207232267,27.3801112656467,6.71029207232267,879.332406119611,126,40,35,298.515994436718,134.107093184979,202.118219749652,134.107093184979,0,0,1,0,0,0,0,10,1,"{""type"":""Polygon"",""coordinates"":[[[-97.58854578902746,33.336048134241715],[-97.5949358993665,33.33429319180139],[-97.59883332582783,33.32971295857949],[-97.59871829286396,33.32409399061264],[-97.59463633462799,33.319627675787075],[-97.5881795915488,33.31805560620611],[-97.58186562702244,33.319990738321415],[-97.5781563749452,33.32467855199249],[-97.57849870657998,33.33029105805551],[-97.58275978082672,33.33463935064034],[-97.58854578902746,33.336048134241715]]]}"
"Aedes sticticus",2012,-117.78245,53.12255,0,702,"000000000000000002bd",0.117673179396092,11.8202486678508,32.050621669627,82.8759857904085,18.6536412078153,-17.459946714032,36.1135879218472,10.4197158081705,-4.8556838365897,10.4197158081705,-10.7227353463588,538.958259325044,81.740674955595,24.1358792184725,43.6198934280639,227.514209591474,80.8854351687389,227.514209591474,93.759325044405,1,0,0,0,0,0,0,1,3,"{""type"":""Polygon"",""coordinates"":[[[-117.78244997516151,53.131549477654566],[-117.79134791219803,53.12979436717367],[-117.79677412708918,53.1252138664837],[-117.7966130194372,53.11959490823011],[-117.79092931594087,53.11512886657174],[-117.78194015947392,53.1135569490672],[-117.77314972257959,53.11549189812347],[-117.76798482991711,53.12017945125467],[-117.76846053151822,53.12579198607756],[-117.77439318989687,53.13014055628235],[-117.78244997516151,53.131549477654566]]]}"
"Culex tarsalis",2020.60240963855,-99.05765,35.41035,0,703,"000000000000000002be",15.501832460733,13.7003926701571,34,89.9791230366492,35.2821989528796,-4.30091623036649,39.5831151832461,20.4407068062827,3.60183246073298,26.9315445026178,3.60183246073298,704.314136125654,115,20.0091623036649,47.2107329842932,265.187172774869,74.9528795811518,222.187172774869,74.9528795811518,0,0,1,0,0,0,0,10,1,"{""type"":""Polygon"",""coordinates"":[[[-99.05764568119679,35.41934906461373],[-99.0641967595431,35.41759410889329],[-99.06819231785234,35.41301385453187],[-99.06807433309604,35.407394887330625],[-99.0638895634013,35.40292859409508],[-99.05727026481833,35.401356536534514],[-99.05079733598963,35.40329165418055],[-99.04699465135722,35.40797944725994],[-99.04734554938143,35.41359195559806],[-99.05171392051481,35.41794027012447],[-99.05764568119679,35.41934906461373]]]}"
"Aedes sticticus",2005.5,-107.87225,48.15085,0,704,"000000000000000002bf",5.49959349593496,15.7778455284553,33,108.770782520325,29.8034552845528,-17.8186991869919,47.6221544715447,16.7034552845528,-9.1,19.1034552845528,-9.1,305.235772357724,57.0040650406504,8,65.7764227642276,154.00406504065,29,131.00406504065,29,0,0,1,0,0,0,0,10,1,"{""type"":""Polygon"",""coordinates"":[[[-107.8722539524149,48.15984800350878],[-107.88025722058276,48.158092946884786],[-107.88513806397651,48.153512531913044],[-107.88499342327847,48.14789357054033],[-107.87988113586758,48.143427441337444],[-107.87179536949435,48.141855475098225],[-107.8638883686754,48.14379048281808],[-107.85924277445807,48.14847811944793],[-107.85967092762021,48.15409064505999],[-107.86500726945717,48.158439126292144],[-107.8722539524149,48.15984800350878]]]}"
"Aedes sticticus",2022.02173913043,-100.91685,46.77305,0,705,"000000000000000002c0",5.21650793650794,13.4,28,114.686687830688,28.4430687830688,-18.3518518518519,46.7949206349206,16.9396825396825,-10.1675132275132,19.4820105820106,-10.1675132275132,422.099470899471,80.0201058201058,10,64,202.020105820106,31,192.040211640212,31,0,0,1,0,0,0,0,10,3,"{""type"":""Polygon"",""coordinates"":[[[-100.9168455699258,46.782048205408735],[-100.92464174060639,46.780293161877104],[-100.92939633710509,46.77571276774378],[-100.92925550266742,46.770093805613676],[-100.92427548776354,46.76562765512837],[-100.91639884691722,46.76405567704118],[-100.90869635212904,46.76599069902283],[-100.90417096527483,46.770678355951404],[-100.90458810615016,46.776290879323405],[-100.90978640883638,46.780639338926115],[-100.9168455699258,46.782048205408735]]]}"
"Culex tarsalis",2018.77777777778,-116.39635,43.51945,0,706,"000000000000000002c1",10.3010563380282,14.6096244131455,38,82.0742957746479,32.1903755868545,-6.1593896713615,38.349765258216,0.4,20.2150234741784,20.9914319248826,-0.295422535211268,272.032863849765,33.1960093896714,7,33.9718309859155,94.843896713615,35,40,83.843896713615,0,0,0,0,1,0,0,15,3,"{""type"":""Polygon"",""coordinates"":[[[-116.39634733089994,43.5284517444588],[-116.40371064969518,43.526696729359315],[-116.40820137413574,43.52211638048098],[-116.4080684891241,43.51649741670726],[-116.40336493687646,43.51203122000269],[-116.3959253967751,43.510459216184586],[-116.388650346981,43.51239426913932],[-116.38437620450904,43.51708197015066],[-116.38477032242541,43.522694488656725],[-116.38968010672572,43.52704290128674],[-116.39634733089994,43.5284517444588]]]}"
"Culex tarsalis",2021.48484848485,-96.60915,39.11215,0,707,"000000000000000002c2",12.2473091364205,12.9578222778473,30.5944931163955,99.9183604505632,32.7351689612015,-8.94055068836045,41.675719649562,22.387859824781,-1.15269086357947,24.8,-1.15269086357947,856.404255319149,136.12140175219,20,51,351.521902377972,70.1214017521902,322.048811013767,70.1214017521902,0,0,0,0,1,0,0,15,2,"{""type"":""Polygon"",""coordinates"":[[[-96.60915329274967,39.12114760884973],[-96.61603467206675,39.11939262772988],[-96.62023159331203,39.11481233293808],[-96.62010755117652,39.10919336720212],[-96.61571181590986,39.104727115258505],[-96.60875895953887,39.10315508068711],[-96.6019598419078,39.10509017066046],[-96.59796543682906,39.109777924357104],[-96.59833391237612,39.11539043704551],[-96.60292245283341,39.119738793536406],[-96.60915329274967,39.12114760884973]]]}"
"Culex quinquefasciatus",2018,-81.06325,29.11895,0,708,"000000000000000002c3",21.3,10.8443001443001,45,47.3839105339105,32.3,8.37604617604618,23.9239538239538,26.8786435786436,16.0886002886003,26.8786435786436,14.9252525252525,1265.18903318903,173,59.9119769119769,40.0822510822511,490.669552669553,190.911976911977,474.138528138528,206.911976911977,0,0,0,0,0,1,0,17,2,"{""type"":""Polygon"",""coordinates"":[[[-81.06324659888759,29.127949879094306],[-81.06935821446679,29.126194961662307],[-81.0730858617746,29.121614768249852],[-81.07297593722784,29.115995798842164],[-81.06907185529202,29.11152944335878],[-81.06289635110512,29.109957351140828],[-81.05685741238922,29.111892510504816],[-81.05330981019506,29.11658036295356],[-81.05363732243094,29.12219286473119],[-81.05771276073706,29.126541115996318],[-81.06324659888759,29.127949879094306]]]}"
"Aedes communis",2022.63636363636,-119.01085,36.97905,0,709,"000000000000000002c4",7.23639846743295,12.3544061302682,43.4329501915709,57.1151085568327,23.5671775223499,-4.49003831417624,28.0572158365262,1.16577266922095,14.9072796934866,15.039846743295,1.11213282247765,829.662835249042,155.430395913155,5.52618135376756,78.536398467433,420.892720306513,22.5542784163474,37.9208173690932,417.302681992337,1,0,0,0,0,0,0,1,1,"{""type"":""Polygon"",""coordinates"":[[[-119.01084759246581,36.98804743791284],[-119.01753129015896,36.986292471732206],[-119.02160769796183,36.981712200720295],[-119.02148728126721,36.976093234122345],[-119.0172178066131,36.971626957892106],[-119.01046458076112,36.97005490979927],[-119.00386068340573,36.97199001604876],[-118.99998102096538,36.97667779290912],[-119.00033897672431,36.98229030303897],[-119.00479574830152,36.986638634847644],[-119.01084759246581,36.98804743791284]]]}"
"Culex tarsalis",2018.84090909091,-116.47935,43.67715,0,710,"000000000000000002c5",10.442320441989,14.8,37,83.6815138121547,32.8125966850829,-6.3,39.1125966850829,0.3,20.5125966850829,21.4,-0.358895027624309,294.890607734807,36.1878453038674,7,36.3138121546961,107.375690607735,35.4629834254144,40,98.7767955801105,0,0,0,0,1,0,0,15,2,"{""type"":""Polygon"",""coordinates"":[[[-116.47934903790883,43.68614785321391],[-116.48673168501571,43.684392836808776],[-116.49123419237667,43.67981248585221],[-116.49110095255675,43.67419352215392],[-116.4863850552683,43.66972732757188],[-116.47892599685898,43.66815532493542],[-116.47163185993514,43.670090376467776],[-116.46734649853289,43.674778075454725],[-116.46774164467216,43.68039059418427],[-116.47266431242144,43.68473900897139],[-116.47934903790883,43.68614785321391]]]}"
"Aedes sticticus",2009,-108.68565,48.49115,0,711,"000000000000000002c6",5.9,15.8,33,106.785156723964,29.7,-16.9305358948433,46.6305358948433,16.9,-5.8989888776542,19.2,-8.40647118301315,302.23862487361,54,9,60.8119312436805,147.020222446916,33.1880687563195,127.020222446916,34,0,0,0,0,1,0,0,15,1,"{""type"":""Polygon"",""coordinates"":[[[-108.68565195287712,48.500148759503546],[-108.69370880435247,48.498393699537466],[-108.69862231193174,48.49381327924634],[-108.69847668610059,48.488194318067016],[-108.69333017528368,48.483728194296845],[-108.68519030141948,48.482156231082016],[-108.6772303883014,48.48409123516132],[-108.67255369229227,48.48877886660956],[-108.67298469437638,48.49439139279338],[-108.67835675149252,48.498739879546854],[-108.68565195287712,48.500148759503546]]]}"
"Aedes communis",2019.12121212121,-149.23115,63.87935,0,712,"000000000000000002c7",-4.14200743494424,10.8330235439901,25,115.392633209418,18.460594795539,-23.8908921933085,42.3514869888476,10.9122676579926,-11.3213135068154,10.9122676579926,-18.1701982651797,401.265799256506,80,11,66,207.182156133829,42.1530359355638,207.182156133829,56.8841387856258,0,1,0,0,0,0,0,8,1,"{""type"":""Polygon"",""coordinates"":[[[-149.23115197479925,63.88834596730734],[-149.24328149573464,63.88659068103959],[-149.25067731919623,63.8820099006022],[-149.2504563748958,63.87639095256888],[-149.24270878237513,63.871925196616964],[-149.23045714157624,63.87035343814301],[-149.21847625942033,63.87228819576765],[-149.21143566537177,63.87697547639019],[-149.21208273748246,63.882588041232914],[-149.22016905117414,63.88693690181216],[-149.23115197479925,63.88834596730734]]]}"
"Culex tarsalis",2021,-121.28505,36.68855,0,713,"000000000000000002c8",14.7561038961039,15.9862337662338,55.3805194805195,44.2797662337662,30.5501298701299,2.00727272727273,28.5428571428571,9.50922077922078,20.134025974026,20.4893506493507,9.19402597402598,330.896103896104,63.4441558441559,1,84.2662337662338,172.653246753247,5,10,172.533766233766,0,0,0,0,1,0,0,15,2,"{""type"":""Polygon"",""coordinates"":[[[-121.28505155713795,36.69754592248294],[-121.29170991376222,36.695790958271346],[-121.29577087275246,36.69121069039373],[-121.29565092076588,36.68559172368221],[-121.29139763163754,36.681125444250874],[-121.28466999675652,36.67955339437584],[-121.27809112501295,36.6814885027706],[-121.27422617158653,36.68617628268405],[-121.27458277875563,36.69178879247665],[-121.27902265867439,36.69613712103209],[-121.28505155713795,36.69754592248294]]]}"
"Aedes vexans",2017,-116.47935,43.71035,0,714,"000000000000000002c9",10.3621531631521,14.8073251942286,37,83.8120865704772,32.7815760266371,-6.47569367369589,39.257269700333,0.179911209766926,20.4517203107658,21.2833518312986,-0.457935627081021,303.76692563818,37.8446170921199,7,36.8446170921199,111.784683684795,36,41,103.205327413984,0,0,0,0,1,0,0,15,2,"{""type"":""Polygon"",""coordinates"":[[[-116.4793490379088,43.719350319657856],[-116.48673577461508,43.71759530297694],[-116.49124077507507,43.713014951581414],[-116.49110746018087,43.707395987899076],[-116.4863889508556,43.70292979376533],[-116.47892576264935,43.701357791378456],[-116.47162758715973,43.703292842610374],[-116.46733985198945,43.70798054116974],[-116.46773521568436,43.7135930599465],[-116.47266060938925,43.71794147518924],[-116.4793490379088,43.719350319657856]]]}"
"Aedes sticticus",2013.71428571429,-92.30975,42.45705,0,715,"000000000000000002ca",8.11561743341404,11.8,27,109.696803874092,28.9,-14.2717917675545,43.1717917675545,19.9479418886199,-6.97179176755448,21.4360774818402,-6.97179176755448,869.455205811138,115,22,46,336,81.0738498789346,335.692493946731,81.0738498789346,0,0,0,0,0,1,0,17,2,"{""type"":""Polygon"",""coordinates"":[[[-92.30975494353295,42.46604862297004],[-92.31699204991725,42.46429361649296],[-92.32140583249956,42.45971328133899],[-92.32127526402249,42.45409431706714],[-92.31665232404207,42.449628106345756],[-92.30934023757979,42.44805609472415],[-92.30218982582984,42.44999115707218],[-92.29798894214912,42.45467887145237],[-92.29837634549278,42.460291388482425],[-92.30320200159571,42.464639786867195],[-92.30975494353295,42.46604862297004]]]}"
"Aedes communis",2020.56923076923,-147.48815,65.15755,0,716,"000000000000000002cb",-4.01221102548903,10.1981031416716,20,148.055299347955,21.5630705394191,-28.385536455246,49.9486069946651,14.4479549496147,-12.233669235329,14.4479549496147,-23.1939537640782,312.864848844102,50.0450503852993,7.98933017190279,49.3289863663308,138.244813278008,37.7937166567872,138.244813278008,59.6816834617664,0,0,0,1,0,0,0,14,1,"{""type"":""Polygon"",""coordinates"":[[[-147.488151800422,65.16654728427761],[-147.50086293273472,65.16479196799642],[-147.50861318907428,65.16021113980075],[-147.50838141345406,65.15459219351847],[-147.50026238388355,65.15012648634199],[-147.48742367478138,65.1485547550148],[-147.4748686835021,65.15048947996159],[-147.46749051083196,65.15517671406086],[-147.46816836028128,65.16078928402239],[-147.47664223644776,65.16513819417509],[-147.488151800422,65.16654728427761]]]}"
"Aedes communis",2012.14285714286,-111.60725,45.85175,0,717,"000000000000000002cc",7.26245989304813,14.8667379679144,36,86.232256684492,29.6941176470588,-11.1031016042781,40.7972192513369,15.9941176470588,-3.6,18.5612834224599,-3.6,303.941176470588,55,8,59,139,27,114,27,0,0,0,0,1,0,0,15,3,"{""type"":""Polygon"",""coordinates"":[[[-111.60724604489276,45.86074887765523],[-111.61491203677897,45.85899384250963],[-111.619587275301,45.85441346172406],[-111.61944883244976,45.84879449910901],[-111.61455196257869,45.844328334991545],[-111.60680677697387,45.84275634931521],[-111.59923283357381,45.84469138043215],[-111.5947830075851,45.84937905036276],[-111.5951932252474,45.85499157229974],[-111.60030475758286,45.85934001804804],[-111.60724604489276,45.86074887765523]]]}"
"Culex tarsalis",2022.25,-97.65495,33.39345,0,718,"000000000000000002cd",17.6781163434903,13.4430747922438,36,80.1891412742382,35.6409972299169,-1.14279778393352,36.7837950138504,21.9817174515236,6.87811634349031,27.6837950138504,6.87811634349031,860.238227146815,123.626038781163,38.6814404432133,35.7590027700831,292.139889196676,130.252077562327,198.160664819945,130.252077562327,0,0,1,0,0,0,0,10,1,"{""type"":""Polygon"",""coordinates"":[[[-97.65495518101643,33.40244860802858],[-97.6613501702477,33.40069366517498],[-97.66525057105291,33.39611343129521],[-97.66513544861736,33.39049446335217],[-97.66105037419771,33.3860281491985],[-97.65458870411607,33.384456079991615],[-97.6482699214351,33.38639121165663],[-97.64455783744532,33.39107902468689],[-97.64490042872085,33.396691530820696],[-97.64916475510138,33.401039824088365],[-97.65495518101643,33.40244860802858]]]}"
"Culex quinquefasciatus",2018,-117.46705,33.99935,0,719,"000000000000000002ce",18.2459533607682,15.8,53.3196159122085,46.8849519890261,34.3233196159122,5.0644718792867,29.2588477366255,13.3091906721536,24.1325102880659,24.6938271604938,12.7465020576132,276.277091906722,49.9615912208505,3,73.5761316872428,144.326474622771,14,22,134.141289437586,0,0,0,0,0,1,0,17,3,"{""type"":""Polygon"",""coordinates"":[[[-117.46704883944915,34.00835125917081],[-117.47348909656311,34.00659631251652],[-117.47741709427135,34.00201607258673],[-117.47730114170548,33.99639710486277],[-117.47318715435848,33.99193079688805],[-117.46667976998542,33.99035873112137],[-117.46031628293909,33.992293858645326],[-117.45657792358067,33.99698166578234],[-117.45692292390092,34.00259417256733],[-117.46121742460443,34.00694247211455],[-117.46704883944915,34.00835125917081]]]}"
"Aedes triseriatus",2025,-80.30795,26.07285,0,720,"000000000000000002cf",23.869494047619,9.10252976190476,49.0252976190476,32.7307291666667,32.3587797619048,13.9129464285714,18.4458333333333,27.6,19.4129464285714,27.7,19.4129464285714,1515.1994047619,236.110119047619,56.1071428571429,48.1041666666667,577.452380952381,178.669642857143,542.342261904762,178.669642857143,0,0,0,0,0,1,0,17,1,"{""type"":""Polygon"",""coordinates"":[[[-80.30795068515177,26.081848767464354],[-80.3138947033699,26.080093866878503],[-80.31752018011261,26.075513700283157],[-80.31741333226373,26.069894729905585],[-80.31361629515689,26.065428347033574],[-80.30761003559245,26.06385623956621],[-80.3017366027311,26.065791417286285],[-80.29828628079312,26.07047929585699],[-80.29860487735586,26.07609179474712],[-80.30256860231341,26.080440018177875],[-80.30795068515177,26.081848767464354]]]}"
"Aedes communis",2002,-64.79525,46.15055,0,721,"000000000000000002d0",5.40412147505423,10.9140997830803,28,94.7587635574837,25.2882863340564,-13.4432754880694,38.7315618221258,-3.85303687635575,12.8708242950108,17.3941431670282,-7.05303687635575,1157.52060737527,117.058568329718,79.997830802603,12,345.114967462039,259.114967462039,268.976138828633,328.06399132321,0,0,0,0,1,0,0,15,2,"{""type"":""Polygon"",""coordinates"":[[[-64.7952509168347,46.15954878014557],[-64.80295843202478,46.15779374231101],[-64.80765898353316,46.15321335724548],[-64.80751977791434,46.14759439478592],[-64.8025963871407,46.1431282350396],[-64.79480927094754,46.14155625179672],[-64.7871943232131,46.143491279984424],[-64.78272039546803,46.14817894574594],[-64.78313282152111,46.153791468143076],[-64.78827203117083,46.15813991833378],[-64.7952509168347,46.15954878014557]]]}"
"Aedes vexans",2017.75,-112.06375,40.78875,0,722,"000000000000000002d1",10.8576598311218,12.3710494571773,31,92.1265138721351,32.8369119420989,-6.78069963811822,39.6176115802171,9.85765983112184,23.0790108564536,23.0790108564536,-0.880699638118215,401.230398069964,52.2714113389626,20,27.692400482509,141.271411338963,70.8769601930036,70.8769601930036,83.708082026538,0,0,0,0,1,0,0,15,2,"{""type"":""Polygon"",""coordinates"":[[[-112.06375097434032,40.797747309440126],[-112.07080317122103,40.79599231592968],[-112.0751042280943,40.79141200141512],[-112.07497705251654,40.78579303639442],[-112.07047221507261,40.78132680459383],[-112.06334685823781,40.779754781236804],[-112.0563790509854,40.78168985771111],[-112.05228549634015,40.786377592196],[-112.05266306136278,40.79199010700608],[-112.05736546338063,40.79633848396817],[-112.06375097434032,40.797747309440126]]]}"
"Culex tarsalis",2021.27272727273,-110.83535,31.89945,0,723,"000000000000000002d2",18.3176718092567,16.4035063113605,47.203366058906,67.4928330995792,35.794950911641,1.53155680224404,34.2633941093969,26.3978962131837,21.594950911641,27.0669004207574,9.96086956521739,381.964936886395,87.0210378681627,4,75.2875175315568,202.784011220196,21.9705469845722,169.586255259467,84.1893408134642,0,1,0,0,0,0,0,7,1,"{""type"":""Polygon"",""coordinates"":[[[-110.83534889793495,31.9084490955768],[-110.8416379048284,31.906694161873766],[-110.84547369517512,31.90211394256018],[-110.84536051641224,31.89649497408979],[-110.84134313364805,31.892028645059515],[-110.83498849079518,31.890456567569892],[-110.82877437089317,31.892391709205047],[-110.82512380346488,31.897079536423984],[-110.8254607547808,31.902692040989947],[-110.82965443636753,31.90704031913879],[-110.83534889793495,31.9084490955768]]]}"
"Aedes sticticus",2007.46153846154,-114.10555,46.51575,0,724,"000000000000000002d3",7.26557894736842,14.7612631578947,38.6126315789474,79.1536947368421,29.1087368421053,-8.60221052631579,37.7109473684211,15.3655789473684,3,17.5988421052632,-2.81094736842105,315.973684210526,43,18.5126315789474,28,105,58.5126315789474,91,75.461052631579,0,0,0,1,0,0,0,14,3,"{""type"":""Polygon"",""coordinates"":[[[-114.10555105120793,46.52474915642281],[-114.11331022048871,46.52299411526177],[-114.11804226071717,46.518413724901635],[-114.11790210612789,46.51279476263443],[-114.11294572395244,46.50832860829554],[-114.10510644719062,46.50675662806304],[-114.09744049111698,46.508691652627064],[-114.09293658131709,46.513379313231106],[-114.09335175445067,46.518991836197465],[-114.09852539400227,46.523340291883756],[-114.10555105120793,46.52474915642281]]]}"
"Aedes excrucians",2009,-93.86185,58.76655,0,725,"000000000000000002d4",-7.67777777777778,8.84281045751634,17,141.213382352941,17.1222222222222,-32.8,49.9222222222222,9.4,-25.3,9.66650326797386,-26,414,61,14,44,164,47,155,51,0,1,0,0,0,0,0,8,1,"{""type"":""Polygon"",""coordinates"":[[[-93.86184762450901,58.77554515852736],[-93.87214587417215,58.7737899694032],[-93.87842562048802,58.76920934355387],[-93.87823865518743,58.76359038986512],[-93.87166060746164,58.759124476032405],[-93.86125762943456,58.757552629681854],[-93.8510845940929,58.75948749308738],[-93.84510691543264,58.76417492429879],[-93.84565695008958,58.76978747256023],[-93.85252288504226,58.77413617267777],[-93.86184762450901,58.77554515852736]]]}"
"Aedes communis",2019,-132.05015,59.96175,0,726,"000000000000000002d5",-2.07083946980854,11.6283505154639,26,109.706111929308,19.1476435935199,-24.7446244477172,43.8922680412371,9.94742268041237,-1.57282768777614,11.2739322533137,-16.8104565537555,430.253313696613,52.0029455081001,16.4248895434462,28.999263622975,146.0029455081,69.4248895434463,129.0029455081,100,1,0,0,0,0,0,0,1,2,"{""type"":""Polygon"",""coordinates"":[[[-132.05015089295225,59.97074922758984],[-132.06081849664804,59.96899401846863],[-132.06732336015727,59.96441336079604],[-132.06712955665117,59.958794408269945],[-132.06031561642055,59.95432852693838],[-132.0495397512031,59.952756698678684],[-132.03900206246263,59.9546915403075],[-132.03281000035972,59.959378940519095],[-132.03337962268884,59.96499149219548],[-132.0404917103942,59.969340225345206],[-132.05015089295225,59.97074922758984]]]}"
"Culex quinquefasciatus",2018,-117.59985,33.89975,0,727,"000000000000000002d6",17.8907840440165,15.2917469050894,55,42.8363548830812,32.6519944979367,5.00467675378267,27.6473177441541,13.3529573590096,21.1085281980743,23.7246217331499,12.795598349381,259.067400275103,42.9284731774415,5,62.1939477303989,123.363136176066,20.0522696011004,28.4621733149931,116.191196698762,0,0,0,0,0,1,0,17,3,"{""type"":""Polygon"",""coordinates"":[[[-117.59985424612394,33.90874831893998],[-117.60628696830285,33.90699337291418],[-117.61021037244655,33.902413133984815],[-117.6100945580559,33.89679416622463],[-117.60598538332741,33.89232785722815],[-117.59948560819807,33.8907557908926],[-117.59312956229094,33.89269091910132],[-117.58939557652346,33.89737872721285],[-117.58974017585125,33.90299123389016],[-117.59402965397344,33.90733953239899],[-117.59985424612394,33.90874831893998]]]}"
"Aedes vexans",2018,-116.32995,43.65225,0,728,"000000000000000002d7",10.3207852193995,14.5,37,82.8462124711316,32.4264434180139,-6.13464203233256,38.5610854503464,0.4,20.4108545034642,21.1279445727483,-0.3,311.040415704388,38.9006928406466,7.09584295612009,37.7205542725173,113.976905311778,36.0958429561201,41.0958429561201,103.976905311778,0,0,0,0,0,1,0,17,3,"{""type"":""Polygon"",""coordinates"":[[[-116.3299468571131,43.66124823293146],[-116.3373264418905,43.65949321673295],[-116.34182708239574,43.65491286610524],[-116.34169389879169,43.64929390239503],[-116.33697995742047,43.6448277074771],[-116.32952399144158,43.643255704653654],[-116.32223287863349,43.6451907564111],[-116.31794929473047,43.64987845571839],[-116.31834427796166,43.65549097441257],[-116.32326490449016,43.65983938885835],[-116.3299468571131,43.66124823293146]]]}"
"Aedes sticticus",2019.8,-90.09365,45.81025,0,729,"000000000000000002d8",3.97401746724891,11.9115720524017,26.1157205240175,111.081408296943,25.3241266375546,-18.9393013100437,44.2634279475983,16.1529475982533,-11.3259825327511,17.4241266375546,-11.3259825327511,819.162663755459,110.332969432314,22,44.1157205240175,313.697598253275,87.8122270742358,309.707423580786,87.8122270742358,1,0,0,0,0,0,0,5,2,"{""type"":""Polygon"",""coordinates"":[[[-90.09364860648614,45.81924802415081],[-90.10130888292532,45.81749298937639],[-90.10598063725365,45.81291260918163],[-90.10584229938725,45.807293646545126],[-90.10094907996934,45.802827481824245],[-90.09320966588172,45.80125549581199],[-90.08564136650466,45.80319052733329],[-90.08119485798635,45.807878197839415],[-90.08160477167011,45.813490719712874],[-90.08671249437604,45.81783916484793],[-90.09364860648614,45.81924802415081]]]}"
"Aedes sticticus",2007,-115.05175,48.88125,0,730,"000000000000000002d9",6.65636363636364,13.9,35,84.0543131313131,28.6857575757576,-10.2420202020202,38.9277777777778,15.2550505050505,2.29070707070707,17.4514141414141,-4.2120202020202,439.356565656566,57.6888888888889,25.6282828282828,23.8757575757576,140.584848484848,80.569696969697,127.452525252525,107.555555555556,0,0,0,0,0,1,0,17,1,"{""type"":""Polygon"",""coordinates"":[[[-115.05174999924391,48.8902487560632],[-115.05986951982806,48.88849369221031],[-115.06482123012091,48.883913265732836],[-115.06467445194211,48.87829430477845],[-115.05948791470452,48.87382818732645],[-115.05128475895363,48.87225622762892],[-115.0432629617851,48.874191227474334],[-115.03854989025248,48.87887885289643],[-115.03898422415259,48.88449137974517],[-115.04439805244654,48.88883987291984],[-115.05174999924391,48.8902487560632]]]}"
"Culex quinquefasciatus",2018,-117.59985,33.89145,0,731,"000000000000000002da",17.8065753424658,15.2575342465753,55,42.9941369863014,32.6060273972603,5.00479452054795,27.6012328767123,13.2528767123288,21.0580821917808,23.6686301369863,12.7379452054795,265.335616438356,43.6465753424658,5,61.7547945205479,125.646575342466,20.8671232876712,29.2821917808219,118.615068493151,0,0,0,0,0,1,0,17,3,"{""type"":""Polygon"",""coordinates"":[[[-117.59985424612394,33.90044993187952],[-117.60628634220451,33.89869498590602],[-117.61020936465647,33.89411474705989],[-117.6100935617472,33.8884957792967],[-117.60598478691229,33.884029470215204],[-117.59948564405575,33.88245740383231],[-117.5931302164531,33.88439253209802],[-117.58939659409924,33.889080340290626],[-117.58974116010752,33.89469284695898],[-117.59403022088972,33.89904114538142],[-117.59985424612394,33.90044993187952]]]}"
"Aedes sticticus",2020,-83.58645,41.63535,0,732,"000000000000000002db",9.8,10.8696750902527,28,97.3098315282792,29.5608904933815,-8.7,38.2608904933815,22,-1.8,22,-3.10974729241877,841.617328519856,93,46,20,259.617328519856,157,259.617328519856,162,0,0,0,0,0,1,0,17,1,"{""type"":""Polygon"",""coordinates"":[[[-83.58644676638416,41.6443477763463],[-83.59359084444155,41.642592776339676],[-83.59794791461671,41.63801245148491],[-83.59781905325046,41.63239348683932],[-83.59325553084832,41.62792726559929],[-83.58603738819089,41.62635524812166],[-83.57897884489863,41.62829031751877],[-83.57483195865142,41.63297804193133],[-83.57521441246091,41.63859055785365],[-83.57997805929861,41.64293894554836],[-83.58644676638416,41.6443477763463]]]}"
"Aedes sticticus",2019,-71.16135,42.18315,0,733,"000000000000000002dc",9.7,11.2833734939759,30.833734939759,87.2022891566265,28.3,-8.1,36.4,0.8,18.479156626506,20.8166265060241,-1.8,1152.01445783133,116,82,9.48433734939759,323,255,260.681927710843,302,0,0,0,1,0,0,0,14,2,"{""type"":""Polygon"",""coordinates"":[[[-71.1613445041004,42.19214834076212],[-71.1685501680975,42.190393336460524],[-71.17294478263699,42.18581300476931],[-71.17281479117398,42.180194040371795],[-71.16821193356839,42.17572782611386],[-71.16093159885868,42.174155812523374],[-71.15381223742368,42.17609087724143],[-71.14962960418381,42.18077859499465],[-71.15001533468222,42.186391111652284],[-71.1548200324691,42.19073950644288],[-71.1613445041004,42.19214834076212]]]}"
"Culex tarsalis",2020,-116.28015,43.61905,0,734,"000000000000000002dd",10.4,14.2663943990665,36.6639439906651,82.9942007001167,32.4978996499417,-5.90210035005834,38.4,0.5,20.6,21.3,-0.202100350058343,313.561260210035,39.0805134189032,8,36.3827304550758,113.630105017503,37,42,103.927654609102,0,0,0,0,0,1,0,17,3,"{""type"":""Polygon"",""coordinates"":[[[-116.28015207564924,43.62804576648751],[-116.28752758307138,43.62629075056424],[-116.29202573794089,43.621710400374646],[-116.29189262918523,43.616091436648524],[-116.28718129203081,43.61162524128316],[-116.27972944348623,43.6100532382106],[-116.27244235715439,43.61198829026789],[-116.26816113991252,43.616675990001944],[-116.26855590623828,43.62228850864901],[-116.27347381497175,43.62663692264005],[-116.28015207564924,43.62804576648751]]]}"
"Aedes communis",2014,-79.98425,44.82255,0,735,"000000000000000002de",5.86033707865169,10.5993258426966,27,97.3885280898877,25.2603370786517,-12.822808988764,38.0831460674157,-3.91460674157303,-1.92112359550562,17.8184269662921,-7.08842696629214,959.842696629214,107.544943820225,64.8988764044944,16.3483146067416,291.894382022472,199.192134831461,223.693258426966,266.349438202247,1,0,0,0,0,0,0,5,2,"{""type"":""Polygon"",""coordinates"":[[[-79.98425116237897,44.83155268171149],[-79.99177903743129,44.82979765561155],[-79.99637007823019,44.82521728922378],[-79.99623417201018,44.8195983260858],[-79.99142551738971,44.81513214726374],[-79.98381980422892,44.81356015340117],[-79.97638225226947,44.815495194372126],[-79.97201259475635,44.82018287832761],[-79.97241546621015,44.82579539871652],[-79.97743493652527,44.83014382952053],[-79.98425116237897,44.83155268171149]]]}"
"Culex quinquefasciatus",2019.45454545455,-81.39525,28.46325,0,736,"000000000000000002df",22.1,11.5,48,45.0360724637681,32.9,9.1,23.8,27.3,17.0013043478261,27.3,15.9395652173913,1231.87536231884,189.549275362319,51.068115942029,48.9492753623188,528.655072463768,163.068115942029,510.072463768116,190.03768115942,0,0,0,0,0,1,0,17,3,"{""type"":""Polygon"",""coordinates"":[[[-81.3952489678219,28.472247987387203],[-81.40132225507985,28.47049307366202],[-81.40502653650766,28.465912886150353],[-81.40491731533874,28.460293916529203],[-81.4010377138532,28.455827555019273],[-81.39490091510991,28.4542554594459],[-81.38889982678394,28.456190622848904],[-81.38537447190899,28.460878481045484],[-81.38569994494004,28.4664909821878],[-81.3897498350205,28.470839227328288],[-81.3952489678219,28.472247987387203]]]}"
"Culex tarsalis",2019,-116.22205,43.61075,0,737,"000000000000000002e0",10.5585648148148,14.0861111111111,36,83.3977430555556,32.6556712962963,-5.69780092592593,38.3534722222222,0.638773148148148,20.8282407407407,21.4695601851852,-0.0706018518518519,318.722222222222,40.0196759259259,8,37,115.979166666667,37,42.5949074074074,106.170138888889,0,0,0,0,0,1,0,17,3,"{""type"":""Polygon"",""coordinates"":[[[-116.2220544480239,43.61974737942704],[-116.2294289374714,43.617992363572505],[-116.23392647176354,43.61341201349234],[-116.23379338169487,43.60779304976224],[-116.22908269472335,43.603326854285115],[-116.2216318741599,43.601754851150346],[-116.21434579310012,43.60368990328253],[-116.2100651667317,43.608377603123174],[-116.21045987890355,43.61399012175848],[-116.21537710909752,43.618338535635935],[-116.2220544480239,43.61974737942704]]]}"
"Aedes sticticus",2015.09756097561,-93.67095,41.64365,0,738,"000000000000000002e1",9.40326086956522,11.8,27,108.087451690821,30,-12.5967391304348,42.5967391304348,20.5675120772947,-5.40434782608696,22.6136473429952,-5.40434782608696,831.277777777778,122,21.0326086956522,47,323.400966183575,76.0326086956522,322.076086956522,76.0326086956522,0,0,0,0,0,1,0,17,1,"{""type"":""Polygon"",""coordinates"":[[[-93.670953508411,41.652650622507814],[-93.6780985071884,41.65089562243663],[-93.6824561386588,41.64631529747911],[-93.68232726039832,41.64069633283726],[-93.67776314992814,41.63623011170216],[-93.67054407748768,41.634658094282955],[-93.66348462495267,41.636593163609746],[-93.65933720428193,41.641280887922214],[-93.65971970707943,41.646893403855586],[-93.66448396763629,41.65124179165695],[-93.670953508411,41.652650622507814]]]}"
"Aedes communis",2003,-67.34335,47.72755,0,739,"000000000000000002e2",2.02004197271773,11.4,26,105.706379853095,23.2330535152151,-19.3414480587618,42.5745015739769,14.004092339979,-5.83158447009444,15.1585519412382,-12.3414480587618,1019.21720881427,110.643231899265,63,17,307.373557187828,194.828961175236,305.700944386149,234.414480587618,1,0,0,0,0,0,0,1,2,"{""type"":""Polygon"",""coordinates"":[[[-67.34335516371476,47.736549999606204],[-67.3512931542417,47.73479494707807],[-67.35613420447741,47.73021453862546],[-67.35599076373329,47.72459557701577],[-67.35092016889018,47.72012944115485],[-67.34290031904567,47.7185574712091],[-67.33505777869993,47.72049248339063],[-67.33045007412476,47.72518012637078],[-67.33087475640944,47.73079265128209],[-67.33616758812184,47.73514112574763],[-67.34335516371476,47.736549999606204]]]}"
"Culex tarsalis",2019.55,-116.14735,43.56925,0,740,"000000000000000002e3",10.6145664739884,13.8453179190751,36,83.6570057803468,32.7145664739884,-5.53075144508671,38.2453179190751,0.769248554913295,21.0145664739884,21.6040462427746,-0.0307514450867052,329.756069364162,41.5791907514451,8,38.4763005780347,121.379190751445,37,43,110.482080924856,0,0,0,0,0,1,0,17,3,"{""type"":""Polygon"",""coordinates"":[[[-116.14734666897448,43.57824652592263],[-116.15471607398716,43.57649151041161],[-116.15921050870726,43.571911160878216],[-116.15907751197294,43.56629219712827],[-116.15437007244269,43.56182600109271],[-116.14692438629415,43.56025399764707],[-116.13964332622506,43.56218905015347],[-116.13536565106735,43.566876750526724],[-116.13576009275845,43.57248926910323],[-116.1406739338794,43.576837682413164],[-116.14734666897448,43.57824652592263]]]}"
"Aedes communis",2014,-137.42855,60.71705,0,741,"000000000000000002e4",-2.95160599571734,13.5535331905782,29,114.387259100642,19.7859386152748,-26.5026409707352,46.28857958601,9.52291220556745,-2.18165596002855,10.9020699500357,-18.294289793005,343.430406852248,41.9907209136331,11,34.1591720199857,116.209136331192,42.1891506067095,111.834403997145,84.3483226266952,1,0,0,0,0,0,0,1,1,"{""type"":""Polygon"",""coordinates"":[[[-137.42854913777865,60.72604960042672],[-137.4394666480987,60.72429437790806],[-137.44612382334284,60.71971369891512],[-137.44592538877197,60.71409474716842],[-137.43895184369717,60.709628887611345],[-137.42792368854472,60.70805707147159],[-137.41713928045974,60.70999189851112],[-137.41080216587608,60.714679277954],[-137.4113850367774,60.72029183191781],[-137.41866366934622,60.72464058719786],[-137.42854913777865,60.72604960042672]]]}"
"Culex quinquefasciatus",2011,-99.04935,20.85215,0,742,"000000000000000002e5",22.1634185303514,15.1594249201278,60.3194888178914,30.5385143769968,33.9905750798722,9.19376996805112,24.7968051118211,24.4011182108626,19.2843450479233,25.3506389776358,17.8547923322684,1025.75878594249,228.292332268371,17.8162939297125,79.6230031948882,524.445686900958,62.0638977635783,387.611821086262,62.0926517571885,0,1,0,0,0,0,0,7,2,"{""type"":""Polygon"",""coordinates"":[[[-99.04934729413634,20.86114663139308],[-99.05506055866762,20.859391757773256],[-99.05854536990695,20.854811634105655],[-99.05844276581753,20.849192662176733],[-99.05479310968498,20.844726235462073],[-99.04901985892951,20.8431541035835],[-99.04337428798279,20.84508931068788],[-99.0400579041901,20.84977723107345],[-99.04036423342407,20.855389725340203],[-99.04417415338945,20.859737904214995],[-99.04934729413634,20.86114663139308]]]}"
"Aedes communis",2004,-64.81185,46.10905,0,743,"000000000000000002e6",5.5544069640914,11,28,94.3555059847661,25.3463547334059,-13.2521218715996,38.5984766050054,-3.66017410228509,13.0314472252448,17.4817192600653,-6.88400435255713,1143.76605005441,115.682263329706,78.9194776931447,12.0805223068553,341.046789989119,257.34494015234,266.490750816105,324.046789989119,0,0,0,0,0,1,0,17,2,"{""type"":""Polygon"",""coordinates"":[[[-64.81185215005668,46.11804792664117],[-64.8195538585789,46.11629288918181],[-64.82425087029308,46.1117125047135],[-64.82411177134506,46.10609354223225],[-64.81919208928461,46.101627381875986],[-64.81141083670694,46.10005539829354],[-64.80380162305998,46.10199042689],[-64.79933106573264,46.10667809323327],[-64.79974318296644,46.11229061556619],[-64.80487852219119,46.116639065137],[-64.81185215005668,46.11804792664117]]]}"
"Culex tarsalis",2020.85714285714,-99.25685,47.13825,0,744,"000000000000000002e7",4.45846477392219,13.1017875920084,27,121.142492113565,28.2870662460568,-19.7268138801262,48.013880126183,16.8870662460568,-12.0268138801262,19.3350157728707,-12.0268138801262,431.272344900105,88.4153522607781,7,70.4374342797056,211.562565720294,25.1219768664564,209.415352260778,25.1219768664564,0,0,1,0,0,0,0,10,1,"{""type"":""Polygon"",""coordinates"":[[[-99.25685156165844,47.14724858168596],[-99.26470113421506,47.14549353475038],[-99.26948828472112,47.14091313519918],[-99.26934646899232,47.13529417326597],[-99.26433234643235,47.13082802831398],[-99.25640178044961,47.12925605330722],[-99.24864655172057,47.13119107158085],[-99.24409016834497,47.13587872323187],[-99.24451014902961,47.14149124718631],[-99.24974404644205,47.145839712412545],[-99.25685156165844,47.14724858168596]]]}"
"Aedes vexans",2017.5,-116.28015,43.64395,0,745,"000000000000000002e8",10.4378663540446,14.352754982415,37,83.1478077373974,32.6056271981243,-5.95474794841735,38.5603751465416,0.47514654161782,20.6127784290739,21.3241500586167,-0.254747948417351,317.746776084408,40,8,37.0339976553341,116.033997655334,37,42.073856975381,106.037514654162,0,0,0,0,0,1,0,17,3,"{""type"":""Polygon"",""coordinates"":[[[-116.28015207564924,43.652949845871],[-116.28753064070686,43.65119482974131],[-116.29203065957097,43.646614479223146],[-116.29189749468605,43.64099551550895],[-116.28718420461236,43.63652932047914],[-116.27972926837667,43.63495731759341],[-116.27243916256377,43.636892369425816],[-116.26815617054717,43.64158006883983],[-116.2685510995318,43.647192587522234],[-116.27347104635763,43.651541001854305],[-116.28015207564924,43.652949845871]]]}"
"Aedes vexans",2012,-121.11905,48.71525,0,746,"000000000000000002e9",8.68024316109423,9.44174265450861,34,63.2181053698075,24.6627152988855,-2.56707193515704,27.2297872340426,1.42310030395137,16.8739614994934,16.8739614994934,0.890780141843972,1626.82978723404,269.078014184397,36.1144883485309,63.0607902735562,791.359675785208,122.103343465046,122.103343465046,700.854103343465,0,0,0,0,0,0,1,18,3,"{""type"":""Polygon"",""coordinates"":[[[-121.11904814312028,48.724245342045506],[-121.12714083080876,48.72249027985399],[-121.13207618394797,48.71790985602078],[-121.1319298991901,48.712290894970245],[-121.12676049997197,48.707824774817645],[-121.11858443945026,48.706252813616686],[-121.1105891390047,48.70818781527183],[-121.1058916422989,48.71287544326971],[-121.10632454964659,48.718487969834236],[-121.11172049288336,48.72283646026425],[-121.11904814312028,48.724245342045506]]]}"
"Culex quinquefasciatus",2019.41176470588,-81.65255,28.55455,0,747,"000000000000000002ea",21.9189781021898,11.9,48,46.2196642335767,33.0224817518248,8.63605839416059,24.3864233576642,27.2929927007299,19.4367883211679,27.2929927007299,15.5367883211679,1247.06715328467,182.821897810219,51.0510948905109,48.1430656934307,536.421897810219,177.186861313869,536.421897810219,205.91094890511,0,0,0,0,0,1,0,17,2,"{""type"":""Polygon"",""coordinates"":[[[-81.65254801680783,28.563548081456492],[-81.65862656444062,28.561793167217967],[-81.66233405271551,28.557212978889098],[-81.66222473500443,28.55159400929751],[-81.65834177369847,28.547127648622194],[-81.65219966283388,28.545555553513513],[-81.64619337973784,28.547490716357153],[-81.64266497152755,28.55217857375771],[-81.64299072442213,28.557791074988017],[-81.64704412086655,28.56213932097671],[-81.65254801680783,28.563548081456492]]]}"
"Culex pipiens",2019.625,-76.91325,38.91295,0,748,"000000000000000002eb",13.0130489335006,11.6046424090339,33,84.8015558343789,30.7136762860728,-4.33676286072773,35.0504391468005,23.7143036386449,1.83475533249686,23.7143036386449,1.83475533249686,1051.65495608532,106.692597239649,70.6587202007528,12,300.583437892095,228.528230865747,300.583437892095,228.528230865747,0,0,0,0,0,1,0,17,2,"{""type"":""Polygon"",""coordinates"":[[[-76.91325488956763,38.92194618748915],[-76.92011690866381,38.92019120780196],[-76.9243020272868,38.915610915290614],[-76.9241783402461,38.909991949471966],[-76.91979497047737,38.90552569519931],[-76.91286166514068,38.90395365933123],[-76.90608166662386,38.90588875086544],[-76.9020984990202,38.91057650678345],[-76.90246594433142,38.91618901922651],[-76.90704157984692,38.920537373350406],[-76.91325488956763,38.92194618748915]]]}"
"Aedes sticticus",2011,-111.56575,45.90155,0,749,"000000000000000002ec",7.28034006376195,14.9962805526036,36,86.728087141339,29.8127523910733,-11.3,41.1127523910733,16.0357066950053,-3.71551540913921,18.5934112646121,-3.71551540913921,303.936238044633,55,8,59.8969181721573,139.799149840595,26.0658873538788,114.799149840595,26.0658873538788,0,0,1,0,0,0,0,10,3,"{""type"":""Polygon"",""coordinates"":[[[-111.5657496504894,45.910548118220106],[-111.57342251725181,45.908793082628364],[-111.5781019467656,45.904212701132685],[-111.57796337763057,45.89859373854343],[-111.57306211677998,45.89412757515121],[-111.5653099888576,45.89255558987862],[-111.55772925649731,45.89449062050955],[-111.55327544006005,45.89917828974844],[-111.55368602336371,45.90479081176178],[-111.55880213814444,45.90913925824714],[-111.5657496504894,45.910548118220106]]]}"
"Culex quinquefasciatus",2020.5,-81.42845,28.13125,0,750,"000000000000000002ed",22.3833578792342,12.3,51,43.2459793814433,33.2513991163476,9.18335787923417,24.0680412371134,27.3680412371134,17.5814432989691,27.4513991163476,16.4833578792342,1203.87923416789,182.287187039764,40.1575846833579,50.2871870397644,529.549337260677,166,507.755522827688,187,0,0,0,1,0,0,0,14,3,"{""type"":""Polygon"",""coordinates"":[[[-81.42845143426585,28.14025007755393],[-81.43450579881863,28.138495165688056],[-81.43819854454098,28.133914981136165],[-81.43808967067494,28.12829601140796],[-81.43422215518454,28.123829646875173],[-81.4281044652562,28.122257549618734],[-81.42212206360935,28.124192715047677],[-81.41860769224,28.12888057612732],[-81.41893215856233,28.13449307695096],[-81.42296943550865,28.138841319019388],[-81.42845143426585,28.14025007755393]]]}"
"Aedes communis",2014,-151.07375,60.46805,0,751,"000000000000000002ee",1.30101449275362,9.26710144927536,29,80.4817173913044,16.905,-14.4773188405797,31.3823188405797,7.21166666666667,0.923260869565218,11.4361594202899,-8.90231884057971,517.323188405797,88.954347826087,20.9652173913044,47.3007246376812,227.555797101449,70.0710144927536,144.569565217391,101.73115942029,1,0,0,0,0,0,0,6,2,"{""type"":""Polygon"",""coordinates"":[[[-151.0737461712052,60.47704893850123],[-151.08457980211824,60.475293720468194],[-151.09118585531974,60.47071304861349],[-151.09098897552187,60.4650940966058],[-151.08406900059504,60.46062822975843],[-151.07312552413748,60.45905640956084],[-151.06242392505658,60.46099124148497],[-151.0561354962912,60.4656786278814],[-151.05671392081172,60.47129118107941],[-151.06393665405437,60.475639928950024],[-151.0737461712052,60.47704893850123]]]}"
"Culex tarsalis",2019,-107.00905,48.04295,0,752,"000000000000000002ef",5.88171603677222,14.8586312563841,31,110.916394279877,29.964759959142,-17.5814096016343,47.5461695607763,17.16455566905,-8.99989785495403,19.7829417773238,-8.99989785495403,296.612870275792,58.0112359550562,7,67.9928498467824,152.468845760981,26.732379979571,133.251276813075,26.732379979571,0,1,0,0,0,0,0,8,1,"{""type"":""Polygon"",""coordinates"":[[[-107.00904779318569,48.05194667621748],[-107.01703427847741,48.05019162064393],[-107.02190489106918,48.04561120734412],[-107.02176055889804,48.03999224591064],[-107.01665899063808,48.03552611500019],[-107.00859017136732,48.03395414781039],[-107.00069974330096,48.03588915667451],[-106.99606389050605,48.04057679493298],[-106.99649115132573,48.04618932036533],[-107.00181630672728,48.050537799862084],[-107.00904779318569,48.05194667621748]]]}"
"Aedes vexans",2017.72222222222,-112.07205,40.82195,0,753,"000000000000000002f0",10.9,12.3614163614164,31,91.9738583638584,32.8615384615385,-6.7,39.5615384615385,9.84542124542124,23.1001221001221,23.1001221001221,-0.8,406.323565323565,53.0463980463981,20,28,143.930402930403,70.01221001221,70.01221001221,86.3260073260073,0,1,0,0,0,0,0,8,2,"{""type"":""Polygon"",""coordinates"":[[[-112.07205382050185,40.830949775884086],[-112.07910954737352,40.82919478212201],[-112.08341275623064,40.82461446720692],[-112.08328551589113,40.81899550220075],[-112.07877842382345,40.814529270809224],[-112.07164950223411,40.81295724767995],[-112.06467820897839,40.814892323880116],[-112.06058260538128,40.81958005797485],[-112.06096035823161,40.825192572828016],[-112.06566511322309,40.82954095020584],[-112.07205382050185,40.830949775884086]]]}"
"Culex tarsalis",2016,-106.63555,52.16805,0,754,"000000000000000002f1",1.94976569821931,12,24,126.831874414246,25.5925960637301,-23,48.5925960637301,17.1278350515464,-13.1502343017807,17.1278350515464,-15.2727272727273,356,61,14,54,160,49,160,50,0,0,0,0,0,1,0,17,1,"{""type"":""Polygon"",""coordinates"":[[[-106.63555348894906,52.1770476834571],[-106.64425927000221,52.17529258423725],[-106.64956835343501,52.17071210146985],[-106.64941078592797,52.16509314256361],[-106.64384980967502,52.16062708260081],[-106.63505467662215,52.1590551549067],[-106.62645397777926,52.160990116228525],[-106.6214006191951,52.16567768681829],[-106.62186611196947,52.171290219715786],[-106.62767069667596,52.175638771317466],[-106.63555348894906,52.1770476834571]]]}"
"Aedes vexans",2017.5,-116.35485,43.66055,0,755,"000000000000000002f2",10.3065442020666,14.5942594718714,37,82.837634902411,32.5074626865672,-6.21894374282434,38.7264064293915,0.365671641791045,20.3986222732491,21.1132032146958,-0.31894374282434,310.10447761194,38.7588978185993,7,37.6050516647532,113.424799081516,36,41,103.424799081516,0,0,0,0,0,1,0,17,3,"{""type"":""Polygon"",""coordinates"":[[[-116.3548509364966,43.66954661999193],[-116.36223154143053,43.66779160372456],[-116.3667328038431,43.663211252987296],[-116.36659960151185,43.657592289281055],[-116.36188500856417,43.653126094475034],[-116.3544280124011,43.651554091713884],[-116.34713589216659,43.65348914339633],[-116.34285171612369,43.658176842596895],[-116.34324675362464,43.66378936130286],[-116.34816806014686,43.66813777586236],[-116.3548509364966,43.66954661999193]]]}"
"Aedes triseriatus",2022,-81.46995,41.80135,0,756,"000000000000000002f3",9.7,10,28,91.1543099273608,27.7020581113801,-7.79588377723971,35.4979418886199,21,-1.5,21,-2.4,934.193704600484,92,49.0205811138015,17,267.262711864407,174.041162227603,267.262711864407,184.041162227603,0,0,0,0,0,0,1,18,2,"{""type"":""Polygon"",""coordinates"":[[[-81.46994782866922,41.81034673126293],[-81.47711038847336,41.80859172996258],[-81.48147872560502,41.80401140304854],[-81.48134952511334,41.79839243847768],[-81.47677419833705,41.79392621934079],[-81.46953739201844,41.79235420303404],[-81.46246059737223,41.794289271021725],[-81.45830298356397,41.79897699342836],[-81.45868642071126,41.80458950957218],[-81.4634623868194,41.80893789940431],[-81.46994782866922,41.81034673126293]]]}"
"Culex tarsalis",2020.75,-110.81045,31.84965,0,757,"000000000000000002f4",16.9311797752809,15.4922752808989,46.8314606741573,65.08625,33.840308988764,0.925280898876405,32.9150280898876,24.5457865168539,20.2150280898876,25.3226123595506,8.84578651685393,470.369382022472,104.831460674157,4.73595505617978,72.2275280898876,241.667134831461,27.5898876404494,202.644662921348,108.508426966292,0,1,0,0,0,0,0,7,1,"{""type"":""Polygon"",""coordinates"":[[[-110.81044927765251,31.858649855011922],[-110.81673488549032,31.85689492160872],[-110.82056860366052,31.852314702772418],[-110.82045548723983,31.846695734284758],[-110.81644027547482,31.84222940476702],[-110.81008906518103,31.840657327005996],[-110.80387830200614,31.842592468967844],[-110.80022970753089,31.847280296651697],[-110.80056647796772,31.85289280116628],[-110.80475789384485,31.857241078819733],[-110.81044927765251,31.858649855011922]]]}"
"Aedes sticticus",2011.76470588235,-113.15105,46.65685,0,758,"000000000000000002f5",4.62744479495268,16,38,83.0749842271293,27.4273396424816,-14.4888538380652,41.9161934805468,12.972134595163,-0.0278654048370137,15.2256572029443,-6,293.336487907466,43,15,34.34174553102,109.65825446898,54.2954784437434,91.65825446898,57.4679284963197,0,0,0,0,1,0,0,15,3,"{""type"":""Polygon"",""coordinates"":[[[-113.1510447979094,46.66584849105699],[-113.15882419522453,46.66409344859874],[-113.16356856658753,46.65951305617388],[-113.1634280403442,46.65389409398171],[-113.1584587385572,46.649427941751526],[-113.15059903547494,46.64785596269295],[-113.14291310429728,46.649790985843886],[-113.13839745335744,46.65447864443668],[-113.13881370222977,46.660091167625005],[-113.14400082470208,46.6644396254544],[-113.1510447979094,46.66584849105699]]]}"
"Aedes communis",2024.68421052632,-147.80355,64.88365,0,759,"000000000000000002f6",-2.90945541591861,10.7321364452424,21.0215439856373,142.833070017953,22.3560742070616,-26.9086175942549,49.2646918013166,14.8765409934171,-10.5876122082585,14.8765409934171,-21.3059844404548,309.025733093956,53.2950329144225,8.97307001795332,53.4392579293836,140.774985038899,34.5290245362059,140.774985038899,51.5607420706164,1,0,0,0,0,0,0,5,1,"{""type"":""Polygon"",""coordinates"":[[[-147.80354847703327,64.89265146117074],[-147.81612980079268,64.890896151561],[-147.82380095343294,64.88631533398097],[-147.82357159689735,64.8806963873093],[-147.81553546711152,64.87623066929109],[-147.8028277816786,64.87465893192983],[-147.79040092190456,64.87659366414013],[-147.78309809252823,64.88128090858055],[-147.7837690746081,64.88689347740443],[-147.79215645280956,64.89124237653797],[-147.80354847703327,64.89265146117074]]]}"
"Aedes communis",2018.46666666667,-149.26435,63.87935,0,760,"000000000000000002f7",-4.14863692688971,10.740458488228,25,115.535346964064,18.4666666666667,-23.9016728624535,42.3683395291202,10.9513011152416,-11.3539653035936,10.9513011152416,-18.1627633209418,406.423172242875,80,11,65.8754646840149,208.113382899628,42.9052044609665,208.113382899628,57.9052044609665,0,1,0,0,0,0,0,8,1,"{""type"":""Polygon"",""coordinates"":[[[-149.26434998214214,63.88834596730734],[-149.27647950307752,63.8865906810396],[-149.28387532653912,63.88200990060221],[-149.28365438223867,63.8763909525689],[-149.27590678971802,63.87192519661698],[-149.26365514891913,63.87035343814303],[-149.25167426676322,63.872288195767666],[-149.24463367271466,63.87697547639019],[-149.24528074482535,63.88258804123293],[-149.25336705851703,63.88693690181216],[-149.26434998214214,63.88834596730734]]]}"
"Aedes excrucians",2006.5,-94.12745,58.74165,0,761,"000000000000000002f8",-7.60077279752705,8.83863987635239,17,140.868902627512,17.1714837712519,-32.6294435857805,49.8009273570325,9.37836166924266,-25.1904945904173,9.65865533230294,-25.9009273570325,417.040958268934,61,15,43,164,49,155.040958268934,52,0,1,0,0,0,0,0,8,1,"{""type"":""Polygon"",""coordinates"":[[[-94.12744951965648,58.750649997345974],[-94.13774039473026,58.74889480862365],[-94.1440156462515,58.74431418341382],[-94.14382881740683,58.73869522970171],[-94.13725547957307,58.734229315215885],[-94.12685994680841,58.732657468501785],[-94.1166941923241,58.73459233234491],[-94.11072079408837,58.73927976417929],[-94.11127043757321,58.74489231237209],[-94.11813145773816,58.749241011825845],[-94.12744951965648,58.750649997345974]]]}"
"Aedes excrucians",2020.45454545455,-99.24025,47.13825,0,762,"000000000000000002f9",4.52876712328767,13.1613277133825,27,121.273498419389,28.3674394099052,-19.7,48.0674394099052,16.9792413066386,-11.9630136986301,19.445416227608,-11.9630136986301,430.038988408851,88,7,71,211,25.0389884088514,209,25.0389884088514,0,0,1,0,0,0,0,10,1,"{""type"":""Polygon"",""coordinates"":[[[-99.24025032843646,47.14724858168595],[-99.24809990099308,47.14549353475038],[-99.25288705149914,47.14091313519918],[-99.25274523577035,47.13529417326596],[-99.24773111321036,47.13082802831398],[-99.23980054722763,47.12925605330722],[-99.23204531849859,47.13119107158085],[-99.22748893512299,47.13587872323187],[-99.22790891580763,47.1414912471863],[-99.23314281322006,47.145839712412545],[-99.24025032843646,47.14724858168595]]]}"
"Culex quinquefasciatus",2019,-81.64425,28.55455,0,763,"000000000000000002fa",21.9001457725948,11.9,48,46.188804664723,33.0086005830904,8.64577259475219,24.3628279883382,27.2793002915452,19.4457725947522,27.2793002915452,15.5457725947522,1247.60787172012,183.118075801749,51.3454810495627,48.3717201166181,536.774052478134,177.34110787172,536.774052478134,205.594752186589,0,0,0,0,0,1,0,17,2,"{""type"":""Polygon"",""coordinates"":[[[-81.64424962974736,28.563548081456492],[-81.65032817738016,28.561793167217967],[-81.65403566565504,28.557212978889098],[-81.65392634794397,28.55159400929751],[-81.650043386638,28.547127648622194],[-81.64390127577342,28.545555553513516],[-81.63789499267737,28.547490716357157],[-81.63436658446709,28.55217857375772],[-81.63469233736167,28.557791074988017],[-81.63874573380609,28.56213932097671],[-81.64424962974736,28.563548081456492]]]}"
"Aedes triseriatus",2021,-72.88775,41.42785,0,764,"000000000000000002fb",9.70612244897959,10.6650660264106,29.6242496998799,87.2119087635054,27.7629051620648,-7.584393757503,35.3472989195678,8.36494597839136,-0.758703481392557,20.7557022809124,-1.79279711884754,1225.0300120048,113.626650660264,89.0048019207683,7.00240096038415,328.409363745498,288.488595438175,293.384153661465,290.310924369748,1,0,0,0,0,0,0,5,2,"{""type"":""Polygon"",""coordinates"":[[[-72.88774790435673,41.436847967925246],[-72.89486909760831,41.43509296952646],[-72.89921221659436,41.43051264723092],[-72.89908377513107,41.42489368249249],[-72.89453486936041,41.420427458638684],[-72.8873398367876,41.41885543970588],[-72.88030389304389,41.420790510854616],[-72.87617029007431,41.42547823776012],[-72.8765515262614,41.43109075340717],[-72.8812999188959,41.43543913844552],[-72.88774790435673,41.436847967925246]]]}"
"Aedes communis",2000,-72.70515,43.41155,0,765,"000000000000000002fc",6.08961038961039,12.7900826446281,30.8087367178276,96.6339433293979,26.4959858323495,-14.4689492325856,40.9649350649351,18.1021251475797,-5.64250295159386,18.1021251475797,-6.94250295159386,1131.00590318772,110.652892561983,73.9126328217237,10.025974025974,306.727272727273,240.73199527745,306.727272727273,249.930342384888,0,0,0,0,0,1,0,17,1,"{""type"":""Polygon"",""coordinates"":[[[-72.70514771621811,43.420545958066455],[-72.71249789957672,43.41879094385647],[-72.71698061638911,43.414210596393936],[-72.71684797249566,43.408591632568815],[-72.71215280988612,43.404125434418276],[-72.7047265343555,43.40255342979516],[-72.6974644561045,43.40448848371891],[-72.69319793796946,43.409176186109384],[-72.69359135710157,43.414788704463184],[-72.69849238585995,43.41913711562366],[-72.70514771621811,43.420545958066455]]]}"
"Culex tarsalis",2018.525,-116.35485,43.65225,0,766,"000000000000000002fd",10.3,14.5645833333333,37,82.7587615740741,32.4743055555556,-6.20046296296296,38.6747685185185,0.399421296296296,20.3798611111111,21.1420138888889,-0.300462962962963,307.835648148148,38.2465277777778,7,37.2453703703704,112.113425925926,36,41,102.113425925926,0,0,0,0,0,1,0,17,3,"{""type"":""Polygon"",""coordinates"":[[[-116.3548509364966,43.66124823293146],[-116.36223052127399,43.65949321673295],[-116.36673116177923,43.65491286610524],[-116.36659797817518,43.64929390239502],[-116.36188403680396,43.6448277074771],[-116.35442807082507,43.643255704653654],[-116.34713695801697,43.6451907564111],[-116.34285337411396,43.64987845571839],[-116.34324835734515,43.655490974412565],[-116.34816898387362,43.659839388858344],[-116.3548509364966,43.66124823293146]]]}"
"Culex tarsalis",2019.40909090909,-116.33825,43.53605,0,767,"000000000000000002fe",10.3548538011696,14.3858479532164,37,82.348269005848,32.2295906432749,-6.03309941520468,38.2626900584795,0.452748538011696,20.3548538011696,21.1009356725146,-0.247251461988304,286.805847953216,35,7,35.4304093567251,100.701754385965,35,41,89.8269005847953,0,0,0,0,0,1,0,17,3,"{""type"":""Polygon"",""coordinates"":[[[-116.3382497032746,43.54504851857972],[-116.34561504889203,43.54329350334315],[-116.35010700892396,43.5387131542466],[-116.34997408670674,43.533094190480796],[-116.34526923992256,43.528627993999095],[-116.33782765307436,43.527055990305065],[-116.33055060174804,43.52899104311045],[-116.32627528282686,43.533678743909235],[-116.3266695085663,43.53929126243875],[-116.33158064386251,43.54363967529527],[-116.3382497032746,43.54504851857972]]]}"
"Aedes triseriatus",2023,-65.25175,44.39925,0,768,"000000000000000002ff",6.31629464285714,8.44430803571429,28,74.1294084821429,21.4263392857143,-8.31763392857143,29.7439732142857,-0.31796875,12.9940848214286,15.4271205357143,-3.31729910714286,1318.125,146.728794642857,85.1763392857143,18.875,426.732142857143,266.359375,269.183035714286,400.732142857143,0,0,0,0,0,0,1,18,1,"{""type"":""Polygon"",""coordinates"":[[[-65.25174692808017,44.40825021870788],[-65.25922012251715,44.40649519623496],[-65.26377782915947,44.401914835620296],[-65.26364292697866,44.39629587227267],[-65.25886919693389,44.391829687554505],[-65.25131870143946,44.39025769040946],[-65.24393514735198,44.39219273533163],[-65.23959722864846,44.39688042491066],[-65.23999719150207,44.40249294467881],[-65.2449802141949,44.40684136949059],[-65.25174692808017,44.40825021870788]]]}"
"Aedes sticticus",2017,-93.61285,41.66855,0,769,"00000000000000000300",9.21656516443362,11.8,27,108.497795371498,29.9,-12.8096224116931,42.7096224116931,20.4834348355664,-5.62192448233861,22.5018270401949,-5.62192448233861,832.985383678441,123,21,47,326.05359317905,75.2009744214373,324.05359317905,75.2009744214373,0,0,0,0,0,1,0,17,1,"{""type"":""Polygon"",""coordinates"":[[[-93.61284696258356,41.67754578368922],[-93.61999472436068,41.67579078342439],[-93.62435404022854,41.67121045815863],[-93.62422511126982,41.66559149352796],[-93.61965923605922,41.66112527270767],[-93.61243737342198,41.65955325546371],[-93.6053751923297,41.66148832457954],[-93.60122616790096,41.666176048591765],[-93.60160881770697,41.6717885645583],[-93.60637491998098,41.676136952679585],[-93.61284696258356,41.67754578368922]]]}"
"Aedes sticticus",2011.5,-76.91325,38.97935,0,770,"00000000000000000301",12.9369346733668,11.7958542713568,33,85.0465954773869,30.9118090452261,-4.55942211055276,35.4712311557789,23.736432160804,1.73894472361809,23.736432160804,1.73894472361809,1056.90201005025,106.003768844221,70.0565326633166,12,300.05527638191,228.592964824121,300.05527638191,228.592964824121,0,0,0,0,0,1,0,17,2,"{""type"":""Polygon"",""coordinates"":[[[-76.91325488956763,38.98835112037707],[-76.92012334116606,38.98659614021319],[-76.92431238125305,38.982015846943064],[-76.92418857623173,38.97639688115193],[-76.9198010979821,38.97193062765421],[-76.9128612967432,38.97035859221757],[-76.90607494583124,38.972293683232444],[-76.90208804453643,38.976981438411336],[-76.90245583214814,38.982593950936035],[-76.90703575537712,38.98694230584749],[-76.91325488956763,38.98835112037707]]]}"
"Aedes communis",2020.275,-89.52095,46.24185,0,771,"00000000000000000302",3.7,12.292,27.92,108.867145945946,25.2436756756757,-18.5191351351351,43.7628108108108,15.8054054054054,-9.45632432432432,17,-11.1563243243243,845.962162162162,108.521081081081,28.2075675675676,36.9416216216216,300.601081081081,111.698378378378,299.521081081081,114.356756756757,0,0,0,1,0,0,0,14,2,"{""type"":""Polygon"",""coordinates"":[[[-89.52094842178788,46.250848874214896],[-89.52866875654486,46.249093835552856],[-89.53337712296614,46.244513449170285],[-89.53323768184167,46.23889448675858],[-89.52830610322424,46.23442832835736],[-89.5205060417477,46.23285634586331],[-89.51287843469251,46.234791373149626],[-89.5083970659685,46.23947903762822],[-89.50881017380632,46.24509156016695],[-89.51395792831363,46.24944001172468],[-89.52094842178788,46.250848874214896]]]}"
"Culex tarsalis",2019.81818181818,-96.57595,39.08725,0,772,"00000000000000000303",11.9851334180432,12.7237611181703,30,99.4579415501906,32.2650571791614,-9.10355781448539,41.3686149936468,22.0412960609911,-1.40355781448539,24.387166454892,-1.40355781448539,872.238881829733,137,20,50.7064803049555,354.762388818297,72.0355781448539,326.055908513342,72.0355781448539,0,0,1,0,0,0,0,10,2,"{""type"":""Polygon"",""coordinates"":[[[-96.57595082630571,39.0962479885673],[-96.58282977512688,39.09449300762696],[-96.58702521466294,39.08991271312092],[-96.58690121710673,39.08429374737459],[-96.58250703421336,39.079827495139135],[-96.57555663229239,39.078255460405266],[-96.56875991488779,39.0801905505742],[-96.56476692056962,39.084878304549186],[-96.56513526678063,39.09049081720685],[-96.56972218714269,39.09483917340114],[-96.57595082630571,39.0962479885673]]]}"
"Aedes sticticus",2019.44444444444,-71.35225,42.17485,0,773,"00000000000000000304",9.37449344457688,11.9185935637664,31.1859356376639,88.4921215733016,28.3456495828367,-8.92550655542312,37.2711561382598,0.274493444576877,18.3027413587604,20.6456495828367,-2.32550655542312,1166.99165673421,118.825983313468,85.5435041716329,9,324.716328963051,263.087008343266,268.912991656734,298.890345649583,0,0,0,0,0,1,0,17,2,"{""type"":""Polygon"",""coordinates"":[[[-71.35224753840053,42.18384995370166],[-71.35945225661354,42.18209494946567],[-71.36384629457963,42.17751461787892],[-71.36371632047262,42.1718956534776],[-71.35911406694314,42.167429439113015],[-71.35183468732411,42.16585742546313],[-71.34471625988056,42.167792490252666],[-71.34053417561228,42.17248020810763],[-71.34091985579113,42.17809272475402],[-71.3457239231534,42.18244111943621],[-71.35224753840053,42.18384995370166]]]}"
"Culex pipiens",2019.84,-86.10965,39.84255,0,774,"00000000000000000305",10.8967581047382,11.4,29.5922693266833,94.8030174563591,29.7375311720698,-8.28728179551123,38.024812967581,20.5967581047382,-1.9497506234414,22.5860349127182,-1.9497506234414,1009.41895261845,115.032418952618,57.0324189526184,20.502493765586,313.811720698254,191.749376558604,298.032418952618,191.749376558604,0,0,0,0,0,1,0,17,1,"{""type"":""Polygon"",""coordinates"":[[[-86.10965139298176,39.85154836140417],[-86.11660542858114,39.84979337496095],[-86.12084664340202,39.84521307169564],[-86.12072126856648,39.83959410626693],[-86.11627912728369,39.8351278629774],[-86.10925289866378,39.83355583322407],[-86.10238202971321,39.835490917397784],[-86.09834545192125,39.84017866284045],[-86.09871779372207,39.84579117644043],[-86.10335476461728,39.8501395417264],[-86.10965139298176,39.85154836140417]]]}"
"Culex quinquefasciatus",2018,-117.32595,33.89145,0,775,"00000000000000000306",16.923698630137,15.4990410958904,51,51.5917397260274,33.7990410958904,3.63342465753425,30.1656164383562,11.4442465753425,23.4808219178082,24.0864383561644,10.9557534246575,373.568493150685,77.4520547945205,2,85.4561643835616,206.468493150685,10,18,197.458904109589,0,0,0,0,0,1,0,17,3,"{""type"":""Polygon"",""coordinates"":[[[-117.32594950481501,33.900449931879514],[-117.33238160089559,33.89869498590601],[-117.33630462334752,33.89411474705989],[-117.33618882043825,33.88849577929669],[-117.33208004560336,33.8840294702152],[-117.32558090274676,33.882457403832305],[-117.31922547514418,33.88439253209802],[-117.31549185279029,33.889080340290626],[-117.31583641879855,33.894692846958975],[-117.32012547958077,33.89904114538141],[-117.32594950481501,33.900449931879514]]]}"
"Aedes sticticus",2014.07407407407,-93.66265,42.04205,0,776,"00000000000000000307",8.83013048635824,12.1,27.6986951364176,109.210415183867,29.6301304863582,-13.6,43.2301304863583,20.1290628706999,-6.26986951364176,22.0301304863582,-6.26986951364176,836.985765124555,127.555160142349,19,50,335.555160142349,71,334.120996441281,71,1,0,0,0,0,0,0,5,1,"{""type"":""Polygon"",""coordinates"":[[[-93.66265066224948,42.05104900612794],[-93.66984029906537,42.04929400293969],[-93.67422514303523,42.044713673020624],[-93.67409544568169,42.03909470855879],[-93.66950282470229,42.034628492490974],[-93.66223867488881,42.03305647789285],[-93.65513514080378,42.03499154382381],[-93.65096181039299,42.03967926330327],[-93.6513466881756,42.045291779770295],[-93.65614070283495,42.04964017272149],[-93.66265066224948,42.05104900612794]]]}"
"Aedes sticticus",2007,-114.23005,48.07615,0,777,"00000000000000000308",6.6123203285421,12.5,34.0749486652977,79.2144763860369,27.0863449691992,-8.76581108829569,35.8521560574949,14.4751540041068,2.08788501026694,16.9537987679671,-3.52310061601643,488.416837782341,65.2104722792608,29.3911704312115,25.1098562628337,157.831622176591,94.8110882956879,139.451745379877,115.947638603696,0,0,0,0,0,0,1,18,1,"{""type"":""Polygon"",""coordinates"":[[[-114.23004915262015,48.08514914266143],[-114.2380407916738,48.083394086765125],[-114.24291454598796,48.07881367295159],[-114.24277011907435,48.07319471153677],[-114.2376652591284,48.068728581151],[-114.229591235662,48.06715661425328],[-114.2216957183572,48.069091622765804],[-114.21705687412188,48.073779260523864],[-114.2174844089676,48.07939178601144],[-114.22281299955165,48.0837402660414],[-114.23004915262015,48.08514914266143]]]}"
"Culex quinquefasciatus",2019.525,-81.44505,28.54625,0,778,"00000000000000000309",22,11.5529753265602,47.5297532656023,45.776328011611,32.8979680696662,8.9,23.9979680696662,27.3,16.8,27.3,15.7103047895501,1248.40348330914,191.063860667634,50.1596516690856,48,532.084179970972,163.298984034833,531.027576197387,195.139332365747,0,0,0,0,0,1,0,17,3,"{""type"":""Polygon"",""coordinates"":[[[-81.44505266748783,28.55524969439604],[-81.45113073598391,28.5534947802042],[-81.45483793216582,28.54891459194966],[-81.45472862324812,28.543295622355387],[-81.45084596796852,28.538829261604157],[-81.44470434095409,28.5372571664532],[-81.43869853101936,28.539192329347728],[-81.43517040091949,28.54388018682069],[-81.43549612832284,28.54949268804299],[-81.43954920539305,28.553840933954525],[-81.44505266748783,28.55524969439604]]]}"
"Aedes excrucians",1999,-72.58065,44.40755,0,779,"0000000000000000030a",4.78180803571429,11.2199776785714,27.6495535714286,99.1807924107143,24.6051339285714,-15.5016741071429,40.1068080357143,17.0438616071429,-7.37689732142857,17.0438616071429,-8.61015625,1079.12723214286,119.46875,61.1060267857143,17.75,329.138392857143,202.994419642857,329.138392857143,215.809151785714,1,0,0,0,0,0,0,5,2,"{""type"":""Polygon"",""coordinates"":[[[-72.5806496148059,44.41654860576835],[-72.58812386965101,44.41479358322483],[-72.59268222273562,44.410213222497795],[-72.59254730108485,44.404594259154244],[-72.58777289375583,44.40012807455084],[-72.58022132743649,44.3985560774697],[-72.57283672617936,44.40049112231495],[-72.56849819197262,44.40517881178453],[-72.56889821123319,44.41079133156475],[-72.57388194074692,44.415139756493176],[-72.5806496148059,44.41654860576835]]]}"
"Aedes sticticus",2010,-114.33795,48.40815,0,780,"0000000000000000030b",5.58961303462322,13.5958248472505,35,81.9617617107943,27.0347250509165,-10.9584521384929,37.9931771894094,14.0168024439919,1.09052953156823,16.1716904276986,-5.00753564154786,530.496945010183,67.9806517311609,31.0071283095723,24,160.961303462322,107.034623217923,143.5366598778,146.447046843177,0,0,0,0,0,1,0,17,1,"{""type"":""Polygon"",""coordinates"":[[[-114.33795047991143,48.41714705249469],[-114.34599416980215,48.4153919933479],[-114.35089965413864,48.410811574360764],[-114.35075427029666,48.405192613134034],[-114.34561616571864,48.400726488032085],[-114.33748958217247,48.39915452407587],[-114.32954266580056,48.401089529047624],[-114.32487360927529,48.40577716176607],[-114.32530391159625,48.41138968780973],[-114.3306671960331,48.415738173209704],[-114.33795047991143,48.41714705249469]]]}"
"Culex quinquefasciatus",2019.48148148148,-82.15885,27.35105,0,781,"0000000000000000030c",22.4,12.4,52,42.1663515509601,33.0107828655835,9.5,23.5107828655835,27.2608567208272,17.7153618906942,27.3,16.7,1345.56425406204,219.726735598227,41,61,645.032496307238,162.214180206795,617.350073855244,186.413589364845,0,0,0,1,0,0,0,14,3,"{""type"":""Polygon"",""coordinates"":[[[-82.15885218682031,27.360050084434615],[-82.16486333328653,27.358295176893314],[-82.1685297324003,27.35371499922563],[-82.1684216518766,27.348096029248445],[-82.1645817398903,27.343629657684733],[-82.15850769289476,27.342057556513634],[-82.15256797006596,27.343992726654754],[-82.14907868421723,27.34868059444015],[-82.14940085142452,27.354293094522546],[-82.15340932098219,27.358641329445632],[-82.15885218682031,27.360050084434615]]]}"
"Culex quinquefasciatus",2019.15,-81.25415,28.53795,0,782,"0000000000000000030d",22,11.1020437956204,47,45.4671678832117,32.7839416058394,9.2,23.5839416058394,27.3,16.9,27.3,15.8,1265.55328467153,191.03795620438,51.2335766423358,49,540.627737226277,161.233576642336,533.706569343066,189.017518248175,0,0,0,0,0,1,0,17,2,"{""type"":""Polygon"",""coordinates"":[[[-81.25414963318771,28.546951307335572],[-81.26022722275009,28.545196393190427],[-81.26393412696278,28.540616205010217],[-81.26382482683474,28.534997235413254],[-81.25994247745184,28.530530874586113],[-81.25380133408252,28.528958779392894],[-81.2477959971086,28.53089394233829],[-81.24426814500131,28.53558179988366],[-81.24459384692426,28.541194301097953],[-81.24864660475559,28.545542546932346],[-81.25414963318771,28.546951307335572]]]}"
"Aedes fitchii",2020.76923076923,-100.91685,46.78965,0,783,"0000000000000000030e",5.334708994709,13.3942857142857,28,114.878412698413,28.5499470899471,-18.215873015873,46.7658201058201,17.0499470899471,-10.1265608465608,19.6004232804233,-10.1265608465608,420.66455026455,80.0031746031746,10,64.1238095238095,201.443386243386,31,192.006349206349,31,0,0,1,0,0,0,0,10,3,"{""type"":""Polygon"",""coordinates"":[[[-100.91684556992578,46.79864943863071],[-100.92464414551337,46.79689439494535],[-100.92940020805572,46.79231400056734],[-100.92925932942917,46.78669503844614],[-100.92427777851601,46.782228888210724],[-100.91639870919356,46.78065691026265],[-100.90869383957394,46.78259193207683],[-100.9041670568182,46.787279588767056],[-100.90458432558472,46.79289211216536],[-100.90978423125048,46.797240572022055],[-100.91684556992578,46.79864943863071]]]}"
"Aedes fitchii",2020,-105.48185,40.19945,0,784,"0000000000000000030f",3.26682986536108,15.6384332925337,42,73.2918727050184,23.3291309669523,-13.2987760097919,36.6279069767442,10.6241126070991,-5.63806609547124,12.9479804161567,-5.63806609547124,492.082007343941,58.1383108935128,26.2937576499388,27.7564259485924,163.570379436965,83.8861689106487,160.570379436964,83.8861689106487,1,0,0,0,0,0,0,1,1,"{""type"":""Polygon"",""coordinates"":[[[-105.48185027339102,40.20845035062093],[-105.4888407886308,40.206695361535196],[-105.49310424255681,40.20211505406364],[-105.4929781985427,40.19649608878749],[-105.48851275750108,40.19202984979381],[-105.48144968984813,40.190457822432144],[-105.47454279570415,40.192392903726955],[-105.47048504362303,40.19708064507237],[-105.47085932656009,40.20269315912484],[-105.47552061362188,40.20704152877664],[-105.48185027339102,40.20845035062093]]]}"
"Aedes fitchii",2019,-106.71855,47.99315,0,785,"00000000000000000310",6.39079754601227,14.4339468302659,30,111.371237218814,30.29836400818,-16.9080777096115,47.2064417177914,17.6924335378323,-8.59233128834356,20.3,-8.59233128834356,295.144171779141,58,6.859918200409,68.1237218813906,150.9836400818,25.859918200409,133.997955010225,25.859918200409,0,1,0,0,0,0,0,8,1,"{""type"":""Polygon"",""coordinates"":[[[-106.71855073685684,48.002147435652596],[-106.72652950966636,48.00039238056239],[-106.7313954207434,47.995811968031845],[-106.73125123034977,47.990193006570394],[-106.72615458802021,47.98572687487428],[-106.71809355670835,47.9841549072471],[-106.71021074456996,47.98608991663771],[-106.7055793683947,47.99077755564554],[-106.70600621913849,47.99639008099519],[-106.71132623386939,48.000738559693474],[-106.71855073685684,48.002147435652596]]]}"
"Aedes sticticus",2016,-140.15095,61.85415,0,786,"00000000000000000311",-5.14934527911785,12.6184011026878,25,133.790365265334,18.9562370778773,-30.7050310130944,49.6612680909718,11.1211578221916,-11.7253618194349,11.1211578221916,-22.7722949689869,470.482425913163,85.0344589937974,20.6726395589249,49.8993797381117,210.206753962784,62.1364576154377,210.206753962784,73.3053066850448,1,0,0,0,0,0,0,1,2,"{""type"":""Polygon"",""coordinates"":[[[-140.15095072663578,61.86314712366172],[-140.16227118990028,61.86139187973972],[-140.16917394859,61.856811166686704],[-140.16896803946625,61.851192216185865],[-140.16173714718622,61.84672639141435],[-140.15030220858537,61.84515459463637],[-140.1391199984142,61.84708939836929],[-140.13254899974993,61.85177674463326],[-140.13315322507805,61.85738930225058],[-140.14070039142624,61.86173809288481],[-140.15095072663578,61.86314712366172]]]}"
"Culex tarsalis",2021,-98.24425,31.63385,0,787,"00000000000000000312",17.9769774011299,13.6313559322034,38.1793785310735,74.5898305084746,34.8581920903955,-0.13135593220339,34.9895480225989,21.9806497175141,7.93135593220339,27.2264124293785,7.93135593220339,746.018361581921,102.686440677966,36.8841807909604,30.4449152542373,256.379943502825,123.88418079096,183.927966101695,123.88418079096,0,1,0,0,0,0,0,8,2,"{""type"":""Polygon"",""coordinates"":[[[-98.24424768073457,31.642847200429348],[-98.25051865593619,31.64109226832172],[-98.25434345357192,31.636512051547776],[-98.2542306055332,31.630893082985466],[-98.25022473972817,31.62642675136143],[-98.24388830629249,31.62485467242768],[-98.23769199352641,31.62678981580116],[-98.23405189244052,31.63147764549391],[-98.23438788421328,31.63709014978649],[-98.23856954641273,31.641438425299366],[-98.24424768073457,31.642847200429348]]]}"
"Culex quinquefasciatus",2018,-117.59985,33.90805,0,788,"00000000000000000313",17.9001373626374,15.3197802197802,55,42.9494368131868,32.7093406593407,5.00467032967033,27.7046703296703,13.3940934065934,21.1520604395604,23.7865384615385,12.8,261.5,43.4134615384615,5,62.9793956043956,125.056318681319,20.103021978022,28.4093406593407,117.421703296703,0,0,0,0,0,1,0,17,3,"{""type"":""Polygon"",""coordinates"":[[[-117.59985424612394,33.9170511651015],[-117.60628759499467,33.915296219023354],[-117.61021138119197,33.910715980010686],[-117.61009555530907,33.90509701225352],[-117.6059859803079,33.90063070334213],[-117.59948557230642,33.89905863705394],[-117.59312890750867,33.90099376520564],[-117.58939455798308,33.90568157323602],[-117.58973919066202,33.9112940799223],[-117.59402908651978,33.9156423785176],[-117.59985424612394,33.9170511651015]]]}"
"Aedes excrucians",2019.5,-71.28585,42.24955,0,789,"00000000000000000314",9.41563981042654,11.6681279620853,31,88.4785900473934,28.2912322274882,-8.68127962085308,36.9725118483412,0.334478672985782,18.35663507109,20.6912322274882,-2.26552132701422,1150.75829383886,117.162322274882,84.0876777251185,9,322.29028436019,258.412322274882,262.412322274881,298.29028436019,0,0,0,1,0,0,0,14,2,"{""type"":""Polygon"",""coordinates"":[[[-71.28585152371471,42.25854881454899],[-71.29306476991468,42.256793809721735],[-71.29746400675174,42.252213477193834],[-71.29733387614722,42.246594512826675],[-71.29272617575843,42.24212829942327],[-71.28543818423849,42.24055628630852],[-71.27831133514236,42.24249135045391],[-71.27412430088322,42.24717906739211],[-71.27451043478466,42.252791584139736],[-71.27932018658588,42.25713997979878],[-71.28585152371471,42.25854881454899]]]}"
"Culex quinquefasciatus",2011,-100.26115,19.25855,0,790,"00000000000000000315",18.6772580645161,13.9195161290323,65.7193548387097,15.6445,29.3443548387097,8.4191935483871,20.9251612903226,19.3053225806452,18.9491935483871,20.7558064516129,16.5991935483871,943.872580645161,194.425806451613,3.80483870967742,97.2806451612903,558.137096774194,20.0854838709677,245.688709677419,38.7193548387097,0,1,0,0,0,0,0,8,1,"{""type"":""Polygon"",""coordinates"":[[[-100.26114813731972,19.267548637811537],[-100.26680365765304,19.265793772033312],[-100.27025327070854,19.26121366084913],[-100.27015173122106,19.25559468846935],[-100.26653895528494,19.251128249005216],[-100.2608240086183,19.249556110027722],[-100.25523545405679,19.251491325677215],[-100.25195258697337,19.25617925822254],[-100.25225584918803,19.261791751144543],[-100.256027282693,19.26613991706247],[-100.26114813731972,19.267548637811537]]]}"
"Culex quinquefasciatus",2018,-117.60815,33.95785,0,791,"00000000000000000316",18.0303571428571,15.4472527472528,54.6964285714286,43.7267857142857,33.1214285714286,5.1,28.0214285714286,13.4498626373626,23.4303571428571,24.0607142857143,12.8971153846154,281.79532967033,50.2651098901099,4,69.6414835164835,142.346153846154,17,25,133.802197802198,0,0,0,0,0,1,0,17,3,"{""type"":""Polygon"",""coordinates"":[[[-117.60814817408335,33.96685040566638],[-117.61458528716074,33.96509545927414],[-117.61851136815234,33.96051521976147],[-117.61839547324158,33.9548962520224],[-117.6142834940139,33.95042994362167],[-117.60777928468367,33.94885787761779],[-117.60141890253666,33.95079300542727],[-117.59768236810832,33.955480812970606],[-117.59802720110989,33.96109331971069],[-117.60231960608466,33.96544161882497],[-117.60814817408335,33.96685040566638]]]}"
"Culex tarsalis",2005,-102.98355,25.74915,0,792,"00000000000000000317",21.2104011887073,16.4011887072808,52.0118870728083,53.7373551263001,35.8,4.8,31,26.4,19.0104011887073,27.3309063893016,13.9,179.158989598811,37.4026745913819,3,72.7815750371471,92.3922734026746,11,81.4026745913819,20,0,0,0,0,0,1,0,17,3,"{""type"":""Polygon"",""coordinates"":[[[-102.98354972617689,25.758149244691555],[-102.98947744722734,25.756394345842832],[-102.99309298905196,25.75181418201282],[-102.99298644055894,25.74619521153527],[-102.98919981244623,25.741728825838994],[-102.98321000993013,25.740156716799113],[-102.97735267057712,25.742091896412056],[-102.97391180815784,25.746779777676416],[-102.97422953794782,25.752392276268754],[-102.9781824000316,25.756740496829284],[-102.98354972617689,25.758149244691555]]]}"
"Aedes communis",2009.38554216867,-93.77885,58.73335,0,793,"00000000000000000318",-7.64565217391305,8.87422360248447,17,141.434510869565,17.1498447204969,-32.8,49.9498447204969,9.39549689440994,-25.2832298136646,9.69930124223603,-26.0830745341615,414.663819875776,61,14,44,164.387422360248,47.2694099378882,155.394409937888,51,0,0,0,0,0,0,1,18,1,"{""type"":""Polygon"",""coordinates"":[[[-93.77884591750018,58.742347151184454],[-93.7891343358365,58.740591962596014],[-93.79540808998154,58.736011337599265],[-93.7952213065945,58.73039238387938],[-93.78864953779313,58.72592646917592],[-93.77825648531079,58.72435462234069],[-93.76809315633957,58.72628948632964],[-93.76212118406525,58.73097691837158],[-93.76267069723608,58.7365894665415],[-93.76953008011027,58.74093816577409],[-93.77884591750018,58.742347151184454]]]}"
"Culex quinquefasciatus",2022,-99.14895,19.49925,0,794,"00000000000000000319",15.7479871175523,16.9,68.6103059581321,20.5170209339775,27.0389694041868,2.61803542673108,24.4209339774557,17.310305958132,12.8033816425121,17.8346215780998,12.8,725.009661835749,156.536231884058,6,94.9355877616747,431.207729468599,23,277.858293075684,23.5152979066023,0,0,0,0,0,1,0,17,2,"{""type"":""Polygon"",""coordinates"":[[[-99.14895023436716,19.50825091267655],[-99.15461412134225,19.50649604572399],[-99.15806883423161,19.50191593267032],[-99.15796714039287,19.496296960358055],[-99.15434902085617,19.491830522803244],[-99.14862562659174,19.49025838488887],[-99.14302881099975,19.492193599258666],[-99.13974108763864,19.49688152998298],[-99.14004479413337,19.502494023106372],[-99.14382180392404,19.50684219096469],[-99.14895023436716,19.50825091267655]]]}"
"Aedes sticticus",2013.95,-93.61285,42.05035,0,795,"0000000000000000031a",8.75109223300971,12.0724514563107,27.0194174757282,109.45822815534,29.6228155339806,-13.6674757281553,43.2902912621359,20.0961165048544,-6.37330097087379,22.0015776699029,-6.37330097087379,836.63713592233,127,19.0388349514563,49.9611650485437,335.771844660194,71.0776699029126,335.038834951456,71.0776699029126,0,0,0,0,0,1,0,17,1,"{""type"":""Polygon"",""coordinates"":[[[-93.61284696258355,42.05934739318841],[-93.62003753881638,42.05759238993482],[-93.62442295547844,42.053012059911744],[-93.6242932408862,42.04739309545369],[-93.61970001989731,42.04292687949208],[-93.61243492142219,42.0413548649531],[-93.60533045963275,42.043289930812875],[-93.60115658394608,42.04797765019103],[-93.60154151171001,42.05359016666924],[-93.60633615255018,42.05793855972839],[-93.61284696258355,42.05934739318841]]]}"
"Aedes sticticus",2012,-112.84395,53.56245,0,796,"0000000000000000031b",1.85894273127753,12.3022907488987,28,110.180969162996,22.9567400881057,-20.3,43.2567400881057,15.0585022026432,-4.58863436123348,15.0585022026432,-13,448.193832599119,86.6687224669604,15.0044052863436,67.6643171806167,234.66872246696,52.0044052863436,234.66872246696,58,1,0,0,0,0,0,0,6,3,"{""type"":""Polygon"",""coordinates"":[[[-112.84394650835858,53.571448714779116],[-112.85293674072217,53.569693598938606],[-112.85841921499758,53.56511308971857],[-112.85825640628154,53.55949413177569],[-112.8525137552707,53.555028098829105],[-112.84343140766752,53.55345618617416],[-112.83454983789122,53.55539112939281],[-112.8293313738338,53.56007867421479],[-112.8298119781661,53.565691209953954],[-112.83580615169322,53.57003978901271],[-112.84394650835858,53.571448714779116]]]}"
"Culex tarsalis",2019.10638297872,-116.34655,43.68545,0,797,"0000000000000000031c",10.4,14.6164444444444,37,83.2285111111111,32.6084444444444,-6.2,38.8084444444445,0.4,20.5,21.2393333333333,-0.3,314.002222222222,39.3722222222222,7,37.3722222222222,115.744444444444,36,41,105.908888888889,0,0,0,0,0,1,0,17,2,"{""type"":""Polygon"",""coordinates"":[[[-116.34654809033506,43.694450699375416],[-116.3539317594593,43.69269568290136],[-116.35843488986185,43.68811533183507],[-116.35830163128043,43.68249636814077],[-116.35358508122708,43.67803017367078],[-116.34612499075472,43.676458171096705],[-116.3388298445671,43.67839322255396],[-116.33454388994487,43.683080921434026],[-116.33493909045274,43.68869344017538],[-116.33986243943602,43.69304185507639],[-116.34654809033506,43.694450699375416]]]}"
"Aedes sticticus",2019.46666666667,-71.20285,42.09185,0,798,"0000000000000000031d",9.40203106332138,11.2961768219833,31,86.9566666666666,27.8880525686977,-8.3,36.1880525686977,0.597968936678614,18.1572281959379,20.4935483870968,-2,1193.85424133811,120.498207885305,86,9,332.965352449223,265.248506571087,271.832735961768,310.086021505376,0,0,0,1,0,0,0,14,2,"{""type"":""Polygon"",""coordinates"":[[[-71.20284981670588,42.10084824669283],[-71.21004509698521,42.099093243112186],[-71.21443338135205,42.09451291256857],[-71.21430358043817,42.0888939481294],[-71.20970735495531,42.08442773269943],[-71.20243750614242,42.082855718456436],[-71.1953283989566,42.084790783959924],[-71.19115179284958,42.08947850283102],[-71.19153697089004,42.09509101936521],[-71.1963347472746,42.09943941296467],[-71.20284981670588,42.10084824669283]]]}"
"Culex tarsalis",2019.24324324324,-116.47105,43.56925,0,799,"0000000000000000031e",10.3555040556199,14.7,37.6709154113557,82.637821552723,32.3884125144844,-6.24449594438007,38.6329084588644,0.331517960602549,20.2884125144844,21.0979142526072,-0.34449594438007,275.62224797219,33.4449594438007,7,33.8574739281576,97.3337195828505,35,40,87.5735805330243,0,0,0,0,1,0,0,15,3,"{""type"":""Polygon"",""coordinates"":[[[-116.47104619174729,43.57824652592262],[-116.47841559675994,43.57649151041161],[-116.4829100314801,43.571911160878216],[-116.48277703474575,43.56629219712827],[-116.47806959521547,43.56182600109271],[-116.47062390906693,43.56025399764707],[-116.46334284899787,43.56218905015347],[-116.45906517384016,43.566876750526724],[-116.45945961553127,43.57248926910323],[-116.46437345665221,43.576837682413164],[-116.47104619174729,43.57824652592262]]]}"
"Culex quinquefasciatus",2019.5,-82.29995,27.46725,0,800,"0000000000000000031f",22.2806734992679,12.1,51,42.9542752562225,32.9073206442167,9.39253294289898,23.5147877013177,27.214494875549,17.5033674963397,27.2626647144949,16.4,1343.11420204978,228.893118594436,37,61.6266471449487,645.319180087848,166.335285505124,629.616398243045,194.335285505124,0,0,0,0,1,0,0,15,3,"{""type"":""Polygon"",""coordinates"":[[[-82.29995152145447,27.476249798786363],[-82.3059689948973,27.474494890604877],[-82.30963925105237,27.46991471191811],[-82.30953105437418,27.464295741977775],[-82.30568710133454,27.459829371454877],[-82.29960666518654,27.45825727086327],[-82.29366069434711,27.460192440306834],[-82.29016773606688,27.46488030709956],[-82.29049023984393,27.47049280729168],[-82.29450292669357,27.47484104327252],[-82.29995152145447,27.476249798786363]]]}"
"Aedes excrucians",2020.5,-99.18215,47.21295,0,801,"00000000000000000320",4.299055613851,13.0854144805876,27,120.734302203568,28.009129066107,-19.8,47.809129066107,16.699055613851,-12.1134312696747,19.1254984260231,-12.1134312696747,443.108079748164,89,8,68.7082896117524,214,29,212.01259181532,29,0,0,1,0,0,0,0,10,3,"{""type"":""Polygon"",""coordinates"":[[[-99.18215270081113,47.22195190163433],[-99.19001332667982,47.22019685399672],[-99.19480721531792,47.21561645332809],[-99.194665196462,47.20999749143549],[-99.18964401418097,47.205531347624735],[-99.18170228660668,47.20395937325329],[-99.17393614284245,47.20589439076217],[-99.16937334369676,47.2105820413247],[-99.1697939121585,47.216194565399256],[-99.1750351770833,47.22054303178535],[-99.18215270081113,47.22195190163433]]]}"
"Culex quinquefasciatus",2019.39285714286,-81.32885,28.40515,0,802,"00000000000000000321",22.2,11.4076023391813,48,44.5818128654971,32.8909356725146,9.28976608187134,23.6011695906433,27.3076023391813,17.2,27.3909356725146,16.1,1219.93421052632,186,52.6447368421053,48.3961988304094,524.014619883041,165,503.235380116959,186.178362573099,0,0,0,0,0,1,0,17,3,"{""type"":""Polygon"",""coordinates"":[[[-81.32884849403504,28.414150359761848],[-81.33491844667854,28.41239544636288],[-81.33862069524871,28.407815259370487],[-81.33851153528025,28.402196289730565],[-81.33463406362469,28.397729927690285],[-81.3285006322965,28.396157831821622],[-81.32250283699537,28.398092995580065],[-81.31897941766607,28.402780854282465],[-81.31930471328955,28.40839335536887],[-81.32335238064493,28.412741599970385],[-81.32884849403504,28.414150359761848]]]}"
"Culex tarsalis",2021,-110.88515,31.79155,0,803,"00000000000000000322",17.5861344537815,16.500700280112,47.9467787114846,65.926162464986,34.9889355742297,0.953081232492997,34.0358543417367,25.4420168067227,20.7644257703081,26.1268907563025,9.40448179271709,422.607843137255,98.7759103641457,4,76.2128851540616,225.205882352941,23.7016806722689,189.18487394958,92.8053221288516,0,1,0,0,0,0,0,7,1,"{""type"":""Polygon"",""coordinates"":[[[-110.88514813849984,31.800547768285522],[-110.89142979120562,31.798792835231733],[-110.89526109819715,31.79421261695164],[-110.89514805431813,31.78859364844384],[-110.89113536872188,31.78412731835805],[-110.88478815254379,31.782555240280743],[-110.87858129524687,31.784490382623307],[-110.87493499649445,31.789178210848945],[-110.87527155646134,31.794790715303666],[-110.8794603359652,31.79913899237981],[-110.88514813849984,31.800547768285522]]]}"
"Aedes triseriatus",2020,-83.70265,41.67685,0,804,"00000000000000000323",9.6,11,28,96.3912062726176,29.183835946924,-8.87623642943305,38.0600723763571,21.6123039806996,-1.9,21.6123039806996,-3.3,843.132689987937,92.2581423401689,45,20,259.258142340169,156,259.258142340169,160,0,0,0,0,0,1,0,17,1,"{""type"":""Polygon"",""coordinates"":[[[-83.70265093983694,41.685848629850724],[-83.70979962388431,41.68409362952128],[-83.71415950199237,41.67951330415268],[-83.71403055611088,41.67389433952573],[-83.70946409184212,41.669428118810494],[-83.70224129785655,41.66785610162502],[-83.69517820599077,41.66979117067044],[-83.69102864623868,41.674478894582485],[-83.69141134511506,41.68009141056007],[-83.69617806214148,41.68443979878812],[-83.70265093983694,41.685848629850724]]]}"
"Culex quinquefasciatus",2018,-92.09395,15.09195,0,805,"00000000000000000324",17.5707846410684,12.6716193656094,73.7512520868114,11.0176293823038,25.3806343906511,8.32153589315526,17.0590984974958,18.3210350584307,15.8464106844741,18.6318864774624,15.8464106844741,2515.66110183639,467.173622704508,17.4140233722871,81.4924874791319,1194.37562604341,58.9933222036728,913.624373956594,58.9933222036728,1,0,0,0,0,0,0,6,3,"{""type"":""Polygon"",""coordinates"":[[[-92.09394782984933,15.100951236168552],[-92.09947753633526,15.099196390219202],[-92.1028504653338,15.094616310602024],[-92.10275125290129,15.088997337082704],[-92.09921883013503,15.084530865378754],[-92.09363090462104,15.082958708449864],[-92.08816656629567,15.084893945707815],[-92.08495672530304,15.089581909001625],[-92.0852533129426,15.095194398522572],[-92.08894089720015,15.099542531676377],[-92.09394782984933,15.100951236168552]]]}"
"Aedes sticticus",2022.57894736842,-76.55635,38.88805,0,806,"00000000000000000325",13.173566084788,10.8617206982544,31,84.2298753117207,30.4364089775561,-3.7425187032419,34.178927680798,23.7832917705736,2.11920199501247,23.7832917705736,2.11920199501247,1069.77805486284,111.957605985037,70.998753117207,14,310.413965087282,235.645885286783,310.413965087282,235.645885286783,1,0,0,0,0,0,0,5,2,"{""type"":""Polygon"",""coordinates"":[[[-76.55635290035087,38.89705102630776],[-76.56321251338413,38.89529604679905],[-76.56739616519218,38.89071575457181],[-76.56727252228163,38.88509678874285],[-76.56289068928095,38.880630534180035],[-76.55595981372218,38.87905849815042],[-76.54918219130478,38.880993589879076],[-76.54520042027987,38.885681346073824],[-76.54556773755414,38.89129385848632],[-76.55014176925991,38.895642212315344],[-76.55635290035087,38.89705102630776]]]}"
"Aedes communis",2020.48837209302,-90.04385,45.79365,0,807,"00000000000000000326",3.99618320610687,12.0143947655398,26.7775354416576,111.054580152672,25.4184296619411,-19.0038167938931,44.4222464558343,16.1810250817884,-11.3126499454744,17.4184296619411,-11.3126499454744,816.355507088331,110.278080697928,22,44.649945474373,313.141766630316,87,308.629225736096,87,1,0,0,0,0,0,0,5,2,"{""type"":""Polygon"",""coordinates"":[[[-90.04385382502231,45.80265125002988],[-90.05151181928302,45.80089621540377],[-90.05618218237218,45.796315835445036],[-90.05604388642585,45.790696872799955],[-90.0511521246343,45.78623070783803],[-90.0434150151146,45.78465872169157],[-90.03584896939702,45.786593753374405],[-90.03140378554494,45.79128142411044],[-90.03181357784963,45.79689394595852],[-90.0369197793699,45.801242390848586],[-90.04385382502231,45.80265125002988]]]}"
"Aedes sticticus",2010.6,-107.44895,45.60275,0,808,"00000000000000000327",7.46260683760684,17.1340811965812,36,98.0788675213675,31.8626068376068,-15.0880341880342,46.950641025641,12.7166666666667,-5.38995726495726,20.0761752136752,-5.38995726495726,377.483974358974,60.8365384615385,15.7339743589744,47,163.855769230769,51.5897435897436,109.019230769231,51.5897435897436,0,1,0,0,0,0,0,8,3,"{""type"":""Polygon"",""coordinates"":[[[-107.44895148941127,45.611748215729754],[-107.45658337648042,45.60999318280299],[-107.46123782434766,45.605412805549086],[-107.4611000079341,45.599793842805745],[-107.45622492079784,45.595327675081364],[-107.44851417462247,45.59375568739703],[-107.44097390987544,45.59569072093106],[-107.4365438796663,45.600378394301856],[-107.43695228342735,45.60599091585912],[-107.44204108319191,45.61033935794171],[-107.44895148941127,45.611748215729754]]]}"
"Aedes sticticus",2013.8,-76.73895,38.90465,0,809,"00000000000000000328",12.8,11.5799007444169,33,83.6677047146402,30.3244416873449,-4.49305210918114,34.817493796526,23.3,1.7,23.3,1.7,1069.82382133995,108.439205955335,71,12,305.640198511166,232.44540942928,305.640198511166,232.44540942928,0,0,0,0,0,1,0,17,2,"{""type"":""Polygon"",""coordinates"":[[[-76.73895308848948,38.91365225952974],[-76.7458143056643,38.911897279902036],[-76.74999893540969,38.90731698748536],[-76.74987526307724,38.90169802166328],[-76.74549240550091,38.89723176729393],[-76.73855990998958,38.89565973137202],[-76.73178070340754,38.897594822971016],[-76.7277980012723,38.90228257898126],[-76.72816540390987,38.907895091414126],[-76.73274050488851,38.91224344543976],[-76.73895308848948,38.91365225952974]]]}"
"Culex tarsalis",2012,-99.01615,19.20875,0,810,"00000000000000000329",14.9188405797101,17.0307568438003,68.219001610306,20.1719967793881,26.4109500805153,1.56698872785829,24.843961352657,16.5959742351047,12.0431561996779,17.0386473429952,12.0431561996779,751.549114331723,155.959742351047,7,90.0289855072464,433.415458937198,26.4299516908213,226.003220611916,26.4299516908213,0,0,0,0,1,0,0,15,2,"{""type"":""Polygon"",""coordinates"":[[[-99.01614928679342,19.217749397246656],[-99.02180309167424,19.215994531710955],[-99.02525165909034,19.211414420912863],[-99.02515015125488,19.205795448519144],[-99.0215384709415,19.201329008660686],[-99.01582525631834,19.199756869463634],[-99.01023839554799,19.201692085377417],[-99.00695652417002,19.206380018298823],[-99.0072596952967,19.21199251117923],[-99.01102998547265,19.216340676696426],[-99.01614928679342,19.217749397246656]]]}"
"Culex tarsalis",2018.68965517241,-116.26355,43.65225,0,811,"0000000000000000032a",10.5,14.3236994219653,37,83.2320809248555,32.7,-5.9,38.6,0.5,20.6846242774566,21.4,-0.2,320.769942196532,40.2947976878613,8,37.5167630057803,117.401156069364,37,42.2947976878613,107.557225433526,0,0,0,0,0,1,0,17,3,"{""type"":""Polygon"",""coordinates"":[[[-116.26355084242729,43.66124823293146],[-116.27093042720469,43.65949321673294],[-116.2754310677099,43.65491286610524],[-116.27529788410588,43.649293902395016],[-116.27058394273466,43.64482770747709],[-116.26312797675577,43.64325570465365],[-116.25583686394765,43.64519075641109],[-116.25155328004463,43.64987845571838],[-116.25194826327585,43.655490974412565],[-116.25686888980432,43.65983938885834],[-116.26355084242729,43.66124823293146]]]}"
"Aedes vexans",2016.80555555556,-112.01395,40.82195,0,812,"0000000000000000032b",10.9,12.8323565323565,32,91.5930525030525,33.1,-6.7,39.8,9.85177045177045,23.0468864468865,23.0468864468865,-0.7,418.833943833944,54.5860805860806,20,27.5860805860806,147.599511599512,71,71,93.2344322344322,0,0,0,1,0,0,0,14,2,"{""type"":""Polygon"",""coordinates"":[[[-112.01394727467441,40.830949775884086],[-112.02100300154606,40.82919478212201],[-112.02530621040322,40.82461446720692],[-112.02517897006369,40.81899550220076],[-112.02067187799602,40.814529270809224],[-112.01354295640668,40.81295724767995],[-112.00657166315096,40.814892323880116],[-112.00247605955386,40.81958005797485],[-112.00285381240417,40.82519257282802],[-112.00755856739565,40.82954095020584],[-112.01394727467441,40.830949775884086]]]}"
"Aedes sticticus",2019.3606557377,-77.95905,39.08725,0,813,"0000000000000000032c",11.9870277078086,12.7478589420655,34,85.365516372796,30.4240554156171,-6.13173803526448,36.5557934508816,20.7057934508816,0.587027707808564,22.7670025188917,0.587027707808564,974.460957178841,98.1083123425693,63,14,283.367758186398,194.5,279.259445843829,194.5,1,0,0,0,0,0,0,5,3,"{""type"":""Polygon"",""coordinates"":[[[-77.95905231873334,39.0962479885673],[-77.96593126755452,39.09449300762696],[-77.97012670709057,39.08991271312092],[-77.97000270953438,39.08429374737459],[-77.965608526641,39.07982749513913],[-77.95865812472002,39.07825546040526],[-77.95186140731542,39.0801905505742],[-77.94786841299725,39.084878304549186],[-77.94823675920826,39.09049081720685],[-77.95282367957032,39.09483917340114],[-77.95905231873334,39.0962479885673]]]}"
"Aedes sticticus",2002.33333333333,-98.00355,49.50375,0,814,"0000000000000000032d",3,11.6,23,129.190070281124,26.4274096385542,-22.2995983935743,48.7270080321285,18.5,-14.6995983935743,18.5,-14.6995983935743,492,79,15,54,221,53,221,53,0,0,0,0,0,1,0,17,2,"{""type"":""Polygon"",""coordinates"":[[[-98.00354986497061,49.512748181326344],[-98.01177223195651,49.510993111143776],[-98.01678663646217,49.50641267459183],[-98.01663796675763,49.500793714003834],[-98.01138574218353,49.496327606840936],[-98.00307873508248,49.494755652871284],[-97.99495538051504,49.496690645821865],[-97.99018261306848,49.50137826143039],[-97.99062241439101,49.50699078936189],[-97.99610479314686,49.511339292993476],[-98.00354986497061,49.512748181326344]]]}"
"Culex quinquefasciatus",2016,-87.47915,19.78145,0,815,"0000000000000000032e",26,10.4,69,16.3555679287305,33,18.1,14.9,27.2,25.3,27.6247216035635,23.6,1256.7416481069,199.247216035635,41,50,510.49443207127,133,413.922048997773,190.572383073497,1,0,0,0,0,0,0,3,1,"{""type"":""Polygon"",""coordinates"":[[[-87.47914834492028,19.79044958194492],[-87.48482220023172,19.788694713611115],[-87.48828298929706,19.784114598358574],[-87.48818111160554,19.778495626125718],[-87.48455662548716,19.774029190816652],[-87.47882316635288,19.77245705415271],[-87.47321650817916,19.774392267017333],[-87.46992299885986,19.779080195599782],[-87.47022723473657,19.78469268896005],[-87.47401088836205,19.789040859100634],[-87.47914834492028,19.79044958194492]]]}"
"Aedes communis",2022.25,-119.01085,36.99565,0,816,"0000000000000000032f",7.15063613231552,12.3376590330789,43.4923664122137,57.1303053435115,23.5,-4.55025445292621,28.0502544529262,1.06348600508906,14.8253180661578,14.9393129770992,1.05432569974555,822.942748091603,153.689567430025,5.90839694656489,78.4796437659033,416.804071246819,23.1819338422392,38.1819338422392,411.491094147583,1,0,0,0,0,0,0,1,1,"{""type"":""Polygon"",""coordinates"":[[[-119.01084759246584,37.00464867113481],[-119.0175327493463,37.0028937048412],[-119.02161004672129,36.99831343364945],[-119.02148960326767,36.99269446705801],[-119.01721919662,36.98822819101145],[-119.01046449719118,36.98665614302087],[-119.00385915881338,36.98859124914726],[-118.9999786493998,36.99327902583245],[-119.00033668281289,36.99889153598166],[-119.00479442704408,37.00323986797699],[-119.01084759246584,37.00464867113481]]]}"
"Culex tarsalis",2012,-99.09915,19.39135,0,817,"00000000000000000330",15.9991935483871,17.3116129032258,69.9774193548387,20.4890161290323,27.426935483871,2.72177419354839,24.7051612903226,17.7664516129032,13.0211290322581,18.0875806451613,13.0211290322581,622.937096774194,123.838709677419,5,88.4983870967742,352.945161290323,20,189.533870967742,20,0,0,0,0,0,1,0,17,2,"{""type"":""Polygon"",""coordinates"":[[[-99.09915099380227,19.400349585385264],[-99.10481111479008,19.39859471895956],[-99.10826353214178,19.394014606744623],[-99.10816190777493,19.388395634402066],[-99.10454619349737,19.38392919599065],[-99.0988266016678,19.382357057599318],[-99.09323350453266,19.38429227254324],[-99.08994796707643,19.388980204084536],[-99.09025147358727,19.394592697117577],[-99.09402597338047,19.398940864105352],[-99.09915099380227,19.400349585385264]]]}"
"Aedes communis",2008,-148.10235,64.75085,0,818,"00000000000000000331",-2.95881294964029,11.2,22,140.814376498801,22.3,-26.9032374100719,49.203237410072,14.6145683453237,-10.5429256594724,14.6145683453237,-20.9553357314149,303.823141486811,55,8,59,148,31,148,46.0323741007194,1,0,0,0,0,0,0,1,1,"{""type"":""Polygon"",""coordinates"":[[[-148.10234837952362,64.75984605449597],[-148.11486781430912,64.75809074807225],[-148.12250125230617,64.75350993556191],[-148.12227304878297,64.74789098870433],[-148.1142764433096,64.74342526550845],[-148.10163122675036,64.74185352526551],[-148.08926545691588,64.74378826094464],[-148.0819985490751,64.74847551032364],[-148.0826662566357,64.75408807860418],[-148.09101239485057,64.75843697247537],[-148.10234837952362,64.75984605449597]]]}"
"Culex quinquefasciatus",2019,-81.32055,28.59605,0,819,"00000000000000000332",21.9,11.281778425656,47,45.5674198250729,32.7873177842566,9.03527696793003,23.7520408163265,27.2,16.8,27.2466472303207,15.7537900874636,1269.61078717201,195.185131195335,48.5728862973761,48.7594752186589,536.631195335277,157.572886297376,534.185131195335,192,0,0,0,0,0,1,0,17,2,"{""type"":""Polygon"",""coordinates"":[[[-81.32055010697458,28.605048934960916],[-81.32663105385457,28.603294020488736],[-81.33034000476708,28.598713831787943],[-81.33023064302408,28.593094862209806],[-81.32634614931006,28.588628501914354],[-81.32020161559554,28.587056407017158],[-81.31419296317331,28.588991569606225],[-81.31066316234238,28.59367942664449],[-81.31098904288301,28.599291927914837],[-81.31504403857409,28.603640174289566],[-81.32055010697458,28.605048934960916]]]}"
