system:index,bio01,bio02,bio03,bio04,bio05,bio06,bio07,bio08,bio09,bio10,bio11,bio12,bio13,bio14,bio15,bio16,bio17,bio18,bio19,presence,row_code,scientificName,year,.geo
00000000000000000117,73.5638418079096,123.71638418079094,29.0,9973.342372881354,281.74124293785314,-134.6045197740113,416.3457627118643,185.71638418079095,-47.604519774011294,197.18644067796606,-61.58644067796609,968.116384180791,107.20903954802259,56.3774011299435,17.0,284.3254237288136,186.35932203389834,282.0983050847458,192.21581920903955,0,280,Aedes communis,1999.5,"{""type"":""Polygon"",""coordinates"":[[[-73.36084960792522,43.68614785321391],[-73.36823225503211,43.68439283680877],[-73.37273476239308,43.6798124858522],[-73.37260152257315,43.67419352215392],[-73.36788562528471,43.66972732757188],[-73.36042656687538,43.66815532493541],[-73.35313242995154,43.67009037646777],[-73.34884706854929,43.67477807545472],[-73.34924221468854,43.68039059418427],[-73.35416488243787,43.68473900897139],[-73.36084960792522,43.68614785321391]]]}"
00000000000000000120,37.024945770065074,122.51952277657269,27.519522776572668,10901.25596529284,252.3644251626898,-185.5119305856833,437.8763557483731,158.1399132321041,-94.5119305856833,169.90130151843817,-111.66052060737528,845.2223427331888,108.87418655097613,28.0,37.0,301.4783080260304,111.03796095444686,300.1214750542299,113.2939262472885,0,289,Aedes communis,2018.67094515753,"{""type"":""Polygon"",""coordinates"":[[[-89.53754965500985,46.24255048715443],[-89.54526882200759,46.24079544856772],[-89.54997647655352,46.23621506230504],[-89.549837056882,46.23059609988898],[-89.54490622411109,46.22612994136531],[-89.53710734184506,46.2245579588031],[-89.52948088795152,46.22649298617147],[-89.52500019704073,46.23118065076684],[-89.52541324277377,46.23679317329268],[-89.53056021891362,46.24114162472598],[-89.53754965500985,46.24255048715443]]]}"
00000000000000000121,-29.27746741154563,107.13842333954067,23.0,12973.025450031038,208.8609559279951,-251.1446306641838,460.0055865921788,135.14276846679084,-99.27746741154564,135.14276846679084,-192.27746741154562,298.6418373680944,65.0,6.0,80.29981378026072,173.81936685288642,21.0,173.81936685288642,28.659217877094978,0,290,Aedes communis,2020.96296296296,"{""type"":""Polygon"",""coordinates"":[[[-145.7534500131052,63.938149666973274],[-145.765601085956,63.93639437958752],[-145.77301004339978,63.931813597371104],[-145.77278869808174,63.926194649402966],[-145.7650273416781,63.92172889526798],[-145.7527539461782,63.92015713780528],[-145.7407517895647,63.922091894212635],[-145.7336986863361,63.926779173102155],[-145.7343468992784,63.93239173813558],[-145.7424475745572,63.93674060056147],[-145.7534500131052,63.938149666973274]]]}"
00000000000000000122,13.295206971677562,156.4912854030501,38.0,8548.755991285405,238.6960784313726,-168.12745098039213,406.82352941176475,98.18409586056646,-43.7244008714597,123.99455337690632,-95.12854030501092,531.9019607843138,63.778867102396525,32.277777777777786,19.625272331154687,169.19172113289758,109.90196078431373,154.1002178649238,120.52941176470587,0,291,Aedes communis,2021.28571428571,"{""type"":""Polygon"",""coordinates"":[[[-110.53655345454565,44.964349170184164],[-110.54409873422284,44.96259414293539],[-110.54870038513165,44.95801377471903],[-110.5485641593046,44.95239481164744],[-110.54374438833548,44.94792863469295],[-110.53612109965114,44.94635664187007],[-110.52866636042138,44.94829168158952],[-110.52428660057191,44.952979363763774],[-110.52469039779507,44.95859188434931],[-110.52972146922617,44.962940317051306],[-110.53655345454565,44.964349170184164]]]}"
0000000000000000012b,39.87268770402611,120.1860718171926,26.68443960826986,11102.509249183895,254.18824809575625,-190.12731229597387,444.3155603917301,161.7965179542981,-113.12731229597388,174.20565832426547,-113.12731229597388,816.5114254624591,110.20348204570183,22.0,44.38955386289444,313.22089227421105,87.0,308.62568008705114,87.0,0,300,Aedes communis,2019.48387096774,"{""type"":""Polygon"",""coordinates"":[[[-90.04385382502231,45.79434840386836],[-90.05151067833188,45.792593369316386],[-90.05618034588561,45.78801298947568],[-90.0560420708967,45.78239402682631],[-90.05115103783011,45.77792786174385],[-90.04341508045508,45.776355875530285],[-90.03585016143096,45.77829090729391],[-90.03140563983183,45.7829785781449],[-90.03181537145424,45.78859109998029],[-90.03692081247368,45.79293954474786],[-90.04385382502231,45.79434840386836]]]}"
0000000000000000012e,72.3251461988304,123.49005847953217,29.0,9934.823391812866,279.6947368421052,-135.05847953216374,414.7532163742689,184.99999999999997,-48.43157894736841,196.1052631578947,-61.732163742690055,989.9473684210524,108.47485380116959,58.24795321637426,16.0,287.4502923976608,192.68421052631575,285.92046783625733,198.47719298245607,0,303,Aedes communis,1999.69565217391,"{""type"":""Polygon"",""coordinates"":[[[-73.40235046142965,43.62804576648751],[-73.40972596885177,43.626290750564245],[-73.4142241237213,43.621710400374646],[-73.41409101496563,43.616091436648524],[-73.40937967781123,43.61162524128316],[-73.40192782926664,43.6100532382106],[-73.3946407429348,43.61198829026789],[-73.39035952569292,43.616675990001944],[-73.39075429201867,43.622288508649014],[-73.39567220075216,43.62663692264005],[-73.40235046142965,43.62804576648751]]]}"
00000000000000000131,98.0,103.41062801932368,26.0,9954.450483091789,289.34420289855075,-97.0,386.34420289855086,221.33574879227058,-36.0,221.33574879227058,-36.0,922.9842995169083,102.66425120772949,36.0,28.008454106280194,300.6642512077295,142.99154589371983,300.6642512077295,142.99154589371983,0,306,Aedes communis,2004.56980703746,"{""type"":""Polygon"",""coordinates"":[[[-87.83605033413703,41.843549197706885],[-87.84321660929817,41.84179419614696],[-87.84758721140756,41.837213868819745],[-87.84745794274069,41.83159490426387],[-87.84288024294965,41.82712868554896],[-87.83563968470631,41.82555666947714],[-87.82855922102073,41.82749173718204],[-87.82439945066754,41.832179459186214],[-87.8247830854923,41.837791975374465],[-87.82956152812335,41.842140365635444],[-87.83605033413703,41.843549197706885]]]}"
0000000000000000013d,58.529875986471254,133.74295377677564,31.0,9818.39909808343,267.1555806087936,-155.74069898534387,422.8962795941376,10.742953776775648,-60.10935738444193,180.9436302142052,-74.25704622322435,1178.4532130777902,118.40473506200676,83.29875986471251,10.0,328.108229988726,256.00225479143177,307.34949267192786,276.108229988726,0,318,Aedes communis,2019.80530973451,"{""type"":""Polygon"",""coordinates"":[[[-71.29414991077518,44.084550695935086],[-71.30158209600961,44.0827956762005],[-71.30611480273714,44.07821531994445],[-71.30598065348478,44.07259635643856],[-71.30123311608757,44.06813016726892],[-71.29372403270257,44.06655816764565],[-71.286380975899,44.06849321555093],[-71.282066860578,44.07318090937567],[-71.28246464196633,44.078793428675105],[-71.28742032972352,44.08314184896287],[-71.29414991077518,44.084550695935086]]]}"
00000000000000000147,-40.52315914489311,101.6442992874109,20.0,14775.703087885982,214.76662707838477,-283.21555819477436,497.9821852731591,143.5896674584323,-123.01068883610452,143.5896674584323,-231.8895486935867,311.94774346793344,50.26247030878859,7.770783847980997,50.203681710213765,139.06769596199527,37.46615201900238,139.06769596199527,58.98456057007125,0,328,Aedes communis,2019.50610820244,"{""type"":""Polygon"",""coordinates"":[[[-147.50474411544187,65.16654728427761],[-147.51745524775458,65.16479196799642],[-147.52520550409415,65.16021113980075],[-147.52497372847395,65.15459219351847],[-147.51685469890344,65.15012648634199],[-147.50401598980127,65.1485547550148],[-147.49146099852197,65.15048947996159],[-147.48408282585183,65.15517671406086],[-147.48476067530115,65.16078928402239],[-147.49323455146762,65.16513819417509],[-147.50474411544187,65.16654728427761]]]}"
0000000000000000014f,21.46514575411914,154.07731305449937,41.97591888466413,7289.944233206591,219.59569074778196,-142.90114068441062,362.4968314321926,91.48669201520914,-34.6894803548796,117.79974651457542,-66.73003802281369,555.1812420785803,60.22813688212927,33.43219264892269,20.778200253485423,168.83650190114062,109.83523447401775,166.14575411913813,110.28643852978453,0,336,Aedes communis,2019.25,"{""type"":""Polygon"",""coordinates"":[[[-105.53164505485485,40.17524788417698],[-105.538632148814,40.17349289533825],[-105.5428935170239,40.168912588259865],[-105.54276753577089,40.16329362296945],[-105.53830427992074,40.15882738357423],[-105.53124466725193,40.157255355989],[-105.52434115176541,40.15919043755291],[-105.52028538553668,40.16387817928131],[-105.52065948642385,40.169490693291486],[-105.52531849297004,40.1738390625352],[-105.53164505485485,40.17524788417698]]]}"
0000000000000000015a,71.19255455712452,123.69704749679074,43.397946084724005,5717.839537869062,235.395378690629,-45.84082156611039,281.2362002567394,10.463414634146341,148.39537869062897,149.390243902439,10.362002567394093,811.571245186136,151.4659820282413,5.898587933247753,77.76508344030808,410.49935815147626,23.39152759948652,38.49293966623876,406.9550706033376,0,347,Aedes communis,2020.5799560546875,"{""type"":""Polygon"",""coordinates"":[[[-119.00254920540534,37.01294705819527],[-119.00923509213287,37.011192091845174],[-119.01331283444833,37.00661182056349],[-119.01319237761054,37.00099285397532],[-119.00892150480432,36.9965265780206],[-119.00216606833123,36.99495453008115],[-118.99556000919203,36.99688963614599],[-118.99167907614479,37.00157741274358],[-118.99203714839844,37.00718992290247],[-118.99649537912546,37.01153825499113],[-119.00254920540534,37.01294705819527]]]}"
0000000000000000015b,-16.314578005115088,128.91048593350385,37.971867007672635,7410.943734015346,168.4143222506394,-167.30306905370844,335.7173913043478,-38.63299232736573,-6.551150895140665,82.41815856777494,-103.38874680306907,766.3503836317136,82.89386189258312,45.62020460358057,16.0,233.08184143222508,157.83631713554988,195.31074168797954,180.12148337595914,0,348,Aedes communis,2018.55871886121,"{""type"":""Polygon"",""coordinates"":[[[-105.58145321362183,40.06734655688569],[-105.58842922835429,40.065591568848],[-105.59268384233079,40.06101126304468],[-105.5925580643166,40.055392297708025],[-105.58810188483241,40.05092605701056],[-105.58105346053684,40.049354028700336],[-105.57416088625276,40.05128911113695],[-105.57011155086434,40.05597685410737],[-105.57048506221211,40.06158936798039],[-105.57513668370062,40.065937735900654],[-105.58145321362183,40.06734655688569]]]}"
0000000000000000015d,-117.01326530612243,115.07091836734693,22.0,14511.97704081633,162.04999999999998,-354.0801020408164,516.1301020408163,77.11122448979592,-233.82551020408155,77.11122448979592,-290.08010204081637,224.10561224489797,45.0,8.0,64.0,113.01683673469387,27.0,113.01683673469387,31.0,0,350,Aedes communis,2022.2249755859375,"{""type"":""Polygon"",""coordinates"":[[[-149.3722513094334,68.66914886625408],[-149.3869271578397,68.66739345051657],[-149.39587458957163,68.66281246407374],[-149.3956060824745,68.65719352360652],[-149.38623235410145,68.65272797804717],[-149.37141073510142,68.65115633666497],[-149.35691659650166,68.65309095334037],[-149.34839807531424,68.65777803328314],[-149.34917974197057,68.66339062019296],[-149.358962719547,68.6677396946093],[-149.3722513094334,68.66914886625408]]]}"
00000000000000000160,70.86778593913957,140.0,34.0,8723.48688352571,289.26442812172087,-112.30849947534102,401.5729275970619,158.2644281217209,-41.996852046169984,183.96117523609652,-41.996852046169984,301.6285414480587,51.21615949632738,9.0,53.08499475341028,133.7691500524659,36.132214060860434,115.50786988457502,36.132214060860434,0,353,Aedes communis,2013.75409836066,"{""type"":""Polygon"",""coordinates"":[[[-111.8728479400402,46.65754564489548],[-111.88062614283002,46.65579060251375],[-111.88536978600348,46.651210210210685],[-111.88522928170792,46.645591248014085],[-111.88026074286208,46.64112509565952],[-111.87240224601362,46.63955311653169],[-111.86471749442417,46.64148813976598],[-111.86020253683334,46.646175798477415],[-111.86061872218066,46.651788321652646],[-111.86580504844697,46.65613677935562],[-111.8728479400402,46.65754564489548]]]}"
0000000000000000017c,-40.30440173589585,109.32114073155611,25.0,11550.56168629882,186.30936143831372,-238.19652820830754,424.50588964662126,110.20954742715438,-111.85678859268444,110.20954742715438,-180.53006819590826,397.9119652820831,79.5505269683819,10.809051456912584,66.16057036577804,206.23310601363914,41.04897706137631,206.23310601363914,55.84066955982641,0,381,Aedes communis,2019.48837209302,"{""type"":""Polygon"",""coordinates"":[[[-149.19795396745636,63.88834596730734],[-149.21008348839172,63.8865906810396],[-149.2174793118533,63.8820099006022],[-149.2172583675529,63.8763909525689],[-149.2095107750322,63.871925196616964],[-149.19725913423335,63.87035343814303],[-149.1852782520774,63.872288195767666],[-149.17823765802885,63.87697547639019],[-149.17888473013954,63.882588041232914],[-149.18697104383125,63.88693690181216],[-149.19795396745636,63.88834596730734]]]}"
0000000000000000017e,40.81501632208922,119.58977149075079,26.385201305767147,11110.668117519042,254.52665941240483,-188.76605005440697,443.29270946681186,162.39608269858545,-112.18498367791076,175.32208922742117,-112.18498367791076,816.310119695321,110.0,22.0,44.31120783460285,312.1849836779108,87.81610446137107,308.18498367791085,87.81610446137107,0,383,Aedes communis,2020.02777777778,"{""type"":""Polygon"",""coordinates"":[[[-90.08535021942569,45.83584925737279],[-90.0930127806611,45.83409422244995],[-90.0976859278242,45.82951384201897],[-90.09754754798944,45.82389487939104],[-90.09265286927328,45.81942871491144],[-90.08491114797464,45.817856729033494],[-90.07734059235345,45.81979176039311],[-90.07289275764947,45.82447943066912],[-90.0733027928513,45.830091952567976],[-90.0784120384876,45.83444039794824],[-90.08535021942569,45.83584925737279]]]}"
00000000000000000193,59.49616648411829,100.03066812705366,28.0,8936.63417305586,237.184008762322,-118.9813800657174,356.1653888280394,22.830230010952903,170.15334063526834,170.15334063526834,-60.667031763417306,1095.8707557502737,119.8258488499452,74.55421686746988,14.0,328.89266155531215,237.10076670317633,237.10076670317633,284.1511500547645,0,404,Aedes communis,2003.0,"{""type"":""Polygon"",""coordinates"":[[[-67.20224691087846,45.23824945239209],[-67.20982847312334,45.23649442275686],[-67.21445224237456,45.23191405074206],[-67.21431535023854,45.226295087808424],[-67.2094724055729,45.221828914733315],[-67.20181247812384,45.22025692407015],[-67.19432190949789,45.22219196118988],[-67.1899210898065,45.22687963966408],[-67.19032681689357,45.23249216065804],[-67.19538207257231,45.23684059730266],[-67.20224691087846,45.23824945239209]]]}"
00000000000000000195,-49.63083284111047,99.69108092144121,20.0,14605.500295333728,206.27643236857654,-285.46544595392794,491.7418783225044,134.04902539870054,-132.75782634376847,134.04902539870054,-236.90431187241586,303.42055522740696,51.988186650915544,7.06497341996456,55.70112226816302,144.08446544595395,34.838747784997054,144.08446544595395,53.31246308328412,0,406,Aedes communis,2019.90625,"{""type"":""Polygon"",""coordinates"":[[[-147.488151800422,65.19144690456005],[-147.50087488093683,65.18969158766554],[-147.5086324183203,65.18511075849393],[-147.50840041998777,65.17949181224743],[-147.50027375993562,65.17502610606768],[-147.48742299086732,65.17345437529524],[-147.47485620582572,65.17538909957426],[-147.467471098201,65.18007633272283],[-147.46814957970517,65.18568890278895],[-147.4766314175234,65.19003781395467],[-147.488151800422,65.19144690456005]]]}"
0000000000000000019b,39.16160520607375,119.03796095444685,26.037960954446852,11111.32863340564,253.0,-190.00976138828636,443.0097613882863,161.02711496746204,-113.83839479392624,174.0,-113.83839479392624,819.6431670281995,110.50867678958785,22.0,44.2527114967462,314.35357917570497,87.28958785249456,310.30043383947935,87.28958785249456,0,412,Aedes communis,2017.92592592593,"{""type"":""Polygon"",""coordinates"":[[[-90.08535021942569,45.810949637090346],[-90.0930093545253,45.80919460239008],[-90.09768041308145,45.804614222313354],[-90.09754209617972,45.79899525967256],[-90.09264960573486,45.79452909483114],[-90.08491134418395,45.79295710875177],[-90.07734417188381,45.79489214035386],[-90.07289832584391,45.799579810974954],[-90.07330817882485,45.805192332835716],[-90.07841514077113,45.80954077784827],[-90.08535021942569,45.810949637090346]]]}"
000000000000000001a1,54.77702702702704,130.85022522522527,30.91779279279279,9741.166666666668,260.61373873873873,-155.93243243243245,416.54617117117135,7.426801801801804,-62.65540540540542,176.22747747747752,-76.81869369369372,1230.6306306306305,123.82995495495497,87.32432432432434,10.0,343.08671171171176,269.67229729729735,317.8772522522523,290.1452702702703,0,418,Aedes communis,2017.9000244140625,"{""type"":""Polygon"",""coordinates"":[[[-71.28585152371471,44.0679494627131],[-71.29328162426398,44.06619444311815],[-71.29781306013011,44.061614087084344],[-71.29767894915078,44.05599512357038],[-71.29293274324601,44.05152893417375],[-71.28542576503075,44.04995693442414],[-71.27808476689195,44.051891982481514],[-71.27377186160582,44.05657967652275],[-71.27416953209845,44.06219219579829],[-71.27912383029462,44.06654061585535],[-71.28585152371471,44.0679494627131]]]}"
000000000000000001a5,64.01128205128205,126.03794871794872,34.03794871794871,7976.224615384614,270.29128205128205,-91.76820512820512,362.0594871794871,142.81128205128206,19.5425641025641,168.01128205128205,-37.909743589743584,485.66256410256403,65.0974358974359,29.964102564102564,25.09538461538461,157.09641025641022,94.4225641025641,139.13435897435897,116.50564102564103,0,422,Aedes communis,2008.55882352941,"{""type"":""Polygon"",""coordinates"":[[[-114.25495323200364,48.12664999616586],[-114.26295132605367,48.12489493986553],[-114.2678290153185,48.120314525408936],[-114.2676844697399,48.1146955640175],[-114.26257548701548,48.110229434288485],[-114.25449494538829,48.10865746775638],[-114.2465930539044,48.1105924758288],[-114.2419504629426,48.11528011296046],[-114.24237834099931,48.12089263851715],[-114.24771123408786,48.12524111921459],[-114.25495323200364,48.12664999616586]]]}"
000000000000000001aa,-33.24595267745952,109.45205479452052,23.0,13006.923412204236,206.59153175591533,-256.0958904109589,462.68742216687417,131.76089663760897,-103.16811955168119,131.76089663760897,-196.38107098381067,294.36737235367366,65.0,6.0,80.36799501867995,171.6737235367372,21.07783312577833,171.6737235367372,29.082191780821915,0,427,Aedes communis,2020.66964285714,"{""type"":""Polygon"",""coordinates"":[[[-145.7534500131052,63.88834596730734],[-145.76557953404057,63.8865906810396],[-145.7729753575022,63.88200990060221],[-145.77275441320174,63.87639095256888],[-145.76500682068107,63.871925196616964],[-145.75275517988223,63.87035343814303],[-145.7407742977263,63.872288195767666],[-145.73373370367773,63.87697547639021],[-145.73438077578842,63.88258804123293],[-145.7424670894801,63.88693690181216],[-145.7534500131052,63.88834596730734]]]}"
000000000000000001ae,44.66081229418221,123.09549945115256,27.0,11072.069154774972,262.7727771679473,-184.56531284302963,447.3380900109769,166.6608122941822,-107.0,179.41383095499452,-107.0,802.0570801317235,109.97365532381998,22.0,44.72008781558726,309.65203073545547,85.0,298.67837541163556,85.0,0,431,Aedes communis,2019.3008356546,"{""type"":""Polygon"",""coordinates"":[[[-89.58734889557475,45.5204525807615],[-89.59496839004073,45.518697548643324],[-89.59961528323676,45.514117172676436],[-89.59947769443849,45.508498209886355],[-89.59461052245668,45.50403204084753],[-89.58691229049242,45.50246005243142],[-89.57938426351338,45.50439508684631],[-89.57496142646033,45.50908276147079],[-89.57536917109465,45.514695282889676],[-89.58044971055865,45.519043723636386],[-89.58734889557475,45.5204525807615]]]}"
000000000000000001bf,-41.42857142857143,101.20094842916421,20.0,14751.774155305275,213.7332542975697,-282.9905157083581,496.72377000592775,142.4742145820984,-123.94427978660349,142.4742145820984,-232.41671606401897,310.6816834617665,50.41138114997035,7.630705394190872,50.96087729697689,139.69176052163607,36.98340248962656,139.69176052163607,58.16419679905159,0,448,Aedes communis,2020.16666666667,"{""type"":""Polygon"",""coordinates"":[[[-147.51304696160338,65.16654728427761],[-147.5257580939161,65.16479196799642],[-147.53350835025566,65.16021113980075],[-147.53327657463547,65.15459219351847],[-147.52515754506493,65.15012648634199],[-147.5123188359628,65.1485547550148],[-147.4997638446835,65.15048947996159],[-147.49238567201337,65.15517671406086],[-147.49306352146266,65.16078928402239],[-147.50153739762914,65.16513819417509],[-147.51304696160338,65.16654728427761]]]}"
000000000000000001c5,-34.58483530142947,110.76693598508392,23.0,13014.593536357987,206.92541951522693,-258.74083281541334,465.66625233064025,130.61528899937852,-104.02610316967062,130.61528899937852,-197.74083281541334,294.18831572405225,64.71348663766315,6.0,79.78993163455563,170.71348663766318,21.69670602858919,170.71348663766318,29.125543816034806,0,454,Aedes communis,2018.375,"{""type"":""Polygon"",""coordinates"":[[[-145.73684877988322,63.855147959964434],[-145.7489639822972,63.853392674439725],[-145.75635107987702,63.84881189518472],[-145.75613040198755,63.843192947108065],[-145.74839195382958,63.83872718994859],[-145.736154766302,63.83715543080257],[-145.72418801835488,63.839090189236224],[-145.71715573507512,63.84377747101054],[-145.7178020492322,63.849390035726515],[-145.72587882145518,63.853738895078465],[-145.73684877988322,63.855147959964434]]]}"
000000000000000001c6,-11.40455120101138,131.8369152970923,38.73198482932997,7357.580278128951,174.39064475347664,-163.57395701643492,337.9646017699115,-33.33628318584071,-1.524652338811631,86.72566371681417,-98.06700379266749,743.3413400758535,80.04045512010114,44.243994943109996,16.0,225.27054361567642,153.58280657395701,191.38938053097348,173.0986093552465,0,455,Aedes communis,2020.11428571429,"{""type"":""Polygon"",""coordinates"":[[[-105.57315036746031,40.05074978276476],[-105.58012468335902,40.04899479485006],[-105.58437826167457,40.0444144892425],[-105.58425251482373,40.038795523898735],[-105.57979742039451,40.03432928300136],[-105.57275071166919,40.03275725457982],[-105.56585981505535,40.03469233715042],[-105.56181146574016,40.039380080311545],[-105.56218488669057,40.04499259416349],[-105.5668353757907,40.04934096188057],[-105.57315036746031,40.05074978276476]]]}"
000000000000000001d4,45.34868421052632,123.34868421052633,27.0,11090.85307017544,263.4013157894737,-184.375,447.7763157894738,167.34868421052633,-106.6513157894737,180.2434210526316,-106.6513157894737,801.5625000000001,109.6513157894737,22.0,44.5405701754386,308.96600877192986,84.92763157894736,298.24232456140356,84.92763157894736,0,469,Aedes communis,2019.23267326733,"{""type"":""Polygon"",""coordinates"":[[[-89.58734889557475,45.503846888438474],[-89.59496614236161,45.50209185646708],[-89.5996116653464,45.49751148073385],[-89.59947411783065,45.49189251793528],[-89.59460838144145,45.48742634865783],[-89.58691241921383,45.48585436010887],[-89.57938661183213,45.48778939468367],[-89.57496507942085,45.492477069535745],[-89.57537270450689,45.49808959092952],[-89.58045174577788,45.50243803143371],[-89.58734889557475,45.503846888438474]]]}"
000000000000000001d7,36.884199134199136,122.0,27.0,10897.170995670996,251.88419913419912,-185.89502164502167,437.77922077922074,157.97294372294374,-94.89502164502164,169.8387445887446,-112.0,847.8387445887447,109.0,28.0,37.023809523809526,302.7012987012987,111.13528138528136,301.6645021645022,113.27489177489178,0,472,Aedes communis,2019.22580645161,"{""type"":""Polygon"",""coordinates"":[[[-89.56244481619125,46.24255048715443],[-89.57016398318896,46.240795448567724],[-89.5748716377349,46.23621506230504],[-89.57473221806337,46.23059609988898],[-89.56980138529248,46.22612994136531],[-89.56200250302645,46.2245579588031],[-89.55437604913291,46.22649298617147],[-89.5498953582221,46.23118065076684],[-89.55030840395516,46.23679317329268],[-89.55545538009501,46.241141624725984],[-89.56244481619125,46.24255048715443]]]}"
000000000000000001e0,-4.856962025316457,136.31772151898736,39.68354430379747,7265.320253164558,182.48101265822788,-158.27594936708863,340.7569620253165,-26.65316455696203,4.918987341772152,92.15822784810125,-90.24683544303798,710.7430379746836,76.1367088607595,42.71518987341772,16.230379746835446,214.50759493670887,146.8417721518987,187.47341772151896,161.92025316455698,0,481,Aedes communis,2019.77966101695,"{""type"":""Polygon"",""coordinates"":[[[-105.55654913423832,40.05074978276476],[-105.56352345013703,40.04899479485006],[-105.5677770284526,40.0444144892425],[-105.56765128160175,40.03879552389874],[-105.56319618717252,40.034329283001355],[-105.55614947844721,40.03275725457982],[-105.54925858183337,40.03469233715042],[-105.54521023251819,40.039380080311545],[-105.5455836534686,40.044992594163496],[-105.55023414256871,40.04934096188057],[-105.55654913423832,40.05074978276476]]]}"
000000000000000001e4,-40.96592317224289,108.74287484510535,25.0,11541.995043370513,185.23420074349445,-238.6375464684015,423.8717472118961,109.5470879801735,-112.63506815365552,109.5470879801735,-181.2211895910781,399.36183395291204,79.81722428748454,11.0,65.94981412639406,206.76703841387857,41.81722428748452,206.76703841387857,56.22118959107808,0,485,Aedes communis,2017.77272727273,"{""type"":""Polygon"",""coordinates"":[[[-149.21455520067832,63.88834596730734],[-149.2266847216137,63.8865906810396],[-149.2340805450753,63.8820099006022],[-149.23385960077488,63.87639095256888],[-149.2261120082542,63.871925196616964],[-149.2138603674553,63.87035343814303],[-149.2018794852994,63.872288195767666],[-149.19483889125084,63.87697547639019],[-149.19548596336153,63.882588041232914],[-149.2035722770532,63.88693690181216],[-149.21455520067832,63.88834596730734]]]}"
000000000000000001e6,40.23510292524377,120.0,26.709642470205853,11112.05633802817,254.28602383531964,-189.3661971830986,443.6522210184182,162.2860238353196,-112.95666305525462,174.73456121343446,-112.95666305525462,816.489707475623,110.0,22.0,44.057421451787654,312.9425785482124,87.0,308.3152762730228,87.0,0,487,Aedes communis,2018.78260869565,"{""type"":""Polygon"",""coordinates"":[[[-90.06044614004219,45.810949637090346],[-90.06810527514179,45.80919460239008],[-90.07277633369795,45.80461422231336],[-90.07263801679622,45.79899525967256],[-90.06774552635136,45.79452909483115],[-90.06000726480045,45.79295710875178],[-90.0524400925003,45.79489214035386],[-90.0479942464604,45.79957981097496],[-90.04840409944134,45.805192332835716],[-90.05351106138762,45.80954077784827],[-90.06044614004219,45.810949637090346]]]}"
000000000000000001e8,-34.34057071960298,110.26985111662532,23.0,12996.97270471464,206.81327543424317,-258.0210918114144,464.8343672456576,130.46588089330024,-103.95533498759303,130.46588089330024,-197.02915632754343,294.32258064516134,65.0,6.0,80.0,171.10669975186102,21.688585607940446,171.10669975186102,29.132754342431767,0,489,Aedes communis,2020.58510638298,"{""type"":""Polygon"",""coordinates"":[[[-145.73684877988322,63.87174919318641],[-145.74897113778266,63.86999390729035],[-145.75636259600395,63.86541312744442],[-145.75614178498066,63.859794179389425],[-145.74839876705198,63.85532842283347],[-145.73615435669709,63.85375666402331],[-145.7241805453699,63.855691422052644],[-145.71714410889686,63.86037870325134],[-145.71779080183242,63.865991268030655],[-145.72587234227512,63.87034012799597],[-145.73684877988322,63.87174919318641]]]}"
000000000000000001ef,57.69966254218223,132.92688413948258,31.0,9795.010123734535,265.5658042744657,-155.16647919010126,420.73228346456693,9.808773903262091,-60.38470191226098,179.7806524184477,-75.0517435320585,1196.2463442069743,120.38020247469068,84.80877390326208,10.0,333.59055118110234,260.89763779527556,310.2992125984252,281.32958380202473,0,496,Aedes communis,2019.38922155689,"{""type"":""Polygon"",""coordinates"":[[[-71.28585152371471,44.076247849773566],[-71.2932826661024,44.074492830108824],[-71.2978147370919,44.06991247396393],[-71.29768060698532,44.064293510454014],[-71.29293373565635,44.05982732117083],[-71.28542570536531,44.05825532148437],[-71.27808367839194,44.06019036946573],[-71.27377016838102,44.06487806339876],[-71.2741678942947,44.07049058268624],[-71.27912288693535,44.0748390028586],[-71.28585152371471,44.076247849773566]]]}"
00000000000000000203,71.49935316946959,123.38809831824062,44.0,5665.27554980595,234.58990944372576,-44.65588615782664,279.2457956015524,11.34411384217335,148.26778783958602,149.29107373868044,11.34411384217335,854.111254851229,158.9417852522639,5.611901681759378,78.83958602846053,434.14489003880976,22.68305304010349,37.683053040103495,431.058214747736,0,516,Aedes communis,2022.28571428571,"{""type"":""Polygon"",""coordinates"":[[[-119.06065575123282,37.021249904356786],[-119.06734236849944,37.01949493795015],[-119.0714205561773,37.01491466657848],[-119.07130008594268,37.009295699993565],[-119.0670287465358,37.00482942413075],[-119.06027257231958,37.00325737624247],[-119.05366579173557,37.005192482245725],[-119.04978443465296,37.00988025875566],[-119.05014254578397,37.01549276892423],[-119.05460126346814,37.019841101106294],[-119.06065575123282,37.021249904356786]]]}"
00000000000000000204,15.899241603466956,160.07692307692307,38.0,8611.96749729144,243.30877573131096,-169.05742145178763,412.3661971830986,101.13867822318527,-40.25352112676057,126.97941495124596,-94.34669555796316,506.8006500541711,61.814734561213434,29.48320693391116,21.576381365113757,164.59804983748646,102.36186348862407,149.7735644637053,111.30010834236188,0,517,Aedes communis,2020.76470588235,"{""type"":""Polygon"",""coordinates"":[[[-110.46185459369833,44.956046324022644],[-110.46939878163788,44.954291296845845],[-110.473999767008,44.94971092874407],[-110.47386356122928,44.94409196566833],[-110.46904448755382,44.939625788596814],[-110.46142230132642,44.93805379570879],[-110.45396864019978,44.939988835506654],[-110.44958951403821,44.944676517792516],[-110.44999325319112,44.950289038365725],[-110.45502359692081,44.9546374709488],[-110.46185459369833,44.956046324022644]]]}"
00000000000000000207,-30.535802469135813,107.7246913580247,23.0,12988.830864197533,208.3166666666667,-252.85000000000008,461.16666666666674,134.3148148148148,-100.54567901234569,134.3148148148148,-193.37716049382718,297.0061728395062,65.0,6.0,80.94691358024691,172.77592592592595,21.0,172.77592592592595,29.054938271604936,0,520,Aedes communis,2021.66666666667,"{""type"":""Polygon"",""coordinates"":[[[-145.7534500131052,63.92155289285235],[-145.7655938943907,63.919797605839605],[-145.77299846921528,63.915216824216735],[-145.77277725771398,63.90959787622686],[-145.7650204941201,63.90513212148567],[-145.75275435784727,63.903560363685585],[-145.74075930021073,63.905495120499076],[-145.733710371116,63.910182399966786],[-145.73435820338221,63.915794964936595],[-145.7424540864074,63.92014382674636],[-145.7534500131052,63.92155289285235]]]}"
00000000000000000212,-42.42222222222222,107.0216049382716,25.0,11477.114197530866,182.7716049382716,-238.40740740740742,421.1790123456791,107.61913580246912,-114.4037037037037,107.61913580246912,-181.38888888888889,404.4074074074075,80.0,11.0,66.0,207.83024691358028,42.90555555555556,207.83024691358028,57.891975308641975,0,531,Aedes communis,2019.33333333333,"{""type"":""Polygon"",""coordinates"":[[[-149.24774874892017,63.88005203934792],[-149.2598746890771,63.878296753265985],[-149.26726833036946,63.87371597312424],[-149.26704745269424,63.86809702508009],[-149.2593021469972,63.863631268826225],[-149.24705412067323,63.86205951018421],[-149.23507677320114,63.86399426801116],[-149.22803825751106,63.8686815489217],[-149.22868514007374,63.87429411373273],[-149.236769067634,63.87864297400508],[-149.24774874892017,63.88005203934792]]]}"
00000000000000000214,61.90604026845638,104.0,25.0,10623.453020134231,264.6778523489933,-147.37248322147656,412.0503355704699,181.30984340044748,-68.37248322147653,192.9060402684564,-82.37248322147651,932.7617449664432,97.0,60.78859060402686,13.0,270.32438478747207,194.78859060402687,266.32438478747207,210.78859060402684,0,533,Aedes communis,2004.77142857143,"{""type"":""Polygon"",""coordinates"":[[[-73.94184817968396,45.43745087375265],[-73.94945645899189,45.43569584236735],[-73.95409651529596,45.431115467566954],[-73.95395913248127,45.4254965047345],[-73.94909912362124,45.42103033450432],[-73.94141221687812,45.41945834542498],[-73.93389526494194,45.42139338063823],[-73.92947893760979,45.42608105639899],[-73.92988608573643,45.43169357769246],[-73.9349591497228,45.4360420172284],[-73.94184817968396,45.43745087375265]]]}"
00000000000000000219,47.0806282722513,155.34136125654453,38.0,8091.362303664923,270.9958115183246,-131.52774869109948,402.5235602094241,122.73193717277486,0.0,151.99581151832462,-55.91937172774869,383.6858638743455,50.97801047120418,23.0,27.165445026178006,129.13089005235602,75.96544502617802,108.30575916230367,92.16439790575915,0,538,Aedes communis,2009.06666666667,"{""type"":""Polygon"",""coordinates"":[[[-113.0099499223763,46.923147540042926],[-113.01776660149415,46.921392495201644],[-113.02253370003466,46.91681209898382],[-113.02239248875735,46.91119313692947],[-113.01739937515765,46.90672698857308],[-113.00950202489602,46.90515501167106],[-113.00177927816034,46.90709003222608],[-112.99724198741205,46.91177768712413],[-112.99766021890258,46.91739021072023],[-113.00287219138589,46.92173867248656],[-113.0099499223763,46.923147540042926]]]}"
00000000000000000236,60.191596638655454,86.0,26.0,8242.546218487394,216.41512605042016,-105.70756302521006,322.1226890756302,-19.0,159.70756302521008,159.70756302521008,-50.0,1294.4722689075627,143.2924369747899,91.0,16.0,407.87731092436974,282.8084033613445,282.8084033613445,379.9126050420168,0,567,Aedes communis,2002.85714285714,"{""type"":""Polygon"",""coordinates"":[[[-66.04855261352252,45.27974584679545],[-66.05613971825784,45.277990816796674],[-66.06076686628195,45.273410444203215],[-66.06062987235644,45.267791481290594],[-66.05578338770023,45.26332530880647],[-66.04811786335647,45.261753318472316],[-66.0406218214737,45.26368835519602],[-66.03621778470134,45.26837603310654],[-66.03662380658753,45.27398855416272],[-66.0416827566253,45.27833699140796],[-66.04855261352252,45.27974584679545]]]}"
00000000000000000239,-55.26077224398434,109.96250699496365,21.0,14819.567991046444,212.73922775601565,-298.3206491326245,511.05987688864013,104.73922775601568,-147.517627308338,135.73922775601568,-237.38724118634582,338.9569110240627,62.0,12.0,53.95691102406268,155.95691102406266,41.0,148.9569110240627,54.0,0,570,Aedes communis,2006.0,"{""type"":""Polygon"",""coordinates"":[[[-151.4887547062494,66.56924670266008],[-151.5021799584595,66.56749134992425],[-151.51036537617344,66.56291046372291],[-151.5101202751984,66.55729151956983],[-151.50154519081863,66.55282587163435],[-151.48798570594428,66.55125417327767],[-151.47472584792945,66.55318885853625],[-151.46693318815556,66.55787603612957],[-151.4676487991851,66.5634886123058],[-151.4765985165218,66.56783758266917],[-151.4887547062494,66.56924670266008]]]}"
0000000000000000023d,-113.61364802462802,115.0,22.0,14616.356080041047,166.5556695741406,-352.8455618265777,519.4012314007183,81.70805541303235,-230.93945613134937,81.70805541303235,-289.0,225.63006670087225,45.84658799384299,8.0,63.850692662904045,113.10723447922012,26.260646485377112,113.10723447922012,31.163160595177008,0,574,Aedes communis,2020.15384615385,"{""type"":""Polygon"",""coordinates"":[[[-149.5963478919754,68.63595085891117],[-149.61100200162312,68.63419544426108],[-149.61993618811942,68.6296144595484],[-149.6196680886494,68.6239955190175],[-149.61030824268207,68.61952997169116],[-149.5955085617141,68.61795832932562],[-149.5810358770527,68.61989294718472],[-149.57252997324827,68.62458002881293],[-149.5733104924849,68.63019261553754],[-149.58307898630656,68.63454168815795],[-149.5963478919754,68.63595085891117]]]}"
00000000000000000240,70.19979079497908,141.9257322175732,36.92573221757322,8160.154811715482,290.0209205020921,-91.8002092050209,381.8211297071129,112.02092050209205,25.933054393305436,176.02092050209205,-33.8326359832636,334.6161087866109,45.34100418410042,19.26673640167364,28.074267782426777,112.8744769874477,64.80020920502092,96.60774058577404,77.3336820083682,0,577,Aedes communis,2018.48484848485,"{""type"":""Polygon"",""coordinates"":[[[-114.07234858476397,46.78204820540874],[-114.08014475544458,46.780293161877104],[-114.08489935194328,46.775712767743784],[-114.08475851750562,46.77009380561368],[-114.07977850260173,46.76562765512837],[-114.07190186175542,46.76405567704118],[-114.06419936696723,46.76599069902283],[-114.05967398011302,46.77067835595141],[-114.06009112098835,46.776290879323405],[-114.06528942367457,46.780639338926115],[-114.07234858476397,46.78204820540874]]]}"
00000000000000000252,-28.873300370828172,106.8152039555006,23.0,12982.273794808403,209.10444993819524,-250.82632880098885,459.9307787391841,135.67119901112483,-98.83992583436338,135.67119901112483,-191.83992583436344,298.88195302843013,65.0,6.0,80.42150803461064,173.96415327564893,21.0,173.96415327564893,28.545735475896166,0,595,Aedes communis,2020.0999755859375,"{""type"":""Polygon"",""coordinates"":[[[-145.7534500131052,63.94644805403374],[-145.7656046853163,63.94469276646131],[-145.77301583624904,63.94011198394786],[-145.77279442395493,63.93449303599062],[-145.7650307688619,63.93002728215899],[-145.752753740139,63.928455524865136],[-145.74074803050718,63.930390281069236],[-145.7336928381351,63.93507755966939],[-145.7343412416037,63.94069012473467],[-145.7424443153925,63.94503898746889],[-145.7534500131052,63.94644805403374]]]}"
00000000000000000253,51.99775280898876,128.2932584269663,30.474157303370784,9708.90449438202,255.36179775280903,-157.09775280898876,412.45955056179776,5.037078651685393,-65.4123595505618,173.02247191011236,-79.09662921348314,1256.387640449438,126.79887640449437,89.06516853932582,10.0,350.0966292134831,275.06629213483143,325.06179775280896,295.5056179775281,0,596,Aedes communis,2018.60784313725,"{""type"":""Polygon"",""coordinates"":[[[-71.3024527569367,44.0679494627131],[-71.30988285748596,44.06619444311815],[-71.31441429335209,44.061614087084344],[-71.31428018237277,44.05599512357038],[-71.309533976468,44.05152893417375],[-71.30202699825274,44.04995693442414],[-71.29468600011394,44.05189198248152],[-71.29037309482781,44.05657967652275],[-71.29077076532045,44.062192195798296],[-71.29572506351661,44.06654061585536],[-71.3024527569367,44.0679494627131]]]}"
00000000000000000258,68.8472553699284,123.06205250596658,31.0,9278.57398568019,264.972553699284,-127.50357995226729,392.47613365155127,184.94988066825775,-43.15751789976133,184.94988066825775,-55.89140811455848,1134.904534606205,104.13126491646779,80.36038186157518,7.669451073985679,302.1479713603818,256.15751789976133,302.1479713603818,261.4630071599045,0,601,Aedes communis,2018.25287356322,"{""type"":""Polygon"",""coordinates"":[[[-72.19054961824625,42.54905032997889],[-72.19779633983377,42.547295322838806],[-72.20221598407183,42.54271498662951],[-72.20208523913486,42.53709602239595],[-72.19745615788852,42.532629812752376],[-72.1901343616293,42.53105780173082],[-72.18297445458404,42.53299286335657],[-72.17876798984868,42.53768057670877],[-72.17915590474773,42.54329309385233],[-72.18398796997946,42.54764149333248],[-72.19054961824625,42.54905032997889]]]}"
0000000000000000025f,-9.646017699115047,133.00758533501897,39.02022756005058,7325.664981036664,176.56637168141597,-161.92667509481672,338.49304677623263,-31.570164348925413,0.319848293299621,88.2730720606827,-95.5360303413401,733.7989886219976,78.8495575221239,43.76359039190898,16.0,222.11504424778764,151.46649810366628,190.46902654867262,169.74841972187104,0,608,Aedes communis,2020.02777777778,"{""type"":""Polygon"",""coordinates"":[[[-105.56485198039985,40.05074978276476],[-105.57182629629857,40.04899479485006],[-105.57607987461412,40.0444144892425],[-105.57595412776328,40.038795523898735],[-105.57149903333406,40.03432928300136],[-105.56445232460874,40.03275725457983],[-105.5575614279949,40.034692337150425],[-105.5535130786797,40.039380080311545],[-105.55388649963012,40.044992594163496],[-105.55853698873025,40.04934096188057],[-105.56485198039985,40.05074978276476]]]}"
00000000000000000264,45.766447368421055,123.41666666666669,27.0,11069.776315789473,263.84539473684214,-183.17763157894737,447.0230263157895,167.8453947368421,-106.14583333333334,180.13925438596493,-106.14583333333334,799.1370614035088,109.58333333333334,22.0,45.0,308.58333333333337,85.0,297.35307017543863,85.0,0,613,Aedes communis,2018.94117647059,"{""type"":""Polygon"",""coordinates"":[[[-89.56244481619125,45.503846888438474],[-89.57006206297811,45.50209185646709],[-89.5747075859629,45.497511480733856],[-89.57457003844715,45.491892517935284],[-89.56970430205794,45.487426348657834],[-89.56200833983033,45.485854360108874],[-89.55448253244863,45.48778939468367],[-89.55006100003735,45.49247706953575],[-89.55046862512339,45.498089590929524],[-89.55554766639438,45.50243803143371],[-89.56244481619125,45.503846888438474]]]}"
00000000000000000282,-41.48171109733417,107.59392436453815,25.0,11549.040917544946,184.6398016119033,-238.8710477371358,423.510849349039,109.4414135151891,-113.6267823930564,109.4414135151891,-181.61562306261624,405.44265344079355,80.0,11.0,65.98698078115314,207.91940483570983,42.756974581525114,207.91940483570983,57.75697458152511,0,643,Aedes communis,2018.71428571429,"{""type"":""Polygon"",""coordinates"":[[[-149.2560515950817,63.88834596730734],[-149.26818111601705,63.8865906810396],[-149.27557693947867,63.88200990060221],[-149.27535599517824,63.87639095256888],[-149.26760840265754,63.871925196616964],[-149.25535676185868,63.87035343814303],[-149.24337587970277,63.872288195767666],[-149.2363352856542,63.87697547639019],[-149.2369823577649,63.882588041232914],[-149.24506867145658,63.88693690181216],[-149.2560515950817,63.88834596730734]]]}"
0000000000000000028b,67.30071599045345,121.33770883054893,31.0,9242.328162291169,261.2147971360382,-127.33293556085921,388.54773269689736,182.94988066825778,-44.53579952267303,182.94988066825778,-57.08233890214798,1147.4415274463006,105.73866348448688,81.6622911694511,7.318615751789976,304.6837708830549,260.13961813842485,304.6837708830549,265.1396181384249,0,652,Aedes communis,2020.03401360544,"{""type"":""Polygon"",""coordinates"":[[[-72.17394838502426,42.54905032997889],[-72.1811951066118,42.5472953228388],[-72.18561475084985,42.54271498662951],[-72.18548400591287,42.53709602239595],[-72.18085492466653,42.532629812752376],[-72.17353312840733,42.53105780173082],[-72.16637322136205,42.53299286335657],[-72.16216675662669,42.537680576708766],[-72.16255467152574,42.54329309385232],[-72.16738673675746,42.54764149333248],[-72.17394838502426,42.54905032997889]]]}"
0000000000000000028c,17.08596300326442,153.85310119695322,37.20892274211099,8590.18389553863,242.85527747551683,-162.5114254624592,405.36670293797613,102.48857453754081,-40.55277475516867,128.766050054407,-91.28073993471165,523.734494015234,63.13601741022852,31.931447225244835,19.729053318824814,166.23177366702942,109.07181719260068,151.1305767138194,119.07072905331886,0,653,Aedes communis,2021.66666666667,"{""type"":""Polygon"",""coordinates"":[[[-110.64444586363483,44.94774793696217],[-110.65198896089697,44.9459929098573],[-110.65658928137469,44.941412541870015],[-110.65645309562474,44.93579357879011],[-110.65163471856582,44.93132740160167],[-110.64401363372485,44.92975540864855],[-110.63656104965439,44.931690448524776],[-110.63218255656535,44.93637813092216],[-110.63258623770439,44.94199065148306],[-110.63761585443929,44.94633908394731],[-110.64444586363483,44.94774793696217]]]}"
0000000000000000028e,-39.37918215613382,110.07620817843866,25.0,11565.889714993804,187.6951672862453,-237.8915737298636,425.586741016109,111.27075588599753,-110.75836431226764,111.27075588599753,-179.64126394052042,396.2887236679058,79.48636926889715,10.299256505576206,66.78004956629492,205.97273853779424,39.81722428748451,205.97273853779424,55.439281288723656,0,655,Aedes communis,2020.0999755859375,"{""type"":""Polygon"",""coordinates"":[[[-149.18135273423434,63.88834596730734],[-149.1934822551697,63.8865906810396],[-149.20087807863132,63.8820099006022],[-149.2006571343309,63.87639095256888],[-149.1929095418102,63.871925196616964],[-149.18065790101133,63.87035343814303],[-149.16867701885542,63.87228819576765],[-149.16163642480686,63.87697547639019],[-149.16228349691755,63.882588041232914],[-149.17036981060923,63.88693690181216],[-149.18135273423434,63.88834596730734]]]}"
00000000000000000299,-76.0,88.0,17.0,14075.189628482975,171.16176470588238,-326.18653250773997,497.34829721362235,94.0,-251.02476780185756,96.33204334365325,-259.0247678018576,418.4458204334366,61.22291021671827,15.0,43.0,164.22291021671825,49.0,156.2229102167183,52.0,0,666,Aedes communis,2009.800048828125,"{""type"":""Polygon"",""coordinates"":[[[-94.05275065880915,58.709149143841536],[-94.06302926801935,58.70739395578782],[-94.0692970435204,58.70281333164201],[-94.06911044163081,58.69719437789105],[-94.06254493757643,58.69272846231852],[-94.0521617882343,58.691156614999535],[-94.04200814372341,58.693091479570796],[-94.0360418649495,58.697778912441656],[-94.03659085780622,58.70339146052027],[-94.04344370339358,58.707740158869576],[-94.05275065880915,58.709149143841536]]]}"
000000000000000002a3,37.5465367965368,123.0,28.0,10905.743506493507,253.43939393939394,-185.0,438.43939393939394,158.81926406926408,-94.0,170.36580086580088,-111.23593073593074,836.8290043290044,108.14393939393939,28.0,37.85606060606061,299.2878787878788,110.0,297.9220779220779,111.45346320346322,0,676,Aedes communis,2019.23913043478,"{""type"":""Polygon"",""coordinates"":[[[-89.49604880150544,46.217646407770935],[-89.50376446706176,46.215891369410144],[-89.50846998710078,46.21131098350704],[-89.50833063175408,46.20569202107791],[-89.50340203534994,46.201225862187016],[-89.4956066888617,46.19965387942036],[-89.48798369264028,46.201588907034825],[-89.48350503410323,46.20627657198045],[-89.4839178936192,46.211889094467644],[-89.48906253588044,46.21623754552771],[-89.49604880150544,46.217646407770935]]]}"
000000000000000002aa,-41.48638613861386,108.07611386138612,25.0,11543.774752475249,184.529702970297,-238.88056930693065,423.41027227722765,109.17264851485147,-113.43254950495049,109.17264851485147,-181.78155940594058,402.6336633663366,80.0,11.0,66.0,207.424504950495,42.302599009900995,207.424504950495,57.227103960396036,0,683,Aedes communis,2020.51428571429,"{""type"":""Polygon"",""coordinates"":[[[-149.2394503618597,63.88834596730734],[-149.25157988279506,63.8865906810396],[-149.25897570625668,63.88200990060221],[-149.25875476195623,63.87639095256888],[-149.25100716943555,63.871925196616964],[-149.23875552863672,63.87035343814303],[-149.22677464648075,63.872288195767666],[-149.21973405243222,63.87697547639019],[-149.2203811245429,63.882588041232914],[-149.2284674382346,63.88693690181216],[-149.2394503618597,63.88834596730734]]]}"
000000000000000002ac,37.028753993610216,110.23003194888176,26.0,10499.935037273694,238.552715654952,-176.90521831735887,415.45793397231085,155.12247071352502,-41.97124600638977,165.86261980830668,-105.90521831735886,984.525026624068,104.56123535676248,62.72523961661341,15.642172523961658,292.28434504792324,196.69648562300316,290.79020234291795,222.05537806176778,0,685,Aedes communis,2003.0,"{""type"":""Polygon"",""coordinates"":[[[-67.74175354733488,47.06424687467711],[-67.74959089072863,47.06249182851927],[-67.75437058629514,47.05791143020594],[-67.7542289952957,47.05229246822774],[-67.74922268347122,47.04782632201151],[-67.74130446646035,47.046254346300934],[-67.73356131391756,47.04818936542177],[-67.72901202882184,47.05287701827859],[-67.72943135919492,47.05848954209995],[-67.73465710533463,47.06283800604134],[-67.74175354733488,47.06424687467711]]]}"
000000000000000002ae,59.36343115124154,127.4920993227991,30.597065462753953,9726.269751693004,263.431151241535,-147.8600451467269,411.29119638826194,179.88261851015804,-58.479683972911964,180.01805869074494,-71.80812641083521,955.2855530474043,96.63656884875849,58.9040632054176,14.0,270.63092550790077,190.55304740406325,270.617381489842,200.55304740406325,0,687,Aedes communis,2000.0,"{""type"":""Polygon"",""coordinates"":[[[-72.26525293819462,43.852151267231584],[-72.27265610250258,43.85039624944458],[-72.27717111754149,43.845815896288464],[-72.27703750107344,43.84019693267003],[-72.27230849940157,43.835730740334384],[-72.26482872213417,43.83415873894856],[-72.25751432405086,43.83609378897549],[-72.25321705364023,43.84078148581988],[-72.25361329123236,43.846394004785964],[-72.25854963488335,43.85074242185612],[-72.26525293819462,43.852151267231584]]]}"
000000000000000002b1,-41.40906415538552,101.72866391995292,20.0,14775.709240729839,214.32783990582695,-283.92407298410825,498.2519128899351,143.22424955856386,-123.75750441436138,143.22424955856386,-232.49264273101826,311.4844025897587,50.284284873454965,7.801648028251913,50.57563272513242,139.21424367274867,37.32254267216009,139.21424367274867,58.59093584461448,0,690,Aedes communis,2019.78787878788,"{""type"":""Polygon"",""coordinates"":[[[-147.488151800422,65.17484567133805],[-147.50086691199473,65.17309035485258],[-147.5086195932327,65.16850952633186],[-147.5083877434407,65.16289058006149],[-147.50026617259468,65.158424873217],[-147.48742344700878,65.15685314207458],[-147.4748645279031,65.15878786679895],[-147.46748404559773,65.16347510058158],[-147.46816210554917,65.16908767057794],[-147.47663863328535,65.17343658106805],[-147.488151800422,65.17484567133805]]]}"
000000000000000002c4,72.36398467432949,123.54406130268197,43.43295019157088,5711.510855683269,235.6717752234993,-44.90038314176244,280.5721583652618,11.657726692209451,149.0727969348659,150.3984674329502,11.1213282247765,829.6628352490421,155.4303959131545,5.52618135376756,78.53639846743295,420.89272030651347,22.55427841634738,37.92081736909323,417.3026819923371,0,709,Aedes communis,2022.63636363636,"{""type"":""Polygon"",""coordinates"":[[[-119.01084759246581,36.98804743791284],[-119.01753129015896,36.986292471732206],[-119.02160769796183,36.981712200720295],[-119.02148728126721,36.976093234122345],[-119.0172178066131,36.971626957892106],[-119.01046458076112,36.97005490979927],[-119.00386068340573,36.97199001604876],[-118.99998102096538,36.97667779290912],[-119.00033897672431,36.98229030303897],[-119.00479574830152,36.986638634847644],[-119.01084759246581,36.98804743791284]]]}"
000000000000000002c7,-41.42007434944238,108.33023543990087,25.0,11539.263320941758,184.6059479553903,-238.90892193308545,423.51486988847586,109.12267657992565,-113.21313506815365,109.12267657992565,-181.70198265179675,401.26579925650555,80.0,11.0,66.0,207.18215613382895,42.15303593556381,207.18215613382895,56.884138785625765,0,712,Aedes communis,2019.12121212121,"{""type"":""Polygon"",""coordinates"":[[[-149.23115197479925,63.88834596730734],[-149.24328149573464,63.88659068103959],[-149.25067731919623,63.8820099006022],[-149.2504563748958,63.87639095256888],[-149.24270878237513,63.871925196616964],[-149.23045714157624,63.87035343814301],[-149.21847625942033,63.87228819576765],[-149.21143566537177,63.87697547639019],[-149.21208273748246,63.882588041232914],[-149.22016905117414,63.88693690181216],[-149.23115197479925,63.88834596730734]]]}"
000000000000000002cb,-40.12211025489032,101.98103141671605,20.0,14805.529934795491,215.6307053941909,-283.85536455246,499.4860699466508,144.479549496147,-122.33669235328986,144.479549496147,-231.93953764078242,312.86484884410197,50.045050385299334,7.989330171902786,49.32898636633077,138.24481327800828,37.79371665678719,138.24481327800828,59.68168346176643,0,716,Aedes communis,2020.56923076923,"{""type"":""Polygon"",""coordinates"":[[[-147.488151800422,65.16654728427761],[-147.50086293273472,65.16479196799642],[-147.50861318907428,65.16021113980075],[-147.50838141345406,65.15459219351847],[-147.50026238388355,65.15012648634199],[-147.48742367478138,65.1485547550148],[-147.4748686835021,65.15048947996159],[-147.46749051083196,65.15517671406086],[-147.46816836028128,65.16078928402239],[-147.47664223644776,65.16513819417509],[-147.488151800422,65.16654728427761]]]}"
000000000000000002cc,72.62459893048127,148.66737967914437,36.0,8623.225668449197,296.9411764705883,-111.0310160427807,407.9721925133689,159.94117647058823,-36.0,185.61283422459888,-36.0,303.94117647058823,55.0,8.0,59.0,139.0,27.0,114.0,27.0,0,717,Aedes communis,2012.14285714286,"{""type"":""Polygon"",""coordinates"":[[[-111.60724604489276,45.86074887765523],[-111.61491203677897,45.85899384250963],[-111.619587275301,45.85441346172406],[-111.61944883244976,45.84879449910901],[-111.61455196257869,45.844328334991545],[-111.60680677697387,45.84275634931521],[-111.59923283357381,45.84469138043215],[-111.5947830075851,45.84937905036276],[-111.5951932252474,45.85499157229974],[-111.60030475758286,45.85934001804804],[-111.60724604489276,45.86074887765523]]]}"
000000000000000002e2,20.200419727177337,114.0,26.0,10570.63798530955,232.33053515215113,-193.41448058761804,425.74501573976926,140.04092339979013,-58.31584470094439,151.58551941238196,-123.41448058761806,1019.2172088142707,110.64323189926549,63.0,17.0,307.3735571878279,194.82896117523606,305.700944386149,234.41448058761802,0,739,Aedes communis,2003.0,"{""type"":""Polygon"",""coordinates"":[[[-67.34335516371476,47.736549999606204],[-67.3512931542417,47.73479494707807],[-67.35613420447741,47.73021453862546],[-67.35599076373329,47.72459557701577],[-67.35092016889018,47.72012944115485],[-67.34290031904567,47.7185574712091],[-67.33505777869993,47.72049248339063],[-67.33045007412476,47.72518012637078],[-67.33087475640944,47.73079265128209],[-67.33616758812184,47.73514112574763],[-67.34335516371476,47.736549999606204]]]}"
000000000000000002f6,-29.094554159186114,107.32136445242368,21.02154398563734,14283.307001795332,223.5607420706164,-269.08617594254935,492.6469180131658,148.76540993417115,-105.87612208258527,148.76540993417115,-213.05984440454816,309.0257330939557,53.29503291442249,8.97307001795332,53.439257929383615,140.77498503889885,34.52902453620587,140.77498503889885,51.56074207061639,0,759,Aedes communis,2024.68421052632,"{""type"":""Polygon"",""coordinates"":[[[-147.80354847703327,64.89265146117074],[-147.81612980079268,64.890896151561],[-147.82380095343294,64.88631533398097],[-147.82357159689735,64.8806963873093],[-147.81553546711152,64.87623066929109],[-147.8028277816786,64.87465893192983],[-147.79040092190456,64.87659366414013],[-147.78309809252823,64.88128090858055],[-147.7837690746081,64.88689347740443],[-147.79215645280956,64.89124237653797],[-147.80354847703327,64.89265146117074]]]}"
000000000000000002f7,-41.48636926889714,107.40458488228003,25.0,11553.534696406441,184.66666666666669,-239.01672862453532,423.6833952912019,109.51301115241635,-113.53965303593554,109.51301115241635,-181.62763320941755,406.42317224287484,80.0,11.0,65.87546468401487,208.11338289962825,42.905204460966544,208.11338289962825,57.90520446096654,0,760,Aedes communis,2018.46666666667,"{""type"":""Polygon"",""coordinates"":[[[-149.26434998214214,63.88834596730734],[-149.27647950307752,63.8865906810396],[-149.28387532653912,63.88200990060221],[-149.28365438223867,63.8763909525689],[-149.27590678971802,63.87192519661698],[-149.26365514891913,63.87035343814303],[-149.25167426676322,63.872288195767666],[-149.24463367271466,63.87697547639019],[-149.24528074482535,63.88258804123293],[-149.25336705851703,63.88693690181216],[-149.26434998214214,63.88834596730734]]]}"
000000000000000002fc,60.89610389610389,127.90082644628097,30.808736717827625,9663.394332939788,264.95985832349464,-144.68949232585595,409.6493506493506,181.02125147579696,-56.42502951593861,181.02125147579696,-69.4250295159386,1131.0059031877213,110.65289256198345,73.91263282172372,10.025974025974024,306.7272727272727,240.7319952774498,306.7272727272727,249.9303423848878,0,765,Aedes communis,2000.0,"{""type"":""Polygon"",""coordinates"":[[[-72.70514771621811,43.420545958066455],[-72.71249789957672,43.41879094385647],[-72.71698061638911,43.414210596393936],[-72.71684797249566,43.408591632568815],[-72.71215280988612,43.404125434418276],[-72.7047265343555,43.40255342979516],[-72.6974644561045,43.40448848371891],[-72.69319793796946,43.409176186109384],[-72.69359135710157,43.414788704463184],[-72.69849238585995,43.41913711562366],[-72.70514771621811,43.420545958066455]]]}"
00000000000000000302,37.0,122.92000000000002,27.92,10886.714594594596,252.43675675675678,-185.19135135135136,437.6281081081081,158.05405405405406,-94.56324324324324,170.0,-111.56324324324326,845.9621621621621,108.52108108108109,28.20756756756757,36.94162162162162,300.6010810810811,111.69837837837837,299.5210810810811,114.35675675675677,0,771,Aedes communis,2020.2750244140625,"{""type"":""Polygon"",""coordinates"":[[[-89.52094842178788,46.250848874214896],[-89.52866875654486,46.249093835552856],[-89.53337712296614,46.244513449170285],[-89.53323768184167,46.23889448675858],[-89.52830610322424,46.23442832835736],[-89.5205060417477,46.23285634586331],[-89.51287843469251,46.234791373149626],[-89.5083970659685,46.23947903762822],[-89.50881017380632,46.24509156016695],[-89.51395792831363,46.24944001172468],[-89.52094842178788,46.250848874214896]]]}"
00000000000000000318,-76.45652173913047,88.74223602484473,17.0,14143.451086956526,171.49844720496898,-328.0,499.49844720496907,93.9549689440994,-252.83229813664602,96.99301242236027,-260.83074534161494,414.6638198757764,61.0,14.0,44.0,164.38742236024845,47.26940993788821,155.39440993788824,51.0,0,793,Aedes communis,2009.38554216867,"{""type"":""Polygon"",""coordinates"":[[[-93.77884591750018,58.742347151184454],[-93.7891343358365,58.740591962596014],[-93.79540808998154,58.736011337599265],[-93.7952213065945,58.73039238387938],[-93.78864953779313,58.72592646917592],[-93.77825648531079,58.72435462234069],[-93.76809315633957,58.72628948632964],[-93.76212118406525,58.73097691837158],[-93.76267069723608,58.7365894665415],[-93.76953008011027,58.74093816577409],[-93.77884591750018,58.742347151184454]]]}"
00000000000000000326,39.96183206106871,120.14394765539805,26.777535441657584,11105.458015267177,254.18429661941113,-190.0381679389313,444.2224645583425,161.81025081788442,-113.12649945474372,174.1842966194111,-113.12649945474372,816.3555070883315,110.27808069792802,22.0,44.649945474372956,313.1417666303163,87.0,308.62922573609603,87.0,0,807,Aedes communis,2020.48837209302,"{""type"":""Polygon"",""coordinates"":[[[-90.04385382502231,45.80265125002988],[-90.05151181928302,45.80089621540377],[-90.05618218237218,45.796315835445036],[-90.05604388642585,45.790696872799955],[-90.0511521246343,45.78623070783803],[-90.0434150151146,45.78465872169157],[-90.03584896939702,45.786593753374405],[-90.03140378554494,45.79128142411044],[-90.03181357784963,45.79689394595852],[-90.0369197793699,45.801242390848586],[-90.04385382502231,45.80265125002988]]]}"
0000000000000000032f,71.50636132315523,123.37659033078883,43.49236641221375,5713.030534351145,235.00000000000003,-45.50254452926209,280.50254452926214,10.634860050890586,148.25318066157763,149.39312977099237,10.543256997455472,822.9427480916031,153.68956743002548,5.908396946564886,78.47964376590332,416.8040712468194,23.181933842239186,38.1819338422392,411.49109414758277,0,816,Aedes communis,2022.25,"{""type"":""Polygon"",""coordinates"":[[[-119.01084759246584,37.00464867113481],[-119.0175327493463,37.0028937048412],[-119.02161004672129,36.99831343364945],[-119.02148960326767,36.99269446705801],[-119.01721919662,36.98822819101145],[-119.01046449719118,36.98665614302087],[-119.00385915881338,36.98859124914726],[-118.9999786493998,36.99327902583245],[-119.00033668281289,36.99889153598166],[-119.00479442704408,37.00323986797699],[-119.01084759246584,37.00464867113481]]]}"
00000000000000000162,54.07926167209556,110.0,28.0,9490.163952225843,253.04885993485343,-135.30510314875139,388.35396308360487,-39.028230184581986,127.83604777415853,174.04885993485345,-71.73289902280132,1154.7676438653639,116.71009771986972,80.02931596091206,12.0,344.5222584147666,259.8121606948969,269.028230184582,327.29641693811084,0,355,Aedes communis,2002.0,"{""type"":""Polygon"",""coordinates"":[[[-64.8782481647425,46.134649159863145],[-64.88595219452138,46.13289412225375],[-64.89065062129355,46.12831373754666],[-64.89051147970329,46.12269477507408],[-64.8855903150584,46.11822861496169],[-64.87780671845853,46.11665663151503],[-64.87019521256916,46.118591659948045],[-64.8657233078934,46.1232793260587],[-64.86613554858008,46.1288918484173],[-64.87127243503481,46.133240298235975],[-64.8782481647425,46.134649159863145]]]}"
00000000000000000177,56.31739130434783,108.63913043478261,28.0,9355.372826086956,251.91086956521747,-129.24891304347827,381.15978260869565,-34.24891304347827,145.06195652173915,174.14782608695654,-67.21304347826087,1141.9402173913045,114.9413043478261,78.56847826086957,12.071739130434784,339.97826086956525,257.34456521739133,265.8652173913044,322.73478260869564,0,376,Aedes communis,2002.0,"{""type"":""Polygon"",""coordinates"":[[[-64.69564797660388,46.076551532237794],[-64.70334389185736,46.07479649515305],[-64.70803737194436,46.07021611128101],[-64.7078983794195,46.06459714877809],[-64.70298239751462,46.06013098781286],[-64.69520699502436,46.0585590038914],[-64.68760350223558,46.06049403289593],[-64.68313630754871,46.065181699820016],[-64.68354811667432,46.070794222088836],[-64.68867959440416,46.07514267104076],[-64.69564797660388,46.076551532237794]]]}"
00000000000000000179,57.0,103.0,26.0,9569.384364820848,247.82084690553748,-134.17915309446255,382.0,-39.783930510314875,-17.695982627578722,176.0,-71.76872964169381,1111.0879478827362,113.25190010857762,82.0,11.0,322.2519001085776,250.0,264.83604777415854,294.2519001085776,0,378,Aedes communis,2002.0,"{""type"":""Polygon"",""coordinates"":[[[-66.57144909855485,45.76944878358593],[-66.5791025332376,45.767693749256196],[-66.58377011676126,45.76311336976923],[-66.5836319045666,45.757494407107004],[-66.57874305497556,45.753028241663266],[-66.57101054976697,45.751456255248584],[-66.56344900665007,45.753391287254296],[-66.55900646935658,45.75807895844987],[-66.5594160191566,45.76369148024723],[-66.56451918149051,45.76803992464764],[-66.57144909855485,45.76944878358593]]]}"
00000000000000000181,52.50490730643401,106.0,27.0,9744.752453653215,246.89531079607409,-142.93129770992368,389.82660850599774,9.039258451472193,-22.71973827699018,173.80261723009812,-78.89967284623772,1107.6717557251907,112.58342420937836,80.25081788440566,11.0,319.2911668484187,243.95856052344598,266.6215921483097,286.83424209378404,0,386,Aedes communis,2002.0,"{""type"":""Polygon"",""coordinates"":[[[-66.73744805347147,45.8441521035343],[-66.74511175816463,45.8423970685372],[-66.74978560239097,45.837816687988024],[-66.74964720155248,45.83219772536439],[-66.74475179251044,45.82773156100549],[-66.73700891653644,45.826159575194765],[-66.72943723174691,45.828094606473485],[-66.72498873333507,45.832782276634354],[-66.72539882935219,45.83839479854591],[-66.7305088371599,45.84274324404886],[-66.73744805347147,45.8441521035343]]]}"
000000000000000001ed,55.31249999999999,109.0,28.0,9415.26293103448,252.0,-131.68749999999997,383.6874999999999,-36.47737068965517,155.45150862068962,174.0,-68.68749999999999,1153.8836206896551,116.68749999999999,79.0,12.477370689655169,343.85237068965506,258.68749999999994,267.6896551724137,327.06249999999994,0,494,Aedes communis,2002.0,"{""type"":""Polygon"",""coordinates"":[[[-64.72885044304783,46.12635077280267],[-64.73655331225442,46.1245957352683],[-64.74125103153177,46.12001535068059],[-64.74111191126164,46.11439638820366],[-64.73619148787317,46.10993022796934],[-64.72840906322776,46.108358244454806],[-64.72079870340421,46.11029327296952],[-64.71632747237015,46.11498093919648],[-64.71673965133338,46.12059346154224],[-64.72187576421051,46.124941911236995],[-64.72885044304783,46.12635077280267]]]}"
000000000000000002d0,54.04121475054229,109.14099783080259,28.0,9475.876355748373,252.88286334056394,-134.43275488069412,387.3156182212581,-38.530368763557476,128.70824295010846,173.94143167028196,-70.53036876355748,1157.5206073752709,117.05856832971799,79.99783080260303,12.0,345.11496746203903,259.11496746203903,268.9761388286334,328.0639913232103,0,721,Aedes communis,2002.0,"{""type"":""Polygon"",""coordinates"":[[[-64.7952509168347,46.15954878014557],[-64.80295843202478,46.15779374231101],[-64.80765898353316,46.15321335724548],[-64.80751977791434,46.14759439478592],[-64.8025963871407,46.1431282350396],[-64.79480927094754,46.14155625179672],[-64.7871943232131,46.143491279984424],[-64.78272039546803,46.14817894574594],[-64.78313282152111,46.153791468143076],[-64.78827203117083,46.15813991833378],[-64.7952509168347,46.15954878014557]]]}"
00000000000000000125,55.82613390928726,110.0,28.0,9434.701943844495,253.98272138228944,-132.3099352051836,386.29265658747306,-36.33585313174945,130.63822894168467,175.01187904967608,-68.37904967602591,1142.085313174946,115.4319654427646,78.97408207343413,12.025917926565874,340.2257019438445,256.87688984881214,266.10907127429806,323.2958963282938,0,294,Aedes communis,2004.0,"{""type"":""Polygon"",""coordinates"":[[[-64.80354930389517,46.126350772802674],[-64.81125217310175,46.1245957352683],[-64.81594989237912,46.12001535068059],[-64.81581077210897,46.11439638820366],[-64.8108903487205,46.10993022796935],[-64.80310792407509,46.108358244454806],[-64.79549756425153,46.11029327296953],[-64.79102633321747,46.11498093919648],[-64.79143851218073,46.12059346154224],[-64.79657462505784,46.124941911236995],[-64.80354930389517,46.126350772802674]]]}"
00000000000000000172,50.909978308026034,110.98590021691973,27.985900216919738,9602.288503253794,252.56832971800432,-140.87418655097613,393.44251626898046,-43.78416485900216,126.25596529284165,172.2700650759219,-76.08568329718005,1170.867678958785,118.0,82.0,12.0,349.0900216919739,263.7483731019523,273.5509761388286,330.090021691974,0,371,Aedes communis,2004.0,"{""type"":""Polygon"",""coordinates"":[[[-64.98615395113482,46.22594925393245],[-64.99387078353223,46.22419421549636],[-64.99857701488703,46.21961382947341],[-64.9984376381044,46.21399486704863],[-64.99350829644013,46.20952870828013],[-64.98571177166825,46.20795672558162],[-64.9780876231916,46.209891753114064],[-64.97360828737426,46.21457941794295],[-64.97402120894637,46.220191940443016],[-64.9791666289632,46.224540391627485],[-64.98615395113482,46.22594925393245]]]}"
000000000000000002e6,55.54406964091404,110.0,28.0,9435.550598476608,253.46354733405883,-132.52121871599567,385.9847660500544,-36.60174102285093,130.31447225244833,174.8171926006529,-68.84004352557128,1143.7660500544073,115.6822633297062,78.91947769314474,12.08052230685528,341.0467899891187,257.3449401523396,266.49075081610454,324.0467899891186,0,743,Aedes communis,2004.0,"{""type"":""Polygon"",""coordinates"":[[[-64.81185215005668,46.11804792664117],[-64.8195538585789,46.11629288918181],[-64.82425087029308,46.1117125047135],[-64.82411177134506,46.10609354223225],[-64.81919208928461,46.101627381875986],[-64.81141083670694,46.10005539829354],[-64.80380162305998,46.10199042689],[-64.79933106573264,46.10667809323327],[-64.79974318296644,46.11229061556619],[-64.80487852219119,46.116639065137],[-64.81185215005668,46.11804792664117]]]}"
00000000000000000163,-27.204566210045673,103.0,22.0,12391.044748858449,187.0,-277.9543378995434,464.9543378995434,111.01826484018265,-131.0,117.0,-197.36255707762558,646.0365296803654,89.0,20.0,43.981735159817354,246.0182648401826,76.01826484018265,220.0182648401827,92.0,0,356,Aedes communis,2007.0,"{""type"":""Polygon"",""coordinates"":[[[-78.32424823590951,53.015349763302815],[-78.33312219549423,53.01359465421937],[-78.33853379466976,53.00901415575351],[-78.33837312886551,53.003395197418925],[-78.3327047393937,52.998929153489044],[-78.3237397932234,52.99735723472004],[-78.31497303190352,52.9992921852984],[-78.30982205658768,53.00397974059614],[-78.31029648442913,53.00959227518011],[-78.31621316170069,53.013940843076334],[-78.32424823590951,53.015349763302815]]]}"
00000000000000000251,-30.0,100.0,21.0,12333.609403254974,182.31193490054252,-279.0,461.31193490054255,108.3119349005425,-135.02893309222426,112.35623869801086,-198.43490054249548,615.5759493670887,83.43580470162749,19.0,44.0,234.43580470162752,71.0,211.96835443037978,88.0,0,594,Aedes communis,2007.0,"{""type"":""Polygon"",""coordinates"":[[[-78.49855003698765,53.46355184658888],[-78.5075174057097,53.46179673207323],[-78.51298594329677,53.45721622496175],[-78.51282355601423,53.45159726694207],[-78.50709550762636,53.44713123184199],[-78.49803624550722,53.44555931798828],[-78.48917725134295,53.44749426264993],[-78.48397205812938,53.45218180952589],[-78.48445144798787,53.45779434503856],[-78.49043038285129,53.46214292190868],[-78.49855003698765,53.46355184658888]]]}"
0000000000000000028d,-31.023614895549507,98.78019981834699,21.0,12647.776566757497,184.7665758401454,-277.75930971843786,462.52588555858335,110.47229791099005,-135.24432334241604,117.7974568574024,-204.3360581289737,711.326067211626,103.23342415985469,25.0,43.0,280.1235240690283,89.56039963669394,249.12352406902824,102.65667574931884,0,654,Aedes communis,2007.0,"{""type"":""Polygon"",""coordinates"":[[[-76.58125252063331,53.2394463458448],[-76.59017287109997,53.23769123405952],[-76.59561274831789,53.23311073129357],[-76.59545122761236,53.227491773115595],[-76.58975320901469,53.22302573357742],[-76.5807414215064,53.221453817253156],[-76.57192885341097,53.223388764888696],[-76.56675095121649,53.22807631599767],[-76.56722784346287,53.23368885104355],[-76.5731754404992,53.23803742340315],[-76.58125252063331,53.2394463458448]]]}"
00000000000000000211,-30.850119904076738,110.68225419664269,22.0,14076.508992805757,221.39988009592327,-268.7583932853717,490.15827338129486,145.06115107913666,-106.82494004796163,145.06115107913666,-210.60851318944842,303.53177458033576,55.0,8.0,59.33932853717027,148.80815347721824,31.0,148.80815347721824,45.84712230215827,0,530,Aedes communis,2008.0,"{""type"":""Polygon"",""coordinates"":[[[-148.07745321834224,64.76814444155643],[-148.08997650047178,64.76638913493454],[-148.09761228301463,64.76180832210889],[-148.09738400782047,64.75618937526286],[-148.08938494530636,64.75172365238903],[-148.07673584534282,64.75015191232532],[-148.06436627782645,64.7520866477887],[-148.05709713691365,64.75677389686052],[-148.05776504804223,64.76238646517487],[-148.0661137499563,64.76673535937334],[-148.07745321834224,64.76814444155643]]]}"
00000000000000000288,-29.49220623501199,112.0,22.0,14086.253597122302,223.0,-269.1348920863309,492.1348920863309,146.29856115107916,-105.22182254196645,146.29856115107916,-209.62649880095927,304.02338129496405,55.0,8.0,58.97362110311751,147.9736211031175,31.0,147.9736211031175,46.13489208633094,0,649,Aedes communis,2008.0,"{""type"":""Polygon"",""coordinates"":[[[-148.09404999246317,64.75984605449597],[-148.10656942724867,64.75809074807225],[-148.1142028652457,64.75350993556191],[-148.1139746617225,64.74789098870433],[-148.1059780562491,64.74342526550845],[-148.09333283968988,64.74185352526551],[-148.08096706985543,64.74378826094463],[-148.07370016201466,64.74847551032363],[-148.0743678695752,64.75408807860418],[-148.08271400779012,64.75843697247537],[-148.09404999246317,64.75984605449597]]]}"
00000000000000000331,-29.58812949640288,112.0,22.0,14081.437649880094,223.0,-269.03237410071944,492.03237410071944,146.1456834532374,-105.42925659472422,146.1456834532374,-209.55335731414868,303.8231414868106,55.0,8.0,59.0,148.0,31.0,148.0,46.03237410071942,0,818,Aedes communis,2008.0,"{""type"":""Polygon"",""coordinates"":[[[-148.10234837952362,64.75984605449597],[-148.11486781430912,64.75809074807225],[-148.12250125230617,64.75350993556191],[-148.12227304878297,64.74789098870433],[-148.1142764433096,64.74342526550845],[-148.10163122675036,64.74185352526551],[-148.08926545691588,64.74378826094464],[-148.0819985490751,64.74847551032364],[-148.0826662566357,64.75408807860418],[-148.09101239485057,64.75843697247537],[-148.10234837952362,64.75984605449597]]]}"
000000000000000001b7,11.339670468948034,157.19391634980985,40.854245880861846,7691.177439797212,214.46387832699617,-164.7617237008872,379.2256020278833,-5.342205323193917,22.339670468948036,111.3637515842839,-84.08238276299113,580.531051964512,57.875792141951834,35.43219264892269,13.145754119138148,163.47528517110268,123.60202788339672,152.55640050697085,140.89733840304183,0,440,Aedes communis,2009.0,"{""type"":""Polygon"",""coordinates"":[[[-105.88024865701112,39.90134760196906],[-105.88720774362451,39.89959261515878],[-105.8914520376998,39.89501231130919],[-105.89132657021109,39.889393345901674],[-105.88688120281572,39.88492710320887],[-105.8798498734164,39.88335507378775],[-105.87297401637184,39.88529015756157],[-105.86893450676267,39.8899779024351],[-105.86930711733768,39.89559041609794],[-105.87394745507953,39.89993878199034],[-105.88024865701112,39.90134760196906]]]}"
00000000000000000201,12.388613861386139,157.92450495049505,40.96039603960396,7700.487623762376,215.5136138613861,-164.60024752475243,380.1138613861386,-4.126237623762375,23.350247524752472,112.28836633663366,-83.29207920792076,578.8613861386139,57.634900990099005,35.257425742574256,13.044554455445542,163.05816831683168,123.44306930693068,151.87871287128712,140.48143564356437,0,514,Aedes communis,2009.0,"{""type"":""Polygon"",""coordinates"":[[[-105.87195026995066,39.90965044813058],[-105.87891019992654,39.907895461259045],[-105.88315500814163,39.90331515731195],[-105.88302952518266,39.897696191907976],[-105.87858361912666,39.893229949314744],[-105.87155143805572,39.89165791994906],[-105.86467474815444,39.89359300365616],[-105.86063474902288,39.89828074843472],[-105.86100740447476,39.90389326210805],[-105.86564830437538,39.90824162810164],[-105.87195026995066,39.90965044813058]]]}"
00000000000000000230,-2.241472172351885,122.0,24.961400359066428,12845.486535008979,230.5152603231598,-257.52333931777383,488.03859964093374,151.61400359066428,-155.12028725314187,151.61400359066428,-175.59694793536806,459.7145421903053,78.0,16.0,53.044883303411126,211.23159784560144,59.52333931777379,211.23159784560144,61.02872531418315,0,561,Aedes communis,2010.0,"{""type"":""Polygon"",""coordinates"":[[[-106.07115169131124,53.911745011672835],[-106.08021501515329,53.909989891609165],[-106.08574204268392,53.905409375667816],[-106.08557788652732,53.89979041796982],[-106.07978855326657,53.89532439188772],[-106.07063240529828,53.89375248305402],[-106.0616786651194,53.89568742167292],[-106.05641777626849,53.900374959947584],[-106.05690226288961,53.90598749640869],[-106.06294515189899,53.91033608244399],[-106.07115169131124,53.911745011672835]]]}"
00000000000000000268,-76.0,89.0,17.0,14085.059052059056,171.16394716394717,-327.0,498.1639471639472,93.16394716394717,-251.0,97.0,-259.9922299922301,420.00155400155404,62.0,15.0,43.0,166.00155400155398,49.0,158.0,52.0,0,617,Aedes communis,2010.0,"{""type"":""Polygon"",""coordinates"":[[[-93.78714876366169,58.64274867005469],[-93.79740781963187,58.64099348306741],[-93.80366367745656,58.63641286061876],[-93.80347743734312,58.63079390680582],[-93.79692442126573,58.62632798949997],[-93.78656101259539,58.62475614121619],[-93.77642667284425,58.626691006948825],[-93.77047174333744,58.63137844147293],[-93.77101969899773,58.636990989369394],[-93.77785951332694,58.64133968595708],[-93.78714876366169,58.64274867005469]]]}"
00000000000000000145,26.357206012378427,128.2157382847038,32.0,8820.906277630416,221.05216622458008,-173.26348364279403,394.3156498673741,134.44562334217508,-21.968169761273217,134.44562334217508,-91.36162687886828,488.56145004420864,71.39345711759505,22.458885941644564,43.0053050397878,205.3483642793988,70.526967285588,205.3483642793988,87.28381962864722,0,326,Aedes communis,2012.0,"{""type"":""Polygon"",""coordinates"":[[[-117.94844893007811,53.19794995144143],[-117.95736064340315,53.19619484015859],[-117.96279525576898,53.19161433819228],[-117.9626338942391,53.18599537998519],[-117.95694139204564,53.18152933963033],[-117.94793832553148,53.17995742285144],[-117.93913428581423,53.18189237103423],[-117.933961396916,53.18657992292214],[-117.93443783034378,53.19219245788213],[-117.94037967068648,53.19654102941172],[-117.94844893007811,53.19794995144143]]]}"
00000000000000000158,19.05044247787611,125.5557522123894,32.0,8625.617699115044,210.2469026548673,-173.66637168141594,383.9132743362832,125.07876106194692,-29.752212389380535,125.07876106194692,-95.4194690265487,499.71858407079657,74.49469026548672,22.686725663716818,44.05044247787611,212.00530973451328,72.49911504424782,212.00530973451328,87.33893805309735,0,345,Aedes communis,2012.0,"{""type"":""Polygon"",""coordinates"":[[[-117.90695253567475,53.19794995144142],[-117.91586424899975,53.19619484015859],[-117.92129886136564,53.191614338192274],[-117.92113749983571,53.18599537998518],[-117.91544499764224,53.18152933963033],[-117.90644193112809,53.17995742285143],[-117.89763789141087,53.18189237103422],[-117.89246500251264,53.186579922922135],[-117.8929414359404,53.19219245788213],[-117.89888327628312,53.19654102941171],[-117.90695253567475,53.19794995144142]]]}"
0000000000000000015c,4.134928229665071,122.1837320574163,31.938755980861245,8231.747368421054,202.26507177033497,-176.59712918660293,378.8622009569378,107.55119617224882,-45.26028708133971,107.55119617224882,-101.66794258373206,600.9885167464115,75.28516746411485,31.34736842105263,24.573205741626797,196.7129186602871,106.90813397129186,196.7129186602871,140.99043062200957,0,349,Aedes communis,2012.0,"{""type"":""Polygon"",""coordinates"":[[[-116.15564505603497,51.413448923559756],[-116.16420466581388,51.41169383300632],[-116.16942464737728,51.407113364032135],[-116.16926977155853,51.4014944046238],[-116.16380215310531,51.39702833057391],[-116.15515461399546,51.39545639503782],[-116.14669824913322,51.3973913657993],[-116.14172973358639,51.402078949825146],[-116.14218745926537,51.40769148124069],[-116.14789461857175,51.412040018525445],[-116.15564505603497,51.413448923559756]]]}"
00000000000000000186,5.57511961722488,123.35885167464114,32.0,8238.485167464114,204.26889952153107,-175.4095693779904,379.6784688995215,92.75693779904304,-44.05454545454545,109.20765550239234,-100.53779904306218,586.1999999999999,74.64114832535884,30.081339712918655,25.18851674641148,193.39234449760764,103.86889952153108,193.3894736842105,135.47081339712918,0,391,Aedes communis,2012.0,"{""type"":""Polygon"",""coordinates"":[[[-116.06434496196565,51.35535129593441],[-116.07289371289049,51.35359620602846],[-116.07810707516794,51.349015738084844],[-116.0779523992676,51.343396778638976],[-116.07249171624235,51.33893070353659],[-116.06385514174735,51.33735876741459],[-116.05540949931766,51.33929373888135],[-116.05044728664161,51.343981323911066],[-116.0509044352687,51.349593855215886],[-116.05660435694969,51.353942391430955],[-116.06434496196565,51.35535129593441]]]}"
00000000000000000197,17.0,125.01835664335664,28.0,11052.687937062938,230.01835664335667,-205.0,435.01835664335664,149.01835664335667,-50.13636363636363,149.01835664335667,-132.40472027972027,451.9816433566433,87.0,15.981643356643357,68.0,236.0,52.98164335664335,236.0,57.98164335664336,0,408,Aedes communis,2012.0,"{""type"":""Polygon"",""coordinates"":[[[-112.81905580627826,53.67104719590887],[-112.82806727599332,53.66929207883938],[-112.83356269562047,53.66471156766338],[-112.83339949542298,53.65909260979177],[-112.82764328047952,53.65462657884281],[-112.81853948950325,53.65305466729988],[-112.80963694995621,53.654989609179964],[-112.80440615901153,53.659677152096606],[-112.80488789140635,53.66528968804587],[-112.81089621965323,53.669638269134865],[-112.81905580627826,53.67104719590887]]]}"
00000000000000000216,-27.710861423220972,113.26441947565543,21.0,14318.700374531832,224.3310861423221,-301.12958801498127,525.4606741573033,145.2441947565543,-118.15880149812735,145.2441947565543,-221.22247191011232,356.85393258426967,56.92659176029962,15.0,43.77977528089888,146.0194756554307,46.0,146.0194756554307,55.43445692883895,0,535,Aedes communis,2012.0,"{""type"":""Polygon"",""coordinates"":[[[-112.01394727467441,59.80475027267319],[-112.02456172463222,59.80299506641481],[-112.03103419191528,59.798414413298055],[-112.0308413729618,59.792795460605475],[-112.02406137990168,59.788329574621024],[-112.0133391760942,59.78675774377144],[-112.00285396388544,59.788692588517804],[-111.99669275366695,59.79337999316737],[-111.99725955762594,59.7989925443549],[-112.00433622183742,59.80334127277572],[-112.01394727467441,59.80475027267319]]]}"
00000000000000000248,26.385155466399194,132.11735205616847,35.985957873620855,7744.318956870611,224.2547642928786,-141.58475426278838,365.839518555667,63.98094282848545,-19.199598796389168,126.26880641925776,-71.36810431293881,587.5907723169508,80.69408224674022,34.54764292878636,26.452357071213637,196.6018054162487,117.69207622868605,175.66900702106318,125.27883650952857,0,585,Aedes communis,2012.0,"{""type"":""Polygon"",""coordinates"":[[[-113.78185152843514,49.07284894420181],[-113.79000085018411,49.07109387850867],[-113.79497072703411,49.066513449102196],[-113.79482340081178,49.06089448825433],[-113.7896178297482,49.05642837379372],[-113.7813845815471,49.05485641576148],[-113.77333335663761,49.05679141360233],[-113.7686029873857,49.061479036171285],[-113.76903890560193,49.06709156333483],[-113.77447259737752,49.07144005954968],[-113.78185152843514,49.07284894420181]]]}"
000000000000000002a7,7.889952153110047,125.29282296650717,32.0,8256.423923444978,207.51196172248802,-173.79043062200958,381.3023923444976,91.28229665071771,-42.38947368421052,111.83923444976075,-98.41435406698567,567.7110047846891,73.84688995215312,28.695693779904307,25.91196172248804,190.17416267942582,101.01052631578949,188.08708133971297,128.3952153110048,0,680,Aedes communis,2012.0,"{""type"":""Polygon"",""coordinates"":[[[-115.93985131965448,51.288946363046506],[-115.94838770345949,51.28719127387863],[-115.95359352704381,51.28261080710972],[-115.95343907882284,51.2769918476211],[-115.94798629453976,51.272525771318975],[-115.93936220762741,51.27095383452911],[-115.93092877695896,51.27288880679981],[-115.92597374260613,51.27757639297381],[-115.92643023402269,51.28318892415241],[-115.93212191278614,51.287537459148176],[-115.93985131965448,51.288946363046506]]]}"
000000000000000001b8,50.0,106.0,26.0,9860.833869239012,255.0,-145.64308681672026,400.6430868167202,-47.83172561629153,127.42336548767416,175.0,-79.96570203644157,1149.1468381564844,119.0,81.38049303322614,13.0,346.04715969989275,257.3804930332261,267.0,324.67202572347264,0,441,Aedes communis,2013.0,"{""type"":""Polygon"",""coordinates"":[[[-64.95295148469087,46.815250671852695],[-64.9607524673247,46.81349562801351],[-64.96550999721458,46.80891523339066],[-64.96536907435963,46.80329627127835],[-64.96038598607088,46.798830121292994],[-64.95250448611249,46.79725814348413],[-64.94479723954933,46.799193165130745],[-64.94026905965033,46.803880821582474],[-64.94068645642157,46.8094933450071],[-64.94588796649259,46.81384180511792],[-64.95295148469087,46.815250671852695]]]}"
000000000000000001cf,50.006423982869386,105.97965738758033,26.0,9862.844753747326,255.0,-145.76552462526772,400.76552462526774,-47.81584582441114,127.60706638115633,175.00642398286936,-79.99357601713065,1148.3297644539616,118.89400428265525,81.26231263383299,13.0,345.89400428265526,257.26231263383306,266.9935760171307,324.08672376873665,0,464,Aedes communis,2013.0,"{""type"":""Polygon"",""coordinates"":[[[-64.95295148469087,46.82354905891315],[-64.96075367132724,46.821794014997046],[-64.96551193518306,46.81721362025175],[-64.96537099020499,46.81159465814388],[-64.96038713292229,46.807128508283576],[-64.95250441716196,46.80555653054434],[-64.94479598165377,46.80749155210716],[-64.94026710290488,46.81217920843961],[-64.9406845637039,46.8177917318774],[-64.94588687629701,46.822140192115306],[-64.95295148469087,46.82354905891315]]]}"
00000000000000000180,-75.45327102803739,89.0,17.0,14132.58489096573,172.0,-327.0,499.0,94.54672897196262,-251.0,97.54672897196264,-260.0,412.0,61.0,14.0,45.0,165.0,46.0,156.0,50.0,0,385,Aedes communis,2014.0,"{""type"":""Polygon"",""coordinates"":[[[-93.46344924088889,58.72575037706352],[-93.47373275255022,58.72399518874254],[-93.4800035160866,58.719414564171416],[-93.47981682348804,58.71379561043599],[-93.47324818840882,58.709329695297846],[-93.46286008962764,58.707757848220666],[-93.45270160497061,58.70969271250085],[-93.44673248067225,58.714380144957396],[-93.44728173357471,58.71999269308165],[-93.45413784639848,58.72434139187246],[-93.46344924088889,58.72575037706352]]]}"
0000000000000000018c,-75.64859002169197,89.0,17.0,14130.855748373102,172.0,-327.0,499.0,94.35140997830803,-251.0,97.35140997830803,-260.0,412.0,61.0,14.0,45.0,165.0,46.0,156.0,50.0,0,397,Aedes communis,2014.0,"{""type"":""Polygon"",""coordinates"":[[[-93.4551463947274,58.734048764123976],[-93.46543235903317,58.732293575669324],[-93.4717046174516,58.72771295088542],[-93.47151787947179,58.722093997157764],[-93.46494767797408,58.7176280822369],[-93.45455710304172,58.71605623528067],[-93.44439619691157,58.71799109941528],[-93.43842564902747,58.72267853166458],[-93.43897503202751,58.728291079811655],[-93.44583277941476,58.73263977882329],[-93.4551463947274,58.734048764123976]]]}"
00000000000000000198,-75.82604055496265,89.0,17.0,14123.778014941301,172.0,-327.0,499.0,94.17395944503735,-251.0,97.17395944503734,-260.0,412.0,61.0,14.0,45.0,165.0,46.0,156.0,50.0,0,409,Aedes communis,2014.0,"{""type"":""Polygon"",""coordinates"":[[[-93.46344924088889,58.734048764123976],[-93.47373520519467,58.73229357566931],[-93.4800074636131,58.72771295088542],[-93.4798207256333,58.722093997157764],[-93.4732505241356,58.7176280822369],[-93.46285994920324,58.71605623528067],[-93.45269904307308,58.71799109941528],[-93.44672849518898,58.72267853166456],[-93.44727787818903,58.728291079811655],[-93.45413562557627,58.73263977882329],[-93.46344924088889,58.734048764123976]]]}"
000000000000000001b3,-75.03241895261846,89.0,17.0,14148.749792186198,172.0,-327.0,499.0,94.96758104738154,-251.0,97.96758104738154,-260.0,412.0,61.0,14.0,45.0,165.0,46.0,156.0,50.0,0,436,Aedes communis,2014.0,"{""type"":""Polygon"",""coordinates"":[[[-93.44685246676796,58.72575037706352],[-93.45713597842929,58.72399518874254],[-93.46340674196567,58.7194145641714],[-93.46322004936711,58.71379561043599],[-93.45665141428789,58.709329695297846],[-93.44626331550671,58.707757848220666],[-93.43610483084967,58.70969271250085],[-93.43013570655133,58.714380144957396],[-93.43068495945379,58.71999269308165],[-93.43754107227755,58.72434139187246],[-93.44685246676796,58.72575037706352]]]}"
000000000000000001eb,17.166827386692383,122.60173577627774,32.0,8260.87174541948,218.87174541947928,-161.81485053037608,380.6865959498554,100.62391513982644,-30.794599807135967,120.41465766634522,-89.16875602700097,580.4638379942141,67.01832208293155,29.398264223722272,20.7367405978785,171.4165863066538,107.19479267116682,169.23529411764707,155.75699132111862,0,492,Aedes communis,2014.0,"{""type"":""Polygon"",""coordinates"":[[[-116.05605103400623,50.89054797942638],[-116.06451420296412,50.88879289464226],[-116.06967539644151,50.884212434850454],[-116.06952229595234,50.878593475107934],[-116.06411627321972,50.874127391680034],[-116.05556611457348,50.87255545092338],[-116.04720497925916,50.87449042796904],[-116.04229244146126,50.87917802093949],[-116.04274504194612,50.884790551368404],[-116.04838792152218,50.88913907912215],[-116.05605103400623,50.89054797942638]]]}"
00000000000000000224,-116.5458762886598,95.0,19.0,14425.27319587629,151.39587628865976,-342.86443298969067,494.26030927835046,74.77010309278353,-235.65103092783502,76.3474226804124,-282.7917525773195,187.75257731958766,40.0,6.0,66.78659793814434,93.78659793814435,21.0,93.7077319587629,22.901030927835055,0,549,Aedes communis,2014.0,"{""type"":""Polygon"",""coordinates"":[[[-140.3667489221173,68.43674943755059],[-140.3812740329038,68.43499402935845],[-140.39012962105673,68.43041305492069],[-140.38986393990822,68.42479411401163],[-140.3805864729613,68.42032855619158],[-140.36591697429097,68.41875690798624],[-140.3515715992357,68.42069153287503],[-140.34314056764552,68.4253786245126],[-140.34391427744947,68.43099121013736],[-140.3535968235425,68.43534027209213],[-140.3667489221173,68.43674943755059]]]}"
000000000000000002de,58.60337078651686,105.99325842696632,27.0,9738.852808988768,252.60337078651688,-128.2280898876405,380.83146067415737,-39.14606741573034,-19.211235955056182,178.18426966292137,-70.88426966292135,959.8426966292136,107.54494382022472,64.89887640449439,16.348314606741575,291.8943820224719,199.1921348314607,223.69325842696628,266.3494382022472,0,735,Aedes communis,2014.0,"{""type"":""Polygon"",""coordinates"":[[[-79.98425116237897,44.83155268171149],[-79.99177903743129,44.82979765561155],[-79.99637007823019,44.82521728922378],[-79.99623417201018,44.8195983260858],[-79.99142551738971,44.81513214726374],[-79.98381980422892,44.81356015340117],[-79.97638225226947,44.815495194372126],[-79.97201259475635,44.82018287832761],[-79.97241546621015,44.82579539871652],[-79.97743493652527,44.83014382952053],[-79.98425116237897,44.83155268171149]]]}"
000000000000000002e4,-29.516059957173447,135.5353319057816,29.0,11438.725910064239,197.85938615274807,-265.0264097073519,462.8857958600999,95.22912205567451,-21.816559600285512,109.02069950035687,-182.94289793004995,343.43040685224844,41.99072091363312,11.0,34.159172019985725,116.20913633119201,42.1891506067095,111.8344039971449,84.34832262669522,0,741,Aedes communis,2014.0,"{""type"":""Polygon"",""coordinates"":[[[-137.42854913777865,60.72604960042672],[-137.4394666480987,60.72429437790806],[-137.44612382334284,60.71971369891512],[-137.44592538877197,60.71409474716842],[-137.43895184369717,60.709628887611345],[-137.42792368854472,60.70805707147159],[-137.41713928045974,60.70999189851112],[-137.41080216587608,60.714679277954],[-137.4113850367774,60.72029183191781],[-137.41866366934622,60.72464058719786],[-137.42854913777865,60.72604960042672]]]}"
000000000000000002ee,13.010144927536235,92.67101449275363,29.0,8048.1717391304355,169.05,-144.77318840579713,313.8231884057972,72.11666666666667,9.232608695652175,114.36159420289856,-89.02318840579711,517.323188405797,88.95434782608696,20.965217391304353,47.30072463768117,227.55579710144931,70.07101449275363,144.56956521739136,101.73115942028986,0,751,Aedes communis,2014.0,"{""type"":""Polygon"",""coordinates"":[[[-151.0737461712052,60.47704893850123],[-151.08457980211824,60.475293720468194],[-151.09118585531974,60.47071304861349],[-151.09098897552187,60.4650940966058],[-151.08406900059504,60.46062822975843],[-151.07312552413748,60.45905640956084],[-151.06242392505658,60.46099124148497],[-151.0561354962912,60.4656786278814],[-151.05671392081172,60.47129118107941],[-151.06393665405437,60.475639928950024],[-151.0737461712052,60.47704893850123]]]}"
00000000000000000133,-34.61641896673744,119.91578202406228,27.0,11272.203113941967,179.87331917905166,-259.16631280962486,439.0396319886766,102.11889596602975,-98.82802547770702,102.11889596602975,-187.61217268223638,354.29723991507433,56.45718329794763,13.0,42.94267515923567,145.91861288039632,46.17551309271054,145.91861288039632,64.12526539278132,0,308,Aedes communis,2017.0,"{""type"":""Polygon"",""coordinates"":[[[-138.20874913089796,61.01654665675554],[-138.2197664211038,61.01479142891503],[-138.2264844088401,61.01021074145312],[-138.22628412425559,61.004591790016114],[-138.21924685421607,61.00012593910841],[-138.2081179692359,60.99855412778296],[-138.197235055388,61.00048894902729],[-138.1908400259689,61.00517632022032],[-138.19142818558288,61.01078887509266],[-138.19877331357057,61.01513763916345],[-138.20874913089796,61.01654665675554]]]}"
0000000000000000016d,-27.0,116.0,26.0,11291.3408929837,183.98440822111982,-250.0297661233168,434.01417434443664,109.64138908575484,-90.86534372785262,109.64138908575484,-181.7675407512403,392.68391211906453,60.993621545003556,14.990077958894403,41.761871013465644,157.28703047484058,51.156626506024104,157.28703047484058,69.85896527285614,0,366,Aedes communis,2017.0,"{""type"":""Polygon"",""coordinates"":[[[-138.41624893931902,61.03314788997751],[-138.42727199542432,61.03139266182995],[-138.43399349726866,61.02681197387936],[-138.43379310576188,61.02119302246023],[-138.42675215330382,61.01672717205159],[-138.41561744755933,61.015155361003934],[-138.40472884146558,61.017090181913886],[-138.39833046537012,61.021777552630894],[-138.3989189305807,61.027390107555654],[-138.4062679010726,61.031738872133666],[-138.41624893931902,61.03314788997751]]]}"
00000000000000000241,-14.979411764705885,113.0,24.75220588235294,11196.117647058823,200.08455882352945,-251.6713235294118,451.7558823529413,108.02058823529413,-76.12720588235294,121.17647058823529,-165.90588235294118,353.02058823529416,46.05073529411765,12.0,33.0,128.52720588235294,52.0,116.05073529411764,75.9529411764706,0,578,Aedes communis,2019.0,"{""type"":""Polygon"",""coordinates"":[[[-132.76394595318365,60.18655188217238],[-132.77468359469555,60.184796669286264],[-132.78123114476602,60.18021600562224],[-132.78103604372777,60.17459705331514],[-132.77417737320155,60.17013117810262],[-132.76333080164005,60.16855935324889],[-132.75272396778172,60.1704941907778],[-132.74649125383198,60.175181585153005],[-132.7470645895225,60.18079413747223],[-132.75422335267746,60.185142876841],[-132.76394595318365,60.18655188217238]]]}"
000000000000000002a1,-28.01322556943424,121.98677443056576,23.0,13911.9015429831,215.63703159441587,-306.23732549595877,521.8743570903745,136.68258633357823,-95.01322556943423,136.68258633357823,-218.0345334313005,433.78177810433505,60.01322556943423,15.0,33.01322556943424,156.78177810433502,62.0,156.78177810433502,93.0,0,674,Aedes communis,2019.0,"{""type"":""Polygon"",""coordinates"":[[[-128.81315120612322,60.10355017516355],[-128.82386178323836,60.10179496373134],[-128.8303928381609,60.09721430238098],[-128.8301982385545,60.09159534998933],[-128.82335685294595,60.08712947241383],[-128.81253760406295,60.08555764624482],[-128.8019574895888,60.08749248535699],[-128.79574048454597,60.09217988198603],[-128.79631238533318,60.097792434057],[-128.8034531119293,60.102141171024186],[-128.81315120612322,60.10355017516355]]]}"
000000000000000002d5,-20.708394698085417,116.28350515463916,26.0,10970.61119293078,191.4764359351988,-247.44624447717223,438.9226804123711,99.4742268041237,-15.72827687776141,112.73932253313693,-168.1045655375552,430.2533136966126,52.00294550810014,16.42488954344624,28.99926362297496,146.00294550810014,69.42488954344626,129.0029455081001,100.0,0,726,Aedes communis,2019.0,"{""type"":""Polygon"",""coordinates"":[[[-132.05015089295225,59.97074922758984],[-132.06081849664804,59.96899401846863],[-132.06732336015727,59.96441336079604],[-132.06712955665117,59.958794408269945],[-132.06031561642055,59.95432852693838],[-132.0495397512031,59.952756698678684],[-132.03900206246263,59.9546915403075],[-132.03281000035972,59.959378940519095],[-132.03337962268884,59.96499149219548],[-132.0404917103942,59.969340225345206],[-132.05015089295225,59.97074922758984]]]}"
0000000000000000018e,-18.338108882521492,113.98280802292265,25.012177650429805,11204.91189111748,200.37034383954153,-240.9756446991404,441.3459885386819,109.2521489971347,-63.29584527220631,118.55587392550144,-168.81160458452723,276.2664756446992,40.0,8.79297994269341,39.98065902578797,108.85386819484239,36.84383954154728,108.18982808022923,56.05659025787966,0,399,Aedes communis,2020.0,"{""type"":""Polygon"",""coordinates"":[[[-135.3286514332857,60.8837457091818],[-135.33962284867033,60.88199048378622],[-135.34631287730008,60.87740980021503],[-135.3461134433474,60.871790848635726],[-135.33910547149335,60.86732499375442],[-135.32802289796356,60.865753180217254],[-135.31718527303644,60.86768800412394],[-135.31081687054882,60.87237537910703],[-135.31140259869608,60.877987933561975],[-135.3187171547877,60.882336693594226],[-135.3286514332857,60.8837457091818]]]}"
00000000000000000274,-117.67314578005116,115.0915601023018,22.0,14521.79130434783,162.1989769820972,-353.7698209718671,515.9687979539642,77.07774936061382,-233.8378516624041,77.07774936061382,-290.5196930946292,228.70179028132992,46.0,8.0,62.0,116.0,27.0,116.0,32.0,0,629,Aedes communis,2020.0,"{""type"":""Polygon"",""coordinates"":[[[-149.5133506440676,68.58614715924523],[-149.52797227089644,68.58439174622046],[-149.53688666585302,68.57981076409375],[-149.53661917542323,68.57419182346767],[-149.5272800730485,68.5697262735003],[-149.5125131727458,68.568154629665],[-149.49807254539476,68.57008924929332],[-149.48958549493247,68.57477633344067],[-149.4903642996009,68.58038891988849],[-149.50011115124823,68.58473798982457],[-149.5133506440676,68.58614715924523]]]}"
00000000000000000170,37.10064935064935,122.97186147186147,27.971861471861473,10880.874458874456,252.68073593073598,-184.63852813852816,437.319264069264,158.32575757575756,-94.31926406926407,169.96861471861467,-111.31926406926408,850.2218614718615,108.08225108225106,28.873376623376625,36.18073593073593,299.9383116883117,113.92424242424242,298.93831168831167,116.7435064935065,0,369,Aedes communis,2021.0,"{""type"":""Polygon"",""coordinates"":[[[-89.52925126794939,46.26745010743687],[-89.53697394039945,46.26569506862407],[-89.54168373189694,46.26111468200156],[-89.54154424782641,46.25549571959858],[-89.53661117612707,46.25102956144241],[-89.5288087540339,46.249457579084805],[-89.5211788385083,46.25139260620689],[-89.51669611289569,46.25608027045175],[-89.51710934505857,46.261692793016266],[-89.52225865775011,46.266041244823064],[-89.52925126794939,46.26745010743687]]]}"
000000000000000001b6,71.56258064516129,122.64129032258064,43.07354838709678,5705.781935483871,235.07225806451612,-44.90064516129031,279.9729032258064,11.14064516129032,148.6658064516129,149.80129032258063,10.754838709677417,838.6709677419354,156.8748387096774,5.584516129032258,78.46451612903226,425.75354838709677,22.374193548387094,37.85032258064516,422.8387096774193,0,439,Aedes communis,2021.0,"{""type"":""Polygon"",""coordinates"":[[[-119.01915043862736,36.97974905085238],[-119.02583340737182,36.977994084728195],[-119.02990937078188,36.97341381380615],[-119.02978896745492,36.96779484720493],[-119.02551995838564,36.96332857088292],[-119.01876746867072,36.96175652273899],[-119.01216429118953,36.96369162904997],[-119.0082850518614,36.96837940599787],[-119.00864296882754,36.97399191611807],[-119.01309925450778,36.978340247833465],[-119.01915043862736,36.97974905085238]]]}"
000000000000000001e3,-118.7201435161456,116.0,22.0,14487.795489492573,160.37057919015896,-354.6586365966172,515.0292157867761,75.49974372116864,-235.61301896463354,75.49974372116864,-290.82880574064586,225.9543823680164,45.0,8.0,64.95438236801641,114.95233213736546,27.0,114.95233213736546,31.0,0,484,Aedes communis,2021.0,"{""type"":""Polygon"",""coordinates"":[[[-149.330750455929,68.63595085891117],[-149.34540456557673,68.63419544426108],[-149.35433875207306,68.6296144595484],[-149.354070652603,68.6239955190175],[-149.34471080663567,68.61952997169116],[-149.32991112566768,68.61795832932562],[-149.3154384410063,68.61989294718472],[-149.30693253720187,68.62458002881293],[-149.3077130564385,68.63019261553754],[-149.31748155026017,68.63454168815795],[-149.330750455929,68.63595085891117]]]}"
000000000000000001b1,17.642082429501084,162.78091106290674,38.30043383947939,8674.507592190888,246.76789587852494,-170.65509761388284,417.42299349240784,103.77440347071582,-37.77331887201735,128.8286334056399,-94.15401301518436,490.10954446854663,60.175704989154006,28.010845986984815,22.101952277657265,161.03253796095444,96.8872017353579,146.65401301518435,105.93275488069413,0,434,Aedes communis,2022.0,"{""type"":""Polygon"",""coordinates"":[[[-110.43695051431484,44.931146703740204],[-110.44449143105692,44.929391676779154],[-110.44909042225864,44.92481130902079],[-110.44895427655081,44.91919234593257],[-110.44413729219174,44.914726168510335],[-110.43651840928086,44.91315417542705],[-110.42906797849865,44.91508921545995],[-110.42469075107012,44.91977689808033],[-110.42509431622562,44.92538941861662],[-110.43012247952733,44.92973785084325],[-110.43695051431484,44.931146703740204]]]}"
0000000000000000011a,-76.0,89.0,17.0,14101.149068322982,171.87034161490683,-327.0,498.87034161490686,93.87034161490682,-251.4743788819876,97.0,-260.0,420.8633540372671,62.0,15.0,43.0,166.8633540372671,49.0,158.0,52.0,0,283,Aedes excrucians,2007.5,"{""type"":""Polygon"",""coordinates"":[[[-93.81204838394413,58.64274867005469],[-93.82230743991431,58.64099348306741],[-93.828563297739,58.63641286061876],[-93.82837705762556,58.63079390680583],[-93.82182404154818,58.626327989499984],[-93.81146063287783,58.62475614121619],[-93.80132629312669,58.626691006948825],[-93.79537136361988,58.63137844147293],[-93.79591931928017,58.636990989369394],[-93.80275913360938,58.64133968595708],[-93.81204838394413,58.64274867005469]]]}"
00000000000000000123,44.574736842105274,131.2084210526316,27.0,12079.577894736842,282.5368421052632,-196.96947368421053,479.5063157894737,169.06105263157895,-118.96947368421056,193.39684210526315,-118.96947368421056,445.1726315789474,88.96947368421053,8.177894736842106,67.03052631578947,214.46315789473687,29.177894736842106,213.46315789473687,29.177894736842106,0,292,Aedes excrucians,2021.36170212766,"{""type"":""Polygon"",""coordinates"":[[[-99.10745383996378,47.1721482019684],[-99.11530709179932,47.170393154799044],[-99.12009648520528,47.16581275487573],[-99.11995460186286,47.16019379295604],[-99.11493812935706,47.155727648384094],[-99.10700384805176,47.154155673588896],[-99.09924498607062,47.15609069160786],[-99.0946864670991,47.160778342896414],[-99.09510664343577,47.16639086689085],[-99.10034299324778,47.170739332503324],[-99.10745383996378,47.1721482019684]]]}"
00000000000000000142,96.9369797859691,107.94649227110584,30.0,8616.361474435194,278.6967895362664,-77.02021403091558,355.71700356718196,9.738406658739596,182.9381688466112,206.93816884661123,-16.020214030915575,1175.7883472057076,118.05350772889415,82.0,10.0,329.6492271105826,256.30321046373365,261.3151010701546,310.95838287752673,0,323,Aedes excrucians,2019.48888888889,"{""type"":""Polygon"",""coordinates"":[[[-71.02024962856727,42.15894587431817],[-71.02745151080828,42.157190870278995],[-71.03184381989553,42.152610539005515],[-71.03171389783104,42.14699157459283],[-71.02711345564833,42.14252535990829],[-71.01983693990768,42.14095334608029],[-71.01272131307559,42.14288841108422],[-71.008540874921,42.14757612924436],[-71.00892640421434,42.153188645857064],[-71.01372858122275,42.15753704021409],[-71.02024962856727,42.15894587431817]]]}"
0000000000000000015f,96.7237308146399,107.9586776859504,30.0,8633.80047225502,278.9811097992916,-77.27626918536009,356.2573789846516,9.723730814639906,183.03187721369537,207.03187721369537,-16.276269185360096,1171.6434474616292,118.04132231404958,82.0,10.0,328.90200708382525,255.96576151121604,261.22314049586777,309.9020070838252,0,352,Aedes excrucians,2019.52272727273,"{""type"":""Polygon"",""coordinates"":[[[-71.02854801562773,42.17554710754016],[-71.03575178794807,42.173792103369806],[-71.04014524927459,42.16921177188751],[-71.04001529252554,42.16359280748241],[-71.03541364314152,42.15912659301112],[-71.02813521872281,42.157554579301845],[-71.02101772537793,42.15948964416288],[-71.01683619014429,42.16417736211962],[-71.01722181999776,42.16978987875476],[-71.02202525686305,42.174138273328516],[-71.02854801562773,42.17554710754016]]]}"
00000000000000000184,50.555431131019034,114.89473684210527,28.02127659574468,9786.561030235163,248.7144456886898,-151.3997760358343,400.1142217245241,172.1310190369541,-69.04815229563269,172.1310190369541,-81.30795072788354,1093.818589025756,119.92497200447927,61.694288913773796,17.47480403135498,327.07726763717807,204.44008958566627,327.07726763717807,216.13661814109744,0,389,Aedes excrucians,1999.0,"{""type"":""Polygon"",""coordinates"":[[[-72.85455435611487,44.17585079000439],[-72.86199803839925,44.174095769500504],[-72.86653775393157,44.16951541201993],[-72.86640339360015,44.16389644855851],[-72.86164851301585,44.15943026063947],[-72.85412781961365,44.15785826171244],[-72.8467734092675,44.15979330877965],[-72.84245262059807,44.16448100141159],[-72.84285101357358,44.17009352084271],[-72.84781436476491,44.174441942401444],[-72.85455435611487,44.17585079000439]]]}"
000000000000000001a8,45.27789473684212,131.4221052631579,27.0,12127.188421052635,283.8242105263158,-196.85578947368424,480.6800000000001,169.8242105263158,-119.5484210526316,194.58421052631581,-119.5484210526316,430.0,88.0,7.0,71.0,211.0,25.0,209.0,25.0,0,425,Aedes excrucians,2021.50757575758,"{""type"":""Polygon"",""coordinates"":[[[-99.24025032843646,47.13895019462549],[-99.24809867588147,47.137195147767784],[-99.25288507955555,47.13261474834051],[-99.25274328634032,47.126995786402794],[-99.24772994625597,47.12252964132423],[-99.23980061738675,47.12095766624701],[-99.23204659844373,47.12289268460546],[-99.22749092617035,47.12758033637721],[-99.2279108417074,47.13319286031831],[-99.2331439225295,47.137541325415924],[-99.24025032843646,47.13895019462549]]]}"
000000000000000001cd,94.16105769230768,115.83774038461539,31.0,8752.985576923074,281.01682692307696,-85.17548076923077,366.1923076923077,4.890624999999999,182.1778846153846,205.67307692307688,-21.092548076923077,1182.280048076923,120.0,86.0,9.0,329.4423076923077,264.2800480769231,271.0,304.69711538461536,0,462,Aedes excrucians,2019.45238095238,"{""type"":""Polygon"",""coordinates"":[[[-71.26925029049274,42.12574786697527],[-71.27644839786768,42.12399286319821],[-71.28083840570262,42.11941253234195],[-71.28070855290973,42.11379356791413],[-71.27611052174935,42.109327352803476],[-71.26883781802073,42.10775533873824],[-71.26172591898816,42.10969040402774],[-71.25754767191965,42.114378122594296],[-71.257933000374,42.11999063916211],[-71.26273266119621,42.12433903308608],[-71.26925029049274,42.12574786697527]]]}"
000000000000000001ee,101.54202192448233,102.00730816077954,29.00730816077954,8497.947624847746,276.66747868453103,-66.02679658952498,342.694275274056,51.725943970767354,209.66747868453106,209.66747868453106,-9.66138855054811,1201.9001218026797,115.61997563946406,90.66017052375152,7.959805115712546,322.4348355663825,281.60048721071865,281.60048721071865,297.48355663824606,0,495,Aedes excrucians,1995.0,"{""type"":""Polygon"",""coordinates"":[[[-72.5142536001201,41.32064825357351],[-72.52136208245854,41.318893256070616],[-72.52569745252636,41.314312935201116],[-72.52556924428279,41.30869397041094],[-72.52102845703305,41.30422774510072],[-72.51384626051203,41.302655725357084],[-72.50682286925218,41.30459079748186],[-72.50269664421724,41.309278525776435],[-72.50307720409252,41.31489104127009],[-72.507817124076,41.31923942482829],[-72.5142536001201,41.32064825357351]]]}"
0000000000000000021d,-76.0,89.0,17.0,14100.288595810705,171.92629945694333,-327.0,498.9262994569434,94.0,-251.45306439100077,96.92629945694335,-259.90224980605115,420.97129557796734,62.0,15.0,43.0,166.89759503491075,49.0,158.0,52.0,0,542,Aedes excrucians,2007.5,"{""type"":""Polygon"",""coordinates"":[[[-93.82035123010564,58.64274867005469],[-93.83061028607582,58.64099348306741],[-93.83686614390051,58.63641286061876],[-93.83667990378707,58.63079390680582],[-93.8301268877097,58.62632798949997],[-93.81976347903934,58.62475614121619],[-93.8096291392882,58.626691006948825],[-93.80367420978139,58.63137844147293],[-93.80422216544169,58.636990989369394],[-93.8110619797709,58.641339685957064],[-93.82035123010564,58.64274867005469]]]}"
00000000000000000244,97.23905325443788,106.2603550295858,29.281656804733725,8621.760946745562,278.2627218934911,-76.09467455621301,354.35739644970414,10.0,183.28402366863904,207.4130177514793,-15.7396449704142,1172.8082840236686,118.03195266272192,81.0213017751479,10.0,329.8248520710059,254.95029585798812,259.04023668639053,311.55384615384617,0,581,Aedes excrucians,2019.45238095238,"{""type"":""Polygon"",""coordinates"":[[[-70.99535446738588,42.20044672782259],[-71.00256107756663,42.198691723455354],[-71.00695626892306,42.19411139165969],[-71.00682626009666,42.18849242726595],[-71.00222279815978,42.18402621311472],[-70.99494150795601,42.18245419958363],[-70.98782121213507,42.18438926423018],[-70.98363802969168,42.18907698188165],[-70.98402381053089,42.19468949855051],[-70.98882913900864,42.199037893449535],[-70.99535446738588,42.20044672782259]]]}"
000000000000000002f8,-76.00772797527048,88.38639876352394,17.0,14086.89026275116,171.71483771251934,-326.29443585780524,498.00927357032464,93.78361669242659,-251.90494590417316,96.58655332302936,-259.00927357032464,417.0409582689336,61.0,15.0,43.0,164.0,49.0,155.04095826893354,52.0,0,761,Aedes excrucians,2006.5,"{""type"":""Polygon"",""coordinates"":[[[-94.12744951965648,58.750649997345974],[-94.13774039473026,58.74889480862365],[-94.1440156462515,58.74431418341382],[-94.14382881740683,58.73869522970171],[-94.13725547957307,58.734229315215885],[-94.12685994680841,58.732657468501785],[-94.1166941923241,58.73459233234491],[-94.11072079408837,58.73927976417929],[-94.11127043757321,58.74489231237209],[-94.11813145773816,58.749241011825845],[-94.12744951965648,58.750649997345974]]]}"
000000000000000002f9,45.287671232876704,131.61327713382508,27.0,12127.349841938885,283.67439409905165,-197.0,480.6743940990517,169.7924130663857,-119.6301369863014,194.4541622760801,-119.6301369863014,430.0389884088515,88.0,7.0,71.0,211.0,25.038988408851427,209.0,25.038988408851427,0,762,Aedes excrucians,2020.45454545455,"{""type"":""Polygon"",""coordinates"":[[[-99.24025032843646,47.14724858168595],[-99.24809990099308,47.14549353475038],[-99.25288705149914,47.14091313519918],[-99.25274523577035,47.13529417326596],[-99.24773111321036,47.13082802831398],[-99.23980054722763,47.12925605330722],[-99.23204531849859,47.13119107158085],[-99.22748893512299,47.13587872323187],[-99.22790891580763,47.1414912471863],[-99.23314281322006,47.145839712412545],[-99.24025032843646,47.14724858168595]]]}"
0000000000000000030a,47.818080357142854,112.1997767857143,27.649553571428573,9918.079241071431,246.05133928571428,-155.01674107142858,401.0680803571429,170.43861607142858,-73.76897321428572,170.43861607142858,-86.10156249999999,1079.127232142857,119.46875000000001,61.1060267857143,17.75,329.13839285714295,202.99441964285714,329.13839285714295,215.80915178571428,0,779,Aedes excrucians,1999.0,"{""type"":""Polygon"",""coordinates"":[[[-72.5806496148059,44.41654860576835],[-72.58812386965101,44.41479358322483],[-72.59268222273562,44.410213222497795],[-72.59254730108485,44.404594259154244],[-72.58777289375583,44.40012807455084],[-72.58022132743649,44.3985560774697],[-72.57283672617936,44.40049112231495],[-72.56849819197262,44.40517881178453],[-72.56889821123319,44.41079133156475],[-72.57388194074692,44.415139756493176],[-72.5806496148059,44.41654860576835]]]}"
00000000000000000320,42.99055613850998,130.8541448058762,27.0,12073.43022035677,280.09129066107033,-198.0,478.0912906610703,166.99055613851,-121.13431269674713,191.25498426023088,-121.13431269674713,443.10807974816373,89.0,8.0,68.70828961175236,214.0,29.0,212.01259181532006,29.0,0,801,Aedes excrucians,2020.5,"{""type"":""Polygon"",""coordinates"":[[[-99.18215270081113,47.22195190163433],[-99.19001332667982,47.22019685399672],[-99.19480721531792,47.21561645332809],[-99.194665196462,47.20999749143549],[-99.18964401418097,47.205531347624735],[-99.18170228660668,47.20395937325329],[-99.17393614284245,47.20589439076217],[-99.16937334369676,47.2105820413247],[-99.1697939121585,47.216194565399256],[-99.1750351770833,47.22054303178535],[-99.18215270081113,47.22195190163433]]]}"
0000000000000000019e,-77.0,88.0,17.0,14101.589961389964,170.1274131274131,-328.0,498.1274131274132,93.12741312741313,-253.0,96.06177606177606,-260.0,415.9343629343629,61.0,14.934362934362936,43.06563706563706,164.0,48.93436293436294,155.0,51.93436293436293,0,415,Aedes excrucians,2009.0,"{""type"":""Polygon"",""coordinates"":[[[-93.91995417033647,58.75894838440643],[-93.93024750221699,58.75719319555024],[-93.93652425115633,58.75261257012735],[-93.9363373768524,58.746993616423026],[-93.92976246994213,58.742527702154774],[-93.91936445682582,58.7409558555618],[-93.9091962767606,58.74289071925914],[-93.9032214525233,58.74757815088596],[-93.90377122632547,58.75319069910162],[-93.91063388382707,58.757539398776544],[-93.91995417033647,58.75894838440643]]]}"
000000000000000002d4,-76.77777777777779,88.42810457516339,17.0,14121.338235294119,171.22222222222223,-328.0,499.2222222222222,94.0,-253.0,96.66503267973857,-260.0,414.0,61.0,14.0,44.0,164.0,47.0,155.0,51.0,0,725,Aedes excrucians,2009.0,"{""type"":""Polygon"",""coordinates"":[[[-93.86184762450901,58.77554515852736],[-93.87214587417215,58.7737899694032],[-93.87842562048802,58.76920934355387],[-93.87823865518743,58.76359038986512],[-93.87166060746164,58.759124476032405],[-93.86125762943456,58.757552629681854],[-93.8510845940929,58.75948749308738],[-93.84510691543264,58.76417492429879],[-93.84565695008958,58.76978747256023],[-93.85252288504226,58.77413617267777],[-93.86184762450901,58.77554515852736]]]}"
0000000000000000023e,-35.47859690844233,98.41914387633771,20.0,14467.473840665876,216.5332936979786,-269.85790725326996,486.39120095124855,144.70451843043998,-115.0755053507729,144.70451843043998,-222.71938168846614,315.0749108204518,52.15398335315101,8.0,50.972651605231874,141.8049940546968,36.16884661117717,141.8049940546968,56.451248513674194,0,575,Aedes excrucians,2014.0,"{""type"":""Polygon"",""coordinates"":[[[-147.7039499959035,64.96735032201806],[-147.7165664297778,64.96559501060237],[-147.72425897815916,64.96101419014872],[-147.72402896741352,64.95539524358246],[-147.7159704151907,64.95092952849907],[-147.70322729082395,64.94935779277122],[-147.69076577438688,64.95129252301531],[-147.6834425664408,64.9559797646564],[-147.68411540607983,64.96159233378826],[-147.69252617998657,64.96594123590465],[-147.7039499959035,64.96735032201806]]]}"
00000000000000000314,94.15639810426539,116.68127962085309,31.0,8847.859004739337,282.91232227488155,-86.81279620853081,369.72511848341236,3.3447867298578196,183.56635071090048,206.91232227488152,-22.655213270142184,1150.7582938388625,117.16232227488152,84.0876777251185,9.0,322.29028436018956,258.41232227488155,262.4123222748815,298.29028436018956,0,789,Aedes excrucians,2019.5,"{""type"":""Polygon"",""coordinates"":[[[-71.28585152371471,42.25854881454899],[-71.29306476991468,42.256793809721735],[-71.29746400675174,42.252213477193834],[-71.29733387614722,42.246594512826675],[-71.29272617575843,42.24212829942327],[-71.28543818423849,42.24055628630852],[-71.27831133514236,42.24249135045391],[-71.27412430088322,42.24717906739211],[-71.27451043478466,42.252791584139736],[-71.27932018658588,42.25713997979878],[-71.28585152371471,42.25854881454899]]]}"
0000000000000000026f,96.0,112.0,30.0,8760.962085308056,282.0,-81.55213270142178,363.5521327014218,6.523696682464455,184.0,207.63507109004738,-19.2760663507109,1149.9135071090047,116.16232227488152,82.0,10.0,323.12914691943126,255.29976303317534,259.4881516587677,301.9336492890995,0,624,Aedes excrucians,2020.0,"{""type"":""Polygon"",""coordinates"":[[[-71.16964735026191,42.25854881454899],[-71.17686059646188,42.256793809721735],[-71.18125983329892,42.25221347719383],[-71.18112970269442,42.246594512826675],[-71.17652200230562,42.24212829942327],[-71.16923401078569,42.24055628630851],[-71.16210716168956,42.2424913504539],[-71.1579201274304,42.24717906739211],[-71.15830626133184,42.252791584139736],[-71.16311601313308,42.25713997979878],[-71.16964735026191,42.25854881454899]]]}"
000000000000000001d1,91.0,109.0,28.64684466019418,9535.14077669903,283.3531553398059,-92.0,375.3531553398058,209.33009708737865,-23.0,209.33009708737865,-37.0,823.0,88.0,43.0,20.0,249.0,149.0,249.0,153.0,0,466,Aedes excrucians,2025.0,"{""type"":""Polygon"",""coordinates"":[[[-83.70265093983694,42.10084824669282],[-83.70984622011628,42.09909324311218],[-83.71423450448312,42.09451291256857],[-83.71410470356922,42.0888939481294],[-83.70950847808639,42.08442773269943],[-83.70223862927348,42.082855718456436],[-83.69512952208767,42.084790783959924],[-83.69095291598065,42.08947850283102],[-83.6913380940211,42.09509101936521],[-83.69613587040567,42.09943941296467],[-83.70265093983694,42.10084824669282]]]}"
000000000000000001fc,89.0,106.0,28.0,9586.657317073172,281.0804878048781,-93.40121951219514,374.48170731707313,207.7536585365854,-26.0,207.7536585365854,-39.40121951219513,821.9817073170732,86.98414634146343,44.0,20.0,246.9841463414634,151.0,246.9841463414634,155.0,0,509,Aedes excrucians,2025.0,"{""type"":""Polygon"",""coordinates"":[[[-83.70265093983694,42.20874957398411],[-83.70985849710982,42.206994569551185],[-83.71425426583698,42.20241423765096],[-83.71412423963051,42.19679527326103],[-83.7095201727821,42.192329059216576],[-83.70223792616687,42.19075704574493],[-83.69511669506288,42.19269211031992],[-83.69093296288864,42.19737982786955],[-83.69131879411698,42.202992344549656],[-83.69612475389118,42.2073407395572],[-83.70265093983694,42.20874957398411]]]}"
00000000000000000221,89.66341463414635,149.19756097560978,36.0,8878.330487804878,316.3353658536586,-95.03414634146343,411.36951219512196,76.65,163.2987804878049,207.7024390243903,-21.445121951219516,328.7134146341464,36.44146341463415,21.482926829268298,18.55,105.47195121951219,68.5890243902439,68.78292682926829,69.6219512195122,0,546,Aedes fitchii,2022.9375,"{""type"":""Polygon"",""coordinates"":[[[-112.45385097089998,40.18354627123744],[-112.46083891941568,40.18179128233699],[-112.4651008085891,40.177210975160385],[-112.46497481165986,40.171592009873535],[-112.46051100999955,40.16712577057863],[-112.4534505343558,40.165553743049266],[-112.44654617495898,40.167488824545934],[-112.44248991271037,40.172176566178656],[-112.44286405906942,40.177789080199396],[-112.44752363523554,40.182137449545074],[-112.45385097089998,40.18354627123744]]]}"
00000000000000000231,57.44270833333334,146.73645833333333,31.0,10837.015624999998,296.4614583333333,-167.69166666666666,464.153125,167.9375,-86.68541666666665,194.421875,-86.68541666666665,358.52083333333337,72.0,7.0,66.53437500000001,174.21874999999997,26.0,155.06666666666666,26.0,0,562,Aedes fitchii,2008.85714285714,"{""type"":""Polygon"",""coordinates"":[[[-104.18704772319877,46.99784640089025],[-104.19487532260548,46.99609135535284],[-104.19964907820014,46.99151095802701],[-104.19950766625641,46.98589199601292],[-104.19450757789309,46.981425848788135],[-104.1865992003391,46.979853872516095],[-104.17886566990178,46.9817888923128],[-104.17432204059398,46.98647654613155],[-104.17474085280493,46.992089069846756],[-104.17996010414687,46.996437532763146],[-104.18704772319877,46.99784640089025]]]}"
0000000000000000029a,58.69836400817996,151.06134969325154,31.061349693251536,10956.108384458077,299.69836400818,-174.6605316973415,474.35889570552143,170.46319018404907,-88.0,196.69734151329243,-88.0,302.8568507157464,58.0204498977505,7.0,66.80061349693251,154.0204498977505,27.0,133.82617586912065,27.0,0,667,Aedes fitchii,2017.66666666667,"{""type"":""Polygon"",""coordinates"":[[[-107.11694912047697,47.9689494283097],[-107.1249227634752,47.96719437354117],[-107.12978554742757,47.96261396152264],[-107.12964145133304,47.95699500004256],[-107.12454808539309,47.952528867823546],[-107.11649223409698,47.95095689990525],[-107.1086144875511,47.95289190964627],[-107.10398608891461,47.95757954915285],[-107.10441266690258,47.96319207444747],[-107.10972926241273,47.9675405526143],[-107.11694912047697,47.9689494283097]]]}"
000000000000000002b6,81.07051282051283,105.58653846153847,39.09722222222222,5610.763888888889,240.3141025641025,-25.42200854700855,265.7361111111111,18.22222222222222,153.80128205128207,154.2553418803419,13.150641025641026,2467.214743589744,424.5309829059829,24.635683760683758,68.31089743589745,1207.4134615384612,138.47115384615384,154.52457264957266,1141.8290598290596,0,695,Aedes fitchii,2019.800048828125,"{""type"":""Polygon"",""coordinates"":[[[-121.98224538414739,45.8441521035343],[-121.98990908884055,45.8423970685372],[-121.99458293306691,45.837816687988024],[-121.99444453222839,45.83219772536439],[-121.98954912318636,45.82773156100549],[-121.98180624721236,45.826159575194765],[-121.97423456242282,45.82809460647349],[-121.96978606401099,45.83278227663436],[-121.97019616002811,45.83839479854592],[-121.97530616783583,45.84274324404886],[-121.98224538414739,45.8441521035343]]]}"
000000000000000002bb,93.99405469678952,112.67538644470869,30.726516052318672,8702.305588585017,279.1783590963139,-83.00594530321047,362.1843043995244,5.87395957193817,181.89179548156957,204.99405469678956,-20.005945303210467,1191.2580261593341,120.05707491082046,85.61831153388823,9.146254458977408,332.2199762187872,264.2936979785969,271.09036860879905,310.01664684898935,0,700,Aedes fitchii,2019.48571428571,"{""type"":""Polygon"",""coordinates"":[[[-71.19455142964541,42.11744947991481],[-71.2017485944261,42.11569447620324],[-71.20613802763206,42.1111141454512],[-71.20600819213641,42.1054951810196],[-71.20141076301483,42.10102896580249],[-71.19413901115604,42.099456951678],[-71.1870280429652,42.10139201703884],[-71.1828503430168,42.106079735706906],[-71.18323562132102,42.11169225226352],[-71.18803465384471,42.116040646079306],[-71.19455142964541,42.11744947991481]]]}"
0000000000000000030e,53.34708994708995,133.94285714285715,28.0,11487.841269841269,285.4994708994709,-182.15873015873018,467.6582010582011,170.4994708994709,-101.26560846560845,196.0042328042328,-101.26560846560845,420.66455026455026,80.00317460317459,10.0,64.12380952380951,201.44338624338621,31.0,192.0063492063492,31.0,0,783,Aedes fitchii,2020.76923076923,"{""type"":""Polygon"",""coordinates"":[[[-100.91684556992578,46.79864943863071],[-100.92464414551337,46.79689439494535],[-100.92940020805572,46.79231400056734],[-100.92925932942917,46.78669503844614],[-100.92427777851601,46.782228888210724],[-100.91639870919356,46.78065691026265],[-100.90869383957394,46.78259193207683],[-100.9041670568182,46.787279588767056],[-100.90458432558472,46.79289211216536],[-100.90978423125048,46.797240572022055],[-100.91684556992578,46.79864943863071]]]}"
000000000000000002b4,69.76947040498442,150.76947040498442,31.0,11048.89823468328,312.58670820353063,-163.15887850467288,475.7455867082035,182.71754932502594,-77.0,208.85877466251293,-77.0,337.0,70.0,8.0,64.0,165.0,29.0,149.0,29.0,0,693,Aedes fitchii,2005.5,"{""type"":""Polygon"",""coordinates"":[[[-104.72654544145307,47.12234896140351],[-104.73439133965776,47.120593914701516],[-104.73917625026691,47.116013515522056],[-104.73903450206058,47.110394553575325],[-104.73402272629974,47.10592840824367],[-104.72609587066533,47.10435643302554],[-104.71834427032401,47.106291451553616],[-104.71379001968455,47.11097910356675],[-104.71420980497851,47.11659162748121],[-104.71944125327497,47.12094009232161],[-104.72654544145307,47.12234896140351]]]}"
00000000000000000310,63.90797546012271,144.3394683026585,30.0,11137.12372188139,302.9836400817996,-169.0807770961145,472.0644171779142,176.92433537832315,-85.9233128834356,203.0,-85.9233128834356,295.1441717791411,58.0,6.859918200408998,68.1237218813906,150.9836400817996,25.859918200408995,133.99795501022496,25.859918200408995,0,785,Aedes fitchii,2019.0,"{""type"":""Polygon"",""coordinates"":[[[-106.71855073685684,48.002147435652596],[-106.72652950966636,48.00039238056239],[-106.7313954207434,47.995811968031845],[-106.73125123034977,47.990193006570394],[-106.72615458802021,47.98572687487428],[-106.71809355670835,47.9841549072471],[-106.71021074456996,47.98608991663771],[-106.7055793683947,47.99077755564554],[-106.70600621913849,47.99639008099519],[-106.71132623386939,48.000738559693474],[-106.71855073685684,48.002147435652596]]]}"
0000000000000000030f,32.66829865361077,156.3843329253366,42.0,7329.187270501836,233.2913096695226,-132.98776009791922,366.27906976744185,106.24112607099144,-56.380660954712354,129.4798041615667,-56.380660954712354,492.0820073439412,58.138310893512845,26.2937576499388,27.75642594859241,163.57037943696452,83.8861689106487,160.5703794369645,83.8861689106487,0,784,Aedes fitchii,2020.0,"{""type"":""Polygon"",""coordinates"":[[[-105.48185027339102,40.20845035062093],[-105.4888407886308,40.206695361535196],[-105.49310424255681,40.20211505406364],[-105.4929781985427,40.19649608878749],[-105.48851275750108,40.19202984979381],[-105.48144968984813,40.190457822432144],[-105.47454279570415,40.192392903726955],[-105.47048504362303,40.19708064507237],[-105.47085932656009,40.20269315912484],[-105.47552061362188,40.20704152877664],[-105.48185027339102,40.20845035062093]]]}"
000000000000000001c8,56.60370370370371,159.5666666666667,45.10864197530864,6480.013580246913,256.74197530864194,-92.79876543209878,349.5407407407408,-21.0,141.73333333333335,141.7530864197531,-21.0,926.9444444444443,161.05185185185186,11.325925925925924,70.88271604938271,440.48888888888894,50.10246913580247,51.08024691358025,440.48888888888894,0,457,Aedes fitchii,2021.0,"{""type"":""Polygon"",""coordinates"":[[[-120.23924966887122,39.378446657835674],[-120.2461563411196,39.37669167485328],[-120.25036868175044,39.37211137709676],[-120.25024417569283,39.366492411468286],[-120.24583228567111,39.362026162552574],[-120.23885388710423,39.360454129666934],[-120.23202979155275,39.3623892176111],[-120.22802070540877,39.36707696841984],[-120.22839052688188,39.372689481427194],[-120.2329959268381,39.377037840995314],[-120.23924966887122,39.378446657835674]]]}"
00000000000000000225,88.81883194278905,105.96185935637664,28.0,9589.18831942789,280.0345649582837,-94.35280095351608,374.38736591179975,207.05244338498213,-26.390941597139456,207.05244338498213,-40.0,822.0381406436235,87.0,44.0,20.0,247.0,151.0,247.0,155.0,0,550,Aedes fitchii,2025.0,"{""type"":""Polygon"",""coordinates"":[[[-83.71925217305893,42.217047961044564],[-83.72646067731532,42.21529295654597],[-83.73085702334701,42.210712624541216],[-83.73072697976244,42.20509366015508],[-83.72612230807185,42.200627446217375],[-83.71883910515488,42.19905543280517],[-83.71171693887516,42.20099049730862],[-83.70753265703311,42.205678214756425],[-83.70791853864475,42.211290731447775],[-83.71272512964296,42.21563912656382],[-83.71925217305893,42.217047961044564]]]}"
00000000000000000107,61.091836734693885,129.0,34.3795918367347,8081.360204081634,270.49795918367346,-98.17346938775512,368.6714285714286,143.6173469387755,16.20204081632653,165.61734693877554,-42.83979591836735,478.03367346938774,64.64489795918367,28.683673469387752,25.85918367346939,154.59387755102043,92.48163265306124,137.64489795918368,117.63673469387756,1,264,Aedes sierrensis,2006.0,"{""type"":""Polygon"",""coordinates"":[[[-114.30699985949947,48.217798480799345],[-114.3150121821257,48.21604342360937],[-114.31989854509155,48.21146300773677],[-114.31975373793603,48.20584404639681],[-114.31463566748282,48.20137791811397],[-114.30654075805934,48.19980595238694],[-114.29862481615349,48.20174095949026],[-114.29397396638305,48.2064285952426],[-114.29440260096335,48.21204112095149],[-114.2997449779426,48.216389603118685],[-114.30699985949947,48.217798480799345]]]}"
00000000000000000109,60.41777323799795,129.876404494382,34.030643513789585,8160.923391215527,270.5903983656793,-101.58222676200204,372.1726251276813,143.74463738508683,14.995914198161387,165.7446373850868,-45.0040858018386,482.1991828396323,65.0,29.0,25.0,154.5331971399387,93.25536261491318,138.0,120.38304392236975,1,266,Aedes sierrensis,2005.0,"{""type"":""Polygon"",""coordinates"":[[[-114.27600018897591,48.27800080412192],[-114.28402194832296,48.2762457463426],[-114.28891406388362,48.27166532953199],[-114.28876908323905,48.266046368226135],[-114.28364498559523,48.26158024090129],[-114.27554054712569,48.260008275707584],[-114.26761528666326,48.26194328216893],[-114.26295895946029,48.26663091700754],[-114.26338809577906,48.272243442817256],[-114.26873676269008,48.27659192595808],[-114.27600018897591,48.27800080412192]]]}"
0000000000000000010a,74.61914893617023,148.00851063829788,37.0,8360.544680851064,294.65638297872346,-102.18510638297872,396.84148936170214,113.61382978723407,-29.176595744680853,186.51063829787233,-29.176595744680853,371.7808510638299,69.23829787234044,11.0,57.24999999999999,169.0159574468085,38.0,127.01595744680853,38.0,1,267,Aedes sierrensis,2005.0,"{""type"":""Polygon"",""coordinates"":[[[-109.97100120883607,45.846502049789464],[-109.97866523725209,45.84474701477135],[-109.98333927882317,45.840166634188705],[-109.98320087203831,45.834547671566284],[-109.97830525623462,45.83008150724157],[-109.97056205336193,45.82850952144987],[-109.96299004889501,45.830444552705686],[-109.95854136258166,45.83513222283396],[-109.9589514758161,45.84074474474912],[-109.9640616994012,45.84509319028679],[-109.97100120883607,45.846502049789464]]]}"
0000000000000000010b,87.24703891708967,55.0,35.0,3730.108291032149,177.69373942470384,22.033840947546526,155.65989847715733,62.49915397631133,135.28595600676817,135.28595600676817,42.247038917089675,1667.6971235194583,234.72250423011843,54.0,48.25211505922166,693.4145516074449,193.994923857868,209.63959390862942,600.9441624365481,1,268,Aedes sierrensis,1983.0,"{""type"":""Polygon"",""coordinates"":[[[-126.9629988334317,50.56699560698835],[-126.97140375676872,50.56524052570959],[-126.97652944487989,50.56066007149692],[-126.97637741637922,50.55504111155138],[-126.97100859455908,50.5505750224255],[-126.96251724941166,50.54900307849686],[-126.95421362852387,50.550938059360746],[-126.94933489861351,50.555625657765866],[-126.94978440349,50.56123818759526],[-126.95538846103015,50.56558670955807],[-126.9629988334317,50.56699560698835]]]}"
0000000000000000010c,94.82467532467533,85.0,37.0,5066.13961038961,224.82467532467535,-2.175324675324675,227.0,37.91233766233766,161.82467532467533,161.82467532467533,33.701298701298704,1107.6493506493507,183.47402597402598,26.0,61.0,526.7012987012987,94.21103896103897,94.21103896103897,473.7012987012987,1,269,Aedes sierrensis,1981.0,"{""type"":""Polygon"",""coordinates"":[[[-123.58300023491971,49.006002560309604],[-123.59113861209725,49.00424749529171],[-123.59610181722611,48.99966706695997],[-123.5959546922794,48.99404810607302],[-123.590756111447,48.98958199051477],[-123.58253391478456,48.98801003187149],[-123.57449349729767,48.98994503044788],[-123.56976948068716,48.99463265406373],[-123.5702048170635,49.00024518111177],[-123.57563121391668,49.00459367621107],[-123.58300023491971,49.006002560309604]]]}"
0000000000000000010d,84.71764705882353,51.858823529411765,32.0,3712.635294117647,175.71764705882353,18.0,157.71764705882353,67.85882352941177,130.71764705882353,136.71764705882353,42.858823529411765,2595.1529411764704,358.7176470588235,84.0,41.0,984.435294117647,298.0,386.8588235294117,863.7176470588234,1,270,Aedes sierrensis,1981.0,"{""type"":""Polygon"",""coordinates"":[[[-131.442995234414,52.58499746153371],[-131.451781818973,52.583242357561],[-131.45714015754456,52.57866186722912],[-131.45698110160333,52.57304290859832],[-131.45136851726224,52.568576856361155],[-131.44249179503993,52.56700493296772],[-131.43381130908853,52.56893988911267],[-131.42871104929495,52.57362745233381],[-131.42918083522727,52.579239986043966],[-131.43503927636235,52.583588545497356],[-131.442995234414,52.58499746153371]]]}"
0000000000000000010e,83.00230946882216,52.0,32.006928406466514,3773.1431870669744,175.02771362586606,15.427251732101615,159.60046189376442,65.38683602771361,129.70785219399536,135.66743648960738,40.38683602771362,2622.3152424942264,363.95381062355654,84.06581986143186,41.27020785219399,999.5993071593533,297.13279445727477,386.4584295612009,877.4157043879907,1,271,Aedes sierrensis,1981.0,"{""type"":""Polygon"",""coordinates"":[[[-131.4660041958498,52.67400111856048],[-131.4748086688655,52.67224601353905],[-131.48017791160947,52.6676655215381],[-131.48001852611003,52.66204656296807],[-131.47439451666924,52.65758051243555],[-131.46549973213467,52.656008589991046],[-131.45680158281067,52.65794354499374],[-131.4516909399284,52.662631106589],[-131.45216167624153,52.66824364047847],[-131.45803204019657,52.67259220166431],[-131.4660041958498,52.67400111856048]]]}"
0000000000000000010f,80.55689655172415,54.0,32.0,3910.1103448275867,176.5448275862069,11.55689655172414,164.98793103448278,61.77413793103448,129.54482758620688,134.88103448275862,36.5448275862069,2872.337931034483,403.4189655172414,87.55344827586208,43.0,1105.9448275862069,308.67241379310343,406.66034482758624,978.3051724137931,1,272,Aedes sierrensis,1981.0,"{""type"":""Polygon"",""coordinates"":[[[-131.61700273482262,52.774999757421035],[-131.62582762139263,52.77324465120437],[-131.63120930750267,52.76866415730113],[-131.63104954590506,52.76304519880038],[-131.6254124986262,52.75857915021067],[-131.61649710217472,52.75700722884767],[-131.60777879618485,52.75894218254852],[-131.60265630456007,52.76362974229075],[-131.60312812538658,52.769242276384574],[-131.60901209514716,52.77359083954493],[-131.61700273482262,52.774999757421035]]]}"
00000000000000000110,78.0889328063241,53.9604743083004,32.0,3989.5671936758895,173.54545454545453,7.664031620553359,165.88142292490116,58.3399209486166,128.300395256917,133.33399209486166,33.3794466403162,2440.782608695652,342.7826086956522,79.2905138339921,42.9604743083004,946.8083003952569,274.3616600790514,358.3162055335968,826.2628458498024,1,273,Aedes sierrensis,1981.0,"{""type"":""Polygon"",""coordinates"":[[[-131.61199962344065,52.97699703514213],[-131.6208657053905,52.97524192651828],[-131.62627250266286,52.97066142878387],[-131.6261119820183,52.96504247042264],[-131.6204486238707,52.96057642574572],[-131.61149163184587,52.959004506560866],[-131.60273264899135,52.96093945763981],[-131.59758624612917,52.96562701365006],[-131.59806025547834,52.97123954815545],[-131.6039716822569,52.975588115292446],[-131.61199962344065,52.97699703514213]]]}"
00000000000000000105,62.47745901639343,128.0,34.15266393442622,8059.214139344263,270.2100409836065,-96.48258196721311,366.6926229508196,145.0,17.364754098360656,167.0,-40.99692622950819,482.41700819672127,65.0030737704918,29.789959016393436,25.210040983606557,155.8934426229508,93.33196721311475,138.33811475409834,117.0,1,262,Aedes sierrensis,2007.0,"{""type"":""Polygon"",""coordinates"":[[[-114.26000093439615,48.21299602896479],[-114.26801250557439,48.211240971821766],[-114.27289841045982,48.206660556023905],[-114.2727536171191,48.20104159468123],[-114.26763602661234,48.19657546632205],[-114.25954187598899,48.19500350055254],[-114.25162667612197,48.19693850770701],[-114.24697626252059,48.20162614353213],[-114.24740485714716,48.20723866923299],[-114.25274673325775,48.211587151322625],[-114.26000093439615,48.21299602896479]]]}"
00000000000000000106,54.370786516853926,133.2829417773238,35.0,8126.470888661899,266.876404494382,-108.23595505617976,375.11235955056173,137.82737487231867,9.733401430030643,159.42900919305413,-50.12359550561798,523.5393258426966,66.89581205311542,31.123595505617974,24.0,158.68947906026557,105.43105209397343,141.6894790602656,142.67926455566905,1,263,Aedes sierrensis,2007.0,"{""type"":""Polygon"",""coordinates"":[[[-114.34100496413303,48.343299879948574],[-114.34903699431877,48.34154482152845],[-114.35393537094585,48.336964403697905],[-114.35379020147266,48.331345442429125],[-114.34865954389221,48.32687931614595],[-114.34054473410603,48.325307351532125],[-114.33260933142127,48.32724235729545],[-114.3279470426324,48.33192999114054],[-114.3283767250336,48.33754251705989],[-114.33373223784402,48.341891001259356],[-114.34100496413303,48.343299879948574]]]}"
00000000000000000108,59.44683026584867,130.09100204498978,34.091002044989764,8146.955010224949,269.6124744376278,-102.65337423312883,372.2658486707566,142.70347648261756,14.346625766871163,164.57259713701433,-45.56237218813906,482.53783231083844,65.0,28.648261758691206,25.360940695296527,154.19018404907973,93.64314928425357,138.0,121.579754601227,1,265,Aedes sierrensis,2007.0,"{""type"":""Polygon"",""coordinates"":[[[-114.29100060491969,48.28839942777856],[-114.2990239974016,48.2866443698973],[-114.3039171085157,48.28206395292445],[-114.30377209784638,48.27644499162448],[-114.29864695712688,48.271978864465346],[-114.29054086954523,48.270406899363884],[-114.28261399639831,48.272341905714185],[-114.27795672126167,48.27702954039476],[-114.27838594441168,48.28264206622191],[-114.28373569986863,48.28699054953114],[-114.29100060491969,48.28839942777856]]]}"
00000000000000000104,123.32916666666665,136.97777777777776,46.602777777777774,5783.177777777778,291.46666666666664,0.10694444444444443,291.3597222222222,62.48194444444444,188.6861111111111,202.98194444444442,60.02777777777778,736.3375,129.1,3.1638888888888888,79.6986111111111,383.10833333333323,31.880555555555553,49.262499999999996,365.63749999999993,1,261,Aedes sierrensis,2008.0,"{""type"":""Polygon"",""coordinates"":[[[-116.90862223722297,33.346076652510924],[-116.91501308339764,33.34432171000823],[-116.91891095845016,33.33974147668703],[-116.91879591199209,33.334122508723766],[-116.91471348377263,33.32965619399961],[-116.90825599760187,33.32808412447511],[-116.90194130640042,33.330019256522455],[-116.89823162721348,33.334707070096805],[-116.89857399800731,33.34031957617051],[-116.90283556274159,33.3446678688584],[-116.90862223722297,33.346076652510924]]]}"
00000000000000000102,104.76878612716763,142.63815028901735,36.63815028901734,8339.779190751446,326.9734104046243,-59.0,385.9734104046243,5.0,207.02196531791913,213.76878612716763,-2.0265895953757225,325.7537572254335,41.25317919075144,8.0,37.26242774566474,119.50635838150289,37.23121387283237,42.99537572254335,109.71445086705204,1,259,Aedes sierrensis,2009.0,"{""type"":""Polygon"",""coordinates"":[[[-116.24099670929897,43.65679805008012],[-116.24837574717611,43.65504303391852],[-116.25287605428025,43.650462683349566],[-116.25274288071574,43.64484371963721],[-116.24802928865105,43.640377524659286],[-116.2405738749482,43.63880552180243],[-116.23328330221585,43.640740573600084],[-116.22900003575576,43.64542827296461],[-116.22939498989324,43.65104079165247],[-116.23431525188083,43.65538920603726],[-116.24099670929897,43.65679805008012]]]}"
00000000000000000103,105.00696055684455,138.02552204176334,36.0,8381.046403712297,326.3039443155452,-56.30974477958236,382.6136890951276,6.791183294663572,209.44083526682132,215.27842227378187,-1.2088167053364267,347.3758700696055,45.245939675174014,8.0,40.482598607888626,131.09164733178653,37.7784222737819,43.329466357308576,119.50348027842224,1,260,Aedes sierrensis,2009.0,"{""type"":""Polygon"",""coordinates"":[[[-116.09600012034406,43.55699890940296],[-116.10336692643455,43.55524389406762],[-116.10785977679998,43.55066354481388],[-116.10772682777339,43.54504458105378],[-116.1030210481813,43.54057838473263],[-116.09557798650303,43.539006381127976],[-116.08829949292706,43.54094143382577],[-116.08402332628849,43.54562913447143],[-116.08441762972224,43.551241653017854],[-116.08932973850935,43.555590066037546],[-116.09600012034406,43.55699890940296]]]}"
000000000000000000f5,90.4895591647332,74.0,42.10788863109048,3585.9976798143857,186.0,13.107888631090486,172.8921113689095,53.48955916473319,135.01276102088167,138.85034802784222,48.48955916473318,3133.4651972157767,440.52900232018555,74.0,52.0,1274.6206496519721,274.7552204176334,316.23201856148495,1208.3248259860788,1,246,Aedes sierrensis,2010.0,"{""type"":""Polygon"",""coordinates"":[[[-125.67999952372791,49.049001671767975],[-125.68814493638143,49.04724660631595],[-125.69311243027941,49.04266617729323],[-125.69296517594779,49.037047216431404],[-125.68776210159949,49.03258110157887],[-125.67953280069844,49.031009143328454],[-125.67148543589762,49.032944141431926],[-125.66675733563187,49.03763176437469],[-125.6671930460318,49.04324429149698],[-125.67262413226521,49.047592787313526],[-125.67999952372791,49.049001671767975]]]}"
000000000000000000ff,91.50984936268829,70.74739281575897,41.962920046349936,3511.2885283893397,184.5086906141367,17.969872537659324,166.53881807647738,57.008111239860945,135.90034762456546,138.50869061413673,51.07531865585168,3221.2699884125136,441.0046349942062,76.79490150637312,51.0,1299.275782155272,286.48203939745076,322.0115874855156,1225.2769409038237,1,256,Aedes sierrensis,2010.0,"{""type"":""Polygon"",""coordinates"":[[[-125.8399965286266,49.088999808217395],[-125.84814850079361,49.08724474236083],[-125.85311999331603,49.08266431269426],[-125.85297261835042,49.07704535185586],[-125.84776535448121,49.07257923766089],[-125.83952942995957,49.07100727977654],[-125.83147558784641,49.072942277439374],[-125.82674368019214,49.07762989975496],[-125.82717973931008,49.08324242694646],[-125.83261519767717,49.087590923431286],[-125.8399965286266,49.088999808217395]]]}"
00000000000000000100,92.07762096774196,74.0,42.0,3593.4616935483878,188.08870967741936,14.342741935483872,173.74596774193546,54.07762096774194,137.0887096774194,139.37802419354844,49.27217741935485,2988.1421370967746,432.1814516129033,70.27822580645162,53.0,1228.7167338709678,259.38608870967744,306.53528225806457,1168.8659274193546,1,257,Aedes sierrensis,2010.0,"{""type"":""Polygon"",""coordinates"":[[[-125.5500033507168,49.03899544900405],[-125.55814712466584,49.03724038365311],[-125.56311361962304,49.032659954791285],[-125.56296639542795,49.02704099392361],[-125.55776436771025,49.02257487890675],[-125.54953672152953,49.02100292056485],[-125.54149097489814,49.02293791877845],[-125.53676382579818,49.027625541877946],[-125.53719944908067,49.03323806898295],[-125.54262944306289,49.03758656463248],[-125.5500033507168,49.03899544900405]]]}"
00000000000000000101,92.35661764705883,72.00857843137256,42.61151960784314,3480.89093137255,184.4325980392157,16.959558823529413,167.47303921568627,56.28063725490196,135.8174019607843,139.09436274509804,51.384803921568626,3089.1151960784314,445.2659313725491,73.0,52.73161764705882,1263.2291666666667,269.9313725490196,319.9375,1205.7855392156864,1,258,Aedes sierrensis,2010.0,"{""type"":""Polygon"",""coordinates"":[[[-125.58999702806516,48.97899824432993],[-125.59813099537091,48.97724317958431],[-125.60309151227673,48.972662751685924],[-125.60294446842794,48.967043790783215],[-125.5977487041542,48.96257767478239],[-125.58953096046632,48.96100571589272],[-125.58149489759266,48.962940714765686],[-125.57677344063791,48.96762833880368],[-125.57720854257309,48.973240865805124],[-125.58263200009827,48.977589360454644],[-125.58999702806516,48.97899824432993]]]}"
000000000000000000fd,97.0,90.27043390514632,37.0,5302.109989909183,232.5277497477296,-10.19071644803229,242.71846619576186,34.486377396569125,165.0,165.0,30.051463168516648,1521.5953582240163,221.82845610494448,45.24217961654894,47.19071644803229,632.9051463168515,167.38042381432896,167.38042381432896,580.8153380423814,1,254,Aedes sierrensis,2011.0,"{""type"":""Polygon"",""coordinates"":[[[-122.57599698491899,49.18199881978805],[-122.5841642648278,49.180243752988424],[-122.58914508881463,49.17566332182085],[-122.58899743232115,49.17004436103702],[-122.5837803914934,49.16557824837504],[-122.57552900963857,49.164006291344094],[-122.5674600516266,49.16594128797967],[-122.56271925878346,49.170628908833116],[-122.56315613168577,49.17624143618594],[-122.56860179316546,49.18058993422875],[-122.57599698491899,49.18199881978805]]]}"
000000000000000000fe,61.82172131147541,128.93954918032787,34.0,8103.366803278688,271.0,-98.20594262295081,369.20594262295083,144.76536885245903,16.572745901639344,166.765368852459,-42.205942622950815,478.4108606557377,65.0,29.09426229508196,25.905737704918028,155.0,92.12807377049181,138.0,117.06762295081968,1,255,Aedes sierrensis,2011.0,"{""type"":""Polygon"",""coordinates"":[[[-114.27400251170397,48.2299004810584],[-114.28201672882626,48.228145423750064],[-114.28690424667116,48.22356500768908],[-114.28675940468666,48.21794604635597],[-114.28164012422735,48.21347991826552],[-114.27354330177222,48.21190795264561],[-114.26562548909217,48.21384295962],[-114.26097353968396,48.218530595188824],[-114.26140227499256,48.224143120917965],[-114.26674591472543,48.2284916032807],[-114.27400251170397,48.2299004810584]]]}"
000000000000000000fa,137.77989821882954,152.74809160305344,51.53180661577608,4958.57251908397,308.941475826972,16.259541984732824,292.68193384223923,77.80407124681935,200.52671755725194,201.02544529262087,77.80407124681935,1135.5776081424938,245.4452926208652,2.0,90.5229007633588,624.5801526717559,11.748091603053433,20.740458015267176,624.5801526717559,1,251,Aedes sierrensis,2013.0,"{""type"":""Polygon"",""coordinates"":[[[-122.69238844061601,38.592026218746796],[-122.69921881444893,38.5902712414148],[-122.7033846410727,38.585690952652385],[-122.70326153443537,38.58007198669783],[-122.69889837670472,38.57560572859634],[-122.6919970285543,38.5740336905966],[-122.6852482812269,38.57596878469675],[-122.68128348184771,38.58065654426656],[-122.68164924316812,38.586269056306286],[-122.6862037848887,38.590617406538996],[-122.69238844061601,38.592026218746796]]]}"
000000000000000000fb,104.0,147.0,37.0,8333.938956714761,326.3884572697003,-62.695893451720316,389.08435072142066,3.3041065482796896,204.46059933407324,212.46059933407327,-3.695893451720311,307.39400665926746,38.61154273029966,7.0,37.61154273029966,112.78246392896783,36.0,41.0,103.17092119866814,1,252,Aedes sierrensis,2013.0,"{""type"":""Polygon"",""coordinates"":[[[-116.39199970737285,43.69449974948701],[-116.39938338253606,43.69274473301253],[-116.40388651662012,43.6881643819456],[-116.40375325792786,43.682545418251316],[-116.3990367040174,43.678079223781985],[-116.39157660744664,43.67650722120829],[-116.38428145529538,43.6784422726651],[-116.37999549716787,43.68312997154453],[-116.38039069799703,43.688742490285954],[-116.38531405100565,43.693090905187645],[-116.39199970737285,43.69449974948701]]]}"
000000000000000000fc,109.0,127.49215922798554,31.96743063932449,9162.985524728587,330.49457177322074,-66.49457177322076,396.98914354644154,98.9903498190591,230.48250904704463,230.48250904704463,-7.0,422.7213510253317,55.019300361881776,19.51990349819059,27.76718938480096,149.26176115802173,70.49457177322074,70.49457177322074,94.23160434258142,1,253,Aedes sierrensis,2013.0,"{""type"":""Polygon"",""coordinates"":[[[-112.02900119983083,40.85499770786532],[-112.03605948709776,40.853242713920835],[-112.0403642568452,40.8486623987154],[-112.04023696953205,40.843043433719764],[-112.03572824212654,40.83857720262478],[-112.02859673492736,40.83700517966058],[-112.02162291318216,40.83894025566203],[-112.01752582342641,40.84362798947393],[-112.01790371251285,40.84924050435833],[-112.02261017417777,40.85358888203751],[-112.02900119983083,40.85499770786532]]]}"
000000000000000000ee,107.10449574726609,136.6755771567436,33.390036452004864,9081.381530984203,332.9246658566221,-70.57351154313487,403.4981773997569,97.60996354799512,227.59659781287968,227.59659781287968,-7.970838396111787,422.80315917375447,54.55407047387605,20.0,26.893074119076545,148.44714459295258,70.0,70.0,99.35601458080191,1,239,Aedes sierrensis,2014.0,"{""type"":""Polygon"",""coordinates"":[[[-111.92299499048727,40.78129768565396],[-111.93004544067608,40.77954269226809],[-111.9343454327157,40.77496237795182],[-111.93421828918287,40.769343412923924],[-111.92971456736026,40.764877180920834],[-111.92259097441912,40.76330515745106],[-111.91562489209304,40.76524023406108],[-111.91153235129957,40.76992796873911],[-111.91190982338213,40.77554048352786],[-111.91661106111367,40.77988886028415],[-111.92299499048727,40.78129768565396]]]}"
000000000000000000ef,96.19658119658122,82.27350427350429,40.27350427350427,4379.882051282052,214.1965811965812,11.675213675213676,202.52136752136752,48.6923076923077,153.54871794871795,153.54871794871795,42.69230769230769,873.8153846153846,142.8034188034188,21.904273504273505,57.46495726495727,406.634188034188,81.15042735042735,81.15042735042735,359.0170940170941,1,240,Aedes sierrensis,2014.0,"{""type"":""Polygon"",""coordinates"":[[[-123.2320020954977,48.76600036430998],[-123.24010150938938,48.76424530170161],[-123.2450409627797,48.759664877204926],[-123.24489455433921,48.75404591617852],[-123.23972085913212,48.74957979670351],[-123.2315380066427,48.74800783587979],[-123.22353606425729,48.74994283708085],[-123.21883466340869,48.75463046443243],[-123.21926792835373,48.76024299106829],[-123.224668354841,48.76459148218696],[-123.2320020954977,48.76600036430998]]]}"
000000000000000000f0,95.38453713123093,82.9735503560529,39.293997965412004,4500.113936927773,215.18107833163785,7.527975584944049,207.65310274669378,45.87182095625636,154.2146490335707,154.2146490335707,40.32451678535097,943.6632756866734,155.04374364191253,22.42624618514751,59.80671414038657,447.7924720244151,81.5055951169888,81.5055951169888,396.3214649033571,1,241,Aedes sierrensis,2014.0,"{""type"":""Polygon"",""coordinates"":[[[-123.30100222519873,48.789999246179626],[-123.30910551201622,48.78824418333135],[-123.31404732631694,48.78366375845284],[-123.3139008466594,48.778044797440316],[-123.30872467783615,48.77357867835528],[-123.30053791455555,48.77200671774865],[-123.29253214776445,48.7739417186884],[-123.28782849892326,48.77862934566803],[-123.28826196977064,48.78424187234492],[-123.29366497769816,48.788590363859925],[-123.30100222519873,48.789999246179626]]]}"
000000000000000000f1,97.05586592178773,83.38826815642459,39.40083798882681,4511.689944134079,217.1969273743017,9.05586592178771,208.14106145251395,47.05586592178771,156.56564245810057,156.56564245810057,41.88966480446928,944.7625698324024,155.46787709497207,22.57960893854749,59.57402234636873,446.2541899441341,82.49441340782124,82.49441340782124,394.2849162011173,1,242,Aedes sierrensis,2014.0,"{""type"":""Polygon"",""coordinates"":[[[-123.30999623202355,48.80299752575042],[-123.31810161863655,48.801242462772116],[-123.32304471295868,48.796662037686644],[-123.3228981946889,48.79104307668164],[-123.31772068473806,48.786576957807966],[-123.30953180113286,48.785004997319014],[-123.301523960853,48.786939998117106],[-123.29681909321113,48.79162762489515],[-123.2972526756929,48.79724015159428],[-123.3026570832072,48.801588643324095],[-123.30999623202355,48.80299752575042]]]}"
000000000000000000f2,91.10144927536231,74.30434782608695,42.30434782608695,3587.652173913043,187.10144927536228,14.101449275362315,173.0,54.10144927536231,136.10144927536228,139.40579710144925,50.0,3200.507246376811,439.7971014492754,75.89855072463767,52.0,1292.8985507246377,283.0,318.7971014492753,1221.0,1,243,Aedes sierrensis,2014.0,"{""type"":""Polygon"",""coordinates"":[[[-125.75299946707389,49.079996883190475],[-125.76114996153426,49.07824181742503],[-125.76612055325921,49.07366138790346],[-125.76597320546983,49.06804242705978],[-125.76076688540273,49.06357631271672],[-125.75253245302927,49.06200435474992],[-125.74448007010446,49.063939352512],[-125.73974902016671,49.068626974968836],[-125.74018500072675,49.07423950214475],[-125.74561947415343,49.07858799847906],[-125.75299946707389,49.079996883190475]]]}"
000000000000000000f3,90.34494015233949,74.0,42.11099020674646,3592.1001088139283,186.0,13.110990206746461,172.88900979325354,53.24265505984766,135.2132752992383,138.8422198041349,48.3449401523395,3136.2089227421106,440.23177366702936,74.10119695321,52.0,1275.1044613710553,275.1545157780196,316.2687704026115,1208.60718171926,1,244,Aedes sierrensis,2014.0,"{""type"":""Polygon"",""coordinates"":[[[-125.68399933737287,49.05299702631188],[-125.69214540459345,49.05124196081946],[-125.69711329751009,49.04666153173247],[-125.69696603114059,49.04104257087298],[-125.69176253872435,49.03657645608609],[-125.68353257685892,49.03500449787221],[-125.67548456569367,49.03693949593171],[-125.67075608549256,49.04162711881186],[-125.67119183069077,49.04723964594106],[-125.67662335321498,49.05158814182431],[-125.68399933737287,49.05299702631188]]]}"
000000000000000000f4,91.69797225186765,73.00853788687299,42.44076840981857,3507.625400213447,184.9775880469584,15.399146211312695,169.57844183564566,55.19957310565634,135.1771611526147,138.3617929562433,50.68516542155816,3132.8207043756665,443.1344717182497,74.0,52.0,1275.2924226254001,274.3639274279615,318.84525080042687,1212.1963713980788,1,245,Aedes sierrensis,2014.0,"{""type"":""Polygon"",""coordinates"":[[[-125.65599618275718,49.02199735578831],[-125.66413717503322,49.02024229060902],[-125.66910197430515,49.01566186202039],[-125.66895480126611,49.010042901142775],[-125.66375455018607,49.0055767858469],[-125.6555297128655,49.00400482734968],[-125.64748671304967,49.00593982575025],[-125.64276117853748,49.01062744911586],[-125.64319665393933,49.0162399761915],[-125.6486247938434,49.02058847155746],[-125.65599618275718,49.02199735578831]]]}"
000000000000000000f6,96.74509803921568,82.58204334365323,39.896800825593395,4444.8895768833845,215.43343653250776,10.153766769865841,205.27966976264187,48.085655314757474,155.15583075335397,155.15583075335397,42.09081527347781,905.3395252837977,149.3395252837977,22.0,58.909184726522184,426.2301341589267,80.36429308565532,80.36429308565532,375.79669762641896,1,247,Aedes sierrensis,2014.0,"{""type"":""Polygon"",""coordinates"":[[[-123.2738017087727,48.77563648168648],[-123.28190267711982,48.77388141898181],[-123.28684307809615,48.76930099433186],[-123.28669664107174,48.76368203331103],[-123.28152195304257,48.75921591399255],[-123.27333753089974,48.75764395325597],[-123.26533405353302,48.759578954352136],[-123.2606317504197,48.764266581554416],[-123.26106509800677,48.76987910820674],[-123.2664665605929,48.774227599484504],[-123.2738017087727,48.77563648168648]]]}"
000000000000000000f7,62.180327868852466,128.54508196721315,34.545081967213115,8069.825819672132,270.9077868852459,-96.78586065573771,367.69364754098353,144.94159836065575,17.231557377049185,166.9077868852459,-41.474385245901644,476.2581967213115,64.7407786885246,29.0,25.78176229508197,154.74077868852459,92.0,137.7407786885246,115.9334016393443,1,248,Aedes sierrensis,2014.0,"{""type"":""Polygon"",""coordinates"":[[[-114.29299828219163,48.203899462815755],[-114.3010084305549,48.20214440576165],[-114.30589346809653,48.19756399010531],[-114.30574870091309,48.19194502875749],[-114.30063201915188,48.18747890025379],[-114.29253930526448,48.1859069344038],[-114.28462551039696,48.18784194165512],[-114.27997592265167,48.1925295776181],[-114.28040444162855,48.19814210330375],[-114.28574536937876,48.202490585246494],[-114.29299828219163,48.203899462815755]]]}"
000000000000000000f8,71.0,137.28033472803347,36.0,8199.189330543933,289.1767782426778,-89.41108786610879,378.5878661087866,113.13807531380753,26.893305439330543,177.52928870292888,-34.0,344.00627615062757,47.95606694560671,19.0,29.9560669456067,119.09414225941423,67.0,100.91213389121337,75.9560669456067,1,249,Aedes sierrensis,2014.0,"{""type"":""Polygon"",""coordinates"":[[[-114.15399918415362,46.92329914947874],[-114.16181588539106,46.92154410463605],[-114.1665829974158,46.91696370841597],[-114.16644178573202,46.9113447463617],[-114.16144865800457,46.90687859800761],[-114.15355128540659,46.90530662110687],[-114.14582851682798,46.90724164166034],[-114.1412912132406,46.91192929655622],[-114.14170944590744,46.91754182015255],[-114.14692143313444,46.921890281921215],[-114.15399918415362,46.92329914947874]]]}"
000000000000000000f9,59.98574338085538,129.37067209775967,34.078411405295306,8151.163951120163,269.98167006109975,-101.80549898167007,371.78716904276985,143.26680244399185,14.176171079429734,165.29226069246434,-45.090631364562114,504.93482688391026,66.62423625254581,30.863543788187364,23.985743380855393,158.48981670061096,98.31466395112014,141.48778004073318,128.23116089613032,1,250,Aedes sierrensis,2014.0,"{""type"":""Polygon"",""coordinates"":[[[-114.23200223888155,48.31110071124165],[-114.2400291998982,48.30934565313771],[-114.24492448637852,48.30476523581043],[-114.24477941010224,48.29914627452335],[-114.23965199017621,48.29468014772618],[-114.23154229914893,48.293108182826245],[-114.2236119021537,48.29504318893398],[-114.21895255570357,48.2997308232693],[-114.21938196858662,48.30534334913455],[-114.22473410260609,48.309691832811666],[-114.23200223888155,48.31110071124165]]]}"
000000000000000000d3,180.6662087912088,155.89835164835165,54.710164835164825,4420.656593406594,332.3763736263736,49.95192307692307,282.4244505494505,133.77884615384616,214.5370879120879,241.0563186813186,127.90934065934066,260.9519230769231,43.277472527472526,5.0,63.204670329670336,125.22252747252747,20.0,28.25,117.42445054945053,1,212,Aedes sierrensis,2015.0,"{""type"":""Polygon"",""coordinates"":[[[-117.56800288729919,33.949299383920014],[-117.574438672679,33.94754443763851],[-117.57836394425892,33.94296419830213],[-117.57824807369539,33.93734523055669],[-117.57413694247795,33.932878921975906],[-117.56763407393886,33.931306855871796],[-117.56127500296206,33.93324198380193],[-117.55753923918482,33.937929791516986],[-117.55788400152929,33.9435422982381],[-117.56217552149727,33.94789059716939],[-117.56800288729919,33.949299383920014]]]}"
000000000000000000e7,109.0,125.00486618004867,31.0,9181.026763990267,329.1727493917275,-67.3065693430657,396.47931873479325,98.57785888077858,230.70681265206812,230.70681265206812,-8.0,406.4635036496351,53.0,20.0,27.822384428223838,143.48783454987836,71.0,71.0,86.1094890510949,1,232,Aedes sierrensis,2015.0,"{""type"":""Polygon"",""coordinates"":[[[-112.05000356579257,40.811097857994135],[-112.05705718135589,40.809342864382536],[-112.06135910309885,40.80476254970698],[-112.06123190149377,40.79914358469211],[-112.0567261579298,40.794677353055974],[-112.04959936844104,40.793105329790485],[-112.0426301601843,40.7950404061546],[-112.03853578207735,40.79972814048264],[-112.03891342258687,40.805340655310054],[-112.04361677025102,40.80968903243926],[-112.05000356579257,40.811097857994135]]]}"
000000000000000000e8,109.0,128.26007326007323,32.0,9159.219780219779,331.0,-67.0,398.0,98.52625152625154,230.47130647130646,230.47130647130646,-7.0,418.65934065934067,54.553113553113555,20.0,27.625152625152623,147.54945054945054,71.0,71.0,93.10989010989009,1,233,Aedes sierrensis,2015.0,"{""type"":""Polygon"",""coordinates"":[[[-112.014999622523,40.83099882599567],[-112.02205535461391,40.82924383223322],[-112.02635856665285,40.82466351731754],[-112.02623132621758,40.81904455231139],[-112.02172423081635,40.81457832092047],[-112.01459530395637,40.813006297791524],[-112.00762400554646,40.81494137399129],[-112.0035283989199,40.81962910808544],[-112.00390615204793,40.82524162293867],[-112.00861091051837,40.82959000031711],[-112.014999622523,40.83099882599567]]]}"
000000000000000000e9,109.0,128.44685990338164,32.0,9159.958937198067,331.0,-67.0,398.0,98.4963768115942,230.49637681159422,230.49637681159422,-7.0,411.475845410628,53.757246376811594,20.0,27.574879227053135,145.5905797101449,70.006038647343,70.006038647343,90.85628019323671,1,234,Aedes sierrensis,2015.0,"{""type"":""Polygon"",""coordinates"":[[[-112.0120031066151,40.80230005161568],[-112.0190557871812,40.80054505807075],[-112.02335713892302,40.7959647435013],[-112.0232299544715,40.79034577848259],[-112.01872480809517,40.78587954673807],[-112.01159896281153,40.78430752341226],[-112.00463067790093,40.786242599849],[-112.00053684250479,40.7909303342804],[-112.0009144332639,40.79654284909639],[-112.00561715769028,40.80089122611546],[-112.0120031066151,40.80230005161568]]]}"
000000000000000000ea,167.00689655172414,163.0,50.0,5670.299310344828,353.1834482758621,31.102068965517244,322.08137931034486,106.81241379310346,240.50068965517244,244.99586206896558,101.81241379310345,443.35172413793106,86.00413793103449,3.0,79.61793103448277,231.99034482758626,14.0,25.0,221.99034482758623,1,235,Aedes sierrensis,2015.0,"{""type"":""Polygon"",""coordinates"":[[[-117.03299548380568,33.963599720998424],[-117.03943235088876,33.96184477462669],[-117.04335828191347,33.95726453514668],[-117.04324239151376,33.95164556740644],[-117.03913056940445,33.94717925897235],[-117.03262660849451,33.94560719294991],[-117.02626646927962,33.947542320781736],[-117.02253007763666,33.952230128356874],[-117.02287489754694,33.95784263509345],[-117.02716713854869,33.962190934173826],[-117.03299548380568,33.963599720998424]]]}"
000000000000000000eb,167.01098901098902,163.0,50.0,5668.347527472529,353.1744505494506,31.20879120879121,321.9656593406594,106.88598901098902,240.49313186813188,244.97939560439568,101.8543956043956,443.1428571428572,85.97390109890112,3.0,79.6826923076923,231.93543956043953,14.021978021978024,25.021978021978025,221.90934065934073,1,236,Aedes sierrensis,2015.0,"{""type"":""Polygon"",""coordinates"":[[[-117.03199664516971,33.96269898258562],[-117.03843344409677,33.96094403621957],[-117.04235933357114,33.95636379674861],[-117.04224344442123,33.950744829008045],[-117.03813166584371,33.94627852056472],[-117.03162777376193,33.944706454537126],[-117.02526770185469,33.94664158237514],[-117.02153134977233,33.9513293899591],[-117.02187616605552,33.9569418966947],[-117.02616836162628,33.961290195765685],[-117.03199664516971,33.96269898258562]]]}"
000000000000000000ec,172.23172413793105,149.99034482758623,50.28689655172414,5075.529655172415,330.1627586206898,35.47862068965518,294.6841379310345,118.87448275862072,237.11586206896553,242.11586206896555,113.0593103448276,316.3834482758621,60.573793103448295,2.0,83.35586206896554,173.4151724137931,10.041379310344828,19.04137931034483,165.36965517241384,1,237,Aedes sierrensis,2015.0,"{""type"":""Polygon"",""coordinates"":[[[-117.35199957316921,33.701796979948504],[-117.35841675765764,33.700042035223866],[-117.36233068947419,33.69546179836572],[-117.36221516001483,33.68984283053052],[-117.35811590932313,33.6853765194187],[-117.35163182511165,33.683804451905395],[-117.3452911234765,33.685739581531806],[-117.34156615643323,33.690427391660876],[-117.34190992888193,33.69603989811527],[-117.34618905000671,33.700388194474286],[-117.35199957316921,33.701796979948504]]]}"
000000000000000000ed,178.3031550068587,152.50342935528118,55.0,4290.572016460906,325.92866941015086,50.14540466392318,275.78326474622776,132.721536351166,210.58161865569272,236.72153635116598,127.58161865569274,264.06584362139915,43.72153635116598,5.0,62.18106995884773,125.64746227709192,20.551440329218106,28.824417009602193,118.58161865569272,1,238,Aedes sierrensis,2015.0,"{""type"":""Polygon"",""coordinates"":[[[-117.60199907373062,33.902398559039874],[-117.60843131680853,33.90064361305409],[-117.61235442887526,33.89606337418843],[-117.61223862327036,33.890444406425935],[-117.6081297545472,33.88597809736441],[-117.60163046324367,33.88440603099263],[-117.59527489047356,33.88634115924496],[-117.59154118279628,33.89102896741854],[-117.5918857566274,33.89664147408898],[-117.59617491539402,33.9009897725317],[-117.60199907373062,33.902398559039874]]]}"
000000000000000000be,178.3089655172414,158.29655172413794,52.84689655172416,4902.8193103448275,343.57379310344834,45.17379310344827,298.40000000000003,126.84137931034485,240.13517241379313,245.64689655172415,120.52137931034483,282.4593103448276,54.5296551724138,2.0,80.6993103448276,153.6358620689655,10.037241379310345,18.03724137931035,143.0386206896552,1,191,Aedes sierrensis,2016.0,"{""type"":""Polygon"",""coordinates"":[[[-117.34799975952427,33.957999090075305],[-117.35443620287447,33.956244143738914],[-117.3583618755765,33.951663904315154],[-117.35824599294718,33.94604493657287],[-117.35413444147919,33.941578628081324],[-117.34763090848094,33.940006562026895],[-117.34127118772427,33.94194168989723],[-117.33753504203358,33.94662949752718],[-117.33787983939374,33.95224200425769],[-117.3421717979467,33.956590303279675],[-117.34799975952427,33.957999090075305]]]}"
000000000000000000ce,178.95467032967034,152.86126373626374,55.0,4282.340659340659,326.48626373626365,50.20329670329671,276.28296703296706,133.78296703296704,211.22527472527472,237.53021978021974,128.0,261.5810439560439,43.67307692307692,5.0,63.041208791208796,125.46978021978023,20.001373626373624,28.211538461538456,117.89697802197799,1,207,Aedes sierrensis,2016.0,"{""type"":""Polygon"",""coordinates"":[[[-117.60299791236662,33.914299899751526],[-117.60943105354566,33.91254495369074],[-117.61335471312677,33.90796471470566],[-117.61323889105249,33.9023457469475],[-117.60912944870553,33.89787943800792],[-117.60262925044395,33.89630737170403],[-117.5962727907525,33.898242499874634],[-117.59253856177982,33.90293030793191],[-117.59288318340583,33.9085428146152],[-117.59717294082205,33.91289111318186],[-117.60299791236662,33.914299899751526]]]}"
000000000000000000e3,129.57331571994717,119.39762219286659,44.239101717305154,5393.077939233817,284.85997357992073,15.931307793923382,268.92866578599734,72.14134742404227,198.80052840158518,204.96301188903567,70.17040951122853,547.5350066050198,105.6895640686922,0.7093791281373845,90.40686922060766,300.5019815059445,5.7093791281373845,14.760898282694848,290.8599735799207,1,228,Aedes sierrensis,2016.0,"{""type"":""Polygon"",""coordinates"":[[[-119.18215287763606,34.540295260240576],[-119.18863401006959,34.53854031020456],[-119.19258692683415,34.53396006489166],[-119.19247022470806,34.52834109736266],[-119.18833012999123,34.523874794885764],[-119.1817814671761,34.522302732180016],[-119.17537761361753,34.52423785601944],[-119.17161552851604,34.52892565791288],[-119.17196270413912,34.5345381652772],[-119.1762844512178,34.53888647041176],[-119.18215287763606,34.540295260240576]]]}"
000000000000000000e4,180.44170096021952,155.0644718792867,54.213991769547334,4394.067215363512,331.70096021947876,50.0,281.7009602194788,134.39917695473252,214.1632373113855,240.44170096021946,128.0,266.22908093278465,45.21399176954733,4.786008230452676,64.89026063100138,129.5775034293553,19.63648834019205,27.850480109739376,121.57750342935529,1,229,Aedes sierrensis,2016.0,"{""type"":""Polygon"",""coordinates"":[[[-117.58200000550596,33.951899039834174],[-117.58843598747156,33.95014409353627],[-117.5923613788972,33.945563854173784],[-117.5922455047287,33.93994488642929],[-117.58813424795044,33.93547857787517],[-117.58163118088682,33.9339065117859],[-117.57527191577135,33.935841639698154],[-117.57153603788751,33.94052944738778],[-117.57188081069384,33.94614195411171],[-117.57617246170051,33.950490253070114],[-117.58200000550596,33.951899039834174]]]}"
000000000000000000e5,179.83356258596976,154.74277854195321,54.59559834938102,4366.507565337001,330.4264099037139,49.833562585969744,280.5928473177442,133.87757909215955,213.525447042641,239.7427785419532,127.83356258596973,261.5557083906465,43.43878954607978,5.0,63.46905089408528,125.20632737276478,20.332874828060522,28.580467675378266,117.45392022008251,1,230,Aedes sierrensis,2016.0,"{""type"":""Polygon"",""coordinates"":[[[-117.58200000550593,33.93909696070974],[-117.58843501962326,33.9373420144926],[-117.59235982101414,33.932761775258655],[-117.59224396459399,33.92714280750949],[-117.58813332598756,33.922676498824096],[-117.58163123631707,33.921104432661735],[-117.57527292700198,33.92303956066198],[-117.57153761089769,33.92772736847682],[-117.57188233219729,33.93333987518691],[-117.5761733380628,33.937688174011875],[-117.58200000550593,33.93909696070974]]]}"
000000000000000000e6,106.6393063583815,138.80924855491332,36.0,8376.371098265896,327.72023121387286,-55.169942196531785,382.89017341040466,7.830057803468208,210.63815028901735,216.53526011560697,-0.1699421965317919,330.74797687861275,41.797687861271676,8.0,38.55375722543353,121.80462427745667,37.097109826589595,43.0,110.95144508670522,1,231,Aedes sierrensis,2016.0,"{""type"":""Polygon"",""coordinates"":[[[-116.14200020681139,43.58159976991482],[-116.14937002223941,43.579844754376055],[-116.15386470715686,43.57526440479851],[-116.1537317028886,43.56964544105017],[-116.14902400122506,43.56517924505971],[-116.14157790062673,43.56360724163917],[-116.13429643526345,43.56554229411535],[-116.13001852188414,43.57022999444559],[-116.13041298540846,43.57584251302685],[-116.13532710009528,43.580190926382606],[-116.14200020681139,43.58159976991482]]]}"
00000000000000000055,161.15714285714287,155.8909090909091,44.711688311688306,6786.111688311689,362.51038961038955,16.955844155844158,345.55454545454546,91.15714285714286,249.18961038961038,249.18961038961038,78.17922077922078,490.72727272727263,89.53636363636362,0.38441558441558443,81.65844155844157,249.17142857142852,5.384415584415584,5.384415584415584,244.25844155844155,1,86,Aedes sierrensis,2017.0,"{""type"":""Polygon"",""coordinates"":[[[-119.72599821941749,37.1019953062326],[-119.73269195686699,37.10024033927551],[-119.7367744852591,37.095660067027644],[-119.73665388445211,37.09004110047448],[-119.73237799733278,37.08557482550654],[-119.72561463272021,37.08400277811648],[-119.71900082059095,37.08593788352],[-119.71511533065716,37.090625659176446],[-119.71547382070537,37.09623816943929],[-119.71993728450617,37.1005865025308],[-119.72599821941749,37.1019953062326]]]}"
00000000000000000064,173.45961002785515,147.37465181058496,55.0,4137.435933147633,318.3885793871866,53.83426183844012,264.55431754874655,128.20194986072426,223.90529247910862,231.22005571030638,125.81754874651813,317.7395543175488,59.92339832869081,2.0,82.27019498607244,168.458217270195,7.0,12.0,155.7075208913649,1,101,Aedes sierrensis,2017.0,"{""type"":""Polygon"",""coordinates"":[[[-116.81824963617278,32.691195235397636],[-116.82459319001761,32.68944029693854],[-116.82846223402464,32.68486007005409],[-116.82834805486036,32.679241101857784],[-116.82429583258764,32.67477478055972],[-116.81788610505423,32.67320270737511],[-116.81161811740262,32.67513784382821],[-116.80793588865508,32.67982566367249],[-116.80827574270899,32.685438169053384],[-116.81250578370842,32.68978645506032],[-116.81824963617278,32.691195235397636]]]}"
000000000000000000c9,220.25820895522395,121.25671641791044,45.01641791044776,5024.085074626865,345.9761194029851,80.31343283582089,265.66268656716414,254.11343283582093,151.61940298507463,279.24179104477616,151.61940298507463,619.8283582089553,146.97164179104473,15.113432835820893,72.64477611940299,308.10895522388057,52.10746268656716,219.7238805970149,52.10746268656716,1,202,Aedes sierrensis,2017.0,"{""type"":""Polygon"",""coordinates"":[[[-100.28471894548824,25.686464736156363],[-100.29064309508745,25.68470983769105],[-100.29425645972373,25.680129674471388],[-100.29414997683854,25.674510703971773],[-100.29036562980889,25.67004431765214],[-100.2843794337722,25.668472208265182],[-100.27852562123098,25.670407388295907],[-100.2750868318224,25.675095270154795],[-100.27540437166866,25.68070776868141],[-100.27935485320631,25.685055988608436],[-100.28471894548824,25.686464736156363]]]}"
000000000000000000ca,181.70303867403314,159.01795580110496,53.0,4795.161602209945,344.0,46.820441988950265,297.1795580110497,131.9792817679558,232.7941988950276,247.0,124.97928176795578,259.4917127071823,47.248618784530386,2.589779005524862,76.19060773480662,137.17265193370164,12.125690607734807,20.125690607734807,126.87569060773481,1,203,Aedes sierrensis,2017.0,"{""type"":""Polygon"",""coordinates"":[[[-117.40000179600959,33.96809895396135],[-117.40643900358086,33.966344007561226],[-117.41036514217932,33.961763768036015],[-117.41024924553574,33.9561448002974],[-117.40613720595411,33.951678491909476],[-117.39963290119805,33.950106425912736],[-117.39327242573341,33.95204155371363],[-117.38953583645687,33.95672936124475],[-117.38988067448716,33.962341867986176],[-117.39417314244905,33.96669016711347],[-117.40000179600959,33.96809895396135]]]}"
000000000000000000cb,123.97241379310346,138.36275862068968,46.74896551724139,5759.950344827586,292.80275862068964,0.44275862068965516,292.36,63.57655172413793,193.90896551724134,203.2234482758621,60.63862068965516,726.7310344827586,127.58758620689655,3.0,79.27862068965517,378.2427586206897,31.188965517241378,48.44,360.27310344827583,1,204,Aedes sierrensis,2017.0,"{""type"":""Polygon"",""coordinates"":[[[-116.90854197340398,33.3531666231859],[-116.91493334002078,33.351411680639096],[-116.91883153235307,33.34683144724768],[-116.91871647635088,33.341212479286966],[-116.91463371572127,33.33674616463452],[-116.90817570397638,33.33517409514994],[-116.90186049881179,33.33710922714923],[-116.89815051753855,33.34179704065519],[-116.8984929160288,33.34740954673644],[-116.90275482767534,33.35175783949721],[-116.90854197340398,33.3531666231859]]]}"
000000000000000000cc,171.9958506224067,150.5504840940526,50.72199170124482,5077.762102351315,330.6791147994468,35.623789764868604,295.0553250345782,118.76763485477179,236.9004149377594,241.90041493775934,113.17012448132782,318.432918395574,61.26556016597512,2.0,82.99031811894885,174.56846473029046,10.10235131396957,19.102351313969578,166.29183955739975,1,205,Aedes sierrensis,2017.0,"{""type"":""Polygon"",""coordinates"":[[[-117.3499974367962,33.70759827041904],[-117.3564150546771,33.705843325658016],[-117.36032925070499,33.70126308874194],[-117.36021371329802,33.695644120908845],[-117.35611418579542,33.69117780985617],[-117.34962966391757,33.68960574237581],[-117.34328853428505,33.69154087196257],[-117.33956331568272,33.69622868203522],[-117.33990711119549,33.70184118849585],[-117.34418652120775,33.706189484914994],[-117.3499974367962,33.70759827041904]]]}"
000000000000000000cd,179.60576923076925,154.0247252747253,55.0,4318.336538461539,328.8379120879122,50.0934065934066,278.7445054945055,134.10164835164838,212.6304945054945,238.63049450549454,128.0,267.0673076923077,45.35989010989012,4.983516483516484,64.31318681318682,129.7074175824176,19.69368131868132,27.71016483516484,121.69093406593409,1,206,Aedes sierrensis,2017.0,"{""type"":""Polygon"",""coordinates"":[[[-117.60099577599362,33.935699125707],[-117.60743053333452,33.933944179511286],[-117.6113551781853,33.929363940311454],[-117.6112393264739,33.92374497256106],[-117.60712885187252,33.91927866384083],[-117.60062702151075,33.91770659765906],[-117.59426896577573,33.919641725682666],[-117.59053379871523,33.924329533530724],[-117.59087850634975,33.929942040237144],[-117.59516934105513,33.93429033902672],[-117.60099577599362,33.935699125707]]]}"
000000000000000000cf,182.0,158.0,54.0,4576.148907103825,339.0177595628415,49.517759562841526,289.5,134.0,218.0,244.74453551912566,127.8292349726776,255.51502732240434,43.5122950819672,4.0,66.19535519125681,126.60519125683058,17.153005464480874,25.46448087431694,117.70765027322403,1,208,Aedes sierrensis,2017.0,"{""type"":""Polygon"",""coordinates"":[[[-117.49600178258918,33.973298265789666],[-117.50243938372284,33.97154331935672],[-117.50636576225094,33.96696307977926],[-117.50624985839023,33.96134411204255],[-117.50213756743742,33.95687780370799],[-117.49563286523774,33.95530573774094],[-117.4892720011098,33.95724086550607],[-117.48553518339322,33.96192867298631],[-117.48588004236805,33.96754117973337],[-117.4901727726678,33.97188947891488],[-117.49600178258918,33.973298265789666]]]}"
000000000000000000d0,177.89118457300273,150.92699724517902,55.0,4242.880165289256,323.92699724517894,50.88705234159779,273.0399449035813,133.2066115702479,211.81818181818176,235.94490358126717,127.65151515151516,271.8553719008264,46.242424242424235,5.0,65.24380165289254,132.297520661157,19.549586776859503,27.5495867768595,124.41460055096415,1,209,Aedes sierrensis,2017.0,"{""type"":""Polygon"",""coordinates"":[[[-117.61900162604744,33.895197110838566],[-117.62543332594487,33.893442164898154],[-117.6293561068695,33.88886192610472],[-117.62924031122543,33.88324295833961],[-117.62513178943563,33.87877664920431],[-117.61863304666927,33.877204582791464],[-117.61227801031804,33.87913971109324],[-117.60854461792539,33.88382751933717],[-117.6088891628497,33.889440025999846],[-117.61317795954707,33.893788324367584],[-117.61900162604744,33.895197110838566]]]}"
000000000000000000d1,178.52054794520546,157.14520547945207,53.16575342465753,4732.143835616438,338.88356164383566,46.22191780821918,292.6616438356165,129.14383561643834,233.08904109589045,243.65479452054794,123.5027397260274,268.62739726027394,47.88767123287671,3.0,73.83561643835617,139.23424657534247,14.0,22.0,129.4986301369863,1,210,Aedes sierrensis,2017.0,"{""type"":""Polygon"",""coordinates"":[[[-117.42600281425219,33.91719831543626],[-117.432436174232,33.9154433693572],[-117.43635996720185,33.91086313034305],[-117.43624414111518,33.90524416258594],[-117.43213455901858,33.900777853676054],[-117.42563413979845,33.89920578738871],[-117.41927746402986,33.9011409155394],[-117.4155431080561,33.90582872356835],[-117.4158877413262,33.91144123025477],[-117.420177644589,33.915789528851604],[-117.42600281425219,33.91719831543626]]]}"
000000000000000000d2,182.06593406593407,158.04258241758242,54.0,4645.634615384616,341.43681318681325,50.23351648351649,291.20329670329676,134.0,222.97664835164835,246.0,127.95741758241758,266.0206043956044,46.73489010989011,3.1689560439560442,70.62087912087914,135.99175824175825,15.53846153846154,24.178571428571434,126.20467032967034,1,211,Aedes sierrensis,2017.0,"{""type"":""Polygon"",""coordinates"":[[[-117.48400234165436,33.99719904743614],[-117.49044175326136,33.995444100852296],[-117.49436923551842,33.99086386103462],[-117.49425329845742,33.98524489330661],[-117.49013985114193,33.98077858521737],[-117.48363332061417,33.97920651938692],[-117.47727066854989,33.98114164698764],[-117.47353279995899,33.98582945423388],[-117.47387775528323,33.99144196100679],[-117.47817169239494,33.99579026043764],[-117.48400234165436,33.99719904743614]]]}"
000000000000000000d4,170.42148760330576,150.43388429752065,50.23691460055095,5170.460055096419,331.26033057851237,34.446280991735534,296.81404958677683,116.04683195592285,236.7548209366391,241.3305785123967,110.07988980716252,339.5192837465564,66.39944903581268,2.0,83.66391184573003,186.86088154269973,10.0,19.0,178.09504132231402,1,213,Aedes sierrensis,2017.0,"{""type"":""Polygon"",""coordinates"":[[[-117.29099907075806,33.67989833467504],[-117.29741462040163,33.67814339008771],[-117.3013275555589,33.67356315344816],[-117.30121205607958,33.667944185605045],[-117.29711384957528,33.66347787426998],[-117.29063141633064,33.661905806632376],[-117.28429232918901,33.6638409364084],[-117.28056831107796,33.66852874675038],[-117.28091199652427,33.674141253181254],[-117.28519002790651,33.678489549313404],[-117.29099907075806,33.67989833467504]]]}"
000000000000000000d5,139.37227214377407,113.52246469833119,50.6803594351733,4046.803594351733,264.77920410783054,43.16559691912708,221.6136071887034,92.39281129653403,187.9833119383825,193.1874197689345,91.16816431322209,762.8100128369705,154.24005134788186,1.8446726572528882,86.70474967907573,395.7201540436457,9.844672657252888,15.319640564826699,395.7201540436457,1,214,Aedes sierrensis,2017.0,"{""type"":""Polygon"",""coordinates"":[[[-122.21975940175919,37.88362221168901],[-122.22652355509783,37.881867239341865],[-122.23064901146573,37.87728695851422],[-122.23052711931085,37.871667992272016],[-122.22620625706216,37.867201726066696],[-122.21937178223754,37.86562968355519],[-122.2126884308692,37.86756478308627],[-122.20876206861884,37.872252550385234],[-122.20912430597458,37.877865061571256],[-122.21363470702886,37.88221340356811],[-122.21975940175919,37.88362221168901]]]}"
000000000000000000d6,118.96565934065939,160.92719780219787,48.00274725274727,6148.865384615387,305.17719780219784,-24.62087912087913,329.798076923077,54.20879120879122,195.99175824175833,201.1565934065935,47.38598901098902,686.2513736263738,122.04945054945058,3.0,77.80219780219781,349.1098901098902,29.58516483516484,48.898351648351664,341.7596153846155,1,215,Aedes sierrensis,2017.0,"{""type"":""Polygon"",""coordinates"":[[[-116.95863551463843,34.1052653614664],[-116.96508313896517,34.10351041419917],[-116.96901562798881,34.098930173293695],[-116.96889954032403,34.09331120560507],[-116.96478084748385,34.08884489862683],[-116.95826602324252,34.087272833414936],[-116.95189526069056,34.089207960271075],[-116.94815262509415,34.0938957664577],[-116.94849801748167,34.09950827334769],[-116.95279742896787,34.10385657390761],[-116.95863551463843,34.1052653614664]]]}"
000000000000000000d7,167.7341597796143,147.14600550964184,51.0,4961.169421487602,324.50413223140487,36.991735537190074,287.51239669421483,115.56887052341595,230.58677685950408,236.51377410468316,110.45179063360878,374.2066115702479,72.36501377410467,2.0,84.55922865013773,205.16804407713494,10.0,19.19008264462809,195.97796143250687,1,216,Aedes sierrensis,2017.0,"{""type"":""Polygon"",""coordinates"":[[[-117.39700528010164,33.70110136018416],[-117.40342241263129,33.699346415463886],[-117.40733631277193,33.69476617861269],[-117.40722078426539,33.68914721077724],[-117.40312156676016,33.684680899658325],[-117.39663753501982,33.683108832141066],[-117.39029688469665,33.68504396177224],[-117.3865719478124,33.68973177190807],[-117.38691571749601,33.6953442783617],[-117.39119480398648,33.69969257471353],[-117.39700528010164,33.70110136018416]]]}"
000000000000000000d8,178.15912208504804,155.2962962962963,54.0,4512.187928669411,332.43209876543216,48.12482853223594,284.30727023319616,130.80246913580248,218.00685871056245,240.00823045267495,125.28395061728395,273.07956104252406,45.02194787379973,4.643347050754459,63.86556927297669,131.39506172839506,20.13443072702332,28.895747599451308,123.4170096021948,1,217,Aedes sierrensis,2017.0,"{""type"":""Polygon"",""coordinates"":[[[-117.53999973268355,33.914897419292686],[-117.54643291896663,33.91314247322813],[-117.55035660604477,33.90856223423707],[-117.55024078314337,33.902943266479106],[-117.54613131198815,33.898476957545654],[-117.53963106817767,33.89690489124518],[-117.53327456394362,33.89884001941167],[-117.52954030879067,33.9035278274631],[-117.52988493281707,33.909140334147054],[-117.53417472029837,33.913488632719925],[-117.53999973268355,33.914897419292686]]]}"
000000000000000000d9,86.74838709677418,101.86989247311828,41.0,5085.466666666667,234.83548387096775,-11.19784946236559,246.03333333333336,30.584946236559144,151.76021505376346,153.7483870967742,25.596774193548384,2494.037634408602,402.16129032258067,30.9247311827957,62.46129032258065,1165.9806451612903,167.61505376344084,177.27956989247312,1091.5354838709677,1,218,Aedes sierrensis,2017.0,"{""type"":""Polygon"",""coordinates"":[[[-122.36757414257985,45.7772477513284],[-122.3752286475485,45.775492716929065],[-122.37989688352948,45.770912337331346],[-122.37975865167562,45.76529337467315],[-122.37486911849338,45.76082720934254],[-122.36713553249838,45.759255222990824],[-122.35957293246994,45.76119025492073],[-122.35512977394038,45.76587792600841],[-122.35553938066445,45.771490447817676],[-122.36064325639738,45.77583889233305],[-122.36757414257985,45.7772477513284]]]}"
000000000000000000da,152.26370757180158,137.9229765013055,42.0,6681.548302872063,333.68146214099215,10.221932114882508,323.45953002610963,83.0574412532637,240.36945169712797,240.4751958224543,73.24281984334205,308.1749347258486,55.21409921671019,1.0,81.0,163.21409921671017,6.894255874673628,10.513054830287206,149.68798955613576,1,219,Aedes sierrensis,2017.0,"{""type"":""Polygon"",""coordinates"":[[[-118.6810034284414,35.03407381539391],[-118.68752347663411,35.03231886217989],[-118.69150011784446,35.027738611808225],[-118.691382702101,35.022119644462464],[-118.68721775159786,35.01765334715213],[-118.68062978921145,35.01608128732291],[-118.6741875042945,35.01801640769978],[-118.67040283086007,35.022704204665544],[-118.67075207751157,35.0283167125743],[-118.67509976478247,35.03266502295956],[-118.6810034284414,35.03407381539391]]]}"
000000000000000000db,159.03145478374836,142.21625163826997,42.7916120576671,6731.850589777195,342.129750982962,12.771952817824378,329.35779816513764,89.74836173001312,247.32896461336827,247.39187418086502,78.53342070773265,308.5045871559633,56.019659239842724,1.0,81.52555701179554,164.86631716906948,6.0,6.3774574049803405,149.7916120576671,1,220,Aedes sierrensis,2017.0,"{""type"":""Polygon"",""coordinates"":[[[-118.70586291681433,35.015109258613606],[-118.71238145278475,35.013354305522356],[-118.71635717208989,35.008774055346116],[-118.7162397840767,35.003155087993264],[-118.71207579944131,34.99868879048336],[-118.70548936419188,34.99711673054303],[-118.69904857267413,34.99905185105365],[-118.69526477699678,35.00373964820975],[-118.69561394317036,35.009352156097485],[-118.69996062243469,35.013700466279914],[-118.70586291681433,35.015109258613606]]]}"
000000000000000000dc,89.07220708446867,139.20435967302458,45.0,5987.08719346049,262.1539509536785,-42.30653950953679,304.4604904632153,25.8283378746594,164.5231607629428,171.25340599455046,22.742506811989102,746.7275204359674,140.76702997275206,3.374659400544959,83.44686648501363,398.9128065395096,24.217983651226156,44.38283378746594,387.6730245231608,1,221,Aedes sierrensis,2017.0,"{""type"":""Polygon"",""coordinates"":[[[-117.71464042544176,34.39792954090721],[-117.72111051282157,34.39617459178046],[-117.7250566961254,34.391594347914946],[-117.7249401965392,34.385975380333534],[-117.7208071563804,34.3815090763784],[-117.71426964755017,34.379937012849645],[-117.7078767015608,34.38187213767974],[-117.70412102747001,34.38655994098305],[-117.70446761529605,34.392172448191616],[-117.70878200004171,34.39652075182387],[-117.71464042544176,34.39792954090721]]]}"
000000000000000000dd,88.76446700507614,77.82030456852793,39.42741116751269,4224.124873096446,200.78071065989843,5.51979695431472,195.26091370558376,41.61928934010152,143.0751269035533,143.59187817258882,37.619289340101524,1064.0355329949239,182.848730964467,20.741116751269033,66.64771573604061,530.3289340101522,73.88527918781725,92.75025380710659,477.84365482233505,1,222,Aedes sierrensis,2017.0,"{""type"":""Polygon"",""coordinates"":[[[-123.54660951122254,48.48748937161281],[-123.55466435142228,48.485734311771864],[-123.55957663293745,48.481153891679895],[-123.55943104408617,48.47553493049333],[-123.55428581786089,48.47106880651976],[-123.54614797494368,48.469496843191706],[-123.53819004791072,48.47143184740731],[-123.53351451932232,48.47611947904954],[-123.53394541447332,48.48173200521195],[-123.53931613100083,48.486080491758706],[-123.54660951122254,48.48748937161281]]]}"
000000000000000000de,178.84456671251718,153.06327372764787,55.0,4287.881705639615,326.6850068775791,49.902338376891336,276.7826685006878,133.5433287482806,211.08253094910594,237.25722145804676,127.80467675378267,257.9986244841815,42.323246217331494,5.0,61.0949105914718,121.93947730398902,20.356258596973866,29.028885832187072,114.888583218707,1,223,Aedes sierrensis,2017.0,"{""type"":""Polygon"",""coordinates"":[[[-117.59600158281374,33.90789663063877],[-117.60243424072246,33.90614168461833],[-117.60635760568482,33.90156144569751],[-117.60624179247274,33.89594247793702],[-117.60213265879409,33.89147616893182],[-117.59563294856872,33.88990410259141],[-117.58927696613175,33.89183923080598],[-117.58554301766935,33.896527038925825],[-117.58588761357682,33.902139545602225],[-117.59017704885828,33.90648784410218],[-117.59600158281374,33.90789663063877]]]}"
000000000000000000df,126.14631043256998,110.32951653944019,55.06615776081425,3346.12213740458,236.75826972010177,39.100508905852415,197.65776081424934,88.9567430025445,166.71374045801525,171.96437659033077,88.9567430025445,899.1501272264632,175.7824427480916,2.0,85.41603053435115,463.7239185750636,13.0,17.37277353689567,463.7239185750636,1,224,Aedes sierrensis,2017.0,"{""type"":""Polygon"",""coordinates"":[[[-122.33339513300518,37.41021728924888],[-122.34011631276549,37.40846232017975],[-122.34421557095196,37.40388204456998],[-122.34409446689227,37.398263078138655],[-122.33980105217165,37.39379680660426],[-122.33300997464443,37.39222476112582],[-122.32636906183716,37.39415986422828],[-122.32246764324188,37.39884763660993],[-122.3228275936905,37.40446014723452],[-122.32730934977099,37.408808483815505],[-122.33339513300518,37.41021728924888]]]}"
000000000000000000e0,91.17423312883436,149.920245398773,36.36687116564417,8755.230674846625,320.5668711656441,-88.26257668711658,408.8294478527608,80.59263803680982,206.28834355828224,206.28834355828224,-19.8159509202454,568.241717791411,68.50184049079755,22.633128834355826,28.7239263803681,191.5680981595092,82.26993865030676,82.26993865030676,151.40368098159513,1,225,Aedes sierrensis,2017.0,"{""type"":""Polygon"",""coordinates"":[[[-111.82299964936372,40.76939634494231],[-111.83004883671849,40.767641351646525],[-111.83434805889807,40.763061037473655],[-111.83422093853325,40.757442072440554],[-111.82971802328942,40.75297584029101],[-111.82259570561904,40.751403816739696],[-111.81563087039093,40.75333889344787],[-111.81153906259826,40.758026628265576],[-111.81191646748638,40.763639143038915],[-111.81661686345495,40.76798751964636],[-111.82299964936372,40.76939634494231]]]}"
000000000000000000e1,105.0964590964591,141.58485958485963,34.0,9045.954822954824,332.74481074481076,-75.02686202686205,407.77167277167274,96.26495726495729,224.40170940170944,224.40170940170944,-9.903540903540906,429.80830280830287,54.47863247863248,20.0,26.01709401709402,148.18437118437123,71.0,71.0,104.4932844932845,1,226,Aedes sierrensis,2017.0,"{""type"":""Polygon"",""coordinates"":[[[-111.87699936312096,40.742200287617344],[-111.88404566757946,40.740445294527305],[-111.88834313226228,40.735864980681924],[-111.88821606478699,40.73024601563696],[-111.88371499086425,40.72577978315294],[-111.87659558448195,40.724207759415414],[-111.86963359622675,40.72614283634773],[-111.86554346178559,40.73083057148445],[-111.86592071327684,40.73644308622256],[-111.87061918760307,40.74079146249008],[-111.87699936312096,40.742200287617344]]]}"
000000000000000000e2,105.50302297460702,140.9576783555018,34.0,9050.25030229746,333.11245465538093,-74.15598548972189,407.26844014510283,96.53929866989118,224.9637243047158,224.9637243047158,-9.496977025392987,430.68681983071343,54.69528415961307,20.0,26.198307134220077,149.07980652962513,71.0,71.0,104.37847642079807,1,227,Aedes sierrensis,2017.0,"{""type"":""Polygon"",""coordinates"":[[[-111.88200247450294,40.758400201744514],[-111.88905049574508,40.75664520853195],[-111.89334900702879,40.75206489449152],[-111.89322190805746,40.74644592945362],[-111.88871973761592,40.74197969716881],[-111.8815985975424,40.74040767354219],[-111.87463491389609,40.74234275034101],[-111.87054378296311,40.74703048528774],[-111.87092112580325,40.752643000046824],[-111.87562074448013,40.756991376516794],[-111.88200247450294,40.758400201744514]]]}"
00000000000000000025,93.63529411764706,106.0,39.0,5723.893048128343,252.94759358288775,-16.250267379679144,269.1978609625669,28.896256684491984,166.86310160427809,167.86310160427809,22.79572192513369,2561.4021390374332,457.1818181818182,21.755080213903742,71.19893048128343,1277.268449197861,126.74973262032086,144.11978609625666,1212.2823529411764,1,38,Aedes sierrensis,2018.0,"{""type"":""Polygon"",""coordinates"":[[[-121.95191011968083,45.829490579270576],[-121.95957180554636,45.8277355444046],[-121.96424441907524,45.82315516406411],[-121.96410605531976,45.817536201432894],[-121.95921193570189,45.813070036860864],[-121.95147109836078,45.81149805093146],[-121.94390140717026,45.81343308235303],[-121.93945408056541,45.818120752717185],[-121.93986406921024,45.823733274606305],[-121.94497273136902,45.82808171989264],[-121.95191011968083,45.829490579270576]]]}"
0000000000000000002e,81.25778732545649,105.05263157894736,39.0,5591.845327604726,240.01933404940925,-24.74328678839957,264.76262083780875,19.011815252416756,154.0644468313641,154.73791621911923,13.40923737916219,2488.533834586466,427.17722878625136,24.992481203007515,68.05263157894736,1215.676691729323,140.3426423200859,156.10741138560684,1149.3963480128891,1,47,Aedes sierrensis,2018.0,"{""type"":""Polygon"",""coordinates"":[[[-121.99703176324064,45.83690606432246],[-122.00469446999028,45.83515102939017],[-122.00936770586033,45.83057064894414],[-122.00922932335267,45.82495168631676],[-122.00433455169663,45.82048552185252],[-121.99659268345621,45.81891353598313],[-121.98902198413919,45.82084856733245],[-121.984574064973,45.82553623759381],[-121.98498410791406,45.831148759494276],[-121.99009345054286,45.835497204890146],[-121.99703176324064,45.83690606432246]]]}"
00000000000000000043,85.6456102783726,105.8543897216274,39.0,5620.854389721628,244.56852248394003,-21.43683083511777,266.0053533190578,22.563169164882233,158.41970021413277,158.94432548179873,16.73233404710921,2515.2847965738756,435.8929336188437,24.145610278372587,68.85438972162741,1234.3201284796573,137.30406852248393,153.30406852248393,1168.2922912205565,1,68,Aedes sierrensis,2018.0,"{""type"":""Polygon"",""coordinates"":[[[-121.99299627678725,45.825000264509754],[-122.00065734466925,45.82324522968391],[-122.00532958146908,45.81866484940733],[-122.00519122906509,45.81304588677379],[-122.000297504153,45.80857972213651],[-121.99255729085814,45.807007736170775],[-121.98498820992855,45.80894276763606],[-121.98054124202562,45.81363043806247],[-121.98095119780272,45.81924295994472],[-121.9860594480447,45.82359140516472],[-121.99299627678725,45.825000264509754]]]}"
00000000000000000082,79.89881593110874,104.72874058127022,39.0,5570.78040904198,238.40904198062438,-25.3735199138859,263.78256189451025,18.03229278794403,152.56404736275564,153.3196986006459,12.628632938643706,2488.8223896663085,425.4370290635092,25.578040904198065,67.72874058127019,1213.0839612486548,142.4628632938644,158.03552206673848,1146.4564047362758,1,131,Aedes sierrensis,2018.0,"{""type"":""Polygon"",""coordinates"":[[[-122.00351083707129,45.83815015351637],[-122.01117371513294,45.836395118572945],[-122.01584705543652,45.83181473810921],[-122.01570866978209,45.82619577548247],[-122.01081378870914,45.82172961103632],[-122.0030717474761,45.820157625176996],[-121.99550087898787,45.8220926565142],[-121.99105286038544,45.82678032675831],[-121.99146291243781,45.832392848660675],[-121.9965723692546,45.83674129407493],[-122.00351083707129,45.83815015351637]]]}"
00000000000000000094,104.991462113127,94.81430096051226,40.0,4873.552828175026,238.06830309498403,4.647812166488794,233.42049092849518,51.159018143009604,168.4076840981857,168.4076840981857,46.26360725720385,1072.9199573105657,168.91675560298825,20.464247598719314,60.22305229455711,502.974386339381,87.2742796157951,87.62966915688366,456.10885805763075,1,149,Aedes sierrensis,2018.0,"{""type"":""Polygon"",""coordinates"":[[[-122.48990066177906,47.399544519289925],[-122.49778774410424,47.39778946997535],[-122.50259776065859,47.39320906663758],[-122.502455255589,47.38759010484199],[-122.4974171756452,47.383123963757235],[-122.48944873248172,47.38155199090338],[-122.48165646326655,47.38348700658549],[-122.47707830777145,47.388174654548024],[-122.47750028307289,47.39378717890952],[-122.48275918235775,47.39813564806605],[-122.48990066177906,47.399544519289925]]]}"
000000000000000000aa,126.94695989650714,146.84346701164296,44.15653298835705,6485.833117723158,315.34152652005173,-12.48641655886158,327.82794307891334,59.472186287192756,213.2535575679172,213.49805950840883,52.85252263906857,818.053040103493,155.0776196636481,2.7490297542043987,82.3143596377749,421.90815006468307,14.062095730918498,21.70375161707633,417.90297542043993,1,171,Aedes sierrensis,2018.0,"{""type"":""Polygon"",""coordinates"":[[[-119.26599735474399,37.037998287913524],[-119.27268544655715,37.036243321392824],[-119.27676453317054,37.031663049839565],[-119.2766440358952,37.026044083261226],[-119.27237175468476,37.021577807583874],[-119.26561409138118,37.020005759798856],[-119.25900585460687,37.0219408656778],[-119.25512364163593,37.02662864201085],[-119.25548183123846,37.03224115219897],[-119.2599415318145,37.03658948456951],[-119.26599735474399,37.037998287913524]]]}"
000000000000000000b1,172.99445983379505,132.06094182825484,52.764542936288095,4115.803324099724,301.33518005540174,52.97922437673131,248.35595567867037,129.01800554016623,223.27562326869807,229.5526315789474,123.99445983379502,290.16620498614964,55.78531855955679,2.0,82.76592797783935,157.62049861495845,8.0,15.513850415512465,148.34210526315792,1,178,Aedes sierrensis,2018.0,"{""type"":""Polygon"",""coordinates"":[[[-117.23846194214636,33.41693622735122],[-117.24485799801336,33.41518128440737],[-117.24875904907717,33.41060105038393],[-117.24864390708116,33.40498208244609],[-117.24455815139356,33.40051576843915],[-117.2380954041581,33.39894369931396],[-117.23177556811994,33.400878830880636],[-117.22806286501027,33.405566643770946],[-117.22840551304918,33.41117914992024],[-117.23267055041947,33.41552744333701],[-117.23846194214636,33.41693622735122]]]}"
000000000000000000b2,196.10960960960963,126.23273273273273,49.6051051051051,4487.156156156156,315.65615615615616,62.647147147147145,253.009009009009,231.24174174174172,143.5960960960961,249.17717717717716,135.16516516516515,640.3123123123123,164.8063063063063,12.677177177177176,83.32132132132132,335.3438438438438,44.310810810810814,255.30480480480483,45.827327327327325,1,179,Aedes sierrensis,2018.0,"{""type"":""Polygon"",""coordinates"":[[[-100.21291404122462,25.636197289980867],[-100.21883569450138,25.634442391784138],[-100.22244753735835,25.629862228992035],[-100.22234110033196,25.624243258476962],[-100.21855834770116,25.619776871720656],[-100.21257467246842,25.618204762090567],[-100.20672332504631,25.620139942413957],[-100.20328598460135,25.62482782468932],[-100.20360339168465,25.63044032316989],[-100.20755220930273,25.63478854265314],[-100.21291404122462,25.636197289980867]]]}"
000000000000000000b3,138.53888130968625,104.38608458390179,55.922237380627564,2887.3219645293316,237.0054570259209,52.497953615279684,184.50750341064122,106.66030013642568,170.35197817189635,178.76261937244206,106.66030013642568,540.3942701227832,113.93042291950889,0.0,98.22510231923604,316.324693042292,1.9372442019099594,7.18281036834925,316.324693042292,1,180,Aedes sierrensis,2018.0,"{""type"":""Polygon"",""coordinates"":[[[-119.79506969473535,34.039556048342824],[-119.80151232012369,34.037801101491326],[-119.80544176161632,34.03322086124762],[-119.80532576562133,34.027601893535035],[-119.80121026564001,34.023135585880915],[-119.79470048963671,34.02156352029272],[-119.78833466379642,34.02349864760182],[-119.78459492979262,34.02818645443306],[-119.78494005614729,34.03379896125183],[-119.78923613547775,34.038147261124884],[-119.79506969473535,34.039556048342824]]]}"
000000000000000000b4,143.0,115.59615384615387,51.346153846153854,4014.7076923076925,265.75769230769225,42.491025641025644,223.26666666666665,92.73589743589743,189.5076923076923,194.45128205128205,92.73589743589743,670.1461538461539,138.91666666666666,1.0,87.42307692307692,351.4346153846154,7.798717948717949,12.82948717948718,351.4346153846154,1,181,Aedes sierrensis,2018.0,"{""type"":""Polygon"",""coordinates"":[[[-122.15097776800981,37.936302031534424],[-122.15774676603543,37.934547058819916],[-122.16187517589077,37.929966777407486],[-122.16175319488705,37.92434781118648],[-122.15742923830305,37.919881545578384],[-122.15058987102589,37.91830950339939],[-122.14390173528935,37.920244602530225],[-122.13997256098092,37.924932369259565],[-122.14033505615245,37.930544880508506],[-122.14484868653697,37.93489322311233],[-122.15097776800981,37.936302031534424]]]}"
000000000000000000b5,133.9328165374677,118.69638242894058,57.60594315245478,3185.3888888888887,242.70155038759685,38.0297157622739,204.67183462532296,95.11498708010338,171.5749354005168,176.19121447028422,95.11498708010338,748.4870801033593,153.20542635658916,2.0,87.24806201550388,397.15374677002586,9.742894056847545,14.505167958656333,397.15374677002586,1,182,Aedes sierrensis,2018.0,"{""type"":""Polygon"",""coordinates"":[[[-122.21854206717157,37.261537482823826],[-122.22524995706605,37.259782514775665],[-122.2293411132856,37.25520224079104],[-122.22922025294422,37.249583274300825],[-122.22493532655618,37.24511700110664],[-122.21815766994183,37.24354495470412],[-122.21152988155123,37.24548005891892],[-122.20763617694817,37.250167832883605],[-122.20799542014987,37.255780343333335],[-122.212468317577,37.2601286782275],[-122.21854206717157,37.261537482823826]]]}"
000000000000000000b6,129.79795396419436,153.85805626598463,53.0,4792.12915601023,299.21994884910487,10.808184143222505,288.4117647058823,79.14450127877237,191.9859335038363,195.05754475703318,76.51278772378515,643.6317135549872,121.99744245524296,2.0,86.24808184143222,334.87340153452686,8.936061381074168,15.760869565217389,332.2033248081841,1,183,Aedes sierrensis,2018.0,"{""type"":""Polygon"",""coordinates"":[[[-121.49531600821214,36.771040826045834],[-121.50198074159921,36.7692858613375],[-121.50604558809027,36.76470559266917],[-121.50592551916635,36.75908662598629],[-121.50166815715289,36.75462034736252],[-121.49493408262332,36.7530482979371],[-121.48834891349681,36.754983405790654],[-121.48448025873111,36.759671184933886],[-121.48483720525661,36.765283694811565],[-121.48928133575025,36.76963202418772],[-121.49531600821214,36.771040826045834]]]}"
000000000000000000b7,104.0,146.0905923344948,37.081300813008134,8280.355400696864,324.295005807201,-62.0,386.2950058072009,4.0,203.95470383275264,211.87340301974447,-3.0,290.082462253194,35.81997677119629,7.0,35.34959349593497,104.02903600464577,35.10801393728223,40.51451800232289,94.1103368176539,1,184,Aedes sierrensis,2018.0,"{""type"":""Polygon"",""coordinates"":[[[-116.40499798694364,43.61879759090265],[-116.41237235990704,43.61704257505599],[-116.41686982318821,43.61246222498835],[-116.41673673525779,43.6068432612578],[-116.41202612268494,43.602377065767875],[-116.40457541975061,43.600805062626],[-116.39728945372143,43.602740114766746],[-116.39300889496506,43.60742781461959],[-116.39340360094022,43.61304033325354],[-116.39832075349076,43.617388747118014],[-116.40499798694364,43.61879759090265]]]}"
000000000000000000b8,97.10520487264672,145.78073089701,37.0,8280.912513842746,320.4008859357697,-67.14839424141749,387.54928017718714,-1.5027685492801768,198.64784053156146,205.3720930232558,-9.148394241417497,373.2990033222591,49.35658914728682,8.49390919158361,40.52934662236988,142.9966777408638,40.55149501661129,46.05204872646733,132.99667774086376,1,185,Aedes sierrensis,2018.0,"{""type"":""Polygon"",""coordinates"":[[[-116.25499828660676,43.733601606624674],[-116.2623867808176,43.7318465898253],[-116.2668928526862,43.727266238241214],[-116.26675950552867,43.72164727456571],[-116.2620398736811,43.717181080624556],[-116.25457491069582,43.71560907834489],[-116.24727499963363,43.71754412944775],[-116.24298624433708,43.722231827823435],[-116.24338170152625,43.72784434662048],[-116.24830826670984,43.73219276205893],[-116.25499828660676,43.733601606624674]]]}"
000000000000000000b9,103.75754060324824,144.0,37.0,8301.881670533643,325.24709976798147,-60.32714617169374,385.5742459396752,4.230858468677495,205.2308584686775,212.24709976798144,-2.7726218097447797,317.08584686774947,39.73665893271461,8.0,36.965197215777266,115.7018561484919,37.0,42.0,105.94315545243617,1,186,Aedes sierrensis,2018.0,"{""type"":""Polygon"",""coordinates"":[[[-116.29699855942917,43.6581982078109],[-116.3043777693636,43.65644319163768],[-116.30887818135724,43.65186284105024],[-116.30874500463423,43.64624387733856],[-116.30403130267617,43.641777682379505],[-116.29657571522475,43.64020567953317],[-116.28928497258214,43.642140731318165],[-116.2850016062531,43.646828430664684],[-116.28539656954356,43.652440949354535],[-116.29031694621737,43.65678936375852],[-116.29699855942917,43.6581982078109]]]}"
000000000000000000ba,169.07015130674006,150.96836313617607,50.173314993122425,5168.639614855572,331.35488308115544,34.75103163686382,296.60385144429165,114.55845942228338,235.07015130674003,240.37001375515825,109.07015130674003,354.18707015130684,69.8225584594223,2.0,84.48555708390647,195.02751031636865,10.001375515818435,19.00275103163687,185.29711141678135,1,187,Aedes sierrensis,2018.0,"{""type"":""Polygon"",""coordinates"":[[[-117.24899879793567,33.67009723055956],[-117.25541361645041,33.66834228603366],[-117.25932610588572,33.66376204949191],[-117.25921061981401,33.65814308164525],[-117.255112880287,33.6536767702103],[-117.24863118538117,33.6521047025171],[-117.24229282026683,33.65403983236006],[-117.23856922653346,33.65872764279731],[-117.23891287307092,33.66434014921765],[-117.24319041710285,33.66868844524829],[-117.24899879793567,33.67009723055956]]]}"
000000000000000000bb,144.73306772908364,128.2895086321381,52.43426294820716,4030.239043824701,277.5949535192563,34.79548472775564,242.79946879150063,101.49933598937581,194.62416998671978,200.36122177954846,98.74900398406376,608.2390438247011,128.83665338645415,0.0,96.9309428950863,358.7264276228419,2.0,10.233731739707835,342.4369189907039,1,188,Aedes sierrensis,2018.0,"{""type"":""Polygon"",""coordinates"":[[[-119.84034740683202,34.53028903747664],[-119.84682776042042,34.52853408750463],[-119.85078020237304,34.523953842293636],[-119.85066351452909,34.518334874760946],[-119.84652391726647,34.51386857217997],[-119.83997604097779,34.51229650941631],[-119.83357295656964,34.51423163332546],[-119.82981132354246,34.518919435318146],[-119.83015845771679,34.52453194267151],[-119.83447968563843,34.52888024770031],[-119.84034740683202,34.53028903747664]]]}"
000000000000000000bc,133.90012804097313,118.65300896286814,57.61971830985916,3183.8578745198465,242.61843790012804,38.035851472471194,204.58258642765685,95.1088348271447,171.51856594110114,176.14980793854033,95.1088348271447,748.4250960307298,153.18693982074265,2.0,87.24327784891166,397.0960307298336,9.73495518565941,14.503201024327787,397.0960307298336,1,189,Aedes sierrensis,2018.0,"{""type"":""Polygon"",""coordinates"":[[[-122.21887204064957,37.2616177466428],[-122.2255799376921,37.25986277859408],[-122.22967109826936,37.25528250460858],[-122.22955023779693,37.2496635381184],[-122.22526530684335,37.2451972649251],[-122.21848764301043,37.243625218523086],[-122.21185984756076,37.24556032273729],[-122.2079661388086,37.250248096701135],[-122.20832538239068,37.25586060715095],[-122.21279828458255,37.26020894204603],[-122.21887204064957,37.2616177466428]]]}"
000000000000000000bd,104.50865051903115,143.57900807381776,37.0,8316.140715109574,326.3056516724336,-59.44175317185698,385.74740484429066,4.852364475201846,206.22260668973468,213.42560553633214,-2.4417531718569783,317.8673587081892,40.0,8.0,37.0876585928489,116.08765859284892,37.0,42.049596309111884,106.10726643598616,1,190,Aedes sierrensis,2018.0,"{""type"":""Polygon"",""coordinates"":[[[-116.27899716847642,43.65439905371336],[-116.28637591158368,43.652644037571655],[-116.29087603899033,43.64806368703437],[-116.29074287083694,43.64244472332087],[-116.28602946704251,43.63797852831059],[-116.27857435100704,43.63640652543574],[-116.27128406936625,43.63834157725506],[-116.2670009740025,43.64302927665043],[-116.26739591245892,43.648641795334896],[-116.2723159779652,43.65299020968682],[-116.27899716847642,43.65439905371336]]]}"
000000000000000000bf,86.83943089430893,78.61178861788619,39.0,4338.721544715447,201.64532520325207,2.2042682926829267,199.44105691056913,38.83943089430893,142.8160569105691,142.9542682926829,34.47764227642276,1067.596544715447,186.0558943089431,21.370934959349594,66.5701219512195,533.2154471544715,75.95833333333334,88.47560975609757,481.46849593495944,1,192,Aedes sierrensis,2018.0,"{""type"":""Polygon"",""coordinates"":[[[-123.50870715226824,48.533395816958034],[-123.51676929257124,48.53164075666302],[-123.52168602419415,48.52706033584837],[-123.52154030112023,48.52144137468809],[-123.51639041235586,48.5169752514526],[-123.50824519793785,48.51540328853543],[-123.50028006223413,48.51733829225643],[-123.49560029638864,48.5220259231947],[-123.4960315796619,48.52763844943479],[-123.50140716197409,48.531986936731656],[-123.50870715226824,48.533395816958034]]]}"
000000000000000000c0,108.0,134.7330917874396,33.0,9098.644927536232,333.0,-69.0,402.0,98.0,228.3683574879227,228.3683574879227,-7.0,427.9528985507247,55.12077294685991,20.0,27.644927536231883,150.80193236714976,70.03864734299516,70.03864734299516,100.43115942028986,1,193,Aedes sierrensis,2018.0,"{""type"":""Polygon"",""coordinates"":[[[-111.93699656779509,40.8213983814276],[-111.94405127858512,40.819643387737926],[-111.94835386800976,40.8150630729381],[-111.94822664631147,40.809444107927746],[-111.94372020322045,40.80497787641851],[-111.93659230771911,40.80340585322369],[-111.92962201788342,40.80534092950275],[-111.92552700406185,40.81002866370975],[-111.92590470284742,40.81564117855053],[-111.93060878055297,40.81998955580871],[-111.93699656779509,40.8213983814276]]]}"
000000000000000000c1,104.95995145631069,142.80339805825244,34.10072815533981,9039.91504854369,332.94296116504853,-75.86043689320388,408.8033980582524,96.13956310679612,224.13956310679615,224.13956310679615,-10.157766990291263,424.4259708737864,53.75970873786407,19.393203883495147,26.0,145.72087378640776,70.09587378640778,70.09587378640778,103.76577669902915,1,194,Aedes sierrensis,2018.0,"{""type"":""Polygon"",""coordinates"":[[[-111.87299954947602,40.71939644483002],[-111.8800434396712,40.71764145191237],[-111.88433943254923,40.71306113834139],[-111.88421240936574,40.70744217328646],[-111.87971287744584,40.702975940522194],[-111.87259590910375,40.70140391662865],[-111.86563630502843,40.70333899374877],[-111.861547571925,40.70802672915279],[-111.86192469495478,40.71363924386139],[-111.86662156001356,40.71798761984409],[-111.87299954947602,40.71939644483002]]]}"
000000000000000000c2,103.27716727716731,143.9206349206349,34.74603174603176,8999.843711843714,331.1831501831502,-77.70329670329673,408.886446886447,93.80219780219784,221.53113553113562,221.53113553113562,-11.652014652014655,445.3186813186814,56.279609279609296,20.0,26.835164835164846,153.05494505494508,71.65689865689866,71.65689865689866,110.71428571428574,1,195,Aedes sierrensis,2018.0,"{""type"":""Polygon"",""coordinates"":[[[-111.85700029489627,40.73989939147377],[-111.86404635563112,40.738144398401126],[-111.86834367173297,40.73356408458344],[-111.86821660872901,40.727945119537466],[-111.86371569047385,40.72347888702516],[-111.85659653021548,40.72190686327189],[-111.84963478264696,40.72384194022317],[-111.84554478967301,40.728529675386866],[-111.84592202819589,40.73414219012199],[-111.85062034006407,40.73849056636076],[-111.85700029489627,40.73989939147377]]]}"
000000000000000000c3,107.97794117647061,134.9497549019608,33.0,9099.520833333336,333.0,-69.19240196078432,402.1924019607844,98.0,228.22671568627453,228.22671568627453,-7.209558823529413,422.904411764706,54.886029411764724,20.0,27.0,148.90318627450986,70.0,70.0,99.0012254901961,1,196,Aedes sierrensis,2018.0,"{""type"":""Polygon"",""coordinates"":[[[-111.93499889052313,40.797399499557955],[-111.94205105045693,40.79564450605013],[-111.94635208480629,40.791064191539775],[-111.94622490990635,40.78544522651892],[-111.94172009606064,40.78097899471405],[-111.9345947765366,40.779406971354646],[-111.92762700577072,40.78134204783182],[-111.92353347257097,40.78602978232078],[-111.9239110356277,40.79164229713042],[-111.92861341301797,40.79599067408815],[-111.93499889052313,40.797399499557955]]]}"
000000000000000000c4,104.88321167883211,138.84306569343065,33.58029197080292,9027.064476885644,331.4854014598539,-73.54136253041362,405.02676399026757,94.55596107055963,224.33576642335765,224.33576642335765,-9.708029197080291,446.88686131386856,56.998783454987844,20.07542579075426,27.333333333333332,155.68856447688563,71.47201946472019,71.47201946472019,108.9343065693431,1,197,Aedes sierrensis,2018.0,"{""type"":""Polygon"",""coordinates"":[[[-111.90399921999959,40.79479984364381],[-111.9110511037993,40.79304485015568],[-111.91535196980938,40.78846453567667],[-111.91522479997542,40.78284557065467],[-111.910720162498,40.7783793388178],[-111.90359512182745,40.776807315440564],[-111.89662762375472,40.7787423919392],[-111.89253425083454,40.7834301264587],[-111.89291179919839,40.789042641264956],[-111.89761399252694,40.79339101819016],[-111.90399921999959,40.79479984364381]]]}"
000000000000000000c5,161.45280612244898,156.15561224489795,44.82397959183674,6783.511479591837,363.07525510204084,17.121173469387756,345.9540816326531,91.41836734693878,249.33163265306126,249.33163265306126,78.4719387755102,479.9859693877552,87.55994897959184,0.006377551020408163,81.48086734693877,243.77040816326536,5.006377551020409,5.006377551020409,238.98341836734699,1,198,Aedes sierrensis,2018.0,"{""type"":""Polygon"",""coordinates"":[[[-119.73252634335971,37.095792696667246],[-119.7392195328499,37.09403772975249],[-119.74330172718673,37.089457457571996],[-119.7431811364284,37.083838491016394],[-119.73890559929467,37.07937221597964],[-119.73214278804492,37.07780016855128],[-119.72552951705353,37.07973527400092],[-119.72164434517819,37.08442304972298],[-119.72200280606546,37.09003555997858],[-119.72646590461179,37.09438389300016],[-119.73252634335971,37.095792696667246]]]}"
000000000000000000c6,108.0,129.03671970624234,32.0,9141.078335373319,330.2533659730722,-67.64626682986537,397.89963280293756,98.0,229.86046511627907,229.86046511627907,-7.746634026927786,408.25091799265607,53.0,20.0,27.11995104039168,144.0,70.0,70.0,89.89718482252142,1,199,Aedes sierrensis,2018.0,"{""type"":""Polygon"",""coordinates"":[[[-112.00599669749612,40.773998137229476],[-112.01304637305067,40.772243143898855],[-112.01734589285094,40.76766282967054],[-112.01721876352958,40.76204386463946],[-112.01271553646995,40.757577632546536],[-112.00559272579184,40.756005609026744],[-111.99862740844733,40.75794068569698],[-111.99453531728342,40.76262842046068],[-111.99491274814831,40.76824093523998],[-111.99961346953454,40.77258931190496],[-112.00599669749612,40.773998137229476]]]}"
000000000000000000c7,109.0,126.68665850673197,31.368421052631575,9156.249694002448,330.16279069767444,-66.36107711138311,396.5238678090576,98.68788249694003,230.43329253365974,230.43329253365974,-7.042839657282742,416.53733170134643,54.275397796817636,20.0,27.681762545899634,146.91921664626685,70.9498164014688,70.9498164014688,91.60587515299879,1,200,Aedes sierrensis,2018.0,"{""type"":""Polygon"",""coordinates"":[[[-112.03199771573875,40.84000175102258],[-112.03905440601478,40.838246757191854],[-112.04335820219083,40.833666442167505],[-112.04323094417649,40.8280474771653],[-112.03872323677741,40.82358124588537],[-112.03159334229613,40.82200922281822],[-112.02462109764127,40.8239442989436],[-112.02052493484467,40.8286320329319],[-112.02090273895682,40.83424454779681],[-112.02560813612128,40.83859292528805],[-112.03199771573875,40.84000175102258]]]}"
000000000000000000c8,87.66345123258307,102.0192926045016,41.0,5095.04501607717,236.07717041800643,-10.538049303322616,246.6152197213291,31.299035369774916,152.93676312968918,155.1028938906752,26.42015005359057,2459.009646302251,395.36977491961414,30.767416934619508,61.98392282958199,1145.5680600214364,166.24330117899248,175.46838156484458,1072.9292604501607,1,201,Aedes sierrensis,2018.0,"{""type"":""Polygon"",""coordinates"":[[[-122.36371702016862,45.738716659125586],[-122.37136624164062,45.73696162506987],[-122.37603125674707,45.73238124601906],[-122.37589312194116,45.726762283341],[-122.37100696332625,45.722296117451805],[-122.36327871266475,45.720724130789144],[-122.35572133011088,45.72265916309336],[-122.3512812383309,45.7273468347138],[-122.35169056404725,45.73295935646426],[-122.35679091806517,45.737307800411955],[-122.36371702016862,45.738716659125586]]]}"
0000000000000000001b,125.8970398970399,146.96782496782498,44.14414414414415,6471.756756756758,314.43371943371943,-13.465894465894467,327.89961389961394,58.41698841698842,212.00900900900902,212.45817245817244,51.876447876447884,817.7799227799229,155.0772200772201,2.9652509652509655,82.08494208494209,421.4646074646074,14.263835263835261,21.738738738738743,418.06306306306305,1,28,Aedes sierrensis,2019.0,"{""type"":""Polygon"",""coordinates"":[[[-119.26061521977249,37.043340290975564],[-119.26730378215863,37.04158532441845],[-119.27138315564989,37.03700505280725],[-119.27126264974504,37.03138608623102],[-119.26699006797621,37.02691981061283],[-119.26023192945921,37.025347762860754],[-119.25362322796995,37.027282868700055],[-119.24974074185883,37.031970644976674],[-119.250098956504,37.037583155171006],[-119.254558970751,37.0419314876017],[-119.26061521977249,37.043340290975564]]]}"
00000000000000000026,70.37579617834393,123.48535031847133,43.23312101910828,5704.812738853503,234.39108280254774,-46.44331210191083,280.8343949044586,9.834394904458598,147.39108280254774,148.6203821656051,9.826751592356688,811.8458598726114,151.43949044585986,5.992356687898089,77.828025477707,410.3261146496815,23.563057324840766,38.570700636942675,407.1082802547771,1,39,Aedes sierrensis,2019.0,"{""type"":""Polygon"",""coordinates"":[[[-119.00601838602495,37.01482879883983],[-119.01270443829411,37.01307383247692],[-119.0167822815296,37.00849356117485],[-119.01666182165607,37.00287459458742],[-119.01239084311717,36.99840831865352],[-119.00563523947001,36.996836270725666],[-118.99902901684995,36.99877137677655],[-118.99514798771543,37.00345915335428],[-118.99550606877878,37.00907166351535],[-118.99996440985124,37.01341999562519],[-119.00601838602495,37.01482879883983]]]}"
00000000000000000028,94.99247311827958,103.52365591397852,40.99892473118281,5172.59247311828,245.15376344086025,-5.3903225806451625,250.54408602150545,37.57849462365592,161.3236559139785,163.15376344086022,31.988172043010756,2345.444086021506,377.4075268817205,29.592473118279578,61.63655913978495,1089.683870967742,161.07526881720435,168.95913978494627,1020.5860215053765,1,41,Aedes sierrensis,2019.0,"{""type"":""Polygon"",""coordinates"":[[[-122.33031835327832,45.77143754265577],[-122.33797206084512,45.769682508308286],[-122.3426398107217,45.765102128793075],[-122.3425015935147,45.75948316613188],[-122.33761256963271,45.75501700071698],[-122.3298797888628,45.75344501431836],[-122.32231797627182,45.755380046304744],[-122.31787528058562,45.7600677174728],[-122.31828484489924,45.765680239273195],[-122.32338818912402,45.77002868370292],[-122.33031835327832,45.77143754265577]]]}"
0000000000000000002b,158.66195372750641,154.7634961439589,44.31876606683805,6772.154241645244,358.95501285347046,14.575835475578407,344.37917737789206,88.53470437017995,246.6619537275065,246.6619537275065,76.57583547557842,533.741645244216,97.39717223650385,1.0,81.7879177377892,270.31105398457584,6.212082262210796,6.212082262210796,267.32776349614403,1,44,Aedes sierrensis,2019.0,"{""type"":""Polygon"",""coordinates"":[[[-119.7453239633831,37.12351046881546],[-119.75201960285808,37.12175550171151],[-119.75610329079187,37.11717522922986],[-119.75598265510472,37.11155626268517],[-119.75170555314796,37.10708998795599],[-119.74494026775388,37.10551794069886],[-119.73832457727721,37.10745304594237],[-119.7344379833285,37.112140821371085],[-119.7347965745973,37.117753331659095],[-119.73926130623555,37.12210166499327],[-119.7453239633831,37.12351046881546]]]}"
00000000000000000044,123.08429118773947,146.33844189016602,44.54278416347381,6423.344827586206,310.3103448275862,-15.234993614303956,325.5453384418901,55.86334610472541,208.35249042145597,208.8888888888889,49.8250319284802,834.8595146871008,158.29246487867178,2.9399744572158357,82.02426564495529,430.5261813537675,15.071519795657725,23.957854406130267,426.066411238825,1,69,Aedes sierrensis,2019.0,"{""type"":""Polygon"",""coordinates"":[[[-119.27302043890316,37.04066483034351],[-119.27970876559445,37.03890986380462],[-119.28378799539784,37.03432959222244],[-119.28366749381524,37.028710625645154],[-119.27939506258643,37.02424434999733],[-119.27263716208847,37.022672302228756],[-119.26602869335998,37.02460740808791],[-119.26214634405596,37.029295184392794],[-119.26250454615807,37.034907694584014],[-119.26696440329741,37.03925602698458],[-119.27302043890316,37.04066483034351]]]}"
00000000000000000052,161.32401524777634,155.84243964421853,44.518424396442185,6789.340533672173,362.825921219822,17.0,345.82592121982213,91.32401524777637,249.42820838627702,249.42820838627702,78.32401524777636,488.5552731893265,89.18424396442185,0.29097839898348155,81.60228716645487,248.15756035578138,5.290978398983481,5.290978398983481,243.31512071156286,1,83,Aedes sierrensis,2019.0,"{""type"":""Polygon"",""coordinates"":[[[-119.72400054214552,37.09899879032468],[-119.73069401485179,37.09724382338804],[-119.7347763818471,37.09266355117273],[-119.73465578589506,37.087044584618376],[-119.73038006786918,37.08257830961719],[-119.72361697061052,37.081006262208625],[-119.71700341992876,37.08294136763443],[-119.71311808366299,37.08762914332257],[-119.71347655962228,37.09324165358193],[-119.71793984695258,37.09758998663965],[-119.72400054214552,37.09899879032468]]]}"
00000000000000000054,160.6952010376135,155.6952010376135,44.81322957198444,6778.547341115436,361.6990920881972,16.62645914396887,345.07263294422836,90.62645914396887,248.81322957198444,248.81322957198444,77.87029831387808,494.60830090791177,90.14267185473412,0.24383916990920884,82.34241245136188,251.23735408560313,5.243839169909209,5.243839169909209,246.84695201037616,1,85,Aedes sierrensis,2019.0,"{""type"":""Polygon"",""coordinates"":[[[-119.73523747680021,37.10543773224585],[-119.74193151843775,37.10368276526527],[-119.74601423227361,37.09910249298001],[-119.74589362588827,37.0934835264282],[-119.74161754448184,37.089017251498454],[-119.73485387268163,37.08744520412966],[-119.72823976015111,37.08938030950759],[-119.7243540936539,37.0940680851276],[-119.72471259989015,37.09968059539447],[-119.72917626645429,37.104028928524805],[-119.73523747680021,37.10543773224585]]]}"
0000000000000000005e,91.6010752688172,103.04193548387096,41.0,5097.340860215053,240.8548387096774,-7.235483870967741,248.09032258064514,34.89354838709677,157.30967741935484,158.99784946236554,30.2268817204301,2345.9172043010753,376.5569892473118,30.146236559139783,61.213978494623646,1089.0247311827957,162.7279569892473,170.99784946236556,1018.1870967741933,1,95,Aedes sierrensis,2019.0,"{""type"":""Polygon"",""coordinates"":[[[-122.38960210178388,45.76750015642556],[-122.39725526911701,45.7657451221132],[-122.40192268966156,45.76116474265391],[-122.40178448237768,45.75554577999068],[-122.39689580354269,45.75107961451869],[-122.3891635683067,45.74950762808827],[-122.38160228919863,45.751442660112914],[-122.37715990708534,45.75613033133544],[-122.37756944266617,45.761742853129824],[-122.38267242679818,45.76609129750151],[-122.38960210178388,45.76750015642556]]]}"
00000000000000000061,71.11269430051813,122.74093264248702,43.23445595854921,5698.60621761658,234.3380829015544,-45.34067357512952,279.67875647668393,10.756476683937821,147.9857512953368,149.2240932642487,10.419689119170982,834.6139896373055,155.9663212435233,5.686528497409325,78.33290155440415,423.1062176165803,22.790155440414505,38.09196891191709,420.9274611398963,1,98,Aedes sierrensis,2019.0,"{""type"":""Polygon"",""coordinates"":[[[-119.0169966928185,36.98299973552034],[-119.02367994707468,36.98124476937404],[-119.02775608454272,36.97666449841679],[-119.02763567597997,36.971045531816856],[-119.02336648455227,36.96657925553079],[-119.01661370651014,36.96500720740687],[-119.01001024707156,36.96694231369377],[-119.0061308420205,36.97163009060738],[-119.00648877418085,36.97724260073136],[-119.01094525017528,36.981590932483286],[-119.0169966928185,36.98299973552034]]]}"
0000000000000000009d,131.7317744154058,139.29711141678132,48.2242090784044,5300.412654745531,295.1237964236589,9.707015130674005,285.41678129298487,75.71801925722147,200.3906464924347,206.17744154057772,73.3920220082531,809.1348005502065,152.10591471801928,3.0,86.67400275103165,437.5392022008254,14.577716643741406,29.815680880330127,420.35075653370023,1,158,Aedes sierrensis,2019.0,"{""type"":""Polygon"",""coordinates"":[[[-117.46655387923224,33.684482290557966],[-117.47296977094486,33.682727345941906],[-117.47688291463949,33.6781471092566],[-117.47676740888728,33.67252814141515],[-117.47266898390096,33.6680618301268],[-117.466186205214,33.666489762515226],[-117.45984678026153,33.66842489225993],[-117.45612256359934,33.673112702557354],[-117.45646626724974,33.67872520899315],[-117.46074452664577,33.683073505172786],[-117.46655387923224,33.684482290557966]]]}"
0000000000000000009e,138.39510939510942,111.63706563706565,54.41698841698843,3331.261261261261,242.59588159588165,40.16344916344917,202.43243243243248,96.25997425997426,177.83655083655088,181.28442728442732,96.25997425997426,589.7516087516088,118.78764478764481,2.0,86.63320463320466,306.78507078507084,9.0,12.740025740025741,306.78507078507084,1,159,Aedes sierrensis,2019.0,"{""type"":""Polygon"",""coordinates"":[[[-122.23566501521685,37.41766398800814],[-122.24238686318249,37.41590901888778],[-122.24648652873024,37.41132874319646],[-122.24636541241651,37.405709776768084],[-122.24207157090837,37.40124350531698],[-122.23527981858696,37.39967145988492],[-122.2286382458931,37.401606562931555],[-122.22473643944356,37.40629433523375],[-122.22509642545201,37.41190684586712],[-122.22957862693949,37.416255182532765],[-122.23566501521685,37.41766398800814]]]}"
0000000000000000009f,137.24872448979593,96.64540816326532,54.25127551020408,2933.4795918367345,227.11096938775512,50.0905612244898,177.02040816326533,99.47193877551022,170.27678571428572,174.50892857142858,99.47193877551022,574.5625000000001,118.69132653061226,1.5739795918367347,86.95663265306123,300.3188775510204,8.14795918367347,11.057397959183676,300.3188775510204,1,160,Aedes sierrensis,2019.0,"{""type"":""Polygon"",""coordinates"":[[[-122.32127529634192,37.5417919840329],[-122.32800831889618,37.5400370140569],[-122.33211479686221,37.53545673700357],[-122.3319934756195,37.52983777062457],[-122.32769249682204,37.52537150056448],[-122.32088945972643,37.52379945590687],[-122.31423685156261,37.52573455802128],[-122.31032855891613,37.53042232899678],[-122.31068913960073,37.5360348397767],[-122.31517878975528,37.54038317785602],[-122.32127529634192,37.5417919840329]]]}"
000000000000000000a0,158.09378960709762,151.95437262357416,48.0,5857.821292775666,342.83143219264895,28.0,314.831432192649,82.59695817490496,229.8770595690748,229.8770595690748,82.59695817490496,474.68314321926493,106.39670468948036,0.005069708491761724,89.44233206590623,266.29531051964517,5.784537389100128,5.784537389100128,266.29531051964517,1,161,Aedes sierrensis,2019.0,"{""type"":""Polygon"",""coordinates"":[[[-121.76205497412822,38.550324705694976],[-121.76888138488297,38.548569728659125],[-121.77304479548202,38.543989440368115],[-121.77292176152976,38.538370474396466],[-121.7685611350436,38.533904215813536],[-121.76166378903727,38.532332177545754],[-121.75491895543867,38.53426727196855],[-121.75095645639466,38.53895503199754],[-121.75132200681985,38.54456754398655],[-121.75587390686886,38.54891589372997],[-121.76205497412822,38.550324705694976]]]}"
000000000000000000a1,145.188679245283,155.50691823899368,54.908176100628936,4490.54465408805,304.9308176100629,25.632704402515717,279.29811320754715,88.6817610062893,199.83773584905657,201.83773584905657,88.6817610062893,813.6377358490564,180.7723270440251,1.0,91.44779874213835,453.91949685534587,9.0,13.388679245283017,453.91949685534587,1,162,Aedes sierrensis,2019.0,"{""type"":""Polygon"",""coordinates"":[[[-122.50329134224256,38.36354633986929],[-122.51010010307974,38.361791364155685],[-122.51425275369678,38.35721107796939],[-122.51413004345018,38.35159211192143],[-122.50978069008524,38.347125851188935],[-122.50290116798632,38.345553811724415],[-122.49617376452944,38.34748890758777],[-122.49222151023106,38.35217666966694],[-122.49258612141186,38.3577891814295],[-122.4971262565412,38.362137528988356],[-122.50329134224256,38.36354633986929]]]}"
000000000000000000a2,76.7267326732673,66.61683168316831,36.539603960396036,4035.2603960396036,179.47326732673264,0.5980198019801977,178.87524752475244,33.63168316831682,129.24851485148514,129.9257425742574,29.257425742574252,2346.1435643564355,332.39603960396033,67.0,49.83465346534653,962.9336633663366,240.63663366336627,258.26831683168314,879.6970297029702,1,163,Aedes sierrensis,2019.0,"{""type"":""Polygon"",""coordinates"":[[[-126.1287456173425,49.8756654978642],[-126.13702961038898,49.87391042391661],[-126.14208158136603,49.86932998137224],[-126.1419317780056,49.86371102100221],[-126.1366401933248,49.85924491995943],[-126.12827095840453,49.85767296939678],[-126.12008675054014,49.85960795824624],[-126.11527821303264,49.8642955680175],[-126.11572129020334,49.869908096592994],[-126.12124474454451,49.87425660644452],[-126.1287456173425,49.8756654978642]]]}"
000000000000000000a3,133.62890625,161.60286458333331,56.147135416666664,4249.98046875,295.10156249999994,10.588541666666666,284.5130208333333,89.86328125000001,188.26171875000003,191.39322916666669,85.05729166666666,610.3111979166666,118.04427083333333,0.19270833333333331,90.31640625,336.9244791666667,3.77734375,13.718749999999998,326.4700520833333,1,164,Aedes sierrensis,2019.0,"{""type"":""Polygon"",""coordinates"":[[[-120.4745207586531,35.298944417968585],[-120.4810620761084,35.297189463034],[-120.48505168382702,35.29260920992351],[-120.48493387806023,35.28699024267696],[-120.48075534271972,35.282523948163806],[-120.4741459012971,35.28095188989194],[-120.46768261186264,35.2828870083942],[-120.46388559285934,35.2875748026921],[-120.46423597142528,35.29318731089561],[-120.46859783621227,35.29753562412361],[-120.4745207586531,35.298944417968585]]]}"
000000000000000000a4,53.14116485686081,93.27344521224086,30.057255676209284,6839.788746298123,222.28134254689044,-84.40078973346495,306.68213228035535,-27.425468904244816,140.39091806515302,140.39091806515302,-32.92300098716682,1099.406712734452,166.0128331688055,40.70187561697927,49.27443237907206,476.6278381046396,138.49457058242842,138.49457058242842,424.82428430404735,1,165,Aedes sierrensis,2019.0,"{""type"":""Polygon"",""coordinates"":[[[-123.12930453913579,50.14639981832416],[-123.13763532890619,50.144644741530854],[-123.14271582647443,50.14006429445722],[-123.14256516213072,50.13444533425195],[-123.13724368876193,50.129979237834924],[-123.12882720037102,50.1284072898474],[-123.12059678278875,50.1303422755971],[-123.11576108272934,50.13502988095639],[-123.11620664733675,50.14064241001862],[-123.121761292981,50.14499092457137],[-123.12930453913579,50.14639981832416]]]}"
000000000000000000a5,73.50397877984085,58.436339522546426,31.0,4235.550397877984,173.5106100795756,-10.892572944297083,184.40318302387269,54.07427055702918,126.51061007957559,131.08090185676392,23.631299734748012,2155.2413793103447,306.2679045092838,75.56366047745358,41.0,839.5450928381964,264.34880636604777,349.55968169761275,700.4867374005305,1,166,Aedes sierrensis,2019.0,"{""type"":""Polygon"",""coordinates"":[[[-132.54207000296628,53.4230721272257],[-132.55102883207874,53.42131701320536],[-132.55649216428284,53.41673650688219],[-132.55632993439943,53.411117548833786],[-132.55060734011823,53.40665151292861],[-132.54155670047902,53.40507959862671],[-132.53270613835588,53.40701454382786],[-132.52750590182592,53.41170209147172],[-132.52798483806896,53.41731462689971],[-132.53395808125998,53.4216632029516],[-132.54207000296628,53.4230721272257]]]}"
000000000000000000a6,110.75232558139534,97.65116279069768,51.10813953488371,3351.797674418604,216.5720930232558,27.273255813953487,189.29883720930235,74.91162790697673,152.51162790697674,155.12209302325581,71.15232558139535,1588.0686046511628,271.5372093023256,11.0,70.65116279069768,781.5081395348836,70.31279069767442,78.68255813953489,729.5651162790698,1,167,Aedes sierrensis,2019.0,"{""type"":""Polygon"",""coordinates"":[[[-124.12718892748222,43.35024822995888],[-124.1345305926261,43.348493216326666],[-124.13900811655942,43.343912869783786],[-124.13887562902556,43.33829390592528],[-124.13418590702318,43.3338277068355],[-124.12676823345542,43.33225570168949],[-124.11951456714107,43.33419075624266],[-124.11525299332149,43.338878459528964],[-124.11564595929455,43.344490977783856],[-124.12054131015873,43.348839387989784],[-124.12718892748222,43.35024822995888]]]}"
000000000000000000a7,128.75097276264592,113.12710765239947,59.54345006485084,2807.618677042801,228.7717250324254,40.22697795071336,188.54474708171205,95.40207522697796,161.63553826199743,166.24124513618676,95.40207522697796,812.0505836575875,164.8910505836576,2.710765239948119,86.89494163424123,426.89883268482487,11.617380025940337,16.249027237354085,426.89883268482487,1,168,Aedes sierrensis,2019.0,"{""type"":""Polygon"",""coordinates"":[[[-122.29142607389018,37.20756898277398],[-122.29812916391079,37.20581401509541],[-122.30221739395891,37.201233741699106],[-122.30209662164019,37.195614775187565],[-122.29781476096619,37.191148501392526],[-122.29104195155662,37.18957645465549],[-122.28441890328587,37.19151155927296],[-122.28052798472976,37.19619933381071],[-122.28088697249588,37.201811844197145],[-122.28535667046079,37.20616017848067],[-122.29142607389018,37.20756898277398]]]}"
000000000000000000a8,128.2579415501906,113.8958068614994,59.087674714104196,2896.288437102922,230.73697585768744,39.447268106734434,191.289707750953,94.30495552731892,162.45362134688693,167.2541296060991,94.30495552731892,839.6213468869124,170.34434561626432,2.800508259212198,87.0,441.9606099110547,11.955527318932656,16.675984752223634,441.9606099110547,1,169,Aedes sierrensis,2019.0,"{""type"":""Polygon"",""coordinates"":[[[-122.28694467733143,37.209013731515284],[-122.2936478956788,37.207258763826836],[-122.2977362039594,37.20267849041479],[-122.29761542928739,37.19705952390381],[-122.29333348665016,37.19259325012485],[-122.28656054764842,37.191021203396765],[-122.27993737264848,37.19295630800347],[-122.27604637960614,37.1976440825259],[-122.27640537420146,37.20325659291401],[-122.28087515770538,37.20760492721388],[-122.28694467733143,37.209013731515284]]]}"
000000000000000000a9,122.41656050955415,146.0407643312102,44.611464968152866,6397.684076433119,309.74904458598724,-14.9171974522293,324.6662420382166,55.24968152866242,207.19999999999996,208.45605095541399,49.60382165605096,843.912101910828,159.94522292993628,2.7732484076433117,81.90445859872612,435.00254777070063,14.86496815286624,26.313375796178345,430.6178343949044,1,170,Aedes sierrensis,2019.0,"{""type"":""Polygon"",""coordinates"":[[[-119.2850020434338,37.03600061064159],[-119.291689959305,37.03424564413448],[-119.29576893865799,37.029665372602885],[-119.29564844460913,37.02404640602376],[-119.2913762757741,37.01958013032428],[-119.28461879014742,37.01800808252694],[-119.27801072712481,37.01994318842073],[-119.2741286162779,37.02463096477487],[-119.27448679651724,37.03024347496065],[-119.2789463798153,37.034591807308715],[-119.2850020434338,37.03600061064159]]]}"
000000000000000000ab,98.72085889570552,77.0,33.13701431492843,5305.583844580778,226.4570552147239,-1.3813905930470347,227.83844580777097,38.579754601226995,167.85378323108384,167.85378323108384,33.06134969325153,1296.0889570552147,200.02351738241305,36.86298568507157,52.08588957055214,561.4059304703476,133.3282208588957,133.3282208588957,517.178936605317,1,172,Aedes sierrensis,2019.0,"{""type"":""Polygon"",""coordinates"":[[[-123.13960060346821,49.31399712917216],[-123.14778974655044,49.31224206102789],[-123.15278389811878,49.307661627720144],[-123.15263583951564,49.302042667014156],[-123.14740483482129,49.29757655653793],[-123.13913137617295,49.29600460072379],[-123.13104082901681,49.297939595894654],[-123.12628734596733,49.30262721466336],[-123.12672538113088,49.308239742246194],[-123.13218561511898,49.31258824251042],[-123.13960060346821,49.31399712917216]]]}"
000000000000000000ac,56.385604113110546,120.61311053984576,43.0,5552.826478149102,217.02570694087404,-57.96401028277635,274.9897172236504,-2.7532133676092543,131.39460154241644,132.73778920308487,-2.7892030848329052,767.3226221079692,141.31491002570695,7.4113110539845755,75.23778920308484,379.1992287917738,27.215938303341897,42.31233933161954,379.181233933162,1,173,Aedes sierrensis,2019.0,"{""type"":""Polygon"",""coordinates"":[[[-119.03600138150831,37.04899889021238],[-119.04269044249182,37.047243923616705],[-119.04677011994562,37.04266365194414],[-119.04664960489731,37.03704468537012],[-119.04237670467073,37.032578409814626],[-119.03561806263957,37.03100636209746],[-119.02900886875989,37.03294146789474],[-119.02512609324205,37.037629244111564],[-119.02548433442126,37.04324175431251],[-119.02994468101946,37.047590086806906],[-119.03600138150831,37.04899889021238]]]}"
000000000000000000ad,95.27263581488933,75.58752515090544,33.82193158953722,5188.845070422535,223.6277665995976,3.478873239436619,220.14889336016097,39.27263581488934,164.13078470824948,164.13078470824948,34.272635814889334,1227.4044265593564,199.7042253521127,32.837022132796776,57.37927565392354,558.4396378269619,113.56941649899396,113.56941649899396,513.0120724346077,1,174,Aedes sierrensis,2019.0,"{""type"":""Polygon"",""coordinates"":[[[-124.09202445657476,49.25255963485779],[-124.10020340368409,49.25080456734027],[-124.10519133988718,49.24622413503007],[-124.10504346881227,49.2406051742878],[-124.09981897621873,49.23613906279278],[-124.09155581316102,49.234567106411475],[-124.08347533417869,49.23650210226506],[-124.0787277692543,49.241189722005466],[-124.07916526239599,49.24680224948109],[-124.08461870044226,49.25115074870991],[-124.09202445657476,49.25255963485779]]]}"
000000000000000000ae,129.1384615384615,103.94999999999999,56.76923076923076,2856.4858974358967,224.9935897435897,44.0076923076923,180.9858974358974,95.10384615384612,161.6833333333333,166.8730769230769,95.10384615384612,766.0333333333333,150.45641025641024,2.0,85.33974358974358,391.101282051282,11.226923076923075,15.403846153846153,391.101282051282,1,175,Aedes sierrensis,2019.0,"{""type"":""Polygon"",""coordinates"":[[[-122.36578604305744,37.445747406442734],[-122.37251041321558,37.44399243712903],[-122.37661161637982,37.43941216112996],[-122.37649045381217,37.433793194712734],[-122.37219500136166,37.42932692357594],[-122.36540070197776,37.42775487831887],[-122.35875663849136,37.429689981154866],[-122.35485336805615,37.43437775315729],[-122.35521348828786,37.43999026382378],[-122.35969737099813,37.44433860080884],[-122.36578604305744,37.445747406442734]]]}"
000000000000000000af,65.82806573957015,139.90265486725662,44.0,6209.672566371681,246.2174462705436,-66.91276864728194,313.1302149178255,-5.078381795195954,148.60935524652336,148.93046776232615,-5.078381795195954,972.725663716814,169.0606826801517,9.97724399494311,73.54235145385587,464.5423514538559,43.82553729456384,48.98230088495575,464.5423514538559,1,176,Aedes sierrensis,2019.0,"{""type"":""Polygon"",""coordinates"":[[[-119.93742649586662,38.30987214048897],[-119.9442302149012,38.30811716515407],[-119.94837979186529,38.303536879570586],[-119.94825717408602,38.297917913500775],[-119.94391104095465,38.29345165215262],[-119.93703661036137,38.29187961234533],[-119.93031418592855,38.293814708621284],[-119.92636485810205,38.29850247128765],[-119.92672920098097,38.30411498298536],[-119.93126597539113,38.30846332991852],[-119.93742649586662,38.30987214048897]]]}"
000000000000000000b0,133.23116219667946,116.38314176245208,57.773946360153246,3092.8914431673043,238.31417624521072,38.431673052362704,199.882503192848,95.20051085568325,169.35759897828862,173.55810983397183,95.20051085568325,734.0472541507024,149.29374201787994,2.0,87.0,386.5632183908045,10.020434227330778,14.342273307790546,386.5632183908045,1,177,Aedes sierrensis,2019.0,"{""type"":""Polygon"",""coordinates"":[[[-122.24314738678454,37.27329167320071],[-122.24985632377967,37.27153670507198],[-122.25394811834848,37.26695643095911],[-122.25382723880477,37.261337464473534],[-122.24954164362602,37.25687119141034],[-122.2427629295857,37.25529914508074],[-122.23613410712994,37.257234249207755],[-122.23223979474596,37.261922023047525],[-122.23259909367131,37.267534533511046],[-122.23707268906657,37.27188286853833],[-122.24314738678454,37.27329167320071]]]}"
00000000000000000060,94.62700000000001,72.0,32.0,5373.868000000001,222.35500000000002,-2.519,224.87400000000002,34.75900000000001,165.627,165.627,29.481,1235.1720000000003,191.78000000000003,36.657000000000004,52.35500000000001,542.0850000000002,128.83300000000003,128.83300000000003,491.3020000000001,1,97,Aedes sierrensis,2020.0,"{""type"":""Polygon"",""coordinates"":[[[-123.45072992037134,49.40749110095976],[-123.45893464642015,49.40573603185871],[-123.46393829720421,49.401155597028136],[-123.46378995198357,49.39553663637753],[-123.45854899455348,49.39107052745658],[-123.4502598007046,49.389498572508245],[-123.4421538659183,49.39143356663691],[-123.43739133793133,49.396121183922226],[-123.43783020148125,49.401733711668726],[-123.44330082200742,49.40608221351359],[-123.45072992037134,49.40749110095976]]]}"
0000000000000000008b,138.33462033462033,120.55598455598455,54.98712998712998,3597.759330759331,255.79665379665377,37.51994851994852,218.2767052767053,94.0862290862291,181.5675675675676,185.1994851994852,94.0862290862291,683.6177606177606,139.55341055341054,2.0,87.6743886743887,360.47232947232953,9.04118404118404,13.428571428571429,360.47232947232953,1,140,Aedes sierrensis,2020.0,"{""type"":""Polygon"",""coordinates"":[[[-122.16275425389193,37.36231762573276],[-122.16947114141581,37.36056265699301],[-122.17356778290505,37.3559823819075],[-122.17344675755947,37.35036341545718],[-122.16915608432099,37.34589714338733],[-122.16236934135414,37.344325097610785],[-122.15573266734768,37.346260201072084],[-122.15183374014534,37.35094797396442],[-122.15219346217427,37.35656048453261],[-122.15667235717001,37.36090882056943],[-122.16275425389193,37.36231762573276]]]}"
0000000000000000008c,139.71190781049938,116.26120358514727,53.0,3742.910371318822,256.60947503201027,40.50064020486556,216.1088348271447,94.08322663252241,182.97311139564658,186.43405889884764,91.56338028169014,968.277848911652,213.53777208706788,1.175416133162612,92.28553137003841,540.5685019206147,9.8898847631242,14.28809218950064,539.1395646606916,1,141,Aedes sierrensis,2020.0,"{""type"":""Polygon"",""coordinates"":[[[-122.5541072578476,38.06996358561147],[-122.56088860498706,38.068208611962476],[-122.56502454328452,38.06362832906256],[-122.56490233580323,38.05800936289547],[-122.56057049175459,38.053543098806564],[-122.55371865361221,38.051971057473374],[-122.54701832251733,38.05390615558609],[-122.54308198026929,38.05859392086649],[-122.54344513261175,38.064206432275476],[-122.54796699456205,38.06855477642323],[-122.5541072578476,38.06996358561147]]]}"
0000000000000000008d,142.5863808322825,151.3972257250946,55.6796973518285,4327.356872635561,294.8108448928121,24.56494325346784,270.2459016393443,87.56494325346785,194.33795712484235,195.59899117276166,87.56494325346785,1004.5283732660782,221.65321563682215,2.0,91.04035308953341,564.6986128625473,11.718789407313995,18.939470365699872,564.6986128625473,1,142,Aedes sierrensis,2020.0,"{""type"":""Polygon"",""coordinates"":[[[-122.78773739844185,38.5619317457371],[-122.79456491143952,38.56017676861887],[-122.79872899400263,38.5555964801967],[-122.79860593983464,38.54997751422979],[-122.79424460933859,38.54551125578081],[-122.78734615022397,38.543939217587614],[-122.78060022810789,38.54587431192064],[-122.77663708927629,38.55056207182188],[-122.77700269835739,38.556174583825],[-122.7815553331292,38.56052293370455],[-122.78773739844185,38.5619317457371]]]}"
0000000000000000008e,139.7087011349306,91.59520807061789,52.11979823455233,2942.2912988650687,228.54854981084486,53.60529634300125,174.94325346784362,104.7200504413619,170.93694829760403,175.562421185372,100.43001261034046,884.2900378310213,184.37200504413616,1.3556116015132407,89.53215636822193,477.8335435056746,10.725094577553591,14.457755359394701,471.64691046658254,1,143,Aedes sierrensis,2020.0,"{""type"":""Polygon"",""coordinates"":[[[-122.53293544604587,37.88614606288527],[-122.53969983120126,37.88439109052054],[-122.54382542889266,37.87981080966488],[-122.5437035324864,37.8741918434237],[-122.53938252217472,37.869725577246975],[-122.53254781324772,37.86815353475139],[-122.5258642329488,37.870088634263304],[-122.52193773614226,37.874776401535],[-122.52229998583442,37.88038891272403],[-122.52681054141121,37.88473725474994],[-122.53293544604587,37.88614606288527]]]}"
0000000000000000008f,150.77879581151834,149.8324607329843,43.68586387434554,6748.852094240838,340.9070680628272,0.857329842931937,340.0497382198953,81.30104712041886,240.16361256544505,240.16361256544505,71.19764397905759,490.7801047120419,91.39528795811518,1.5026178010471205,81.23952879581152,255.26832460732987,10.909685863874346,10.909685863874346,245.78664921465972,1,144,Aedes sierrensis,2020.0,"{""type"":""Polygon"",""coordinates"":[[[-118.7217194801604,35.91946400236401],[-118.72831172828846,35.91770904335402],[-118.73233238517732,35.9131287837563],[-118.73221364547156,35.90750981674476],[-118.7280025803293,35.9030435288571],[-118.72134170592027,35.90147147427398],[-118.71482811976585,35.90340658833598],[-118.71100153847168,35.908094376314764],[-118.71135462748049,35.91370688521638],[-118.71575044127717,35.91805520517776],[-118.7217194801604,35.91946400236401]]]}"
00000000000000000090,140.31546134663344,149.53615960099754,57.0,4071.211970074813,285.5473815461347,25.465087281795523,260.0822942643392,87.5199501246883,187.52493765586036,189.7605985037407,87.5199501246883,1025.3977556109728,227.2880299251871,2.0,91.62593516209478,575.4364089775561,11.662094763092272,19.034912718204488,575.4364089775561,1,145,Aedes sierrensis,2020.0,"{""type"":""Polygon"",""coordinates"":[[[-122.85925692023808,38.52504160272192],[-122.86608093222644,38.523286625865474],[-122.87024288045728,38.51870633786],[-122.87011989049957,38.513087371878],[-122.86576079612158,38.50862111300344],[-122.85886587252767,38.5070490745733],[-122.85212340782562,38.508984169191535],[-122.8481623011253,38.51367192949866],[-122.84852772389993,38.51928444145696],[-122.85307802500161,38.523632790903996],[-122.85925692023808,38.52504160272192]]]}"
00000000000000000091,127.63333333333333,117.92820512820512,53.52307692307693,3812.4282051282057,252.8551282051282,34.001282051282054,218.85384615384615,86.4782051282051,175.12564102564102,180.1320512820513,86.2076923076923,903.6602564102565,177.07435897435903,2.0,85.52307692307691,471.9871794871794,12.773076923076923,17.27051282051282,467.9294871794871,1,146,Aedes sierrensis,2020.0,"{""type"":""Polygon"",""coordinates"":[[[-122.19045418963594,37.31615701162749],[-122.1971669503781,37.31440204320473],[-122.20126107603697,37.309821768623834],[-122.20114012637106,37.30420280215523],[-122.19685208893762,37.29973652957002],[-122.19006951344524,37.29816448350655],[-122.183436914845,37.30009958731324],[-122.17954038299882,37.30478736069709],[-122.17989988541275,37.31039987121098],[-122.18437602961114,37.31474820672405],[-122.19045418963594,37.31615701162749]]]}"
00000000000000000092,114.52109181141438,94.18734491315136,55.0,2655.9181141439212,205.47766749379653,35.47022332506204,170.0074441687345,85.01736972704715,144.5558312655087,148.7071960297767,81.65508684863524,1526.9441687344913,256.7382133995037,7.0,73.0,741.393300248139,52.151364764267996,63.15136476426799,699.3660049627794,1,147,Aedes sierrensis,2020.0,"{""type"":""Polygon"",""coordinates"":[[[-124.09670651268088,41.246591503277884],[-124.10380693292727,41.244836506344306],[-124.10813738812243,41.240256186380996],[-124.10800932779942,41.23463722155795],[-124.10347368984708,41.230170995322226],[-124.09629963479357,41.228598975063335],[-124.08928420514367,41.23053404780833],[-124.08516265967737,41.235221776985625],[-124.08554279058875,41.24083429238181],[-124.09027733666117,41.245182674999434],[-124.09670651268088,41.246591503277884]]]}"
00000000000000000093,89.91465863453818,89.35843373493978,37.923694779116474,5021.955823293174,230.30622489959842,-2.9317269076305226,233.2379518072289,33.71586345381527,155.17570281124503,155.40763052208837,28.727911646586353,1993.9096385542173,312.35742971887555,41.96586345381527,60.59939759036146,892.6104417670683,147.72289156626508,154.035140562249,828.8032128514055,1,148,Aedes sierrensis,2020.0,"{""type"":""Polygon"",""coordinates"":[[[-124.94658887796241,49.25908775880002],[-124.95476890680645,49.25733269121598],[-124.95975750242464,49.2527522587999],[-124.95960961145428,49.247133298061485],[-124.95438442796383,49.2426671866746],[-124.94612017260212,49.2410952303535],[-124.93803862544347,49.24303022613461],[-124.93329043263968,49.24771784577188],[-124.93372798328704,49.25333037325889],[-124.93918214234427,49.2576788725976],[-124.94658887796241,49.25908775880002]]]}"
00000000000000000095,140.65696202531646,107.2,52.89746835443038,3495.413924050633,247.90126582278475,47.422784810126586,200.4784810126582,96.26962025316456,179.66455696202533,185.14556962025316,96.26962025316456,676.1658227848101,138.63924050632912,1.0,86.35696202531646,351.4683544303797,7.9468354430379735,12.292405063291138,351.4683544303797,1,150,Aedes sierrensis,2020.0,"{""type"":""Polygon"",""coordinates"":[[[-122.20343017370148,37.841470329430784],[-122.21019045965724,37.839715357377216],[-122.21431355833565,37.835135077016865],[-122.2141917371061,37.82951611075774],[-122.20987334498186,37.82504984407514],[-122.20304277567047,37.823477801297926],[-122.19636324353459,37.82541290114885],[-122.19243912607422,37.83010066890302],[-122.19280115762227,37.83571318003875],[-122.19730898078924,37.840061521550574],[-122.20343017370148,37.841470329430784]]]}"
00000000000000000096,123.90987654320989,115.21481481481482,49.808641975308646,4075.093827160494,259.0962962962963,28.725925925925928,230.3703703703704,78.8530864197531,176.06296296296298,178.06296296296298,74.91111111111113,1583.9592592592592,291.7246913580247,3.0,82.75185185185187,824.6086419753087,28.537037037037038,45.81234567901235,808.9913580246913,1,151,Aedes sierrensis,2020.0,"{""type"":""Polygon"",""coordinates"":[[[-123.9099549014615,40.32003043628131],[-123.91695695608472,40.318275446363714],[-123.92122744476586,40.313695137568075],[-123.92110118906722,40.30807617233994],[-123.91662837775603,40.30360993469858],[-123.90955365704755,40.30203790808979],[-123.90263536728426,40.303972988478336],[-123.89857091726924,40.30866072853396],[-123.89894581422638,40.314273242728866],[-123.9036147930682,40.31862161375502],[-123.9099549014615,40.32003043628131]]]}"
00000000000000000097,92.68724279835392,75.0,33.0,5237.057613168725,222.0,-0.8683127572016461,222.86831275720166,34.44444444444445,163.13168724279834,163.13168724279834,29.68724279835391,1472.5679012345681,218.44444444444446,51.0,49.0,619.4650205761317,172.3744855967078,172.3744855967078,545.7078189300412,1,152,Aedes sierrensis,2020.0,"{""type"":""Polygon"",""coordinates"":[[[-125.14897409747513,50.15227245441155],[-125.15730591026195,50.15051737755617],[-125.16238703144492,50.14593693038371],[-125.16223634827819,50.14031797018204],[-125.15691422151738,50.13585187386593],[-125.14849670012717,50.13427992593459],[-125.14026527236284,50.13621491161666],[-125.13542897850688,50.14090251687969],[-125.1358745974905,50.14651504595255],[-125.14142992500246,50.15086356060785],[-125.14897409747513,50.15227245441155]]]}"
00000000000000000098,85.85714285714286,83.29591836734694,39.68061224489796,4436.361224489797,210.25918367346938,1.5000000000000004,208.75918367346944,38.040816326530624,142.7234693877551,144.74591836734695,33.25816326530612,2150.955102040816,347.4020408163266,41.85102040816327,62.831632653061234,994.6683673469389,147.23163265306124,176.08571428571432,928.6000000000001,1,153,Aedes sierrensis,2020.0,"{""type"":""Polygon"",""coordinates"":[[[-124.25739021914181,48.504059391127406],[-124.2654476922061,48.50230433112266],[-124.27036157870303,48.49772391077],[-124.27021594144313,48.492104949592914],[-124.26506903362049,48.4876388258856],[-124.25692853208791,48.48606686270577],[-124.24896800516613,48.48800186674295],[-124.24429094836316,48.49268949813123],[-124.24472198349514,48.49830202432167],[-124.25009445492297,48.50265051113901],[-124.25739021914181,48.504059391127406]]]}"
00000000000000000099,92.596757852077,93.4630192502533,39.63424518743668,4879.518743667681,225.48834853090176,-7.481256332320163,232.9696048632219,36.04761904761905,155.10739614994935,155.10942249240122,32.44984802431612,1329.904761904762,182.0344478216819,44.87537993920973,42.20668693009119,533.0324214792302,157.99594731509626,158.90577507598786,483.3171225937184,1,154,Aedes sierrensis,2020.0,"{""type"":""Polygon"",""coordinates"":[[[-122.22347829203775,48.77288967543757],[-122.23157881719823,48.77113461276035],[-122.23651894801084,48.766554188154075],[-122.2363725191359,48.76093522713167],[-122.2311981141676,48.75646910776856],[-122.22301413954449,48.75489714700714],[-122.21501109981219,48.756832148133206],[-122.21030905394115,48.761519775378055],[-122.21074237796637,48.76713230202568],[-122.21614354515314,48.77148079325809],[-122.22347829203775,48.77288967543757]]]}"
0000000000000000009a,109.95137976346912,148.06307490144545,59.27858081471748,3671.6438896189215,253.12877792378453,6.085413929040736,247.0433639947438,70.7082785808147,156.38370565045992,161.419185282523,70.7082785808147,713.8804204993431,134.5939553219448,1.662286465177398,87.31668856767412,372.6622864651774,7.02496714848883,14.9053876478318,372.6622864651774,1,155,Aedes sierrensis,2020.0,"{""type"":""Polygon"",""coordinates"":[[[-121.43065904293717,35.97358857095073],[-121.43725580790385,35.971833611582255],[-121.44127921841971,35.96725335141387],[-121.44116039588617,35.96163438442301],[-121.43694644580543,35.95716809711816],[-121.43028101001025,35.95559604285953],[-121.42376296324059,35.95753115653095],[-121.41993376018458,35.962218943953864],[-121.42028708957129,35.967831452916876],[-121.4246859141702,35.972179773470565],[-121.43065904293717,35.97358857095073]]]}"
0000000000000000009b,92.85188968335036,76.1644535240041,39.13687436159347,4189.063329928499,202.79877425944846,10.026557711950971,192.77221654749746,46.12665985699694,146.56792645556692,146.80694586312566,41.768130745658844,915.5311542390194,156.05107252298265,18.99182839632278,65.83043922369765,455.75587334014295,68.16751787538303,74.08988764044943,410.0153217568949,1,156,Aedes sierrensis,2020.0,"{""type"":""Polygon"",""coordinates"":[[[-123.43003077328126,48.52859782422452],[-123.43809214973975,48.52684276397702],[-123.44300841572687,48.52226234323796],[-123.4428627066974,48.51664338207493],[-123.43771330579662,48.512177258762236],[-123.42956886269359,48.51060529580209],[-123.42160448126715,48.51254029957482],[-123.416925158786,48.51722793058673],[-123.41735640144833,48.522840456818685],[-123.4227314746304,48.5271889440371],[-123.43003077328126,48.52859782422452]]]}"
0000000000000000009c,89.01829924650161,102.03229278794403,40.208826695371364,5139.137782561895,238.545748116254,-10.255113024757803,248.8008611410118,32.08180839612486,155.08396124865445,156.93541442411194,27.032292787944023,2483.942949407965,400.73196986006457,30.196986006458555,62.19698600645855,1161.1969860064585,165.4370290635091,174.55113024757804,1088.9149623250808,1,157,Aedes sierrensis,2020.0,"{""type"":""Polygon"",""coordinates"":[[[-122.31426558948591,45.75517074201279],[-122.32191706587422,45.753415707810404],[-122.32658345560125,45.748835328526134],[-122.32644527937688,45.74321636585655],[-122.32155768054771,45.73875020020579],[-122.31382715284649,45.737178213675854],[-122.30626754355328,45.739113245820306],[-122.30182614293099,45.74380091721332],[-122.30223558857735,45.74941343898889],[-122.30733744561002,45.7537618831789],[-122.31426558948591,45.75517074201279]]]}"
00000000000000000065,162.3470661672909,133.65293383270912,43.0,6027.585518102373,342.0,36.0,306.0,86.0,237.61048689138576,238.88514357053683,86.0,489.08739076154797,112.16604244694132,1.0,87.8339575530587,263.8701622971286,7.0,9.0,263.8701622971286,1,102,Aedes sierrensis,2021.0,"{""type"":""Polygon"",""coordinates"":[[[-121.31985038175905,38.63627833760119],[-121.32668497006267,38.63452335995456],[-121.33085336596818,38.629943070691304],[-121.33073018203471,38.6243241047549],[-121.32636433249357,38.61985784716492],[-121.31945872832901,38.618285809449965],[-121.31270581901123,38.620220903207326],[-121.30873857337819,38.62490866228926],[-121.30910455897134,38.63052117438287],[-121.31366190993411,38.63486952513543],[-121.31985038175905,38.63627833760119]]]}"
00000000000000000076,143.51285347043702,104.02185089974296,51.11053984575837,3611.5861182519284,247.84704370179952,46.155526992287925,201.69151670951157,100.16195372750644,185.48329048843192,187.7082262210797,96.15552699228795,1060.4974293059126,232.508997429306,1.0,92.90102827763498,596.33676092545,10.0,13.670951156812343,590.5796915167097,1,119,Aedes sierrensis,2021.0,"{""type"":""Polygon"",""coordinates"":[[[-122.53968652504076,37.98685486017734],[-122.54646018406268,37.98509988710979],[-122.55059143542097,37.980519605135406],[-122.55046936893687,37.97490063893478],[-122.54614243534213,37.97043437390061],[-122.53929836111487,37.968862332041155],[-122.53260562241441,37.97079743078736],[-122.52867374266975,37.975485196969295],[-122.52903648588135,37.981097708278696],[-122.5335532231528,37.9854460514658],[-122.53968652504076,37.98685486017734]]]}"
00000000000000000077,137.69201520912551,147.62230671736378,57.31432192648924,3934.6210392902417,280.28263624841577,25.314321926489228,254.96831432192656,87.00633713561474,183.66666666666674,186.31432192648927,87.00633713561474,1065.9277566539927,234.916349809886,2.0,91.10646387832703,593.6869455006338,12.0,19.773130544993666,593.6869455006338,1,120,Aedes sierrensis,2021.0,"{""type"":""Polygon"",""coordinates"":[[[-122.9011680110394,38.50320538486321],[-122.90798995371401,38.50145040816158],[-122.91215064042196,38.49687012040256],[-122.91202768841639,38.49125115441162],[-122.90766991572298,38.48678489528537],[-122.90077708184141,38.485212856715094],[-122.89403666068576,38.487147951502],[-122.89007675510106,38.4918357120492],[-122.89044206775696,38.49744822398098],[-122.89499098951465,38.50179657317222],[-122.9011680110394,38.50320538486321]]]}"
00000000000000000078,170.64972527472528,142.01373626373626,51.71978021978021,4594.75,318.02197802197804,45.1510989010989,272.8708791208791,121.42994505494505,227.83653846153848,234.6208791208791,116.4230769230769,444.9217032967033,92.96703296703295,1.0,90.68681318681318,254.4656593406593,7.107142857142857,14.905219780219781,239.37362637362637,1,121,Aedes sierrensis,2021.0,"{""type"":""Polygon"",""coordinates"":[[[-118.35772752026868,34.274515001050986],[-118.36418809551373,34.27276005270997],[-118.3681284798798,34.2681798100952],[-118.36801215472406,34.26256084246848],[-118.3638851900364,34.258094537235955],[-118.35735728715261,34.256522472996004],[-118.3509737348936,34.25845759868219],[-118.34722358204318,34.263145403203815],[-118.34756966365204,34.26875791027777],[-118.35187770786733,34.27310621261184],[-118.35772752026868,34.274515001050986]]]}"
00000000000000000079,128.44905660377358,136.52075471698114,57.280503144654084,3729.9396226415097,262.58867924528306,25.28050314465409,237.30817610062894,86.49811320754718,173.30440251572324,176.3044025157233,81.94842767295597,1272.388679245283,271.1496855345912,2.147169811320755,89.68050314465408,694.5584905660378,14.080503144654088,24.657861635220126,682.7924528301886,1,122,Aedes sierrensis,2021.0,"{""type"":""Polygon"",""coordinates"":[[[-122.95686218319695,38.42272306994957],[-122.96367651831275,38.420968093817784],[-122.96783256719765,38.41638780696583],[-122.96770975471745,38.410768840942005],[-122.96335684102306,38.40630258088935],[-122.95647168969413,38.40473054180332],[-122.94973878136824,38.40666563721106],[-122.94578329152687,38.41135339864183],[-122.94614819934482,38.416965910476016],[-122.95069205012602,38.42131425872577],[-122.95686218319695,38.42272306994957]]]}"
0000000000000000007a,147.04145728643215,139.96231155778895,52.95728643216081,4539.586683417085,291.73869346733665,29.940954773869343,261.7977386934673,88.14447236180904,200.6959798994975,202.70100502512562,88.14447236180904,692.996231155779,153.07035175879398,1.0,90.19221105527637,385.071608040201,7.468592964824122,11.976130653266331,385.071608040201,1,123,Aedes sierrensis,2021.0,"{""type"":""Polygon"",""coordinates"":[[[-122.2567387267954,38.28381315393262],[-122.26354000286246,38.282058178781384],[-122.267688090511,38.27747789349025],[-122.2675655175359,38.27185892740984],[-122.26322094474452,38.26739266576311],[-122.25634898120228,38.26582062578959],[-122.2496289693184,38.26775572226563],[-122.24568105949182,38.272443485216776],[-122.24604527236697,38.278055996883026],[-122.25058041836577,38.282404343512745],[-122.2567387267954,38.28381315393262]]]}"
0000000000000000007b,132.37702871410735,167.12858926342074,52.0,5287.303370786516,321.35330836454426,2.205992509363296,319.14731585518103,73.89513108614233,201.98501872659173,202.6729088639201,70.95880149812734,1143.6903870162298,228.29338327091136,2.0,87.14232209737828,610.534332084894,13.780274656679152,27.40574282147316,600.3807740324594,1,124,Aedes sierrensis,2021.0,"{""type"":""Polygon"",""coordinates"":[[[-123.16279238804718,39.270487362230696],[-123.16968840817164,39.26873238003146],[-123.17389425492611,39.26415208352155],[-123.1737699442512,39.25853311784788],[-123.16936485780789,39.25406686765899],[-123.16239721633978,39.252494834064514],[-123.15558364024251,39.254429922861924],[-123.15158073703246,39.25911767488497],[-123.15194999167038,39.26473018775821],[-123.15654829124603,39.26907854603242],[-123.16279238804718,39.270487362230696]]]}"
0000000000000000007c,142.87672955974844,105.8125786163522,52.674213836477996,3452.033962264151,247.63647798742142,48.638993710691835,198.9974842767296,97.5295597484277,180.29685534591198,184.8176100628931,97.5295597484277,684.1345911949687,147.2440251572327,1.0,88.77610062893083,368.5169811320755,7.616352201257862,12.012578616352204,368.5169811320755,1,125,Aedes sierrensis,2021.0,"{""type"":""Polygon"",""coordinates"":[[[-122.26861777200179,37.976081672032215],[-122.27539043675007,37.97432669903994],[-122.27952108196514,37.969746417185384],[-122.27939903371555,37.964127450980406],[-122.27507273517028,37.95966118582387],[-122.2682296650194,37.958089143896274],[-122.26153790821317,37.960024242724494],[-122.25760660558629,37.96471200902315],[-122.25796929588655,37.970324520319664],[-122.26248537040364,37.974672863382395],[-122.26861777200179,37.976081672032215]]]}"
0000000000000000007d,127.25322997416019,108.91989664082686,59.40697674418604,2701.910852713178,223.33720930232556,41.56459948320413,181.77260981912147,95.40697674418603,158.38372093023256,163.24806201550385,95.40697674418603,790.5891472868216,156.2958656330749,3.0,85.19121447028422,406.11240310077517,13.0,17.055555555555554,406.11240310077517,1,126,Aedes sierrensis,2021.0,"{""type"":""Polygon"",""coordinates"":[[[-122.34879686804379,37.29631401193966],[-122.35550785770823,37.29455904365305],[-122.35960090365612,37.28997876928888],[-122.35947998646931,37.28435980281242],[-122.35519308023595,37.27989353000587],[-122.34841229328546,37.27832148381917],[-122.34178144371447,37.28025658777419],[-122.33788593987565,37.284944361369156],[-122.33824534803806,37.29055687185972],[-122.34272031168541,37.29490520714785],[-122.34879686804379,37.29631401193966]]]}"
0000000000000000007e,139.0,146.4664131812421,57.61343472750316,3967.982256020279,278.9645120405577,26.939163498098857,252.02534854245877,88.0,184.64765525982256,187.85171102661596,88.0,892.8719898605831,197.37135614702154,1.0,90.94043092522179,501.2167300380228,10.0,17.0,501.2167300380228,1,127,Aedes sierrensis,2021.0,"{""type"":""Polygon"",""coordinates"":[[[-122.77151072970837,38.452643638018195],[-122.7783278895011,38.4508886616747],[-122.78248566040389,38.44630837448577],[-122.78236279611825,38.440689408474164],[-122.77800807828366,38.43622314876567],[-122.77112007443246,38.43465110987125],[-122.76438437660221,38.43658620504834],[-122.76042724720097,38.44127396615087],[-122.76079230533487,38.446886478021305],[-122.7653380389633,38.45123482662083],[-122.77151072970837,38.452643638018195]]]}"
0000000000000000007f,89.98370672097758,84.09470468431772,38.65987780040732,4600.450101832994,217.183299389002,2.662932790224032,214.520366598778,39.262729124236245,148.80142566191444,149.97556008146637,34.22810590631364,2013.5437881873725,330.1008146639511,37.32077393075356,64.0,943.7769857433808,133.06924643584517,159.39103869653766,877.1456211812628,1,128,Aedes sierrensis,2021.0,"{""type"":""Polygon"",""coordinates"":[[[-124.21951907389489,48.61524707589509],[-124.22759427605463,48.61349201478846],[-124.23251897011725,48.60891159268201],[-124.23237300687644,48.60329263156869],[-124.22721477557178,48.598826509652525],[-124.21905637155807,48.59725454746982],[-124.2110783376049,48.59918955030673],[-124.20639099016228,48.60387717998665],[-124.20682296788456,48.60948970636559],[-124.21220725639529,48.6138381950033],[-124.21951907389489,48.61524707589509]]]}"
00000000000000000080,97.48539778449143,89.96374622356497,36.68680765357502,5336.853977844914,233.44209466263845,-9.739174219536759,243.1812688821752,34.64350453172206,165.67371601208455,165.67371601208455,30.034239677744214,1527.4612286002014,223.91339375629408,45.020140986908366,47.97381671701913,637.7432024169185,166.92849949647533,166.92849949647533,585.7432024169185,1,129,Aedes sierrensis,2021.0,"{""type"":""Polygon"",""coordinates"":[[[-122.59530043337932,49.20676020793785],[-122.60347180236903,49.205005140886534],[-122.60845511902194,49.20042470931835],[-122.60830738732342,49.19480574854909],[-122.60308773482586,49.190339636296244],[-122.59483222393372,49.18876767949307],[-122.58675922808993,49.190702675854475],[-122.58201606179068,49.19539029631769],[-122.58245315207317,49.201002823713566],[-122.5879015390581,49.205351322172184],[-122.59530043337932,49.20676020793785]]]}"
00000000000000000081,80.45619658119658,105.52884615384619,39.22970085470086,5607.694444444445,239.6581196581197,-25.834401709401714,265.4925213675214,17.708333333333336,153.16987179487182,153.5641025641026,12.584401709401712,2462.8002136752143,423.12072649572656,24.763888888888893,68.19123931623933,1204.382478632479,139.03739316239316,155.08226495726498,1138.6324786324788,1,130,Aedes sierrensis,2021.0,"{""type"":""Polygon"",""coordinates"":[[[-121.9826556214443,45.84641286776841],[-121.9903196375741,45.84465783275109],[-121.99499367165535,45.8400774521697],[-121.99485526509616,45.834458489547245],[-121.9899596571397,45.829992325221234],[-121.98221646667379,45.8284203394288],[-121.97464447433954,45.83035537068548],[-121.97019579515761,45.835043040815],[-121.97060590773862,45.84065556273002],[-121.97571612313433,45.845004008266386],[-121.9826556214443,45.84641286776841]]]}"
00000000000000000083,127.60672703751617,123.71021992238033,52.18240620957309,4139.688227684347,263.980595084088,29.196636481241914,234.78395860284604,83.03104786545926,180.12289780077623,184.77231565329885,82.72445019404917,897.4683053040105,176.7878395860285,2.0,86.09961190168177,469.6778783958604,11.510996119016816,16.981888745148773,466.6119016817595,1,132,Aedes sierrensis,2021.0,"{""type"":""Polygon"",""coordinates"":[[[-122.0682391479631,37.23670028995613],[-122.074944827284,37.23494532207813],[-122.07903463586042,37.23036504836437],[-122.07891381605775,37.224746081864325],[-122.074630301579,37.220279808393514],[-122.06785487733632,37.21870776183699],[-122.06122927199961,37.22064286623718],[-122.0573368505056,37.2253306404657],[-122.05769597606695,37.23094315088628],[-122.06216739998736,37.235291485499324],[-122.0682391479631,37.23670028995613]]]}"
00000000000000000084,49.520965692503175,138.13977128335452,44.19695044472681,5996.010165184244,225.31512071156288,-82.88564167725539,308.20076238881825,-18.54002541296061,130.43583227445998,130.43837357052095,-18.565438373570522,436.2833545108005,74.43456162642947,12.30876747141042,59.69885641677254,197.18932655654382,39.26556543837357,39.288437102922494,196.98602287166452,1,133,Aedes sierrensis,2021.0,"{""type"":""Polygon"",""coordinates"":[[[-118.86404060848325,37.59402589377298],[-118.8707783539587,37.592270923436054],[-118.87488771118146,37.58769064580823],[-118.87476630332536,37.582071679450046],[-118.87046230796459,37.577605409976705],[-118.86365450137893,37.576033365645756],[-118.85699722909301,37.57796846736695],[-118.85308619506627,37.582656237782835],[-118.85344702708917,37.58826874862457],[-118.85793982541003,37.59261708730019],[-118.86404060848325,37.59402589377298]]]}"
00000000000000000085,130.44458762886597,124.96907216494844,53.21649484536083,4029.706185567011,264.0747422680413,30.53221649484536,233.54252577319588,85.6146907216495,181.08891752577318,185.569587628866,85.55798969072166,898.6430412371134,180.36855670103094,2.0,87.14561855670105,474.8389175257733,11.164948453608249,16.43041237113402,474.21520618556707,1,134,Aedes sierrensis,2021.0,"{""type"":""Polygon"",""coordinates"":[[[-122.07536033234544,37.24554714644617],[-122.08206679874758,37.24379217850758],[-122.0861570871563,37.239211904697356],[-122.08603625291973,37.23359293820081],[-122.0817522357265,37.22912666482851],[-122.0749760166413,37.22755461832683],[-122.0683496340218,37.229489722661],[-122.06445675567302,37.23417749679557],[-122.06481592312055,37.239790007226524],[-122.0692878716874,37.24413834193968],[-122.07536033234544,37.24554714644617]]]}"
00000000000000000086,95.0899357601713,103.67237687366168,41.0,5164.5952890792305,245.1199143468951,-5.315845824411134,250.43576017130624,37.637044967880094,161.18415417558887,163.11991434689506,32.222698072805144,2335.807280513919,375.6241970021413,29.62098501070664,61.357601713062095,1084.5107066381154,161.07708779443257,168.78372591006422,1015.5449678800858,1,135,Aedes sierrensis,2021.0,"{""type"":""Polygon"",""coordinates"":[[[-122.33609734824357,45.772458676797],[-122.34375119593466,45.77070364244042],[-122.34841903123244,45.76612326291071],[-122.3482808114516,45.760504300250034],[-122.34339169807228,45.75603813484995],[-122.33565877580337,45.75446614845957],[-122.32809682483912,45.75640118043602],[-122.3236540478193,45.76108885158996],[-122.32406361958552,45.766701373391925],[-122.32916705721016,45.77104981783669],[-122.33609734824357,45.772458676797]]]}"
00000000000000000087,89.17078410311493,102.00107411385605,40.34908700322234,5145.698174006444,238.9785177228786,-9.796992481203006,248.77551020408157,32.22986036519871,155.593984962406,157.22878625134265,27.135338345864664,2485.53276047261,401.01288936627276,30.123523093447908,62.1997851772288,1162.214822771214,165.35338345864662,174.44468313641244,1089.8947368421052,1,136,Aedes sierrensis,2021.0,"{""type"":""Polygon"",""coordinates"":[[[-122.30850889002592,45.7563479446909],[-122.31616052781672,45.754592910478],[-122.3208270159364,45.750012531177035],[-122.3206888367474,45.74439356850805],[-122.31580113483052,45.739927402874365],[-122.30807044414321,45.738355416353926],[-122.30051067546438,45.74029044848693],[-122.29606918115776,45.744978119863674],[-122.29647863538844,45.75059064164104],[-122.30158060000394,45.7549390858484],[-122.30850889002592,45.7563479446909]]]}"
00000000000000000088,55.9083870967742,120.52,43.139354838709686,5591.563870967742,217.05806451612904,-58.60645161290323,275.6645161290323,-3.1264516129032254,131.63225806451615,132.94967741935483,-3.304516129032258,752.2722580645162,138.7832258064516,7.891612903225806,75.47612903225806,371.07612903225805,27.93548387096774,42.8541935483871,370.8529032258064,1,137,Aedes sierrensis,2021.0,"{""type"":""Polygon"",""coordinates"":[[[-119.00353020763714,37.03451127088974],[-119.01021799234866,37.03275630439278],[-119.01429689174208,37.02817603287733],[-119.01417640009849,37.02255706629763],[-119.00990431503605,37.01809079058165],[-119.00314696186248,37.01651874277513],[-118.99653902836674,37.01845384867997],[-118.99265699365041,37.02314162504985],[-118.99301516690977,37.028754135233896],[-118.9974746627804,37.033102467565186],[-119.00353020763714,37.03451127088974]]]}"
00000000000000000089,65.98387096774192,63.241935483870954,28.134724857685004,5493.5161290322585,186.0123339658444,-34.99715370018975,221.00948766603412,32.42599620493358,117.4032258064516,136.44971537001894,-2.584440227703985,2691.414611005692,399.9440227703984,87.02466793168878,46.387096774193544,1090.0009487666032,300.2836812144212,301.8225806451612,917.7419354838709,1,138,Aedes sierrensis,2021.0,"{""type"":""Polygon"",""coordinates"":[[[-128.83575438936316,53.47929247330754],[-128.84472508433842,53.47753735859904],[-128.8501956494672,53.47295685118061],[-128.85003320087526,53.46733789317212],[-128.84430302806504,53.46287185838553],[-128.83524040741568,53.461299944706305],[-128.82637812889868,53.46323488915791],[-128.8211710050132,53.46792243573487],[-128.82165057155783,53.47353497128051],[-128.82763172337707,53.47788354846923],[-128.83575438936316,53.47929247330754]]]}"
0000000000000000008a,68.7342582710779,64.0,27.149413020277482,5764.175026680896,193.22518676627536,-36.496264674493055,229.7214514407684,33.38313767342582,123.6702241195304,142.41835645677696,-3.8303094983991457,2562.4706510138735,393.1024546424759,83.0,47.640341515474915,1045.0277481323374,281.7470651013874,287.3842049092849,874.5176093916755,1,139,Aedes sierrensis,2021.0,"{""type"":""Polygon"",""coordinates"":[[[-128.55299387336203,53.45812066150578],[-128.56196009511467,53.456365547056635],[-128.56742793355815,53.45178504005103],[-128.56726556741637,53.44616608202748],[-128.56153825157872,53.4417000468193],[-128.55248014755907,53.4401281329054],[-128.54362228591614,53.4420630776395],[-128.53841775844307,53.446750624618566],[-128.53889708737594,53.452363160119866],[-128.5448752577814,53.45671173688011],[-128.55299387336203,53.45812066150578]]]}"
0000000000000000002c,129.79922779922782,147.6048906048906,44.005148005148,6517.714285714285,318.76962676962677,-10.912483912483912,329.6821106821107,61.68725868725869,216.44144144144144,217.06821106821107,54.75675675675675,797.0463320463322,151.54311454311454,2.5122265122265124,81.93178893178893,410.7773487773488,13.51222651222651,24.501930501930502,407.88931788931785,1,45,Aedes sierrensis,2022.0,"{""type"":""Polygon"",""coordinates"":[[[-119.2430641980261,37.04340717749136],[-119.24975276630504,37.04165221093379],[-119.25383214338872,37.03707193932187],[-119.25371163737583,37.03145297274567],[-119.24943905184325,37.02698669712822],[-119.24268090737533,37.02541464937656],[-119.23607220006666,37.02734975521536],[-119.23218971053514,37.03203753149127],[-119.23254792549392,37.037650041685694],[-119.23700794366886,37.041998374117135],[-119.2430641980261,37.04340717749136]]]}"
0000000000000000002f,79.99892703862662,105.00643776824033,39.0,5593.821888412018,238.68884120171674,-25.9881974248927,264.67703862660943,17.5793991416309,152.58583690987123,153.47103004291847,12.373390557939915,2471.6888412017165,423.74141630901283,25.07081545064378,67.93884120171676,1206.7467811158797,140.20815450643778,156.20600858369102,1140.8476394849786,1,48,Aedes sierrensis,2022.0,"{""type"":""Polygon"",""coordinates"":[[[-121.9896564100982,45.84055806808523],[-121.9973196197636,45.83880303312028],[-122.00199316221608,45.83422265262227],[-122.00185477047054,45.82860368999677],[-121.9969596776025,45.82413752558562],[-121.98921730151261,45.822565539745796],[-121.98164610556466,45.82450057105954],[-121.97719789448641,45.82918824127026],[-121.97760796417528,45.83480076317631],[-121.98271764202237,45.83914920862614],[-121.9896564100982,45.84055806808523]]]}"
0000000000000000005f,71.04713375796179,123.13375796178343,43.49554140127388,5702.428025477708,234.1783439490446,-45.79363057324841,279.971974522293,10.278980891719746,147.6127388535032,148.69171974522294,10.129936305732485,823.7936305732485,153.85859872611465,5.8509554140127396,78.43057324840765,417.0713375796178,23.285350318471338,38.28535031847134,412.00382165605095,1,96,Aedes sierrensis,2022.0,"{""type"":""Polygon"",""coordinates"":[[[-119.01211397716499,37.001406904668954],[-119.01879884901199,36.99965193839741],[-119.02287597262045,36.995071667240786],[-119.0227555343939,36.98945270064808],[-119.01848530979917,36.98498642456564],[-119.01173089821467,36.98341437655509],[-119.00512584132207,36.985349482705516],[-119.0012454973538,36.990037259424916],[-119.00160351559818,36.995649769570356],[-119.0060610698339,36.99999810152923],[-119.01211397716499,37.001406904668954]]]}"
00000000000000000066,139.23366834170855,143.29522613065328,57.0,4000.902010050252,277.90703517587946,28.0,249.9070351758794,88.81532663316584,185.32160804020103,188.8454773869347,88.81532663316584,845.6130653266331,185.39070351758795,1.0,89.69723618090454,473.5728643216081,11.0,16.0,473.5728643216081,1,103,Aedes sierrensis,2022.0,"{""type"":""Polygon"",""coordinates"":[[[-122.71522795621176,38.460206273404836],[-122.72204583062681,38.45845129700782],[-122.72620403718733,38.45387100973366],[-122.72608115979527,38.44825204372514],[-122.7217259855266,38.44378578410369],[-122.71483726000848,38.44221374525772],[-122.70810085645437,38.44414884037649],[-122.70414331225663,38.448836601396],[-122.70450840841931,38.4544491132756],[-122.7090546183941,38.458797461963584],[-122.71522795621176,38.460206273404836]]]}"
00000000000000000067,161.0,147.96778190830236,45.0,6414.0024783147455,346.9293680297398,20.913258983890955,326.01610904584885,81.0,242.0099132589839,242.0099132589839,81.0,719.8612143742255,147.12763320941758,1.096654275092937,81.03841387856258,371.091697645601,18.096654275092938,18.096654275092938,371.091697645601,1,104,Aedes sierrensis,2022.0,"{""type"":""Polygon"",""coordinates"":[[[-121.79399105587302,39.771895439286475],[-121.80093703859608,39.77014045342925],[-121.80517334413325,39.76556015109671],[-121.8050481170142,39.75994118563417],[-121.80061111915163,39.755474941391995],[-121.7935930227517,39.75390291110829],[-121.78673010636564,39.75583799592043],[-121.7826982027959,39.7605257422717],[-121.78307011608626,39.76613825577134],[-121.78770171918707,39.770486620089144],[-121.79399105587302,39.771895439286475]]]}"
00000000000000000068,136.58068614993647,85.40914866581957,53.03684879288437,2546.0139771283352,219.75603557814486,60.39517153748411,159.36086404066074,105.7687420584498,162.0571791613723,167.70520965692504,103.30368487928843,611.8627700127064,126.80050825921218,1.428208386277001,87.54891994917409,320.2376111817026,8.524777636594663,14.212198221092756,319.70520965692504,1,105,Aedes sierrensis,2022.0,"{""type"":""Polygon"",""coordinates"":[[[-122.40692125027549,37.688358176558616],[-122.41366755618259,37.686603205568616],[-122.41778213214106,37.68202292690124],[-122.41766056729477,37.676403960580735],[-122.41335110432581,37.6719376921691],[-122.4065346529025,37.670365648429254],[-122.39986892676133,37.67230074943893],[-122.3959529239034,37.676988518842194],[-122.39631421148337,37.68260102979578],[-122.40081271594634,37.6869493695504],[-122.40692125027549,37.688358176558616]]]}"
00000000000000000069,142.58238993710694,140.59371069182393,43.06918238993711,6258.894339622641,329.0830188679246,7.847798742138367,321.2352201257862,67.04779874213838,224.35345911949688,224.35345911949688,67.04779874213838,1146.8540880503144,244.43396226415095,1.0,85.0,610.6566037735851,16.0,16.0,610.6566037735851,1,106,Aedes sierrensis,2022.0,"{""type"":""Polygon"",""coordinates"":[[[-121.26721961202524,39.34900321357976],[-121.27412337345527,39.347248230811196],[-121.27833393955811,39.34266793339504],[-121.27820948689137,39.337048967754235],[-121.27379945602755,39.332582718490904],[-121.26682399696422,39.33101068541173],[-121.26000277597713,39.332945773588854],[-121.25599537939264,39.33763352472914],[-121.25636504597163,39.34324603769987],[-121.26096850566542,39.34759439691471],[-121.26721961202524,39.34900321357976]]]}"
0000000000000000006a,148.66155810983398,138.33844189016602,53.58237547892721,4214.0293742017875,288.79948914431674,32.549169859514684,256.25031928480206,95.50574712643677,200.0089399744572,202.2745849297573,95.50574712643677,578.4457215836526,124.93103448275862,1.0,90.25287356321839,315.45593869731795,5.0,10.222222222222221,315.45593869731795,1,107,Aedes sierrensis,2022.0,"{""type"":""Polygon"",""coordinates"":[[[-121.91766422359032,37.2340114520209],[-121.9243696637608,37.232256484161326],[-121.92845932654271,37.227676210476865],[-121.92833851112572,37.22205724397577],[-121.92405514939404,37.217590970475015],[-121.91727996666006,37.21601892390183],[-121.91065459749663,37.217954028322076],[-121.9067623148155,37.222641802579155],[-121.90712142764994,37.22825431299658],[-121.91159269215932,37.23260264757919],[-121.91766422359032,37.2340114520209]]]}"
0000000000000000006b,110.92982456140352,117.48355263157895,44.0,5137.135964912281,273.25328947368416,8.150219298245615,265.10307017543863,52.23574561403508,177.38157894736844,179.2532894736842,48.71600877192983,1120.2971491228068,197.64364035087715,12.0,68.23684210526315,553.3771929824562,64.17105263157895,69.0328947368421,517.1129385964912,1,108,Aedes sierrensis,2022.0,"{""type"":""Polygon"",""coordinates"":[[[-123.27655743322374,44.589267425972515],[-123.28405386320311,44.58751240195503],[-123.28862573460691,44.5829320388819],[-123.28849040579236,44.57731307562354],[-123.2837018351746,44.57284689341623],[-123.27612787590303,44.57127489766903],[-123.26872137636951,44.573209940908576],[-123.26436997082952,44.577897628092835],[-123.2647711696558,44.58351014812533],[-123.26976968012,44.587858575488895],[-123.27655743322374,44.589267425972515]]]}"
0000000000000000006c,126.6917098445596,146.90025906735752,44.091968911917114,6485.104922279793,315.35103626943004,-12.800518134715025,328.1515544041451,59.23316062176166,213.06994818652856,213.42487046632132,52.62694300518135,816.5556994818654,154.7836787564767,2.835492227979275,82.26295336787565,420.9896373056996,14.071243523316063,21.49481865284974,417.33937823834196,1,109,Aedes sierrensis,2022.0,"{""type"":""Polygon"",""coordinates"":[[[-119.26218482334329,37.04033931596659],[-119.26887312136051,37.038584349429925],[-119.27295233368316,37.03400407785128],[-119.27283183262642,37.02838511127386],[-119.26855941971193,37.02391883562243],[-119.26180154817082,37.02234678785185],[-119.25519310775944,37.02428189371343],[-119.25131077509907,37.028969670021745],[-119.25166897567522,37.034582180212595],[-119.25612881370122,37.0389305126095],[-119.26218482334329,37.04033931596659]]]}"
0000000000000000006d,116.62823834196894,144.97668393782385,45.0,6320.024611398966,302.2629533678757,-19.31088082901555,321.57383419689126,50.22927461139897,200.80051813471505,201.53626943005185,45.03367875647668,861.3251295336788,163.29663212435236,3.0,82.0,444.4158031088084,16.0,27.32772020725389,439.288860103627,1,110,Aedes sierrensis,2022.0,"{""type"":""Polygon"",""coordinates"":[[[-119.28155515831949,37.0448117943232],[-119.28824385035108,37.04305682775606],[-119.29232330287878,37.038476556128906],[-119.29220279459646,37.03285758955325],[-119.2879301300221,37.02839131395136],[-119.28117186058118,37.02681926620836],[-119.2745630310604,37.028754372036744],[-119.27068046969765,37.0334421482978],[-119.27103869124221,37.039054658493875],[-119.27549879190725,37.043402990941125],[-119.28155515831949,37.0448117943232]]]}"
0000000000000000006e,88.09708737864078,102.42718446601941,41.0,5083.446601941748,237.0010787486516,-9.725997842502698,246.72707659115426,31.852211434735707,153.68716289104637,155.4509169363538,27.213592233009717,2440.6688241639695,392.6440129449838,30.78640776699029,61.79395900755125,1137.8737864077668,166.2081984897519,175.51348435814452,1064.3042071197412,1,111,Aedes sierrensis,2022.0,"{""type"":""Polygon"",""coordinates"":[[[-122.38456777669454,45.7740773304794],[-122.39222184651949,45.77232229610837],[-122.39688981723239,45.76774191655567],[-122.39675159337132,45.76212295389584],[-122.3918623381152,45.75765678851923],[-122.38412919153309,45.75608480214192],[-122.37656702121075,45.75801983410265],[-122.37212411525572,45.76270750523419],[-122.37253369883632,45.76832002703861],[-122.37763728452424,45.77266847150725],[-122.38456777669454,45.7740773304794]]]}"
0000000000000000006f,70.616368286445,122.89386189258312,43.4936061381074,5687.721227621483,233.31713554987206,-46.03452685421995,279.351662404092,10.17774936061381,147.01023017902813,148.33631713554985,9.884910485933505,827.9936061381073,154.809462915601,5.721227621483375,78.25703324808184,419.18797953964184,23.16240409207161,38.4002557544757,416.4373401534526,1,112,Aedes sierrensis,2022.0,"{""type"":""Polygon"",""coordinates"":[[[-119.01348292118843,36.989193426883574],[-119.02016671957125,36.98743846069514],[-119.02424318875816,36.982858189670814],[-119.02412277021706,36.97723922307332],[-119.0198532312517,36.97277294685575],[-119.01309990371708,36.97120089876998],[-119.00649590692541,36.973136005010964],[-119.00261618604053,36.977823781859236],[-119.00297414715791,36.98343629199043],[-119.00743098585212,36.98778462381198],[-119.01348292118843,36.989193426883574]]]}"
00000000000000000070,80.248654467169,109.14854682454254,39.0,5853.623250807321,245.19590958019376,-31.128094725511303,276.3240043057051,14.019375672766417,156.38428417653395,156.38428417653395,8.655543595263724,2180.08288482239,382.6404736275565,21.053821313240043,69.79655543595264,1082.1485468245428,118.3519913885899,122.27879440258343,1025.1496232508075,1,113,Aedes sierrensis,2022.0,"{""type"":""Polygon"",""coordinates"":[[[-121.8495737505042,45.834582872673614],[-121.8572361373788,45.8328278377621],[-121.8619091782498,45.82824745734914],[-121.86177080161782,45.82262849472056],[-121.85687623426581,45.81816233022254],[-121.84913468903851,45.81659034433436],[-121.84156430559922,45.81852537570631],[-121.83711657210112,45.82321304599987],[-121.83752659802946,45.82882556789679],[-121.84263572744564,45.833174013258336],[-121.8495737505042,45.834582872673614]]]}"
00000000000000000071,84.30555555555557,105.26923076923079,39.0,5596.753205128205,242.85576923076928,-22.34508547008547,265.2008547008547,21.620726495726498,156.88141025641028,157.39209401709402,15.798076923076925,2515.633547008547,433.6538461538462,24.739316239316242,68.26923076923077,1230.985042735043,139.75641025641028,155.5042735042735,1164.655982905983,1,114,Aedes sierrensis,2022.0,"{""type"":""Polygon"",""coordinates"":[[[-122.00301587685433,45.82737696537124],[-122.01067727181363,45.825621930524164],[-122.01534970800307,45.82104155021375],[-122.01521134959117,45.815422587581445],[-122.01031741577498,45.81095642297869],[-122.00257687219404,45.809384437032186],[-121.99500746827447,45.81131946847433],[-121.99056031052307,45.8160071388678],[-121.9909702836959,45.82161966075368],[-121.99607875195117,45.82596810600879],[-122.00301587685433,45.82737696537124]]]}"
00000000000000000072,136.745148771022,124.25873221216044,59.42561448900388,3131.8486416558867,245.35187580853818,37.15523932729625,208.1966364812419,97.53298835705044,173.45536869340236,176.97800776196638,97.53298835705044,777.2858990944374,170.78266494178524,2.0,91.22250970245796,434.7089262613196,8.523932729624839,13.668822768434671,434.7089262613196,1,115,Aedes sierrensis,2022.0,"{""type"":""Polygon"",""coordinates"":[[[-122.06012358404581,37.04711269046678],[-122.0668124788147,37.04535772388397],[-122.07089205493818,37.04077745223186],[-122.07077154293799,37.0351584856571],[-122.0664987488739,37.03069221008071],[-122.05974027469645,37.0291201623519],[-122.05313124496223,37.03105526816319],[-122.04924856592227,37.03574304439994],[-122.04960679825598,37.04135555459869],[-122.0540670340601,37.045703887071845],[-122.06012358404581,37.04711269046678]]]}"
00000000000000000073,96.68304914744235,85.52858575727181,36.36609829488466,5146.290872617854,226.88164493480443,-5.4904714142427276,232.37211634904713,37.4012036108325,163.14343029087263,163.14343029087263,32.79237713139418,1319.7352056168506,198.16649949849545,38.0,50.11935807422267,564.9648946840522,139.80240722166502,139.80240722166502,521.3289869608826,1,116,Aedes sierrensis,2022.0,"{""type"":""Polygon"",""coordinates"":[[[-122.84002481739455,49.15661315749079],[-122.84818791095852,49.15485809094895],[-122.85316618298738,49.15027766019165],[-122.85301860348696,49.1446586993929],[-122.84780423645107,49.14019258631189],[-122.8395570818493,49.13862062904767],[-122.83149225771537,49.14055562596404],[-122.8267538947841,49.145243247217145],[-122.82719054513473,49.15085577452587],[-122.83263341627891,49.15520427214283],[-122.84002481739455,49.15661315749079]]]}"
00000000000000000074,61.693693693693696,80.52152152152152,38.47547547547548,4461.013013013014,182.8338338338338,-24.032032032032035,206.86586586586589,15.665665665665665,120.7967967967968,121.63863863863865,11.008008008008009,2167.303303303304,321.8748748748749,61.08008008008008,52.64664664664665,920.9399399399401,209.43443443443442,232.1021021021021,846.2322322322323,1,117,Aedes sierrensis,2022.0,"{""type"":""Polygon"",""coordinates"":[[[-125.53391491411598,49.59059516751741],[-125.54215039493472,49.588840096531946],[-125.54717279348078,49.58425965870213],[-125.54702388255328,49.578640698160605],[-125.54176328226767,49.57417459230282],[-125.53344303325545,49.57260263905971],[-125.52530672927243,49.57453763113573],[-125.52052635006764,49.57922524549946],[-125.52096684849671,49.584837773568296],[-125.52645796802007,49.58918627852628],[-125.53391491411598,49.59059516751741]]]}"
00000000000000000075,67.18026796589525,163.09378806333737,44.0,6774.998781973203,280.1522533495737,-83.77710109622411,363.92935444579774,-13.048721071863579,154.18757612667477,157.0584652862363,-15.020706455542019,642.0511571254567,103.93788063337392,8.04993909866017,60.92204628501826,284.8392204628502,43.19975639464068,45.68087697929355,284.79658952496953,1,118,Aedes sierrensis,2022.0,"{""type"":""Polygon"",""coordinates"":[[[-120.8607012053868,40.44428328713557],[-120.8677161862641,40.442528296288415],[-120.87199455517478,40.43794798601313],[-120.87186806234577,40.432329020838665],[-120.86738699496402,40.42786278470847],[-120.86029922067488,40.426290758941],[-120.85336816570687,40.42822583831683],[-120.84929621276137,40.43291357693115],[-120.84967179753059,40.438526091285226],[-120.85434939259234,40.44287446384717],[-120.8607012053868,40.44428328713557]]]}"
0000000000000000000f,158.78080415045395,154.2438391699092,44.0,6778.0389105058375,359.28664072632944,15.0,344.28664072632944,88.73151750972764,247.2684824902724,247.2684824902724,77.0,529.6939040207523,96.90791180285346,1.0,82.28923476005188,268.9001297016861,6.0,6.0,265.41245136186774,1,16,Aedes sierrensis,2023.0,"{""type"":""Polygon"",""coordinates"":[[[-119.7322766337007,37.11778052396179],[-119.7389717664281,37.11602555689696],[-119.74305514543069,37.11144528447758],[-119.74293451903648,37.105826317930635],[-119.73865774074311,37.101360043137845],[-119.73189296709371,37.09978799584531],[-119.72527777705623,37.101723101131455],[-119.72139147724496,37.10641087662083],[-119.72175004154606,37.11202338690214],[-119.72621443540035,37.11637172017167],[-119.7322766337007,37.11778052396179]]]}"
00000000000000000053,159.1323155216285,154.90712468193385,44.27608142493637,6772.575063613232,359.6361323155216,14.704834605597965,344.9312977099237,88.6119592875318,247.1323155216285,247.1323155216285,76.81424936386769,524.442748091603,95.58269720101782,1.0,82.01653944020356,265.46946564885496,6.092875318066158,6.092875318066158,262.5623409669211,1,84,Aedes sierrensis,2023.0,"{""type"":""Polygon"",""coordinates"":[[[-119.74951105927231,37.11800793811551],[-119.75620621210909,37.11625297104913],[-119.76028960337109,37.11167269862729],[-119.76016897660813,37.10605373208043],[-119.75589218547073,37.101587457290165],[-119.7491273915136,37.10001540999904],[-119.74251218161702,37.101950515283484],[-119.73862587013342,37.10663829077045],[-119.73898443550469,37.11225080105203],[-119.74344884276336,37.116599134324126],[-119.74951105927231,37.11800793811551]]]}"
00000000000000000056,162.03865979381442,156.26675257731958,44.507731958762896,6797.0979381443285,363.99742268041234,17.271907216494846,346.7255154639176,92.03221649484536,249.7783505154639,249.7783505154639,78.49871134020619,473.97551546391753,86.39432989690722,0.0,81.31829896907217,240.71391752577324,5.0,5.0,235.7409793814433,1,87,Aedes sierrensis,2023.0,"{""type"":""Polygon"",""coordinates"":[[[-119.72764808680724,37.090504202817854],[-119.73434080922695,37.088749235939176],[-119.73842271882118,37.08416896381612],[-119.73830213662816,37.078549997258435],[-119.73402689781572,37.074083722163024],[-119.72726455824231,37.07251167470199],[-119.7206517485069,37.074446780190954],[-119.71676684773875,37.07913455596896],[-119.71712528376982,37.08474706621838],[-119.7215880709799,37.08909539918035],[-119.72764808680724,37.090504202817854]]]}"
00000000000000000057,160.0220207253886,148.0,42.98056994818653,6977.47279792746,352.4883419689118,8.764248704663212,343.7240932642486,87.74222797927462,252.1709844559585,252.1709844559585,77.06347150259067,596.0038860103626,113.12953367875649,1.809585492227979,81.70077720207253,310.5751295336787,11.152849740932641,11.152849740932641,302.0647668393782,1,88,Aedes sierrensis,2023.0,"{""type"":""Polygon"",""coordinates"":[[[-118.8008239328485,36.52575905439894],[-118.80746747448565,36.52400409134474],[-118.81151940173277,36.51942382530946],[-118.8113997214226,36.51380485853117],[-118.80715589473549,36.50933857721825],[-118.80044322094523,36.50776652629563],[-118.79387897976983,36.509701635951394],[-118.79002262558048,36.51438941765943],[-118.790378444329,36.52000192725378],[-118.79480844898325,36.52435025389699],[-118.8008239328485,36.52575905439894]]]}"
00000000000000000058,141.54637865311304,139.30495552731892,48.73697585768741,5137.4294790343065,308.89707750952977,25.249047013977123,283.6480304955527,82.77509529860227,207.95679796696308,211.1601016518424,82.77509529860227,656.5717916137229,128.8729351969504,2.0,85.72808132147395,339.94790343074965,9.0,14.975857687420584,339.94790343074965,1,89,Aedes sierrensis,2023.0,"{""type"":""Polygon"",""coordinates"":[[[-121.74291205330582,37.39205982975924],[-121.74963160479784,37.39030486081502],[-121.75372987033515,37.38572458540408],[-121.75360879613584,37.380105618965544],[-121.74931642140182,37.375639347228095],[-121.74252698819846,37.3740673016366],[-121.73588768338848,37.376002404875145],[-121.73198720990796,37.380690177450454],[-121.73234707370516,37.386302688053654],[-121.73682774442761,37.39065102442827],[-121.74291205330582,37.39205982975924]]]}"
00000000000000000059,139.07462686567166,145.1728855721393,44.24004975124379,6214.667910447762,326.4129353233831,2.3955223880597014,324.01741293532336,63.89427860696517,219.7873134328358,219.7873134328358,63.89427860696517,1202.6169154228855,248.70398009950245,1.2400497512437811,83.15796019900498,632.4129353233831,17.508706467661693,17.60820895522388,632.4129353233831,1,90,Aedes sierrensis,2023.0,"{""type"":""Polygon"",""coordinates"":[[[-121.08547111218783,39.3080909614144],[-121.09237083607188,39.30633597894266],[-121.09657894075724,39.301755681998976],[-121.09645456214774,39.29613671634103],[-121.09204711008987,39.29167046659516],[-121.08507572836177,39.29009843324734],[-121.07825849463391,39.29203352174784],[-121.07425344160836,39.29672127334836],[-121.07462289333604,39.302333786268264],[-121.07922366172497,39.30668214499271],[-121.08547111218783,39.3080909614144]]]}"
0000000000000000005a,156.23119015047877,146.16142270861832,56.778385772913815,3745.4719562243504,291.7647058823529,36.72093023255814,255.0437756497948,115.92202462380303,201.83036935704516,207.29274965800275,111.32968536251711,492.5526675786594,112.21340629274965,0.0,99.32831737346102,303.53898768809853,2.0,7.087551299589604,295.89740082079345,1,91,Aedes sierrensis,2023.0,"{""type"":""Polygon"",""coordinates"":[[[-119.28356175379352,34.42647224675033],[-119.29003404936111,34.424717297441525],[-119.29398157885532,34.420137053286226],[-119.29386503877615,34.4145180857153],[-119.28973058823144,34.41005178205614],[-119.2831908494354,34.40847971869216],[-119.27679572274504,34.41041484332391],[-119.27303876692982,34.415102646344934],[-119.27338547227139,34.42071515358469],[-119.27770132893501,34.42506345751773],[-119.28356175379352,34.42647224675033]]]}"
0000000000000000005b,122.88445667125174,162.19807427785423,46.9779917469051,6519.440165061899,314.71664374140306,-28.313617606602477,343.0302613480056,54.47592847317745,183.7359009628611,208.9119669876204,45.64511691884457,533.1471801925723,91.45254470426411,2.3672627235213204,71.86795048143055,262.67400275103165,29.46767537826685,31.67262723521321,258.3768913342504,1,92,Aedes sierrensis,2023.0,"{""type"":""Polygon"",""coordinates"":[[[-116.84042920481266,34.362328078096496],[-116.84689654226801,34.36057312919664],[-116.85084104911942,34.35599288569231],[-116.85072459996037,34.350373918097816],[-116.84659331619879,34.3459076137738],[-116.84005858441373,34.34433555003967],[-116.83366835411864,34.346270675117],[-116.82991427619889,34.350958478772114],[-116.83026071767925,34.356570985941815],[-116.83457326940001,34.36091928919918],[-116.84042920481266,34.362328078096496]]]}"
0000000000000000005c,128.26937738246505,120.55273189326556,53.11817026683608,3929.3659466327827,257.4345616264295,32.716645489199486,224.71791613722996,85.89453621346887,177.91994917407877,182.80177890724266,85.89453621346887,900.2160101651841,176.6734434561626,2.0,85.41931385006353,471.17280813214734,12.881829733163912,17.0,466.31257941550183,1,93,Aedes sierrensis,2023.0,"{""type"":""Polygon"",""coordinates"":[[[-122.15547254187166,37.29652358968917],[-122.16218355023277,37.29476862140112],[-122.16627660757878,37.29018834703466],[-122.16615569004915,37.284569380558274],[-122.16186877187405,37.28010310775407],[-122.15508796604252,37.27853106156868],[-122.14845709800761,37.280466165522114],[-122.14456158331646,37.28515393911486],[-122.14492099247381,37.29076644960568],[-122.14939596858389,37.29511478489618],[-122.15547254187166,37.29652358968917]]]}"
0000000000000000005d,135.03949044585988,106.62929936305733,55.180891719745226,3134.830573248408,234.4382165605096,43.686624203821665,190.7515923566879,95.9987261146497,171.40764331210192,175.82547770700637,95.9987261146497,655.3745222929937,130.75541401273887,2.0,85.72229299363057,337.19745222929936,9.50063694267516,13.32611464968153,337.19745222929936,1,94,Aedes sierrensis,2023.0,"{""type"":""Polygon"",""coordinates"":[[[-122.28696251373566,37.47648844910519],[-122.29368964879383,37.47473347957969],[-122.29779253753745,37.47015320324346],[-122.29767132426478,37.464534236838475],[-122.29337410585296,37.460067966046005],[-122.28657701430596,37.458495920980624],[-122.2799302203412,37.46043102358587],[-122.27602534504278,37.4651187952599],[-122.27638561241378,37.47073130596265],[-122.28087133812882,37.475079643297654],[-122.28696251373566,37.47648844910519]]]}"
00000000000000000062,69.52652005174646,122.60543337645542,43.477360931435975,5676.492884864167,232.17981888745152,-46.540750323415274,278.7205692108668,9.247089262613196,145.86804657179823,147.17076326002592,9.247089262613196,823.6727037516174,153.56921086675294,6.001293661060802,78.3712807244502,416.33247089262625,23.689521345407506,38.69081500646831,413.48382923674006,1,99,Aedes sierrensis,2023.0,"{""type"":""Polygon"",""coordinates"":[[[-119.01820510920402,37.00316379048401],[-119.02489013552015,37.00140882420051],[-119.0289673532985,36.99682855302484],[-119.0288469122392,36.991209586432824],[-119.02457658898395,36.986743310369825],[-119.017822021407,36.9851712623701],[-119.01121681196818,36.987106368507504],[-119.00733637833963,36.99179414520836],[-119.00769440480443,36.99740665535584],[-119.012152062005,37.001754987334465],[-119.01820510920402,37.00316379048401]]]}"
00000000000000000063,115.85610640870615,165.00483675937124,46.561064087061666,6571.889963724304,322.89600967351873,-29.577992744860946,352.4740024183797,41.95163240628778,202.56348246674733,202.56348246674733,36.80290205562273,1441.056831922612,251.81620314389357,7.0,76.60822249093107,708.8319226118501,43.21886336154776,43.21886336154776,694.0967351874244,1,100,Aedes sierrensis,2023.0,"{""type"":""Polygon"",""coordinates"":[[[-122.10076829014798,41.11880704438929],[-122.10785487001387,41.11705204843502],[-122.11217688772922,41.112471730030535],[-122.11204908134029,41.10685276515094],[-122.10752228330739,41.10238653732318],[-122.10036220490787,41.10081451617795],[-122.09336044314591,41.10274958998985],[-122.08924693120406,41.107437320685584],[-122.0896263256983,41.11304983591409],[-122.09435164624934,41.117398216913735],[-122.10076829014798,41.11880704438929]]]}"
00000000000000000030,90.35407725321888,102.29399141630901,40.5568669527897,5164.048283261802,240.59656652360513,-8.659871244635193,249.25643776824035,33.36480686695278,157.12768240343345,158.6695278969957,28.107296137339056,2470.008583690987,398.5987124463519,30.055793991416305,62.34334763948497,1154.7607296137337,164.60407725321886,173.38304721030042,1082.8304721030042,1,49,Aedes sierrensis,2024.0,"{""type"":""Polygon"",""coordinates"":[[[-122.305093218619,45.762024380331944],[-122.3127456348287,45.760269346068426],[-122.31741259748063,45.755688966686876],[-122.31727440399348,45.75007000402083],[-122.31238620490076,45.74560383846943],[-122.30465472815747,45.74403185199481],[-122.29709419078678,45.745966884072665],[-122.29265224465514,45.75065455537093],[-122.29306174028676,45.75626707715695],[-122.29816422375745,45.76061552144795],[-122.305093218619,45.762024380331944]]]}"
00000000000000000032,122.72179487179488,119.3192307692308,54.12820512820514,3761.420512820513,248.00000000000003,29.266666666666666,218.73333333333332,83.00512820512822,169.31666666666666,174.66282051282056,82.01666666666667,960.074358974359,189.41153846153847,3.0,86.28589743589744,502.88205128205135,13.871794871794872,18.871794871794872,490.22051282051285,1,51,Aedes sierrensis,2024.0,"{""type"":""Polygon"",""coordinates"":[[[-122.15682364949086,37.1251647953063],[-122.16351943529868,37.12340982819104],[-122.16760321244212,37.11882955569142],[-122.16748257407144,37.11321058914738],[-122.16320537865087,37.10874431443656],[-122.15643994548093,37.10717226718966],[-122.14982411049309,37.10910737242086],[-122.1459374316067,37.113795147832064],[-122.14629603066294,37.11940765812201],[-122.15076085984256,37.12375599147483],[-122.15682364949086,37.1251647953063]]]}"
00000000000000000033,144.34263959390861,101.66243654822334,51.57106598984772,3388.795685279187,245.43401015228426,49.56345177664974,195.8705583756345,99.46065989847712,179.6954314720812,184.89467005076142,98.79060913705582,547.1269035532995,119.59263959390863,1.0,87.68274111675127,295.260152284264,7.0,8.571065989847714,295.0926395939087,1,52,Aedes sierrensis,2024.0,"{""type"":""Polygon"",""coordinates"":[[[-122.1506032035213,37.7494121881824],[-122.15735507130609,37.74765721676883],[-122.16147303797733,37.74307693742721],[-122.16135137113089,37.73745797113114],[-122.15703835575151,37.73299170340812],[-122.15021628761133,37.73141966005164],[-122.14354506883821,37.73335476059983],[-122.1396258376348,37.73804252934634],[-122.13998742119837,37.74365504037246],[-122.14448963305155,37.74800338082691],[-122.1506032035213,37.7494121881824]]]}"
00000000000000000034,139.69735182849936,107.77301387137453,52.477931904161416,3563.398486759143,246.47036569987392,42.8108448928121,203.6595208070618,97.86254728877681,180.61286254728876,183.71122320302646,93.11349306431273,1028.0605296342999,222.78184110970997,1.098360655737705,92.42370744010087,572.4766708701135,10.295081967213115,14.674653215636821,566.3228247162673,1,53,Aedes sierrensis,2024.0,"{""type"":""Polygon"",""coordinates"":[[[-122.59810520794197,37.99976841682812],[-122.60488005947573,37.99801344367031],[-122.6090120378301,37.99343316155226],[-122.6088899494758,37.987814195356826],[-122.60456225421545,37.9833479304694],[-122.5977169757192,37.98177588869163],[-122.59102305935447,37.9837109873395],[-122.5870904874263,37.988398753381496],[-122.58745329409871,37.99401126470636],[-122.5919708262644,37.998359608042584],[-122.59810520794197,37.99976841682812]]]}"
00000000000000000035,141.19162436548226,103.79187817258881,51.54441624365482,3524.5913705583757,244.0101522842639,44.96573604060913,199.04441624365484,99.4441624365482,182.0228426395939,185.00761421319797,95.3718274111675,1046.6637055837564,225.09263959390864,1.1954314720812182,92.11548223350255,581.8045685279187,10.73984771573604,14.774111675126903,573.5,1,54,Aedes sierrensis,2024.0,"{""type"":""Polygon"",""coordinates"":[[[-122.56664179090882,37.974075076558165],[-122.57341427052411,37.97232010357991],[-122.57754480287578,37.96773982174767],[-122.57742275802144,37.962120855541876],[-122.5730965777219,37.95765459036255],[-122.56625369452925,37.95608254842227],[-122.55956212055099,37.95801764726576],[-122.55563092538303,37.962705413586164],[-122.55599360583126,37.96831792488027],[-122.56050955694394,37.97266626791984],[-122.56664179090882,37.974075076558165]]]}"
00000000000000000036,141.0012755102041,111.68494897959182,52.535714285714285,3703.184948979592,255.17857142857144,44.82142857142857,210.3571428571429,94.77806122448982,183.48214285714286,188.48341836734693,94.77806122448982,670.2232142857144,135.27423469387753,1.0012755102040816,85.9936224489796,345.7627551020408,7.748724489795918,12.49234693877551,345.7627551020408,1,55,Aedes sierrensis,2024.0,"{""type"":""Polygon"",""coordinates"":[[[-122.17108831376082,37.81071145036412],[-122.17784578272452,37.80895647852457],[-122.18196716406756,37.80437619850488],[-122.18184539449975,37.7987572322334],[-122.17752880160805,37.794290965202876],[-122.17070107706309,37.79271892223196],[-122.16402432684684,37.79465402231605],[-122.16010184448596,37.79934179040206],[-122.16046372612408,37.804954301501134],[-122.16496967156421,37.80930264265937],[-122.17108831376082,37.81071145036412]]]}"
00000000000000000037,132.70218228498075,94.34403080872916,55.057766367137354,2687.4197689345315,220.49679075738132,51.5609756097561,168.93581514762514,101.3222079589217,162.11168164313224,166.95892169448013,98.78048780487805,660.9370988446726,132.67265725288834,2.0,85.83440308087293,338.3774069319641,9.847240051347883,13.37227214377407,338.3774069319641,1,56,Aedes sierrensis,2024.0,"{""type"":""Polygon"",""coordinates"":[[[-122.38396133895127,37.558018652766386],[-122.39069582739111,37.55626368267833],[-122.39480319901195,37.55168340544661],[-122.3946818508865,37.54606443907407],[-122.39037993581748,37.54159816919617],[-122.38357541838228,37.54002612464],[-122.37692136258268,37.54196122663231],[-122.37301221907511,37.54664899743404],[-122.37337287776936,37.55226150823315],[-122.377863505042,37.55660984649763],[-122.38396133895127,37.558018652766386]]]}"
00000000000000000038,138.67688378033205,140.92464878671774,53.15325670498084,4349.229885057471,287.04469987228606,24.208173690932313,262.83652618135375,87.33205619412516,193.34738186462326,196.5721583652618,87.33205619412516,773.4904214559386,160.24904214559385,2.0,88.80842911877394,414.77522349936146,9.246487867177521,14.923371647509576,414.77522349936146,1,57,Aedes sierrensis,2024.0,"{""type"":""Polygon"",""coordinates"":[[[-121.79550269113014,37.09460211668598],[-121.80219577545975,37.092847149779345],[-121.80627790568698,37.08826687761178],[-121.80615731685714,37.0826479110557],[-121.80188184689023,37.078181636005745],[-121.79511914183807,37.07660958857002],[-121.78850597469813,37.07854469402852],[-121.7846208638624,37.08323246976318],[-121.78497931915332,37.0888449800174],[-121.7894423476025,37.09319331302555],[-121.79550269113014,37.09460211668598]]]}"
00000000000000000039,103.299511002445,117.81418092909539,51.80562347188264,3783.0342298288506,237.4755501222494,12.704156479217604,224.7713936430318,64.10513447432764,151.8716381418093,154.42053789731054,59.67603911980441,1912.4046454767729,339.59168704156485,3.9608801955990223,82.18704156479218,990.4902200488999,34.54034229828851,56.78850855745721,953.2298288508557,1,58,Aedes sierrensis,2024.0,"{""type"":""Polygon"",""coordinates"":[[[-124.02490160841725,40.041002187861935],[-124.03187492721754,40.03924720001943],[-124.0361278976714,40.03466689452681],[-124.03600216911126,40.02904792917887],[-124.03154771153461,40.02458168816411],[-124.02450200973092,40.02300965967722],[-124.01761209779403,40.0249447423265],[-124.01356432723591,40.02963248559956],[-124.0139376951293,40.03524499943914],[-124.0185875195954,40.039593367036936],[-124.02490160841725,40.041002187861935]]]}"
0000000000000000003a,130.78853503184718,112.98471337579619,58.584713375796184,2903.0980891719746,232.24585987261148,40.32229299363057,191.92356687898092,95.65859872611466,164.81528662420385,169.00891719745223,95.65859872611466,753.7082802547773,151.12101910828025,2.3388535031847137,86.19490445859873,392.1031847133758,11.01656050955414,15.421656050955416,392.1031847133758,1,59,Aedes sierrensis,2024.0,"{""type"":""Polygon"",""coordinates"":[[[-122.28718992788939,37.28218757980234],[-122.29389965776532,37.28043261161262],[-122.29799193570203,37.27585233740266],[-122.297871041618,37.270233370920614],[-122.2935849400206,37.26576709795657],[-122.28680542528106,37.26419505168218],[-122.28017581981523,37.26613015574275],[-122.27628104721018,37.27081792948793],[-122.2766403883303,37.276430439961906],[-122.2811145122378,37.28077877508996],[-122.28718992788939,37.28218757980234]]]}"
0000000000000000003b,92.96153846153848,143.16410256410256,46.0,6006.529487179489,274.75897435897434,-34.565384615384616,309.324358974359,29.651282051282056,173.07307692307697,174.40512820512822,25.66153846153847,1043.9269230769232,193.3358974358975,4.014102564102564,79.98589743589744,529.324358974359,24.846153846153847,32.89871794871795,519.2064102564103,1,60,Aedes sierrensis,2024.0,"{""type"":""Polygon"",""coordinates"":[[[-119.63243290201301,37.49966239727995],[-119.63916212415879,37.497907427594676],[-119.64326628526366,37.49332715100412],[-119.64314503371622,37.48770818460835],[-119.63884648226667,37.48324191407563],[-119.63204728305264,37.48166986915487],[-119.6253984279836,37.48360497158604],[-119.62149234125256,37.488292743012316],[-119.62185271969167,37.49390525374244],[-119.62633983660078,37.49825359134142],[-119.63243290201301,37.49966239727995]]]}"
0000000000000000003c,91.97691373025518,150.93803159173757,36.36087484811665,8775.379100850547,321.8760631834751,-88.27582017010936,410.1518833535844,81.84325637910085,207.28311057108144,207.28311057108144,-19.48845686512758,556.26609963548,66.99149453219928,22.45078979343864,28.0498177399757,187.2442284325638,81.12150668286756,81.12150668286756,147.7168894289186,1,61,Aedes sierrensis,2024.0,"{""type"":""Polygon"",""coordinates"":[[[-111.81328772726934,40.75871679791931],[-111.82033578207667,40.75696180470434],[-111.82463431382268,40.7523814906601],[-111.82450721423558,40.74676252562234],[-111.82000502235576,40.74229629334141],[-111.8128838483865,40.740724269716964],[-111.80592013159327,40.74265934651318],[-111.80182898117768,40.74734708145619],[-111.80220632580378,40.75295959621569],[-111.8069059668541,40.75730797268962],[-111.81328772726934,40.75871679791931]]]}"
0000000000000000003d,56.70752427184466,142.92354368932038,36.96844660194174,8133.802184466019,272.743932038835,-108.00970873786407,380.753640776699,-24.40412621359223,164.9611650485437,164.9611650485437,-42.452669902912625,723.7063106796115,82.54733009708738,31.44296116504854,28.84223300970874,232.04126213592235,103.79611650485435,103.79611650485435,226.20752427184462,1,62,Aedes sierrensis,2024.0,"{""type"":""Polygon"",""coordinates"":[[[-111.78643502072549,40.661129371364645],[-111.79347275470066,40.65937437888694],[-111.79776499456825,40.65479406601622],[-111.7976380843254,40.64917510093589],[-111.79314248441608,40.64470886745644],[-111.78603173292477,40.643136843164726],[-111.77907820835969,40.64507192076414],[-111.77499304857956,40.64975965685028],[-111.77536984403987,40.65537217148355],[-111.7800626055671,40.65972054673941],[-111.78643502072549,40.661129371364645]]]}"
0000000000000000003e,140.17884130982367,110.0037783375315,52.5831234256927,3676.0717884130986,253.47984886649877,45.84382871536524,207.63602015113352,94.8073047858942,182.57808564231738,188.0994962216625,94.8073047858942,698.7644836272041,142.2191435768262,1.0151133501259446,86.18513853904282,362.3186397984886,8.71662468513854,13.052896725440803,362.3186397984886,1,63,Aedes sierrensis,2024.0,"{""type"":""Polygon"",""coordinates"":[[[-122.20035339397458,37.84912660593955],[-122.20711438178357,37.847371633832694],[-122.21123790833582,37.84279135338751],[-122.21111607423478,37.837172387131446],[-122.20679723383198,37.832706120535505],[-122.19996595574744,37.831134077806524],[-122.19328573049664,37.83306917759938],[-122.18936120565144,37.83775694527092],[-122.18972327454951,37.84336945641578],[-122.19423156555187,37.84771779801566],[-122.20035339397458,37.84912660593955]]]}"
0000000000000000003f,110.5862484921592,110.0096501809409,53.535585042219545,3425.0313630880587,224.54644149577805,20.928829915560915,203.6176115802171,72.8443908323281,152.32810615199037,156.28468033775633,69.36188178528347,1561.1954161640529,268.1785283474065,6.042219541616405,74.76236429433052,770.9203860072377,49.6248492159228,61.979493365500595,727.6706875753921,1,64,Aedes sierrensis,2024.0,"{""type"":""Polygon"",""coordinates"":[[[-123.99661307133418,41.21682254464507],[-124.00371025931086,41.215067547939974],[-124.00803874402523,41.210487228340355],[-124.00791074300628,41.204868263504125],[-124.00337716952042,41.20040203689695],[-123.9962063785609,41.198830016431266],[-123.98919414089612,41.20076508942518],[-123.98507447157166,41.20545281895674],[-123.98545443050142,41.211065334313815],[-123.99018682205448,41.21541371655395],[-123.99661307133418,41.21682254464507]]]}"
00000000000000000040,132.8341836734694,123.83418367346938,59.024234693877546,3149.3686224489797,243.2857142857143,35.15561224489796,208.13010204081638,95.15561224489797,170.19642857142858,174.3979591836735,95.15561224489797,853.7755102040817,185.65051020408163,2.0,90.89795918367346,473.2665816326532,10.0,14.897959183673471,473.2665816326532,1,65,Aedes sierrensis,2024.0,"{""type"":""Polygon"",""coordinates"":[[[-122.06702627247658,37.011439882039205],[-122.07371202662497,37.009684915699374],[-122.07778968811553,37.005104644434034],[-122.07766923370905,36.99948567784526],[-122.07339844558201,36.995019401873854],[-122.06664314299547,36.99344735392512],[-122.06003721478496,36.99538246000114],[-122.05615635869215,37.00007023661464],[-122.05651442389028,37.005682746771775],[-122.06097256624373,37.01003107884348],[-122.06702627247658,37.011439882039205]]]}"
00000000000000000041,99.56880733944953,77.0,33.16399082568807,5300.220183486238,226.420871559633,-0.5756880733944953,226.99655963302752,39.4243119266055,168.6754587155963,168.6754587155963,33.85894495412844,1289.4954128440368,198.4564220183486,36.57568807339449,52.0,557.8841743119266,132.9873853211009,132.9873853211009,513.7396788990826,1,66,Aedes sierrensis,2024.0,"{""type"":""Polygon"",""coordinates"":[[[-123.12798464522398,49.30848122116906],[-123.13617287148013,49.30672615308112],[-123.14116646416038,49.302145719863034],[-123.14101842242007,49.296526759153785],[-123.1357880032965,49.292060648585995],[-123.12751547043159,49.29048869272088],[-123.11942582860947,49.292423687953104],[-123.11467287772025,49.29711130680914],[-123.11511086414518,49.30272383438234],[-123.12057048703953,49.30707233455351],[-123.12798464522398,49.30848122116906]]]}"
00000000000000000042,74.77626699629172,158.77626699629172,45.55006180469716,6357.835599505563,277.00247218788627,-66.8998763906057,343.9023485784919,-1.149567367119901,158.5006180469716,158.5006180469716,-1.149567367119901,1024.0902348578493,179.725587144623,6.323856613102596,71.30160692212608,487.0988875154512,44.42150803461063,44.42150803461063,487.0988875154512,1,67,Aedes sierrensis,2024.0,"{""type"":""Polygon"",""coordinates"":[[[-121.33879710213516,40.270699401327036],[-121.34579404707642,40.26894441177757],[-121.35006142074214,40.264364103567864],[-121.34993525877864,40.25874513831847],[-121.34546571105017,40.25427890007868],[-121.33839615035734,40.252706873136724],[-121.33148290661599,40.25464195392631],[-121.327421422471,40.259329694552704],[-121.32779604753823,40.26494220868458],[-121.33246162043153,40.26929057910255],[-121.33879710213516,40.270699401327036]]]}"
00000000000000000045,158.65793103448277,79.0,45.79310344827586,3265.153103448276,251.63999999999996,80.84275862068966,170.79724137931038,133.9531034482759,192.18758620689653,204.99034482758623,124.91448275862068,312.80551724137933,65.98206896551724,0.0,92.16551724137932,183.20965517241382,3.0,6.0,131.4662068965517,1,70,Aedes sierrensis,2024.0,"{""type"":""Polygon"",""coordinates"":[[[-118.39569676573873,33.40289897723497],[-118.40209178811645,33.401144034378575],[-118.4059922091289,33.39656380049433],[-118.40587708608547,33.39094483255146],[-118.40179199049496,33.38647851840234],[-118.39533028694002,33.38490644919799],[-118.38901147152527,33.38684158085996],[-118.38529936829589,33.39152939388586],[-118.38564196133538,33.397141900020166],[-118.3899063098104,33.40149019329246],[-118.39569676573873,33.40289897723497]]]}"
00000000000000000046,104.25492227979275,90.86113989637306,39.152331606217615,4858.128497409327,234.37409326424873,5.837305699481866,228.53678756476685,50.62487046632125,166.87564766839375,166.87564766839375,45.634196891191706,1181.0911917098447,196.7212435233161,21.47150259067357,62.193782383419695,561.3906735751294,90.18963730569948,93.86943005181347,513.719170984456,1,71,Aedes sierrensis,2024.0,"{""type"":""Polygon"",""coordinates"":[[[-122.60969441157988,47.53431193042821],[-122.61760174056944,47.53255687983351],[-122.62242409951877,47.52797647445822],[-122.62228122233685,47.522357512736676],[-122.61723021091217,47.51789137373286],[-122.6092413228106,47.51631940203747],[-122.60142906027778,47.518254416325114],[-122.59683915283813,47.52294206230289],[-122.59726220474688,47.528554586883395],[-122.60253459928373,47.53290305815481],[-122.60969441157988,47.53431193042821]]]}"
00000000000000000047,91.50759878419453,66.59777102330294,40.025329280648435,3579.5217831813584,183.16616008105373,19.893617021276597,163.2725430597771,53.38601823708207,136.0182370820669,138.13981762917936,48.41742654508612,2839.642350557244,415.0496453900709,64.3809523809524,55.0,1196.1651469098279,236.32522796352583,274.08713272543065,1130.3768996960487,1,72,Aedes sierrensis,2024.0,"{""type"":""Polygon"",""coordinates"":[[[-125.13384882670186,48.8425586702966],[-125.14196061345696,48.840803606922115],[-125.14690760926226,48.83622318120608],[-125.14676097330171,48.83060422022401],[-125.14157937561632,48.82613810199433],[-125.13338402929888,48.824566141863876],[-125.12536986906154,48.82650114223043],[-125.12066128653535,48.83118876839424],[-125.12109520927547,48.836801295161145],[-125.12650388270626,48.84114978754546],[-125.13384882670186,48.8425586702966]]]}"
00000000000000000048,83.91878172588832,69.35228426395939,38.237563451776644,3889.555329949238,186.64060913705583,8.53705583756345,178.10355329949238,43.60203045685279,132.73096446700507,135.56548223350254,38.13096446700507,2361.6284263959387,365.530964467005,52.56852791878172,58.90152284263959,1042.587817258883,184.88324873096445,213.88324873096443,986.0487309644669,1,73,Aedes sierrensis,2024.0,"{""type"":""Polygon"",""coordinates"":[[[-124.7046514321056,48.666317160260206],[-124.71273481388155,48.664562098645845],[-124.71766449419212,48.65998167573127],[-124.71751838054954,48.654362714647334],[-124.71235492496736,48.64989659355651],[-124.70418826135148,48.64832463183327],[-124.69620215024304,48.65025963411711],[-124.6915100550412,48.65494726300983],[-124.69194246763807,48.66055978947563],[-124.6973322081549,48.66490827895213],[-124.7046514321056,48.666317160260206]]]}"
00000000000000000049,98.31521739130434,78.31832298136646,34.09627329192546,5235.475155279503,226.1413043478261,2.077639751552795,224.0636645962733,40.299689440993795,168.17391304347825,168.17391304347825,36.0776397515528,1033.1770186335402,169.32142857142856,29.0,56.23757763975157,472.78726708074544,102.0,102.0,432.54968944099375,1,74,Aedes sierrensis,2024.0,"{""type"":""Polygon"",""coordinates"":[[[-123.86261708467815,49.20509250414385],[-123.8707881780877,49.2033374371095],[-123.8757713267495,49.198757005568304],[-123.8756236001194,49.19313804479807],[-123.8704041236331,49.18867193251766],[-123.8621488910139,49.187099975699134],[-123.85407616729633,49.189034972079],[-123.84933316095412,49.19372259256852],[-123.8497702365865,49.199335119961496],[-123.85521843988832,49.2036836183921],[-123.86261708467815,49.20509250414385]]]}"
0000000000000000004a,104.27432712215321,97.32194616977226,41.48240165631471,4832.115942028985,240.0890269151139,7.8354037267080745,232.25362318840578,49.07971014492754,167.7567287784679,167.7567287784679,45.927536231884055,1264.4813664596272,183.9503105590062,32.36024844720497,48.952380952380956,541.5093167701864,133.80848861283644,133.80848861283644,491.6666666666667,1,75,Aedes sierrensis,2024.0,"{""type"":""Polygon"",""coordinates"":[[[-122.04919878646488,47.57443938080818],[-122.05711217253611,47.572684329831034],[-122.06193822388786,47.56810392384705],[-122.06179523537958,47.56248496214763],[-122.05674035531679,47.55801882376548],[-122.04874535082328,47.556446852416165],[-122.04092710700685,47.55838186628723],[-122.0363336838038,47.563069511672055],[-122.0367570577913,47.568682036318],[-122.0420334896247,47.573030508221215],[-122.04919878646488,47.57443938080818]]]}"
0000000000000000004b,89.98785425101215,67.12550607287449,40.0,3667.6042510121465,184.37246963562757,17.412955465587046,166.95951417004048,50.861336032388664,135.7995951417004,137.89372469635626,46.152834008097166,2755.091093117409,405.5576923076923,62.08603238866397,55.90587044534413,1170.3329959514172,226.09817813765184,261.52834008097165,1104.2246963562752,1,76,Aedes sierrensis,2024.0,"{""type"":""Polygon"",""coordinates"":[[[-125.055685244336,48.83690007105977],[-125.06379611479508,48.83514500774199],[-125.06874255203263,48.83056458211621],[-125.06859593292175,48.82494562113087],[-125.06341492046941,48.820479502809015],[-125.0552204994059,48.81890754262725],[-125.0472072439845,48.82084254305556],[-125.04249919331116,48.825530169307285],[-125.04293306733726,48.8311426960645],[-125.04834113002508,48.83549118835513],[-125.055685244336,48.83690007105977]]]}"
0000000000000000004c,70.71050308914387,61.0,31.65931156222418,4381.991173874669,175.23477493380403,-15.00441306266549,190.23918799646955,49.498676081200344,126.23477493380403,129.92409532215356,19.60017652250662,2011.5904677846424,283.6301853486319,70.96999117387466,41.89849955869373,788.4095322153574,245.66372462488965,320.88614298323034,663.3821712268314,1,77,Aedes sierrensis,2024.0,"{""type"":""Polygon"",""coordinates"":[[[-132.2675632830151,53.371716660393155],[-132.2765113079666,53.36996154699985],[-132.28196805440882,53.36538104167463],[-132.28180602365853,53.359762083589885],[-132.27609032981675,53.3552960466655],[-132.26705059919382,53.353724131796234],[-132.2582107051467,53.355659077680336],[-132.25301673972447,53.36034662629629],[-132.2534951020556,53.3659591616171],[-132.25946114424056,53.37030773663314],[-132.2675632830151,53.371716660393155]]]}"
0000000000000000004d,77.25516528925621,92.33264462809917,40.90185950413224,4612.591942148761,211.45454545454544,-11.62396694214876,223.07851239669424,26.755165289256198,136.6900826446281,139.08987603305783,23.157024793388427,2747.74173553719,453.05785123966945,51.37086776859503,61.599173553719005,1263.4648760330579,187.18285123966942,225.41322314049592,1193.4586776859503,1,78,Aedes sierrensis,2024.0,"{""type"":""Polygon"",""coordinates"":[[[-123.9323128341435,47.873653979696506],[-123.94027180332847,47.871898925849074],[-123.9451256421425,47.867318515296624],[-123.94498181578362,47.86169955376326],[-123.93989782195015,47.85723342004692],[-123.93185678808838,47.85566145129507],[-123.92399353166861,47.85759646203947],[-123.91937365027539,47.86228410297416],[-123.91979944803893,47.86789662811119],[-123.92510626287108,47.872245104756296],[-123.9323128341435,47.873653979696506]]]}"
0000000000000000004e,65.63144329896907,122.89948453608247,43.37886597938145,5676.320876288659,228.91623711340205,-50.884020618556704,279.80025773195877,5.478092783505155,142.36726804123714,143.3672680412371,5.416237113402063,780.3994845360826,145.09278350515464,6.41237113402062,77.11855670103094,390.9909793814433,24.86340206185567,39.86340206185567,389.4136597938144,1,79,Aedes sierrensis,2024.0,"{""type"":""Polygon"",""coordinates"":[[[-118.99349723026685,37.025481591256515],[-119.00018421998064,37.02372662482106],[-119.00426263471539,37.01914635340352],[-119.00414215765072,37.01352738682027],[-118.99987058035914,37.0090611110043],[-118.99311403002298,37.00748906314211],[-118.98650688162834,37.00942416911396],[-118.98262530836185,37.01411194557921],[-118.98298343931354,37.019724455752716],[-118.98744240526067,37.0240727879824],[-118.99349723026685,37.025481591256515]]]}"
0000000000000000004f,158.16750629722924,151.99370277078089,48.0,5868.196473551638,343.11964735516375,28.0,315.1196473551637,82.62468513853905,230.1259445843829,230.1259445843829,82.62468513853905,474.9937027707808,106.37027707808565,0.017632241813602016,89.37657430730478,266.2367758186398,5.924433249370277,5.924433249370277,266.2367758186398,1,80,Aedes sierrensis,2024.0,"{""type"":""Polygon"",""coordinates"":[[[-121.76325001321055,38.55238481038166],[-121.77007661955325,38.5506298333312],[-121.77424014938923,38.54604954501692],[-121.77411711184975,38.5404305790461],[-121.76975636044031,38.53596432048694],[-121.76285881691803,38.534392282232396],[-121.756113790167,38.536327376639264],[-121.75215117759565,38.541015136645576],[-121.75251673842907,38.5466276486371],[-121.75706876885125,38.550975998404674],[-121.76325001321055,38.55238481038166]]]}"
00000000000000000050,158.0,152.0,47.794486215538846,5872.179197994988,342.22180451127815,27.18546365914787,315.0363408521303,82.0,229.57644110275692,229.57644110275692,82.0,479.93107769423557,108.8421052631579,0.057644110275689234,90.53007518796993,271.3020050125313,5.284461152882206,5.284461152882206,271.3020050125313,1,81,Aedes sierrensis,2024.0,"{""type"":""Polygon"",""coordinates"":[[[-121.78073414844113,38.543252571424205],[-121.78755988791443,38.54149759443855],[-121.79172288927785,38.53691730622744],[-121.79159986763725,38.53129834025288],[-121.78723966990304,38.52683208158836],[-121.78034300179537,38.52526004327515],[-121.77359883111927,38.52719513775263],[-121.76963672171492,38.53188289785944],[-121.77000223641782,38.53749540983985],[-121.77455368901032,38.54184375950036],[-121.78073414844113,38.543252571424205]]]}"
00000000000000000051,82.41755888650964,104.83083511777303,39.093147751606,5556.032119914348,240.32655246252676,-22.982869379014993,263.3094218415418,20.58672376873662,154.41970021413275,155.58672376873665,14.923982869379016,2526.4453961456106,432.54282655246254,25.675588865096362,67.83083511777302,1232.1156316916488,143.67130620985012,158.84047109207708,1164.3618843683084,1,82,Aedes sierrensis,2024.0,"{""type"":""Polygon"",""coordinates"":[[[-122.02117333634396,45.841039650999],[-122.02883661233514,45.83928461602974],[-122.03351019522049,45.83470423552487],[-122.03337180225667,45.829085272899626],[-122.02847666702635,45.82461910849548],[-122.02073422396,45.82304712265955],[-122.01316296251508,45.824982153968605],[-122.00871471293873,45.82966982417264],[-122.00912478615514,45.83528234607944],[-122.01423450821171,45.839630791536386],[-122.02117333634396,45.841039650999]]]}"
00000000000000000000,123.00000000000003,136.3925619834711,46.44903581267217,5797.202479338845,291.25895316804406,0.09228650137741048,291.1666666666667,62.0771349862259,180.30303030303034,202.805785123967,59.84710743801653,737.7011019283748,129.29614325068871,3.1900826446280997,79.52203856749311,383.4214876033058,32.464187327823694,50.01515151515152,366.0192837465565,1,1,Aedes sierrensis,2025.0,"{""type"":""Polygon"",""coordinates"":[[[-116.90202276766388,33.349091004823045],[-116.90841383508597,33.34733606230159],[-116.91231184501865,33.34275582895055],[-116.91219679450326,33.33713686098837],[-116.90811422497146,33.3326705462947],[-116.9016565153716,33.331098476787176],[-116.89534160567703,33.33303360881408],[-116.89163179806887,33.33772142235936],[-116.89197418063685,33.34333392843627],[-116.89623589284852,33.347682221155154],[-116.90202276766388,33.349091004823045]]]}"
00000000000000000005,104.60088202866595,132.79823594266813,45.0,5575.823594266813,281.91289966923927,-10.506063947078278,292.41896361631757,38.80264608599779,176.18191841234838,176.60088202866595,35.80264608599779,1606.3737596471885,251.95259095920613,19.0,58.88864388092612,728.8158765159866,109.61962513781698,114.00330760749723,660.6163175303197,1,6,Aedes sierrensis,2025.0,"{""type"":""Polygon"",""coordinates"":[[[-122.32708550501461,44.16188488550499],[-122.33452742510086,44.160129865118925],[-122.33906606636637,44.155549507825924],[-122.33893173838821,44.14993054435769],[-122.334177983323,44.145464356247096],[-122.32665906943326,44.143892357213424],[-122.31930639928875,44.14582740440898],[-122.31498663346964,44.150515097223646],[-122.31538493270513,44.156127616634585],[-122.320347109292,44.160476037998656],[-122.32708550501461,44.16188488550499]]]}"
00000000000000000006,134.94147582697198,118.40585241730277,55.0,3466.3511450381675,249.69338422391857,37.06234096692111,212.63104325699743,93.1908396946565,176.6653944020356,181.11068702290075,93.1908396946565,738.1946564885495,149.01526717557252,2.0,86.59160305343512,386.6564885496183,9.870229007633586,14.241730279898219,386.6564885496183,1,7,Aedes sierrensis,2025.0,"{""type"":""Polygon"",""coordinates"":[[[-122.19730336885402,37.36499308636483],[-122.20402049585466,37.36323811760669],[-122.20811728333734,37.35865784249192],[-122.20799625360007,37.35303887604267],[-122.20370542740605,37.348572604002705],[-122.19691844260102,37.347000558242804],[-122.1902815320991,37.348935661684074],[-122.18638246589447,37.3536234345479],[-122.18674220066764,37.35923594511923],[-122.19122125529188,37.363584281186434],[-122.19730336885402,37.36499308636483]]]}"
00000000000000000007,134.02386934673365,120.67964824120602,54.75251256281407,3672.6821608040195,255.72487437185924,36.805276381909536,218.9195979899497,91.82035175879398,177.4183417085427,181.20100502512562,88.78768844221106,1018.3002512562814,217.8329145728643,1.6984924623115578,90.46733668341709,556.4912060301507,11.398241206030148,17.66457286432161,552.7587939698492,1,8,Aedes sierrensis,2025.0,"{""type"":""Polygon"",""coordinates"":[[[-122.64317334228915,38.104013281255575],[-122.64995784842223,38.10225830736797],[-122.65409571254987,38.09767802408826],[-122.65397344713354,38.09205905793495],[-122.6496395854139,38.08759279423393],[-122.6427845571337,38.08602075311669],[-122.63608110637763,38.087955850969465],[-122.63214293051824,38.0926436158799],[-122.6325062509694,38.09825612732974],[-122.6370302186141,38.102604471871715],[-122.64317334228915,38.104013281255575]]]}"
00000000000000000008,135.92357512953367,115.6658031088083,55.94170984455959,3350.233160621762,245.1826424870467,39.332901554404145,205.84974093264248,94.62694300518136,175.59067357512956,179.8018134715026,94.62694300518136,684.7435233160622,138.15155440414506,2.0,86.78756476683938,357.5660621761658,9.375647668393784,13.489637305699482,357.5660621761658,1,9,Aedes sierrensis,2025.0,"{""type"":""Polygon"",""coordinates"":[[[-122.21998235681185,37.38162999239523],[-122.2267009736711,37.379875023522736],[-122.23079866942359,37.37529474822594],[-122.23067761236423,37.36967578178327],[-122.22638583458689,37.36520950992923],[-122.21959734523236,37.36363746427283],[-122.21295896341962,37.3655725675895],[-122.20905903243896,37.37026034027602],[-122.20941884649783,37.375872850866934],[-122.2138988942202,37.38022118712307],[-122.21998235681185,37.38162999239523]]]}"
00000000000000000009,140.16580976863756,122.07197943444731,60.0,2782.5539845758362,244.02699228791772,42.825192802056556,201.2017994858612,103.7017994858612,169.07455012853472,174.0745501285347,103.7017994858612,372.5359897172238,75.98714652956299,1.0,87.16580976863753,199.34190231362467,5.0,8.997429305912597,199.34190231362467,1,10,Aedes sierrensis,2025.0,"{""type"":""Polygon"",""coordinates"":[[[-121.66346870893759,36.762358956294776],[-121.67013268783747,36.760603991645176],[-121.6741970743664,36.756023723070335],[-121.67407701927836,36.75040475638407],[-121.66982013916137,36.74593847766482],[-121.66308682655945,36.74436642818624],[-121.656502402528,36.746301536103786],[-121.65263418569813,36.75098931533807],[-121.6529910920716,36.75660182520569],[-121.65743471964487,36.76095015448482],[-121.66346870893759,36.762358956294776]]]}"
0000000000000000000a,154.90096618357487,149.29468599033817,42.56159420289856,6912.997584541064,358.9420289855073,12.601449275362322,346.340579710145,78.60144927536233,246.67995169082127,246.67995169082127,72.61714975845412,1529.5881642512077,278.96497584541066,7.0,79.0,767.8091787439614,40.0,40.0,746.0422705314011,1,11,Aedes sierrensis,2025.0,"{""type"":""Polygon"",""coordinates"":[[[-122.35350567875624,40.851729186793136],[-122.36056361783999,40.84997419287346],[-122.36486817532499,40.8453938777075],[-122.3647408943997,40.839774912710425],[-122.3602323893806,40.83530868157513],[-122.35310123379348,40.83373665858849],[-122.34612775589267,40.83567173461695],[-122.34203086823673,40.840359468467305],[-122.34240873879672,40.84597198334747],[-122.34711496837441,40.85032036098568],[-122.35350567875624,40.851729186793136]]]}"
0000000000000000000b,137.7314930991217,122.94353826850688,54.982434127979914,3673.0351317440395,258.8356336260978,36.972396486825595,221.86323713927223,90.82434127979924,179.97490589711416,183.4366373902133,90.3927227101631,908.1957340025093,201.65370138017562,1.1079046424090337,92.55834378920953,508.3776662484316,9.341279799247177,14.085319949811794,507.99874529485567,1,12,Aedes sierrensis,2025.0,"{""type"":""Polygon"",""coordinates"":[[[-122.63367099794424,38.11175873978541],[-122.64045622341531,38.11000376584351],[-122.6445945260759,38.105423482477356],[-122.64447224746714,38.09980451632717],[-122.64013792630132,38.095338252714434],[-122.63328217159129,38.093766211646354],[-122.62657801045366,38.09570130943995],[-122.62263941706057,38.1003890742662],[-122.62300277579193,38.10600158572534],[-122.62752722292667,38.11034993035703],[-122.63367099794424,38.11175873978541]]]}"
0000000000000000000c,138.93943298969072,127.11726804123711,54.0,3859.7847938144337,266.67139175257734,33.810567010309285,232.86082474226805,92.4548969072165,186.24355670103094,190.14819587628867,92.4548969072165,736.5476804123712,152.92139175257734,2.0,88.40463917525774,394.4909793814433,8.639175257731958,13.63917525773196,394.4909793814433,1,13,Aedes sierrensis,2025.0,"{""type"":""Polygon"",""coordinates"":[[[-122.0841982706334,37.296059843179606],[-122.09090923762338,37.29430487489474],[-122.09500226974814,37.28972460053335],[-122.09488135297714,37.28410563405678],[-122.0905944612261,37.2796393612474],[-122.08381369717362,37.27806731505912],[-122.07718286999477,37.280002419016036],[-122.07328737931716,37.284690192613716],[-122.07364678627286,37.29030270310398],[-122.0781217348061,37.294651038389226],[-122.0841982706334,37.296059843179606]]]}"
0000000000000000000d,150.7674418604651,134.8188494492044,42.411260709914316,6368.337821297429,333.31334149326807,19.728274173806607,313.5850673194614,80.98531211750307,234.6805385556915,234.6805385556915,75.64504283965728,1196.4834761321908,225.984088127295,2.0,81.36474908200732,606.8886168910649,23.113831089351283,23.113831089351283,593.7429620563036,1,14,Aedes sierrensis,2025.0,"{""type"":""Polygon"",""coordinates"":[[[-121.70199534203938,39.85454487731209],[-121.70894968121212,39.85278989084679],[-121.71319108110072,39.84820958754634],[-121.71306570069665,39.842590622118905],[-121.70862336551971,39.83812437886527],[-121.70159683033546,39.836552349131914],[-121.69472566159308,39.838487433281585],[-121.69068890759458,39.843175178690025],[-121.69106126554915,39.8487876922938],[-121.69569843879681,39.85313605761622],[-121.70199534203938,39.85454487731209]]]}"
0000000000000000000e,168.1048780487805,144.98048780487804,41.980487804878045,7038.424390243902,367.9512195121951,22.980487804878045,344.97073170731704,82.97439024390243,259.94146341463414,259.94146341463414,82.97439024390243,1055.9158536585364,204.50365853658536,5.0,78.20243902439024,531.7365853658536,32.957317073170735,32.957317073170735,531.7365853658536,1,15,Aedes sierrensis,2025.0,"{""type"":""Polygon"",""coordinates"":[[[-122.39548365607337,40.52961710399536],[-122.40250756122532,40.527862112507805],[-122.40679137063746,40.523281801213166],[-122.40666471409112,40.51766283607567],[-122.4021779467261,40.51319660098656],[-122.39508116026066,40.5116245757987],[-122.3881412922106,40.513559654476836],[-122.3840641592486,40.51824739209821],[-122.38444021887982,40.52385990656194],[-122.38912376257034,40.52820828018191],[-122.39548365607337,40.52961710399536]]]}"
00000000000000000010,143.1311258278146,78.39337748344373,51.00529801324503,2372.388079470199,221.3245033112583,69.44238410596027,151.88211920529804,110.41059602649007,164.04370860927153,170.3245033112583,110.41059602649007,549.1589403973511,118.94304635761591,1.0,89.50728476821195,300.3231788079471,7.0,33.0728476821192,300.3231788079471,1,17,Aedes sierrensis,2025.0,"{""type"":""Polygon"",""coordinates"":[[[-122.403880143357,37.81110385125682],[-122.41063764823096,37.80934887941454],[-122.41475905146609,37.80476859939051],[-122.41463728123969,37.799149633119185],[-122.4103206654119,37.794683366093096],[-122.40349290460266,37.793111323124656],[-122.39681611892328,37.795046423205775],[-122.39289361571863,37.79973419128755],[-122.39325549926771,37.805346702387105],[-122.3977614686446,37.80969504354984],[-122.403880143357,37.81110385125682]]]}"
00000000000000000011,127.74487179487178,111.52948717948718,54.352564102564095,3502.1769230769232,242.31666666666666,38.48717948717949,203.82948717948716,89.02692307692307,170.32692307692307,175.81282051282048,89.02692307692307,878.1987179487179,171.5602564102564,2.0,85.50384615384615,453.275641025641,12.671794871794873,17.194871794871794,453.275641025641,1,18,Aedes sierrensis,2025.0,"{""type"":""Polygon"",""coordinates"":[[[-122.2950736185519,37.428526358174324],[-122.30179644165905,37.4267713889792],[-122.30589670168709,37.422191113168864],[-122.30577556749049,37.41657214674481],[-122.30148110315247,37.41210587541525],[-122.29468836607417,37.41053383005085],[-122.28804583037876,37.41246893301604],[-122.28414345791647,37.417156705202316],[-122.28450349581891,37.42276921584849],[-122.2889863473084,37.42711755263765],[-122.2950736185519,37.428526358174324]]]}"
00000000000000000012,131.71116816431322,125.9627727856226,53.378690629011565,3995.472400513479,264.9987163029525,31.077021822849808,233.92169448010267,86.82541720154045,181.73940949935817,186.15404364569966,86.82541720154045,896.1899871630296,181.51476251604623,2.0,87.602053915276,475.73812580231066,10.77663671373556,15.922978177150195,475.73812580231066,1,19,Aedes sierrensis,2025.0,"{""type"":""Polygon"",""coordinates"":[[[-122.06901503154639,37.24430751635332],[-122.07572138764118,37.24255254842321],[-122.07981160880267,37.2379722746265],[-122.079690776589,37.23235330812947],[-122.07540682984987,37.22788703474337],[-122.06863072215971,37.226314988234],[-122.06200444847437,37.22825009257742],[-122.05811163415255,37.23293786672515],[-122.05847079572985,37.23855037715465],[-122.06294267076888,37.24289871185378],[-122.06901503154639,37.24430751635332]]]}"
00000000000000000013,138.0,121.46794871794873,61.0,2828.5846153846155,239.72820512820513,41.8948717948718,197.83333333333334,101.53461538461539,169.65512820512822,173.27051282051283,101.53461538461539,711.0371794871795,158.50769230769228,2.0,91.53205128205127,401.53589743589754,8.0,12.038461538461538,401.53589743589754,1,20,Aedes sierrensis,2025.0,"{""type"":""Polygon"",""coordinates"":[[[-122.01163531919065,36.99706819934395],[-122.0183198096269,36.99531323310193],[-122.02239670071395,36.99073296199231],[-122.02227626948176,36.985113995397896],[-122.01800628849689,36.98064771926746],[-122.01125226208433,36.979075671230184],[-122.00464758185441,36.981010777412784],[-122.00076745927286,36.985698554177965],[-122.00112545721953,36.99131106431834],[-122.00558275721743,36.995659396228426],[-122.01163531919065,36.99706819934395]]]}"
00000000000000000014,172.08333333333331,122.66256830601091,52.844262295081954,3809.5628415300544,295.27322404371586,64.88661202185791,230.3866120218579,130.48907103825135,217.51502732240434,225.3592896174863,128.48907103825132,445.6311475409835,95.5587431693989,0.0,93.88797814207648,259.27732240437155,5.0,12.398907103825135,247.8387978142076,1,21,Aedes sierrensis,2025.0,"{""type"":""Polygon"",""coordinates"":[[[-118.43602041656509,34.11688577881167],[-118.4424689266234,34.11513083147086],[-118.44640195562066,34.110550590448234],[-118.44628585171347,34.104931622763864],[-118.44216659314996,34.10046531590526],[-118.43565087444188,34.09889325075997],[-118.42927923718388,34.100828377535926],[-118.42553608747184,34.10551618360846],[-118.42588152699612,34.11112869051105],[-118.43018152888679,34.11547699119255],[-118.43602041656509,34.11688577881167]]]}"
00000000000000000015,71.06748466257669,149.8319018404908,45.67852760736197,6090.285889570552,264.15460122699386,-60.706748466257665,324.8613496932516,8.09079754601227,151.42822085889574,151.42822085889574,0.6490797546012272,1207.9325153374234,198.47116564417178,7.093251533742331,68.85521472392638,561.3558282208589,54.157055214723925,54.157055214723925,543.0024539877301,1,22,Aedes sierrensis,2025.0,"{""type"":""Polygon"",""coordinates"":[[[-121.56337526759089,40.33223499586459],[-121.57037858830891,40.33048000585585],[-121.57464984883937,40.32589969691511],[-121.57452356991455,40.320280731692236],[-121.57004994994152,40.31581449419906],[-121.56297395066655,40.31424246767277],[-121.55605441058248,40.316177547962006],[-121.55198922567384,40.32086528787631],[-121.55236419000069,40.32647780208682],[-121.55703401278024,40.33082617326357],[-121.56337526759089,40.33223499586459]]]}"
00000000000000000016,86.9922480620155,140.38113695090442,46.0,5918.609819121449,265.69121447028425,-38.24806201550388,303.9392764857882,24.36434108527132,166.3346253229974,167.4560723514212,21.29715762273902,1046.5671834625323,192.69250645994833,4.6343669250646,79.71447028423773,528.7441860465116,25.577519379844958,34.90439276485789,519.4806201550387,1,23,Aedes sierrensis,2025.0,"{""type"":""Polygon"",""coordinates"":[[[-119.64899400332551,37.49729015551951],[-119.65572301171284,37.4955351858506],[-119.65982704250314,37.49095490928608],[-119.65970579487579,37.485335942889364],[-119.65540737995529,37.480869672330044],[-119.64860839660741,37.47929762739449],[-119.64195975263561,37.48123272984348],[-119.6380537899789,37.48592050129512],[-119.63841415704249,37.491533012022444],[-119.6429011314662,37.4958813495944],[-119.64899400332551,37.49729015551951]]]}"
00000000000000000017,114.21652065081352,157.88861076345432,53.82603254067585,4656.500625782228,286.57196495619525,-3.3354192740926165,289.90738423028785,63.73967459324156,174.7872340425532,176.45181476846057,60.50563204005006,1340.0175219023777,253.43304130162704,2.9261576971214014,85.39299123904881,709.7046307884857,20.028785982478098,36.550688360450565,687.8961201501876,1,24,Aedes sierrensis,2025.0,"{""type"":""Polygon"",""coordinates"":[[[-123.40011912341473,39.4588353316272],[-123.40703376481616,39.45708034806007],[-123.41125096369676,39.45250004937279],[-123.41112631146613,39.44688108377808],[-123.4067093314968,39.44241483581295],[-123.39972288524524,39.44084280345654],[-123.39289091979747,39.44277789076366],[-123.38887720802715,39.44746564066575],[-123.38924745356373,39.45307815377324],[-123.39385816551275,39.45742651430743],[-123.40011912341473,39.4588353316272]]]}"
00000000000000000018,96.28899999999999,92.20699999999998,36.86,5373.063999999999,235.36599999999996,-11.290999999999999,246.65699999999995,33.706999999999994,165.18699999999998,165.18699999999998,28.708999999999993,1748.1959999999995,253.16499999999996,51.397999999999996,46.694999999999986,719.9979999999998,191.71299999999994,191.71299999999994,661.4519999999999,1,25,Aedes sierrensis,2025.0,"{""type"":""Polygon"",""coordinates"":[[[-122.42302752328051,49.18929836821254],[-122.43119600804835,49.18754330133875],[-122.43617756650625,49.18296287005311],[-122.43602988785348,49.17734390927358],[-122.43081207748993,49.17287779673217],[-122.42255947900266,49.171305839768344],[-122.41448933123219,49.17324083632312],[-122.40974783904362,49.177928457061576],[-122.41018477599766,49.18354098442709],[-122.41563124055509,49.18788948259243],[-122.42302752328051,49.18929836821254]]]}"
00000000000000000019,137.64112388250322,95.37420178799489,52.721583652618136,3066.5351213282247,229.65134099616859,50.43805874840358,179.21328224776505,102.23371647509578,171.84418901660283,175.61558109833973,97.49936143039591,951.4878671775225,195.21583652618136,2.0,88.57726692209452,511.47254150702423,12.395913154533845,16.49936143039591,501.5134099616859,1,26,Aedes sierrensis,2025.0,"{""type"":""Polygon"",""coordinates"":[[[-122.56762725224164,37.89681669170616],[-122.57439261781961,37.89506171926706],[-122.57851881321028,37.890481438293016],[-122.57839689882364,37.88486247205612],[-122.57407526230921,37.8803962060003],[-122.56723956329328,37.87882416357204],[-122.56055501477853,37.88075926300292],[-122.55662794889395,37.88544703015929],[-122.55699025076049,37.89105954136107],[-122.56150145985902,37.89540788350986],[-122.56762725224164,37.89681669170616]]]}"
0000000000000000001a,116.6933497536946,82.81650246305419,54.98645320197045,2388.3731527093596,195.4396551724138,45.71182266009853,149.72783251231527,92.7253694581281,144.05418719211823,147.85221674876848,87.72536945812807,1800.06157635468,343.2733990147783,3.0,83.0,942.7894088669951,30.046798029556644,47.009852216748776,931.7093596059115,1,27,Aedes sierrensis,2025.0,"{""type"":""Polygon"",""coordinates"":[[[-124.288024243379,40.33009908645999],[-124.2950273424629,40.328344096467205],[-124.29929846787853,40.32376378755186],[-124.29917219301953,40.31814482232807],[-124.29469871460547,40.31367858480896],[-124.28762293914784,40.312106558268226],[-124.28070361793662,40.31404163857485],[-124.27663856167358,40.31872937851388],[-124.27701351420714,40.32434189272166],[-124.28168318925253,40.32869026387205],[-124.288024243379,40.33009908645999]]]}"
0000000000000000001c,87.8927855711423,114.43186372745492,33.0,7893.533066132265,282.8507014028056,-57.1372745490982,339.98797595190376,169.313627254509,43.31462925851704,190.4889779559118,-13.511022044088175,304.493987975952,33.77054108216433,17.0,20.13226452905812,89.87775551102206,61.50801603206412,86.98496993987975,80.64028056112224,1,29,Aedes sierrensis,2025.0,"{""type"":""Polygon"",""coordinates"":[[[-119.57606094649535,49.501132223082124],[-119.5842813615775,49.49937715301913],[-119.58929457622465,49.494796716657525],[-119.5891459424238,49.4891777560626],[-119.58389496451687,49.484711648705314],[-119.57558992838435,49.48313969462746],[-119.56746850124942,49.48507468770829],[-119.56269686676076,49.48976230350222],[-119.56313656432305,49.495374831413265],[-119.56861764207525,49.499723334847296],[-119.57606094649535,49.501132223082124]]]}"
0000000000000000001d,122.15767634854772,135.03596127247576,45.811894882434295,5868.084370677733,290.1701244813278,-0.8644536652835408,291.0345781466113,60.10788381742738,175.65975103734436,202.78838174273858,57.947441217150754,733.2199170124479,128.42185338865838,3.66804979253112,78.85753803596126,379.2005532503458,34.348547717842315,52.64868603042877,361.7814661134164,1,30,Aedes sierrensis,2025.0,"{""type"":""Polygon"",""coordinates"":[[[-116.85917526564133,33.32053492167678],[-116.86556423842835,33.31877997933292],[-116.86946097139807,33.31419974626458],[-116.8693459592953,33.30858077829216],[-116.86526472762202,33.30411446330977],[-116.85880913331201,33.30254239364149],[-116.85249629217614,33.30447752586189],[-116.84878770038152,33.30916533968256],[-116.8491299714791,33.31477784572905],[-116.85339028746533,33.31912613815449],[-116.85917526564133,33.32053492167678]]]}"
0000000000000000001e,92.59779005524861,129.90055248618782,43.48950276243094,5790.298342541436,272.8861878453039,-22.43314917127072,295.31933701657454,25.647513812154692,167.79116022099447,168.2806629834254,21.59779005524862,1870.9193370165744,306.2773480662983,20.859668508287292,62.51602209944752,875.8375690607734,120.42099447513812,121.32044198895028,801.0850828729281,1,31,Aedes sierrensis,2025.0,"{""type"":""Polygon"",""coordinates"":[[[-122.25499521828351,44.22217639084863],[-122.26244475501773,44.220421369953485],[-122.26698803952445,44.215841011850166],[-122.26685357170682,44.21022204841134],[-122.2620949518751,44.20575586112834],[-122.25456834650191,44.204183862555396],[-122.24720815478493,44.20611890919638],[-122.24288396795836,44.210806601221684],[-122.24328267236008,44.21641912071977],[-122.24824992587193,44.22076754292491],[-122.25499521828351,44.22217639084863]]]}"
0000000000000000001f,153.14362416107383,131.8993288590604,53.11140939597316,3961.112751677852,284.67919463087253,39.479194630872485,245.20000000000005,110.57449664429531,202.21879194630873,206.93020134228192,106.74899328859061,515.4966442953021,108.4778523489933,0.0,95.39194630872485,304.1758389261745,2.0,8.88724832214765,284.22416107382554,1,32,Aedes sierrensis,2025.0,"{""type"":""Polygon"",""coordinates"":[[[-119.90565985996184,34.623800845668455],[-119.91214750717185,34.62204589509766],[-119.91610439557796,34.61746564893349],[-119.91598757398677,34.61184668143533],[-119.91184331823364,34.60738037982783],[-119.90528807638987,34.605808317606154],[-119.8988777891477,34.607743440862905],[-119.8951119225978,34.61243124192711],[-119.89545944492535,34.61804374938307],[-119.89978553457742,34.62239205540119],[-119.90565985996184,34.623800845668455]]]}"
00000000000000000020,55.60729166666667,80.25,34.606249999999996,5307.967708333333,192.084375,-37.39791666666667,229.48229166666664,-1.8739583333333332,124.44270833333334,127.06041666666665,-6.20625,2424.4468749999996,359.93854166666665,53.03958333333333,52.121875,1055.8333333333333,227.12604166666665,238.74374999999998,974.8447916666667,1,33,Aedes sierrensis,2025.0,"{""type"":""Polygon"",""coordinates"":[[[-121.70945095900072,47.51775082911571],[-121.71735579198891,47.51599577867868],[-121.72217662937314,47.51141537355434],[-121.72203379806611,47.505796411823674],[-121.7169843808294,47.501330272563564],[-121.70899801317067,47.49975830072548],[-121.70118821540511,47.50169331518488],[-121.69659975674082,47.506380961407096],[-121.69702267592689,47.51199348596063],[-121.70229340677471,47.51634195697158],[-121.70945095900072,47.51775082911571]]]}"
00000000000000000021,91.82517482517484,81.08991008991009,33.35964035964036,5408.178821178822,225.1158841158841,-13.174825174825173,238.29070929070932,29.965034965034967,161.6053946053946,161.6053946053946,24.976023976023974,1457.933066933067,226.58541458541458,40.010989010989015,52.64035964035965,635.1548451548452,147.42257742257743,147.42257742257743,589.2527472527472,1,34,Aedes sierrensis,2025.0,"{""type"":""Polygon"",""coordinates"":[[[-122.92106451993988,49.290354975386784],[-122.92924973532317,49.288599907483885],[-122.93424149260517,49.2840194745603],[-122.93409350624236,49.278400513840346],[-122.92886501014333,49.27393440297178],[-122.92059551756778,49.27236244693922],[-122.91250884887877,49.274297442373],[-122.90775764561303,49.27898506151592],[-122.90819547197923,49.284597589057455],[-122.91365308803087,49.288946088922955],[-122.92106451993988,49.290354975386784]]]}"
00000000000000000022,111.53004807692308,108.23317307692308,54.082932692307686,3328.135817307692,221.89062499999994,23.195913461538453,198.69471153846155,74.76081730769228,151.8713942307692,155.78966346153845,71.38341346153844,1549.258413461538,265.5360576923077,6.042067307692308,74.48317307692305,763.4939903846152,49.475961538461526,61.780048076923066,720.6911057692307,1,35,Aedes sierrensis,2025.0,"{""type"":""Polygon"",""coordinates"":[[[-124.00372087841338,41.21770544665366],[-124.01081816218435,41.215950449941786],[-124.01514670529755,41.211370130331396],[-124.01501870252103,41.20575116549554],[-124.01048506785088,41.201284938899384],[-124.0033141801539,41.19971291843983],[-123.99630184788873,41.20164799142637],[-123.99218212296134,41.206335720947436],[-123.9925620869881,41.21194823630566],[-123.99729454239433,41.216296618556974],[-124.00372087841338,41.21770544665366]]]}"
00000000000000000023,82.94756554307115,149.29088639200995,45.12734082397003,6262.124843945067,272.78901373283395,-53.58426966292134,326.37328339575527,18.625468164794007,165.37827715355803,165.75780274656677,10.212234706616728,1282.1210986267165,226.29712858926337,8.252184769038701,75.12734082397003,625.1960049937577,45.309612983770286,48.962546816479396,618.5905118601747,1,36,Aedes sierrensis,2025.0,"{""type"":""Polygon"",""coordinates"":[[[-120.59793083940826,39.575552301701144],[-120.60485710838253,39.573797317282626],[-120.60908139580002,39.56921701724015],[-120.60895653028963,39.56359805169457],[-120.60453212371792,39.55913180511352],[-120.59753393531464,39.557559773527686],[-120.5906904871211,39.55949485990725],[-120.58667002622634,39.56418260848925],[-120.58704089049947,39.56979512174253],[-120.59165935302956,39.57414348368335],[-120.59793083940826,39.575552301701144]]]}"
00000000000000000024,129.36139896373058,112.23316062176167,58.38341968911918,2882.7370466321254,230.28238341968918,40.010362694300525,190.27202072538861,95.02202072538863,162.8251295336788,167.44041450777206,95.02202072538863,783.0751295336789,156.22409326424872,2.816062176165804,85.94559585492229,406.3639896373058,12.187823834196893,16.41450777202073,406.3639896373058,1,37,Aedes sierrensis,2025.0,"{""type"":""Polygon"",""coordinates"":[[[-122.3006564130708,37.28283860855615],[-122.30736620098581,37.28108364036196],[-122.31145851430517,37.2765033661449],[-122.31133761915679,37.2708843996631],[-122.30705148048939,37.26641812670631],[-122.3002719071385,37.26484608043596],[-122.2936422443561,37.26678118449167],[-122.28974743806275,37.271468958229946],[-122.29010678227156,37.27708146870467],[-122.29458094486633,37.281429803840105],[-122.3006564130708,37.28283860855615]]]}"
00000000000000000027,71.56370656370657,123.4221364221364,44.0,5664.584298584299,234.74002574002577,-44.577863577863575,279.3178893178893,11.436293436293438,148.33075933075932,149.3873873873874,11.435006435006436,854.8082368082366,159.04504504504504,5.579150579150579,78.85971685971685,434.55469755469755,22.63191763191763,37.63191763191763,431.29214929214936,1,40,Aedes sierrensis,2025.0,"{""type"":""Polygon"",""coordinates"":[[[-119.06154311234242,37.02213280636538],[-119.06822980731023,37.02037783995272],[-119.07230804235749,37.015797568571486],[-119.07218757069796,37.01017860198691],[-119.06791618166275,37.005712326133875],[-119.06115992897911,37.00414027825104],[-119.05455307166119,37.00607538424774],[-119.05067166947758,37.01076316074834],[-119.05102978474365,37.01637567091794],[-119.05548855422127,37.02072400310995],[-119.06154311234242,37.02213280636538]]]}"
00000000000000000029,125.76125,124.79500000000002,56.32749999999999,3393.0099999999998,247.56500000000003,28.43875,219.12625000000003,88.11125,167.495,170.3925,84.48625,1048.34625,206.37499999999997,3.0,84.7525,548.0075,17.491250000000004,28.2575,546.06375,1,42,Aedes sierrensis,2025.0,"{""type"":""Polygon"",""coordinates"":[[[-123.47733737635726,39.084689998636776],[-123.48421519800729,39.082935017779725],[-123.48840995038317,39.07835472340625],[-123.4882859735011,39.072735757655124],[-123.48389251053918,39.06826950528426],[-123.4769432468984,39.066697470475006],[-123.47014764262721,39.06863256073469],[-123.46615530256591,39.07332031483882],[-123.46652358879575,39.07893282748221],[-123.4711097578195,39.0832811835389],[-123.47733737635726,39.084689998636776]]]}"
0000000000000000002a,136.44656488549617,151.32188295165395,51.592875318066156,4936.5050890585235,306.83206106870233,16.360050890585242,290.47201017811705,76.96437659033079,199.0674300254453,199.8320610687023,76.96437659033079,1153.2417302798983,248.75063613231552,2.0,90.68447837150129,632.3765903307888,12.315521628498727,21.631043256997454,632.3765903307888,1,43,Aedes sierrensis,2025.0,"{""type"":""Polygon"",""coordinates"":[[[-122.70717481970924,38.58428076021696],[-122.71400445683564,38.582525782939996],[-122.71816983433854,38.57794549426518],[-122.7180467412128,38.57232652830744],[-122.71368405402156,38.56786027011649],[-122.70678344983966,38.56628823206695],[-122.7000354300451,38.568223326227056],[-122.69607105828095,38.57291108588218],[-122.69643678039756,38.578523597912486],[-122.70099083105123,38.582871948054276],[-122.70717481970924,38.58428076021696]]]}"
0000000000000000002d,58.35142118863049,119.49095607235144,43.0,5554.232558139534,218.33979328165373,-56.43927648578811,274.77906976744185,-0.6834625322997415,133.33979328165375,135.05943152454782,-0.6834625322997415,805.3242894056847,149.15503875968994,7.22093023255814,76.49870801033592,401.1304909560724,26.66279069767442,42.441860465116285,401.1304909560724,1,46,Aedes sierrensis,2025.0,"{""type"":""Polygon"",""coordinates"":[[[-119.04317607510329,36.99192685582933],[-119.04986011367572,36.9901718896223],[-119.05393672929067,36.985591618568364],[-119.0538163063449,36.97997265197193],[-119.04954661396872,36.97550637578461],[-119.04279304387593,36.97393432771567],[-119.03618880988473,36.97586943393639],[-119.03230894958381,36.98055721075582],[-119.03266692348345,36.9861697208902],[-119.0371239222814,36.990518052742495],[-119.04317607510329,36.99192685582933]]]}"
00000000000000000031,160.98668280871672,142.38498789346247,41.181598062953995,6945.125907990315,360.79661016949154,20.52179176755448,340.27481840193695,85.00121065375303,253.25544794188863,253.25544794188863,78.69249394673123,1461.9128329297819,269.2433414043584,7.0,79.82445520581113,734.0641646489105,37.549636803874094,37.549636803874094,712.5447941888619,1,50,Aedes sierrensis,2025.0,"{""type"":""Polygon"",""coordinates"":[[[-122.42461496325556,40.69012244641416],[-122.43165575824436,40.68836745371763],[-122.43594986419488,40.68378714049863],[-122.43582289779552,40.678168175430926],[-122.43132534280038,40.67370194230718],[-122.42421150014813,40.67212991821351],[-122.41725495271103,40.67406499557455],[-122.41316801619266,40.67875273132142],[-122.41354497452815,40.68436524599214],[-122.41823977642541,40.688713621609516],[-122.42461496325556,40.69012244641416]]]}"
00000000000000000001,168.69090909090912,145.2848484848485,41.38666666666668,7038.903030303031,368.8981818181818,23.0,345.89818181818174,83.29454545454546,260.69090909090914,260.69090909090914,83.29454545454546,1104.76,213.83878787878785,5.0,78.47636363636363,556.1818181818182,33.39636363636364,33.39636363636364,556.1818181818182,1,2,Aedes sierrensis,2026.0,"{""type"":""Polygon"",""coordinates"":[[[-122.3754533741413,40.577677295149414],[-122.3824823223362,40.57592230330046],[-122.38676920613551,40.57134199143058],[-122.38664245707271,40.56572302631395],[-122.38215246868866,40.56125679181233],[-122.37505058950934,40.559684766951555],[-122.36810574125202,40.561619845235974],[-122.36402568110027,40.56630758229701],[-122.36440200907153,40.57192009682261],[-122.36908891428835,40.57626847103967],[-122.3754533741413,40.577677295149414]]]}"
00000000000000000002,160.22179974651456,137.51964512040558,43.0,6168.166032953105,344.4410646387833,28.0,316.44106463878325,84.31939163498099,238.4081115335868,239.0202788339671,83.20152091254752,656.1634980988593,133.745247148289,1.0,83.29277566539923,336.6273764258555,11.0,14.186311787072244,336.6273764258555,1,3,Aedes sierrensis,2026.0,"{""type"":""Polygon"",""coordinates"":[[[-121.11418772297203,38.763786332224484],[-121.12103450685063,38.76203135366907],[-121.1252103375832,38.757451062959234],[-121.12508692997305,38.75183209707528],[-121.12071329103749,38.7473658409627],[-121.11379537108546,38.74579380407028],[-121.1070304180602,38.74772889683752],[-121.10305609360904,38.75241665451038],[-121.10342272818662,38.75802916675962],[-121.10798820835939,38.76237751901363],[-121.11418772297203,38.763786332224484]]]}"
00000000000000000003,114.50748299319729,141.39319727891157,44.55374149659863,6250.084353741496,292.3442176870749,-21.82857142857143,314.17278911564625,48.77006802721088,197.17687074829934,199.88707482993198,43.60272108843538,696.9945578231293,136.0952380952381,2.5537414965986396,86.51972789115646,382.30204081632655,14.662585034013606,31.771428571428572,365.469387755102,1,4,Aedes sierrensis,2026.0,"{""type"":""Polygon"",""coordinates"":[[[-117.86806471538763,34.4135809856048],[-117.87453601324576,34.411826036378244],[-117.87848293450055,34.407245792353855],[-117.87836641271699,34.401626824778184],[-117.87423259941674,34.397160520985324],[-117.86769386816997,34.395588457546914],[-117.86129972676994,34.39752358226826],[-117.85754335006699,34.402211385416805],[-117.85789000231239,34.40782389264247],[-117.86220519392995,34.41217219643964],[-117.86806471538763,34.4135809856048]]]}"
00000000000000000004,147.56832694763727,133.19157088122606,53.969348659003835,4050.6768837803324,280.7177522349936,34.74584929757344,245.9719029374202,96.26181353767561,196.96807151979564,198.97956577266925,96.26181353767561,576.3512132822478,124.7241379310345,1.0,90.62835249042145,315.9693486590039,5.0,10.153256704980844,315.9693486590039,1,5,Aedes sierrensis,2026.0,"{""type"":""Polygon"",""coordinates"":[[[-122.00876365811222,37.273224786684914],[-122.01547258914718,37.27146981855664],[-122.01956438008244,37.2668895444445],[-122.01944350064804,37.2612705779589],[-122.01515790927611,37.256804304894956],[-122.00837920125473,37.255232258564945],[-122.00175038468498,37.25716736269247],[-121.99785607576052,37.261855136532944],[-121.99821537436867,37.267467646996394],[-122.0026889657911,37.27181598202292],[-122.00876365811222,37.273224786684914]]]}"
00000000000000000112,97.0,106.16167664670657,27.0,10028.126946107786,290.8610778443114,-100.61197604790421,391.47305389221555,220.72694610778444,-38.712574850299404,220.72694610778444,-38.712574850299404,930.2814371257487,103.5005988023952,36.0,28.762874251497013,302.7197604790419,141.86347305389222,302.7197604790419,141.86347305389222,0,275,Aedes sticticus,2004.96784565916,"{""type"":""Polygon"",""coordinates"":[[[-87.89414796176239,41.793749957142005],[-87.9013086667319,41.7919949559713],[-87.90567587310822,41.78741462926362],[-87.90554670665179,41.781795664685276],[-87.90097256456654,41.77732944533763],[-87.89373763133871,41.77575742891353],[-87.88666266840404,41.777692497042466],[-87.88250613121757,41.782380219650115],[-87.88288946967725,41.787992735771745],[-87.88766419941943,41.792341125389676],[-87.89414796176239,41.793749957142005]]]}"
00000000000000000115,180.92242595204513,142.0,43.03244005641749,6770.131170662905,335.6840620592384,12.032440056417489,323.6516220028209,105.92242595204513,229.92242595204513,263.9224259520451,90.0,1493.9238363892807,172.0,78.60507757404797,20.0,457.0,278.81523272214383,353.9689703808181,435.6967559943582,0,278,Aedes sticticus,2021.48192771084,"{""type"":""Polygon"",""coordinates"":[[[-88.15974985690983,31.866948242072393],[-88.16603603057062,31.865193308619247],[-88.16987009368516,31.860613089703445],[-88.16975696688668,31.85499412121866],[-88.16574139372682,31.850527791782124],[-88.15938961203292,31.8489557140663],[-88.1531782900813,31.850890855973738],[-88.14952936717889,31.85557868358015],[-88.14986616772569,31.861191188103287],[-88.15405796076362,31.86553946583927],[-88.15974985690983,31.866948242072393]]]}"
00000000000000000119,103.0033222591362,147.0,37.0,8333.289036544851,326.56367663344406,-62.99667774086379,389.56035437430785,3.0033222591362123,204.00332225913618,211.89700996677743,-3.9966777408637872,318.1040974529346,40.10299003322258,7.0,38.33001107419712,117.92137320044297,36.0,41.0,108.14839424141749,0,282,Aedes sticticus,2018.86315789474,"{""type"":""Polygon"",""coordinates"":[[[-116.36314932355707,43.71104747349635],[-116.3705350369315,43.709292456884434],[-116.3750394135486,43.704712105598716],[-116.37490611744015,43.69909314191238],[-116.37018826171933,43.69462694766649],[-116.36272610690335,43.693054945217185],[-116.35542894197545,43.694989996524264],[-116.35114180078814,43.69967769519059],[-116.3515371100446,43.70529021395553],[-116.35646182163943,43.709638629084296],[-116.36314932355707,43.71104747349635]]]}"
0000000000000000011d,97.0,102.4126040428062,26.0,9904.554102259217,287.81569560047564,-96.41260404280621,384.2282996432819,219.96076099881097,-36.0,219.96076099881097,-36.0,920.3020214030917,102.94887039239002,36.0,28.0,300.8478002378122,142.89892984542215,300.8478002378122,142.89892984542215,0,286,Aedes sticticus,2019.88601036269,"{""type"":""Polygon"",""coordinates"":[[[-87.82775194707658,41.90165128443329],[-87.83492473894567,41.89989628241849],[-87.83929931380794,41.89531595436723],[-87.83916992556118,41.88969698983763],[-87.83458806352056,41.88523077186219],[-87.82734092443158,41.88365875620205],[-87.8202540252805,41.88559382341139],[-87.81609047236398,41.890281544710284],[-87.81647445391238,41.8958940609764],[-87.82125724034498,41.90024245198891],[-87.82775194707658,41.90165128443329]]]}"
0000000000000000011f,97.9938725490196,101.32230392156865,26.0,9919.372549019608,288.0,-95.0,383.0,221.3026960784314,-35.0,221.3026960784314,-35.0,920.1188725490197,102.0,36.0,28.0,300.0,143.171568627451,300.0,143.171568627451,0,288,Aedes sticticus,1998.52212389381,"{""type"":""Polygon"",""coordinates"":[[[-87.79454948063261,41.89334843827178],[-87.80172134008016,41.891593436322026],[-87.80609534651433,41.88701310837431],[-87.80596597537735,41.88139414384096],[-87.80138470887837,41.876927925759766],[-87.79413851138771,41.87535591004076],[-87.78705253303376,41.87729097732097],[-87.78288952133276,41.881978698720715],[-87.78327345327145,41.88759121497571],[-87.78805561818568,41.891939605880744],[-87.79454948063261,41.89334843827178]]]}"
00000000000000000128,171.81363004172462,127.0,39.0,7128.741307371348,327.1502086230876,6.966620305980529,320.1835883171071,93.009735744089,224.19610570236438,261.0,77.66063977746872,1422.107093184979,155.14047287899857,80.0,18.0,435.9902642559109,272.37273991655076,329.22253129346313,412.6105702364394,0,297,Aedes sticticus,2019.57894736842,"{""type"":""Polygon"",""coordinates"":[[[-87.41275233023447,32.904447284177635],[-87.41911111592756,32.90269234440839],[-87.42298944579385,32.89811211543838],[-87.4228749872879,32.892493147317566],[-87.4188130363268,32.888026828149506],[-87.41238792676567,32.886454756150805],[-87.40610489690698,32.888389891176395],[-87.40241382696021,32.893077708989175],[-87.40275449159708,32.898690214594545],[-87.40699468571384,32.903038502766165],[-87.41275233023447,32.904447284177635]]]}"
00000000000000000129,99.0,104.30418719211822,26.0,10024.077586206897,291.2056650246305,-97.98152709359606,389.18719211822656,223.0,-36.279556650246306,223.0,-36.279556650246306,930.2746305418719,102.0,36.0,28.0,301.4482758620689,142.97536945812809,301.4482758620689,142.97536945812809,0,298,Aedes sticticus,2006.20471281296,"{""type"":""Polygon"",""coordinates"":[[[-87.81944910091505,41.743950716577125],[-87.82660424974645,41.74219571579504],[-87.8309680689563,41.73761538970594],[-87.83083900445145,41.731996425105145],[-87.82626841109617,41.72753020512574],[-87.81903908869369,41.725958188349935],[-87.81196961263318,41.72789325690224],[-87.80781630045622,41.732580980112445],[-87.8081993432975,41.738193496167526],[-87.81297036951766,41.74254188514341],[-87.81944910091505,41.743950716577125]]]}"
0000000000000000012f,97.93277310924371,107.82232893157264,27.0,10037.008403361346,292.49699879951976,-100.69867947178871,393.19567827130857,222.0,-37.38295318127251,222.0,-37.38295318127251,927.765906362545,103.0,35.068427370948385,29.0,302.0,139.49819927971186,302.0,139.49819927971186,0,304,Aedes sticticus,1997.58550724638,"{""type"":""Polygon"",""coordinates"":[[[-87.9024508079239,41.735647870415605],[-87.90960503176461,41.73389286969825],[-87.91396828707596,41.72931254371219],[-87.91383923954398,41.72369357910766],[-87.90926923698439,41.71922735902302],[-87.90204084867715,41.71765534218863],[-87.89497228607637,41.71959041081145],[-87.89081951080182,41.72427813412203],[-87.89120250442818,41.72989065016603],[-87.89597291408268,41.73423903903497],[-87.9024508079239,41.735647870415605]]]}"
00000000000000000130,44.86617492096944,131.31822971549002,27.0,12122.715489989467,283.31822971549,-197.14225500526874,480.46048472075876,169.36248682824032,-120.08956796628033,193.90727081138044,-120.08956796628033,430.2845100105374,88.14225500526872,7.0,70.8577449947313,211.14225500526874,25.0,209.14225500526874,25.0,0,305,Aedes sticticus,2020.7619047619,"{""type"":""Polygon"",""coordinates"":[[[-99.24854871549692,47.14724858168596],[-99.25639828805356,47.145493534750386],[-99.26118543855961,47.14091313519918],[-99.26104362283081,47.13529417326597],[-99.25602950027084,47.130828028313985],[-99.2480989342881,47.12925605330722],[-99.24034370555907,47.13119107158086],[-99.23578732218346,47.135878723231876],[-99.2362073028681,47.14149124718631],[-99.24144120028053,47.14583971241256],[-99.24854871549692,47.14724858168596]]]}"
00000000000000000139,98.94692400482509,102.27864897466827,26.0,9944.229191797347,289.0,-95.09047044632086,384.09047044632086,222.00603136308806,-35.0,222.00603136308806,-35.0,921.8841978287093,102.0,36.0,28.0,300.0,143.0,300.0,143.0,0,314,Aedes sticticus,1994.97142857143,"{""type"":""Polygon"",""coordinates"":[[[-87.80284786769307,41.84354919770689],[-87.8100141428542,41.841794196146964],[-87.8143847449636,41.83721386881975],[-87.81425547629672,41.83159490426387],[-87.8096777765057,41.82712868554896],[-87.80243721826234,41.82555666947714],[-87.79535675457677,41.82749173718204],[-87.79119698422357,41.832179459186214],[-87.79158061904835,41.837791975374465],[-87.7963590616794,41.84214036563545],[-87.80284786769307,41.84354919770689]]]}"
0000000000000000013a,61.214067278287466,129.0,34.374108053007134,8081.516819571866,270.5310907237513,-98.12538226299694,368.65647298674827,143.6452599388379,16.294597349643222,165.6452599388379,-42.78287461773701,478.02650356778804,64.6921508664628,28.73394495412844,25.84301732925587,154.66156982670745,92.43934760448523,137.6921508664628,117.58817533129461,0,315,Aedes sticticus,2006.63157894737,"{""type"":""Polygon"",""coordinates"":[[[-114.30474801346747,48.217950090235156],[-114.31276035981948,48.2161950330437],[-114.31764673724852,48.21161461716875],[-114.31750192965683,48.20599565582887],[-114.31238384405005,48.20152952754843],[-114.30428891066863,48.19995756182274],[-114.29637294533407,48.20189256892446],[-114.29172208179226,48.20658020467449],[-114.29215071763404,48.212192730383634],[-114.29749311042744,48.21654121255328],[-114.30474801346747,48.217950090235156]]]}"
0000000000000000013c,96.0,117.91017964071855,27.0,10721.312574850299,301.0,-121.8502994011976,422.85029940119756,207.0,-50.74610778443114,228.0,-50.74610778443114,834.9377245508983,120.08383233532933,22.25508982035928,46.0,321.08383233532936,79.25508982035927,320.08383233532936,79.25508982035927,0,317,Aedes sticticus,2014.72483221477,"{""type"":""Polygon"",""coordinates"":[[[-93.68755474163298,41.58625014872095],[-93.69469238794727,41.584495149165534],[-93.69904553716137,41.579914825028986],[-93.69891679380996,41.574295860357346],[-93.6943573793915,41.5698296383838],[-93.68714573178866,41.56825762049778],[-93.68009354006567,41.57019269038647],[-93.67595038706519,41.57488041549863],[-93.67633249866535,41.58049293134371],[-93.68109185833154,41.58484131829295],[-93.68755474163298,41.58625014872095]]]}"
00000000000000000144,52.46761133603239,156.0,32.0,11042.806680161942,294.8522267206477,-184.6255060728745,479.4777327935222,165.4676113360324,-96.65182186234817,189.0,-96.65182186234817,299.5253036437247,59.0,8.0,65.47165991902833,152.88056680161944,28.0,132.0,28.0,0,325,Aedes sticticus,2013.125,"{""type"":""Polygon"",""coordinates"":[[[-107.73114569957862,48.39225189131331],[-107.73918545350772,48.39049683241173],[-107.74408853849837,48.385916413814876],[-107.74394322702149,48.38029745257395],[-107.73880763632306,48.375831327073406],[-107.7306850272388,48.37425936289529],[-107.7227419975362,48.37619436813414],[-107.71807522559276,48.38088200123277],[-107.71850531864843,48.386494527234476],[-107.72386597962121,48.390843012229354],[-107.73114569957862,48.39225189131331]]]}"
0000000000000000014a,52.013800424628464,134.0,28.0,11480.37898089172,285.1072186836518,-183.98195329087054,469.08917197452223,169.78556263269638,-101.98619957537157,194.96496815286622,-101.98619957537157,422.09766454352444,80.0,10.0,64.0,202.0,31.0,192.0,31.0,0,331,Aedes sticticus,2020.93103448276,"{""type"":""Polygon"",""coordinates"":[[[-100.90854718286533,46.77374981834827],[-100.91634215221663,46.77199477489346],[-100.92109601637871,46.76741438088238],[-100.92095520401473,46.76179541874784],[-100.91597595639749,46.75732926813767],[-100.90810052865423,46.75575728998097],[-100.90039922017178,46.757692312046295],[-100.89587453061584,46.76237996909395],[-100.89629160760525,46.767992492452805],[-100.90148910955094,46.772340951928626],[-100.90854718286533,46.77374981834827]]]}"
00000000000000000151,97.0,108.0,28.0,9715.061298076924,293.8485576923077,-87.15144230769232,381.0,218.84855769230768,-19.0,218.84855769230768,-32.15144230769231,839.0,92.0,45.0,20.0,258.0,155.0,258.0,160.0,0,338,Aedes sticticus,2019.76923076923,"{""type"":""Polygon"",""coordinates"":[[[-83.60305245870718,41.735647870415605],[-83.6102066825479,41.73389286969825],[-83.61456993785924,41.72931254371219],[-83.61444089032727,41.72369357910767],[-83.60987088776768,41.71922735902302],[-83.60264249946043,41.71765534218863],[-83.59557393685967,41.719590410811456],[-83.5914211615851,41.72427813412203],[-83.59180415521146,41.729890650166034],[-83.59657456486599,41.734239039034975],[-83.60305245870718,41.735647870415605]]]}"
00000000000000000152,98.0,107.0,27.0,10020.320191158902,292.0,-100.0,392.0,221.93070489844683,-37.069295101553166,221.93070489844683,-37.069295101553166,928.8016726403822,102.82078853046595,36.0,28.721624850657104,302.01194743130225,141.56869772998803,302.01194743130225,141.56869772998803,0,339,Aedes sticticus,2019.65432098765,"{""type"":""Polygon"",""coordinates"":[[[-87.88584957470192,41.75224910363759],[-87.89300564841645,41.75049410279079],[-87.89737003145919,41.74591377659867],[-87.8972409499834,41.74029481200161],[-87.89266976590116,41.73582859212742],[-87.88543950951212,41.73425657541017],[-87.87836912009816,41.73619164389198],[-87.87421527108125,41.740879367001845],[-87.87459836313168,41.74649188306801],[-87.87937000584574,41.75084027215082],[-87.88584957470192,41.75224910363759]]]}"
00000000000000000154,98.90820073439411,102.04651162790697,26.0,9934.429620563036,289.0,-95.04528763769889,384.04528763769883,221.54589963280296,-35.0,221.54589963280296,-35.0,920.9498164014689,102.0,36.0,28.0,300.0,143.0,300.0,143.0,0,341,Aedes sticticus,2000.72527472527,"{""type"":""Polygon"",""coordinates"":[[[-87.80284786769307,41.851847584767356],[-87.81001507242215,41.85009258314251],[-87.81438624122016,41.845512255711974],[-87.81425695549603,41.83989329115984],[-87.8096786619859,41.835427072550466],[-87.80243716502564,41.83385505653739],[-87.79535578336072,41.835790124171574],[-87.79119547344834,41.84047784607509],[-87.79157915773115,41.84609036227446],[-87.79635821997861,41.85043875264269],[-87.80284786769307,41.851847584767356]]]}"
00000000000000000161,176.14206896551727,134.14206896551727,36.0,8039.507586206899,355.63586206896554,-11.857931034482759,367.49379310344835,219.49379310344833,68.14206896551725,276.6731034482759,68.14206896551725,870.8068965517241,124.0,39.304827586206905,35.0,295.17241379310343,132.01103448275865,199.46068965517244,132.01103448275865,0,354,Aedes sticticus,2022.43103448276,"{""type"":""Polygon"",""coordinates"":[[[-97.57195347400759,33.41074699508905],[-97.57834907410533,33.408992052183756],[-97.58224984731618,33.4044118182217],[-97.58213471367826,33.39879285028164],[-97.5780492490938,33.394326536212006],[-97.57158696212196,33.392754467051915],[-97.56526757617922,33.3946895986606],[-97.56155513761705,33.39937741161069],[-97.56189776140118,33.40498991775338],[-97.56616249496832,33.409338211106444],[-97.57195347400759,33.41074699508905]]]}"
00000000000000000164,60.227272727272734,149.26666666666668,32.0,10532.154545454545,295.19797979797977,-162.6070707070707,457.8050505050504,167.50303030303033,-80.46262626262629,192.31515151515148,-80.46262626262629,290.91414141414145,51.25555555555557,8.211111111111112,57.22323232323233,134.85959595959596,33.2020202020202,119.68484848484847,33.2020202020202,0,357,Aedes sticticus,2010.94117647059,"{""type"":""Polygon"",""coordinates"":[[[-109.71485260792191,48.566549233290395],[-109.72292003178198,48.56479417266697],[-109.72783998423454,48.560213751329584],[-109.7276941640134,48.55459479018831],[-109.72254090066824,48.55012866748669],[-109.71439035102077,48.54855670486672],[-109.70641999793806,48.55049170822998],[-109.70173716531555,48.555179338659045],[-109.70216872949636,48.56079186495533],[-109.7075478334906,48.565140352794764],[-109.71485260792191,48.566549233290395]]]}"
00000000000000000167,172.29230769230767,127.29230769230767,39.0,7138.13986013986,327.7622377622377,6.937062937062936,320.8251748251748,93.29230769230767,224.55664335664332,261.6447552447553,77.55664335664335,1418.1664335664334,156.0,79.82517482517481,18.0,436.50209790209783,271.3272727272727,327.2097902097902,411.8293706293706,0,360,Aedes sticticus,2019.96153846154,"{""type"":""Polygon"",""coordinates"":[[[-87.43765195051691,32.88784605095565],[-87.44400954465354,32.886091111288614],[-87.4478871481058,32.88151088248133],[-87.44777271145202,32.875891914354625],[-87.44371152154643,32.871425595020376],[-87.43728761529033,32.869853522929155],[-87.43100576215312,32.87178865806613],[-87.42731538383539,32.876476476037396],[-87.42765598506183,32.88208898162526],[-87.43189538492076,32.88643726962798],[-87.43765195051691,32.88784605095565]]]}"
00000000000000000168,96.0,112.0,29.0,9591.307038834952,291.0,-89.04490291262137,380.04490291262135,215.9259708737864,-18.044902912621357,215.9259708737864,-32.04490291262136,843.2427184466019,92.0,44.0,21.0,261.625,155.5728155339806,261.625,158.57281553398056,0,361,Aedes sticticus,2018.89189189189,"{""type"":""Polygon"",""coordinates"":[[[-83.76905141362381,41.53645090815608],[-83.77618356191714,41.53469590898678],[-83.78053335939107,41.53011558546483],[-83.78040471692077,41.52449662077089],[-83.77584881411366,41.52003039816964],[-83.76864271865382,41.518458379934174],[-83.76159595641879,41.52039345024352],[-83.7574559946946,41.525081175954355],[-83.75783781376424,41.53069369173332],[-83.76259350864416,41.53504207804463],[-83.76905141362381,41.53645090815608]]]}"
0000000000000000016b,106.65393518518519,138.69560185185188,36.0,8375.55902777778,328.0127314814815,-55.02777777777778,383.04050925925924,7.972222222222222,210.43287037037038,216.5347222222222,-0.027777777777777776,333.46064814814815,42.22685185185185,8.0,39.027777777777786,123.4074074074074,37.12731481481482,43.0,112.40740740740742,0,364,Aedes sticticus,2018.52459016393,"{""type"":""Polygon"",""coordinates"":[[[-116.1307543539546,43.57824652592262],[-116.13812375896725,43.5764915104116],[-116.14261819368738,43.57191116087821],[-116.14248519695306,43.56629219712826],[-116.13777775742278,43.56182600109271],[-116.13033207127424,43.56025399764706],[-116.12305101120518,43.56218905015346],[-116.11877333604747,43.566876750526724],[-116.11916777773855,43.57248926910323],[-116.12408161885952,43.576837682413164],[-116.1307543539546,43.57824652592262]]]}"
0000000000000000016f,97.0,113.7638724911452,31.0,8724.949232585595,283.12868949232586,-81.0,364.12868949232575,8.0,184.50177095631642,208.1097992916175,-18.0,1154.7827626918536,116.39079102715466,83.0,9.390791027154663,323.3907910271546,256.0,262.0,302.0,0,368,Aedes sticticus,2019.51351351351,"{""type"":""Polygon"",""coordinates"":[[[-71.17795019642344,42.17554710754016],[-71.18515396874378,42.173792103369806],[-71.18954743007028,42.16921177188751],[-71.18941747332124,42.16359280748241],[-71.18481582393723,42.15912659301112],[-71.17753739951851,42.157554579301845],[-71.17041990617363,42.15948964416288],[-71.16623837094,42.16417736211962],[-71.16662400079346,42.16978987875477],[-71.17142743765874,42.17413827332852],[-71.17795019642344,42.17554710754016]]]}"
00000000000000000171,193.07637906647813,135.0,45.0,6252.342291371995,335.4596888260255,35.820367751060836,299.6393210749647,269.0763790664782,199.33239038189535,269.0763790664782,109.45968882602548,1337.1442715700143,150.0,58.0,23.0,397.46676096181045,227.90240452616695,397.46676096181045,366.8076379066478,0,370,Aedes sticticus,2020.62962962963,"{""type"":""Polygon"",""coordinates"":[[[-84.46624969973429,31.186346730082832],[-84.4724902355489,31.184591800696147],[-84.47629647635752,31.180011588253507],[-84.4761841866423,31.17439261953442],[-84.47219776266554,31.169926283486777],[-84.46589206859146,31.168354202090097],[-84.45972581609661,31.17028934842827],[-84.45610338329246,31.174977182340072],[-84.45643775528356,31.180589686166407],[-84.46059912751635,31.18493795718364],[-84.46624969973429,31.186346730082832]]]}"
00000000000000000174,104.39333333333335,148.0,37.0,8408.775555555556,328.9977777777778,-63.60444444444443,392.6022222222223,2.395555555555555,205.7188888888889,214.0,-4.0,295.14,36.53666666666666,7.0,36.92999999999999,107.73444444444443,35.45777777777778,40.0,99.46888888888888,0,373,Aedes sticticus,2018.69047619048,"{""type"":""Polygon"",""coordinates"":[[[-116.49595027113078,43.694450699375416],[-116.50333394025496,43.69269568290135],[-116.50783707065754,43.688115331835064],[-116.50770381207614,43.68249636814077],[-116.50298726202281,43.67803017367078],[-116.49552717155039,43.6764581710967],[-116.48823202536278,43.67839322255396],[-116.48394607074056,43.683080921434026],[-116.48434127124847,43.68869344017537],[-116.48926462023172,43.69304185507639],[-116.49595027113078,43.694450699375416]]]}"
0000000000000000017b,94.69303423848879,117.53010625737899,31.0,8811.343565525382,283.1038961038961,-87.42621015348287,370.530106257379,3.8370720188902006,182.83707201889018,206.69303423848876,-22.1629279811098,1169.193624557261,118.81700118063755,85.16292798110979,9.0,325.84887839433287,262.3258559622196,268.32585596221963,300.7567886658796,0,380,Aedes sticticus,2019.58181818182,"{""type"":""Polygon"",""coordinates"":[[[-71.3024527569367,42.175547107540154],[-71.30965652925705,42.173792103369806],[-71.31404999058356,42.1692117718875],[-71.3139200338345,42.16359280748241],[-71.30931838445048,42.15912659301112],[-71.30203996003179,42.15755457930184],[-71.2949224666869,42.15948964416287],[-71.29074093145327,42.1641773621196],[-71.29112656130673,42.16978987875476],[-71.295929998172,42.174138273328516],[-71.3024527569367,42.175547107540154]]]}"
00000000000000000189,127.3044025157233,116.55723270440252,33.0,8380.158490566038,303.58616352201267,-45.150943396226424,348.737106918239,232.97358490566043,16.625157232704403,232.97358490566043,16.625157232704403,1074.7786163522014,109.0,71.0,12.0,306.3748427672956,233.0238993710692,306.3748427672956,233.0238993710692,0,394,Aedes sticticus,2016.33333333333,"{""type"":""Polygon"",""coordinates"":[[[-76.74725147554994,38.94685026687265],[-76.75411590455748,38.94509528700679],[-76.75830249234141,38.94051499421105],[-76.75817876109987,38.934896028402704],[-76.75379385210509,38.930429774420496],[-76.74685811310434,38.92885773871415],[-76.74007573468784,38.93079283005369],[-76.73609116827163,38.93548058569467],[-76.73645874182448,38.94109309816833],[-76.74103598371484,38.94544145258742],[-76.74725147554994,38.94685026687265]]]}"
0000000000000000018b,128.29886506935685,118.0,33.0,8526.614123581336,307.9936948297604,-46.96973518284994,354.9634300126103,236.26607818411097,15.839848675914249,236.26607818411097,15.839848675914249,1064.3480453972256,105.50567465321562,70.66204287515762,12.0,299.7477931904162,229.39596469104666,299.7477931904162,229.39596469104666,0,396,Aedes sticticus,2013.800048828125,"{""type"":""Polygon"",""coordinates"":[[[-76.92154881752704,39.01324628155846],[-76.928419686155,39.011491301215635],[-76.93261019974211,39.006911007660676],[-76.93248635038907,39.00129204187987],[-76.92809732836706,38.99682578867305],[-76.92115508627633,38.99525375339838],[-76.91436634843566,38.99718884421829],[-76.91037804419668,39.00187659911973],[-76.91074596042844,39.00748911167508],[-76.9153274947768,39.01183746688218],[-76.92154881752704,39.01324628155846]]]}"
00000000000000000191,97.0,105.19634146341464,27.0,9941.84268292683,289.20731707317077,-98.33414634146344,387.5414634146342,220.0,-37.054878048780495,220.0,-37.054878048780495,921.0085365853658,103.0,36.0,29.0,301.7109756097561,141.01097560975612,301.7109756097561,141.01097560975612,0,402,Aedes sticticus,2019.67231638418,"{""type"":""Polygon"",""coordinates"":[[[-87.88584957470192,41.86844881798934],[-87.89301864024183,41.86669381623457],[-87.89739094343808,41.86211348859723],[-87.89726162356865,41.85649452405261],[-87.89268214155057,41.852028305654436],[-87.88543876546515,41.850456289758945],[-87.87835554618762,41.852391357251584],[-87.87419415618467,41.85707907895366],[-87.87457793947264,41.86269159517527],[-87.87935824206927,41.86703998575816],[-87.88584957470192,41.86844881798934]]]}"
000000000000000001a6,97.0337756332931,101.93003618817849,26.0,9898.597104945717,287.0,-95.67551266586248,382.6755126658624,219.89022919179732,-35.67551266586248,219.89022919179732,-35.67551266586248,916.406513872135,102.18214716525934,36.0,28.0,299.1821471652593,142.0,299.1821471652593,142.0,0,423,Aedes sticticus,2000.75179856115,"{""type"":""Polygon"",""coordinates"":[[[-87.81944910091505,41.91824805855423],[-87.8266237578043,41.91649305640933],[-87.83099946963061,41.911912728151],[-87.83087004716099,41.90629376362892],[-87.82628699392397,41.90182754586495],[-87.81903797145968,41.90025553032255],[-87.8119492305397,41.90219059739017],[-87.80778459508936,41.90687831848735],[-87.80816867586651,41.91249083477575],[-87.81295270545384,41.9168392260032],[-87.81944910091505,41.91824805855423]]]}"
000000000000000001b0,98.59856630824373,106.26881720430107,27.0,10027.749103942653,291.7968936678614,-99.40143369175627,391.1983273596177,222.0,-37.132616487455195,222.0,-37.132616487455195,928.0334528076463,102.22819593787337,36.0,28.1326164874552,300.97132616487454,142.0,300.97132616487454,142.0,0,433,Aedes sticticus,1998.32283464567,"{""type"":""Polygon"",""coordinates"":[[[-87.86924834147995,41.75224910363759],[-87.87640441519447,41.75049410279078],[-87.88076879823721,41.74591377659866],[-87.88063971676142,41.74029481200162],[-87.87606853267918,41.73582859212742],[-87.86883827629015,41.73425657541017],[-87.86176788687618,41.73619164389198],[-87.85761403785928,41.740879367001845],[-87.8579971299097,41.746491883068],[-87.86276877262377,41.75084027215081],[-87.86924834147995,41.75224910363759]]]}"
000000000000000001b2,104.0,147.0,37.0,8331.182019977803,326.29078801331855,-62.60266370699223,388.89345172031074,3.397336293007769,204.46392896781356,212.46392896781356,-3.6026637069922307,307.8201997780244,38.70921198668147,7.0,37.70921198668147,113.11098779134296,36.0,41.0,103.4017758046615,0,435,Aedes sticticus,2018.79259259259,"{""type"":""Polygon"",""coordinates"":[[[-116.38804448473846,43.694450699375416],[-116.39542815386264,43.69269568290135],[-116.39993128426522,43.68811533183507],[-116.39979802568382,43.68249636814077],[-116.39508147563048,43.67803017367078],[-116.38762138515807,43.6764581710967],[-116.38032623897044,43.67839322255396],[-116.37604028434824,43.683080921434026],[-116.37643548485613,43.68869344017537],[-116.3813588338394,43.69304185507639],[-116.38804448473846,43.694450699375416]]]}"
000000000000000001c1,175.0,132.0,40.0,7070.598314606742,331.16151685393265,7.355337078651685,323.8061797752809,97.0,227.40589887640448,262.1615168539326,80.7247191011236,1387.619382022472,160.93679775280899,79.64185393258427,21.0,432.9185393258427,263.623595505618,312.25702247191015,405.9634831460675,0,450,Aedes sticticus,2020.21698113208,"{""type"":""Polygon"",""coordinates"":[[[-87.80284786769307,32.54754975406194],[-87.80918125187,32.545794816481845],[-87.81304409609974,32.54121459099659],[-87.81293010344314,32.53559562274962],[-87.8088843766079,32.53112930002253],[-87.80248491900599,32.52955722604229],[-87.79622697440212,32.53149236345311],[-87.79255064855326,32.53618018466034],[-87.79288996141791,32.54179268989062],[-87.79711322360782,32.54614097444527],[-87.80284786769307,32.54754975406194]]]}"
000000000000000001c2,125.22969543147207,116.02157360406092,29.0,9654.789340101523,319.0431472081218,-74.9784263959391,394.02157360406085,224.0203045685279,-3.769035532994923,245.2043147208122,-3.769035532994923,972.434010152284,142.02664974619285,28.0,45.02157360406091,370.8274111675127,93.0,347.1662436548223,93.0,0,451,Aedes sticticus,2020.68571428571,"{""type"":""Polygon"",""coordinates"":[[[-95.18984818204417,39.05474713506288],[-95.19672308659109,39.052992154421474],[-95.20091606060599,39.048411860391255],[-95.20079213722818,39.04279289462768],[-95.19640053743872,39.03832664190625],[-95.1894542196514,39.03675460690182],[-95.18266149615411,39.03868969739644],[-95.17867084930039,39.04337745183492],[-95.17903898029965,39.0489899644414],[-95.1836232048703,39.05333832014182],[-95.18984818204417,39.05474713506288]]]}"
000000000000000001c4,96.0,105.12867647058825,26.95710784313726,9924.501225490196,288.17156862745094,-99.06372549019609,387.23529411764713,219.0,-37.57230392156863,219.0,-37.57230392156863,920.7426470588235,103.25,35.131127450980394,29.0,302.2598039215687,140.18259803921572,302.2598039215687,140.18259803921572,0,453,Aedes sticticus,2009.62368421053,"{""type"":""Polygon"",""coordinates"":[[[-87.9024508079239,41.89334843827178],[-87.90962266737147,41.891593436322026],[-87.91399667380561,41.88701310837431],[-87.91386730266865,41.88139414384096],[-87.90928603616966,41.876927925759766],[-87.90203983867902,41.87535591004075],[-87.89495386032505,41.87729097732095],[-87.89079084862406,41.88197869872071],[-87.89117478056274,41.8875912149757],[-87.89595694547697,41.89193960588074],[-87.9024508079239,41.89334843827178]]]}"
000000000000000001c9,97.73508353221958,105.26491646778041,27.0,9982.02028639618,290.2649164677804,-98.3508353221957,388.6157517899761,221.0,-36.94391408114558,221.0,-36.94391408114558,925.7649164677804,103.0,36.0,28.0,301.8579952267303,142.0,301.8579952267303,142.0,0,458,Aedes sticticus,2019.80612244898,"{""type"":""Polygon"",""coordinates"":[[[-87.86924834147995,41.81864957742445],[-87.876411829786,41.81689457605921],[-87.88078073295647,41.81231424904188],[-87.88065151542723,41.80669528447477],[-87.8760755956127,41.80222906544337],[-87.86883785165348,41.80065704919535],[-87.8617601400805,41.80259211711235],[-87.85760198733182,41.80727983941838],[-87.85798547388056,41.8128923555733],[-87.8627620588946,41.817240745512635],[-87.86924834147995,41.81864957742445]]]}"
000000000000000001ca,96.0,117.34686346863464,27.0,10698.20541205412,301.0,-121.57441574415743,422.5744157441574,206.0,-50.01968019680197,227.34563345633453,-50.01968019680197,847.7995079950799,119.73677736777366,24.062730627306273,44.0,322.73677736777364,85.06273062730628,319.7367773677737,85.06273062730628,0,459,Aedes sticticus,2015.26966292135,"{""type"":""Polygon"",""coordinates"":[[[-93.57964895524064,41.553047682277004],[-93.58678293433944,41.551292682979096],[-93.5911338479213,41.54671235925241],[-93.59100517185833,41.541093394565905],[-93.5864480997073,41.53662717217375],[-93.57924015541953,41.53505515405468],[-93.5721915851999,41.53699022422389],[-93.56805056080131,41.54167794973532],[-93.56843247728183,41.5472904655363],[-93.57318939251199,41.551638852060115],[-93.57964895524064,41.553047682277004]]]}"
000000000000000001d2,132.50062111801242,107.66211180124222,31.0,8446.001242236025,304.84844720496886,-36.33788819875776,341.18633540372673,239.15279503105586,21.66211180124223,239.15279503105586,21.66211180124223,1067.8571428571427,112.33788819875775,70.33788819875775,14.0,310.8372670807453,235.1130434782608,310.8372670807453,235.1130434782608,0,467,Aedes sticticus,2020.41176470588,"{""type"":""Polygon"",""coordinates"":[[[-76.53974720802785,38.91365225952974],[-76.54660842520265,38.911897279902036],[-76.55079305494806,38.90731698748536],[-76.5506693826156,38.90169802166328],[-76.54628652503926,38.89723176729393],[-76.53935402952794,38.89565973137202],[-76.5325748229459,38.897594822971016],[-76.52859212081066,38.90228257898126],[-76.52895952344821,38.90789509141413],[-76.53353462442686,38.91224344543976],[-76.53974720802785,38.91365225952974]]]}"
000000000000000001d9,97.75360576923077,102.54086538461539,26.0,9935.243990384615,288.41947115384613,-96.40625000000003,384.82572115384613,220.8545673076923,-35.94951923076923,220.8545673076923,-35.94951923076923,919.7283653846155,102.58173076923075,36.0,28.0,300.5817307692308,143.0,300.5817307692308,143.0,0,474,Aedes sticticus,2009.16076294278,"{""type"":""Polygon"",""coordinates"":[[[-87.82775194707658,41.8850500512113],[-87.83492287499598,41.88329504932656],[-87.83929631354665,41.87871472148231],[-87.83916695950303,41.873095756945204],[-87.83458628797511,41.86862953875834],[-87.82734103118065,41.867057522980495],[-87.82025597274156,41.86899259033153],[-87.81609350173753,41.87368031183206],[-87.81647738411401,41.879292828075926],[-87.82125892810534,41.88364121887356],[-87.82775194707658,41.8850500512113]]]}"
000000000000000001e5,70.47489539748955,139.54497907949795,36.0,8230.810669456067,289.84728033472805,-92.40899581589959,382.2562761506276,112.91108786610882,25.847280334728033,177.30543933054395,-35.0,340.10146443514645,46.69456066945607,19.52510460251046,28.188284518828453,115.7133891213389,66.4163179916318,97.71338912133893,78.21966527196653,0,486,Aedes sticticus,2008.48571428571,"{""type"":""Polygon"",""coordinates"":[[[-114.06405019770352,46.8484486791956],[-114.07185600020924,46.84669363504851],[-114.07661646831669,46.842113239935586],[-114.07647545689792,46.83649427784109],[-114.07148929016697,46.83202812835624],[-114.06360292310191,46.83045615082601],[-114.05589091694584,46.83239117213723],[-114.0513599394058,46.837078828111586],[-114.05177759249301,46.84269135158889],[-114.0569823152262,46.84703981220837],[-114.06405019770352,46.8484486791956]]]}"
000000000000000001e7,95.86506024096387,109.52650602409636,29.906024096385543,8724.239759036145,280.38313253012046,-79.7289156626506,360.11204819277106,7.483132530120483,183.6301204819277,207.58674698795184,-18.47349397590362,1162.1602409638554,117.2698795180723,82.13493975903616,10.0,326.52409638554224,256.6493975903615,261.06385542168675,306.3566265060241,0,488,Aedes sticticus,2019.71875,"{""type"":""Polygon"",""coordinates"":[[[-71.11984810969703,42.233649194266555],[-71.12705850963044,42.231894189636535],[-71.13145601131352,42.2273138574226],[-71.13132593294124,42.221694893044045],[-71.12672005047419,42.217228679319994],[-71.11943493322713,42.215656666026725],[-71.11231089490738,42.217591730387],[-71.1081255127372,42.22227944763104],[-71.1085114952063,42.227891964344884],[-71.11331934979232,42.23224035967805],[-71.11984810969703,42.233649194266555]]]}"
000000000000000001ea,92.82973621103118,115.60431654676259,31.0,8752.670263788967,279.08633093525174,-86.99400479616307,366.0803357314149,3.5299760191846516,180.57074340527575,204.30575539568346,-22.470023980815352,1206.400479616307,122.21822541966426,87.6810551558753,9.0,335.0947242206235,270.82254196642685,276.89928057553954,309.2709832134293,0,491,Aedes sticticus,2019.35714285714,"{""type"":""Polygon"",""coordinates"":[[[-71.32734791811808,42.05934739318841],[-71.33453849435091,42.05759238993482],[-71.33892391101297,42.053012059911744],[-71.33879419642074,42.0473930954537],[-71.33420097543184,42.04292687949208],[-71.32693587695672,42.04135486495311],[-71.31983141516727,42.043289930812875],[-71.3156575394806,42.04797765019103],[-71.31604246724454,42.05359016666924],[-71.32083710808472,42.05793855972839],[-71.32734791811808,42.05934739318841]]]}"
000000000000000001f6,128.65006226650064,116.61145703611459,33.0,8348.321295143214,303.63760896637615,-44.34993773349938,347.9875466998755,233.69364881693653,17.650062266500626,233.69364881693653,17.650062266500626,1058.321295143213,107.35367372353676,70.01245330012455,12.0,303.36612702366136,229.37484433374846,303.36612702366136,229.37484433374846,0,503,Aedes sticticus,2010.5999755859375,"{""type"":""Polygon"",""coordinates"":[[[-76.78874786995331,38.872151406025324],[-76.79560507947433,38.870396426695],[-76.7997872660223,38.86581613475171],[-76.79966366719502,38.860197168912464],[-76.79528336933326,38.85573091405964],[-76.7883549209768,38.85415887786857],[-76.78157967214011,38.85609396979157],[-76.77759929621342,38.86078172626292],[-76.77796648558633,38.86639423864487],[-76.78253891518251,38.87074259217916],[-76.78874786995331,38.872151406025324]]]}"
000000000000000001f7,175.80716253443524,133.71625344352617,36.0,8020.849862258954,354.8526170798898,-12.0,366.8526170798898,218.80716253443526,68.0,275.85261707988974,68.0,869.9490358126724,124.0,39.0,35.28374655647383,294.85537190082647,131.0,199.8099173553719,131.0,0,504,Aedes sticticus,2022.61904761905,"{""type"":""Polygon"",""coordinates"":[[[-97.60514702224945,33.41074699508905],[-97.61154262234716,33.408992052183756],[-97.61544339555802,33.4044118182217],[-97.6153282619201,33.39879285028164],[-97.61124279733565,33.394326536212006],[-97.60478051036381,33.392754467051915],[-97.59846112442106,33.394689598660605],[-97.59474868585889,33.3993774116107],[-97.59509130964302,33.40498991775338],[-97.59935604321018,33.40933821110645],[-97.60514702224945,33.41074699508905]]]}"
000000000000000001f9,125.12060301507537,116.01256281407035,29.0,9645.801507537688,319.02512562814064,-74.98743718592965,394.01256281407035,223.84422110552768,-3.678391959798995,245.03768844221108,-3.678391959798995,971.5075376884423,142.16959798994975,28.0,45.0,370.35804020100505,93.0,347.14447236180905,93.0,0,506,Aedes sticticus,2022.44444444444,"{""type"":""Polygon"",""coordinates"":[[[-95.18984818204417,39.04644874800242],[-95.19672227891304,39.044693767420746],[-95.2009147605411,39.04011347348561],[-95.20079085197732,39.03449450771858],[-95.19639976805705,39.03002825490005],[-95.18945426590811,39.02845621984156],[-95.1826623400302,39.03039131040126],[-95.17867216198631,39.035079064932354],[-95.17904025000581,39.04069157752859],[-95.18362393620257,39.045039933130326],[-95.18984818204417,39.04644874800242]]]}"
000000000000000001fa,139.6511627906977,130.7260981912145,37.19767441860466,7937.749354005168,309.1795865633075,-35.34883720930233,344.5284237726098,50.18346253229975,198.15633074935405,238.79069767441862,33.65116279069768,1353.8436692506464,144.98966408268737,80.00258397932818,16.0,376.7971576227391,266.84883720930236,333.5116279069768,364.6511627906977,0,507,Aedes sticticus,2020.45833333333,"{""type"":""Polygon"",""coordinates"":[[[-84.31684751893859,35.92564877552515],[-84.32344028259162,35.92389381647422],[-84.32746125376303,35.919313556811325],[-84.3273425046038,35.91369458980215],[-84.32313111019191,35.909228301981045],[-84.31646971517347,35.90765624743499],[-84.30995561991107,35.90959136145238],[-84.30612873938466,35.91427914936767],[-84.30648185582875,35.91989165827632],[-84.31087801326042,35.92423997830534],[-84.31684751893859,35.92564877552515]]]}"
000000000000000001fb,80.58492822966507,116.683014354067,26.683014354066984,10990.1495215311,286.6519138755981,-144.3791866028708,431.03110047846883,194.11124401913872,-70.86244019138756,213.91626794258372,-70.86244019138756,870.7894736842104,116.3480861244019,21.0311004784689,47.0,340.3480861244019,79.03110047846891,337.72727272727275,79.03110047846891,0,508,Aedes sticticus,2015.0999755859375,"{""type"":""Polygon"",""coordinates"":[[[-92.40934896556166,42.53244909675689],[-92.41659376074506,42.53069408974956],[-92.4210122306017,42.52611375375157],[-92.42088152101871,42.520494789510344],[-92.41625367017376,42.516028579650964],[-92.40893381927008,42.51445656850926],[-92.40177581460503,42.51639163027963],[-92.39757046803287,42.52107934383766],[-92.39795828044217,42.526691860958486],[-92.40278906160636,42.53104026021932],[-92.40934896556166,42.53244909675689]]]}"
000000000000000001ff,97.00359712230218,111.0,29.0,9639.793764988011,292.26498800959234,-88.99640287769785,381.2613908872902,216.64148681055158,-18.003597122302157,216.64148681055158,-31.996402877697847,842.226618705036,92.99640287769785,44.0,21.0,261.99640287769785,154.99640287769782,261.99640287769785,158.0,0,512,Aedes sticticus,2017.875,"{""type"":""Polygon"",""coordinates"":[[[-83.70265093983694,41.56134606933746],[-83.70978583491552,41.55959106997523],[-83.7141373069031,41.555010746146145],[-83.71400861403319,41.54939178146335],[-83.70945095684164,41.54492555917577],[-83.70224208755721,41.54335354111494],[-83.69519261277549,41.54528861121407],[-83.69105105670474,41.54997633662574],[-83.69143302192138,41.55558885243774],[-83.69619054771127,41.559937239067835],[-83.70265093983694,41.56134606933746]]]}"
0000000000000000020a,96.09796893667863,110.90203106332139,28.902031063321388,9637.111111111111,292.0,-89.0,381.0,216.50657108721626,-18.590203106332137,216.50657108721626,-32.49223416965353,842.7060931899641,92.90203106332139,45.0,20.0,260.8040621266428,156.0,260.8040621266428,160.0,0,523,Aedes sticticus,2018.75438596491,"{""type"":""Polygon"",""coordinates"":[[[-83.71925217305893,41.627751002225374],[-83.72639441182578,41.62599600234773],[-83.73075036072079,41.62141567769827],[-83.73062153310346,41.61579671304524],[-83.72605918546456,41.611330491595524],[-83.71884290020267,41.60975847400116],[-83.71178617327337,41.611693543538784],[-83.70764035462561,41.616381268151336],[-83.70802271057337,41.62199378405157],[-83.71278513140543,41.62634217153318],[-83.71925217305893,41.627751002225374]]]}"
0000000000000000020b,94.52329749103943,117.7479091995221,27.0,10767.52210274791,300.52329749103944,-124.30585424133811,424.82915173237757,205.77419354838713,-53.033452807646356,226.25209080047793,-53.033452807646356,837.7192353643968,121.0,22.0,46.0,322.9976105137396,79.0,321.942652329749,79.0,0,524,Aedes sticticus,2016.70833333333,"{""type"":""Polygon"",""coordinates"":[[[-93.61284696258355,41.627751002225374],[-93.61998920135039,41.62599600234773],[-93.6243451502454,41.62141567769827],[-93.6242163226281,41.61579671304524],[-93.61965397498918,41.611330491595524],[-93.6124376897273,41.60975847400116],[-93.605380962798,41.611693543538784],[-93.60123514415022,41.616381268151336],[-93.60161750009799,41.62199378405157],[-93.60637992093005,41.626342171533196],[-93.61284696258355,41.627751002225374]]]}"
0000000000000000020f,95.0,117.74083129584352,27.0,10767.161369193154,301.0,-124.03056234718828,425.0305623471882,205.96210268948656,-52.56479217603912,226.70293398533008,-52.56479217603912,837.3105134474328,121.0,22.013447432762838,46.0,322.7689486552567,79.01344743276283,321.262836185819,79.01344743276283,0,528,Aedes sticticus,2013.79487179487,"{""type"":""Polygon"",""coordinates"":[[[-93.61284696258355,41.61944815606387],[-93.61998828179115,41.61769315625072],[-93.62434367009848,41.61311283170393],[-93.62421485935401,41.60749386704717],[-93.61965309904178,41.6030276454926],[-93.61243774239088,41.601455627839854],[-93.60538192355817,41.60339069744776],[-93.6012366386602,41.608078422160304],[-93.60161894568164,41.61369093804951],[-93.60638075356817,41.618039325424554],[-93.61284696258355,41.61944815606387]]]}"
00000000000000000210,97.0,105.82014388489208,26.820143884892083,9992.025179856113,290.0755395683453,-99.93165467625897,390.0071942446043,220.3669064748201,-38.0,220.3669064748201,-38.0,925.6582733812949,103.16187050359711,36.0,28.862110311750598,303.0167865707434,141.3177458033573,303.0167865707434,141.3177458033573,0,529,Aedes sticticus,2006.75656324582,"{""type"":""Polygon"",""coordinates"":[[[-87.89414796176239,41.835246351545386],[-87.90131330724778,41.833491350050394],[-87.90568334260281,41.82891102282654],[-87.90555409099512,41.82329205826691],[-87.90097698499204,41.81882583944643],[-87.89373736557455,41.817253823315845],[-87.88665781997483,41.819188891091486],[-87.8824985892434,41.82387661319634],[-87.88288217460433,41.82948912937348],[-87.88765999754709,41.83383751952718],[-87.89414796176239,41.835246351545386]]]}"
00000000000000000213,72.26526315789475,139.81894736842105,34.0,8818.288421052632,291.7778947368422,-112.24315789473685,404.0210526315789,161.04315789473682,-41.42421052631579,186.50947368421055,-41.42421052631579,292.1294736842106,50.0,9.0,52.06631578947369,129.19578947368421,36.0,111.19578947368423,36.0,0,532,Aedes sticticus,2012.97727272727,"{""type"":""Polygon"",""coordinates"":[[[-111.9807492673315,46.66584849105699],[-111.98852866464661,46.66409344859874],[-111.99327303600961,46.659513056173886],[-111.99313250976628,46.65389409398171],[-111.98816320797927,46.649427941751526],[-111.98030350489702,46.64785596269296],[-111.97261757371936,46.649790985843886],[-111.96810192277952,46.65447864443668],[-111.96851817165185,46.660091167625005],[-111.97370529412417,46.6644396254544],[-111.9807492673315,46.66584849105699]]]}"
00000000000000000215,126.26641883519208,117.98760842627014,33.0,8402.30235439901,304.2540272614622,-46.74473358116481,350.998760842627,232.26641883519207,15.255266418835191,232.26641883519207,15.255266418835191,1079.2614622057001,108.0,71.04832713754647,12.0,305.42874845105337,232.82899628252787,305.42874845105337,232.82899628252787,0,534,Aedes sticticus,2014.42857142857,"{""type"":""Polygon"",""coordinates"":[[[-76.78874786995331,38.996649507437525],[-76.7956171268952,38.99489452721401],[-76.79980665794585,38.99031423384897],[-76.79968283815343,38.98469526806128],[-76.79529484552573,38.9802290146605],[-76.78835423100587,38.978656979277844],[-76.78156708477988,38.98059207022774],[-76.77757971603035,38.985279825314166],[-76.77794754649769,38.990892337849075],[-76.78252800654447,38.99524069285906],[-76.78874786995331,38.996649507437525]]]}"
00000000000000000218,88.46492271105825,120.93816884661118,27.099881093935785,10964.458977407847,297.0,-135.9001189060642,432.9001189060641,202.0,-62.9001189060642,221.54458977407847,-62.9001189060642,834.8585017835908,126.06183115338881,19.0,50.0,334.0618311533888,70.93816884661116,332.0618311533888,70.93816884661116,0,537,Aedes sticticus,2014.04901960784,"{""type"":""Polygon"",""coordinates"":[[[-93.59625464756367,42.00954815262352],[-93.60343959222685,42.007793149761795],[-93.60782157574198,42.003212820362464],[-93.60769196449094,41.99759385588178],[-93.60310234040908,41.99312763928314],[-93.59584292892404,41.991555624389505],[-93.58874402849125,41.993490690676175],[-93.58457342159721,41.998178410661914],[-93.58495804973516,42.003790927073034],[-93.58974893677747,42.00813931948478],[-93.59625464756367,42.00954815262352]]]}"
0000000000000000021e,181.0,142.0,43.02542372881355,6764.413841807908,335.2104519774011,12.025423728813559,323.18502824858757,106.0,230.0098870056497,263.6398305084746,90.0,1499.5593220338983,172.0,78.46045197740112,20.0,458.0,280.24999999999994,356.0889830508474,437.0,0,543,Aedes sticticus,2021.13513513514,"{""type"":""Polygon"",""coordinates"":[[[-88.19294786425273,31.833750234729475],[-88.1992317757197,31.83199530147607],[-88.20306445972636,31.827415082878208],[-88.20295137441899,31.821796114381915],[-88.19893724613718,31.81732978462066],[-88.19258774893456,31.815757706724032],[-88.18637866100535,31.8176928488491],[-88.18273105117417,31.82238067676522],[-88.18306773133959,31.82799318125414],[-88.18725801646639,31.8323414586601],[-88.19294786425273,31.833750234729475]]]}"
0000000000000000021f,180.99152542372877,142.0,43.12853107344632,6767.676553672316,335.1991525423729,12.124293785310734,323.0748587570621,105.79237288135593,230.3559322033898,263.9180790960452,89.9957627118644,1500.9675141242938,172.00847457627117,78.28107344632767,20.0,458.02118644067804,280.43644067796606,356.78672316384177,437.2203389830508,0,544,Aedes sticticus,2019.61111111111,"{""type"":""Polygon"",""coordinates"":[[[-88.2012462513132,31.825447388567955],[-88.20752959758804,31.823692455364476],[-88.21136193703494,31.81911223684611],[-88.21124886209385,31.813493268346935],[-88.20723509480396,31.8090269385045],[-88.2008861683643,31.80745486056269],[-88.19467763858877,31.809390002742152],[-88.19103035681857,31.8140778307357],[-88.19136700690764,31.819690335216055],[-88.19555691529418,31.82403861253952],[-88.2012462513132,31.825447388567955]]]}"
00000000000000000222,127.87767969735182,117.48045397225724,33.0,8483.64817150063,307.19924337957127,-46.29382093316519,353.4930643127364,235.19924337957124,16.268600252206813,235.19924337957124,16.268600252206813,1074.469104665826,106.44640605296343,71.62295081967213,11.953341740226985,301.6998738965952,233.4237074401009,301.6998738965952,233.4237074401009,0,547,Aedes sticticus,2016.75438596491,"{""type"":""Polygon"",""coordinates"":[[[-76.78874786995331,39.05474713506288],[-76.79562277450023,39.052992154421474],[-76.79981574851513,39.048411860391255],[-76.79969182513732,39.04279289462768],[-76.79530022534787,39.03832664190625],[-76.78835390756053,39.03675460690182],[-76.78156118406324,39.03868969739644],[-76.77757053720953,39.04337745183492],[-76.7779386682088,39.048989964441404],[-76.78252289277944,39.05333832014181],[-76.78874786995331,39.05474713506288]]]}"
00000000000000000223,94.33412322274883,114.92535545023695,31.0,8759.736966824645,280.98459715639814,-85.00355450236968,365.98815165876783,4.996445497630333,182.239336492891,205.9644549763033,-21.00355450236967,1183.43009478673,119.92061611374409,85.77251184834124,9.0,329.93601895734605,264.1078199052134,270.6303317535545,305.9988151658768,0,548,Aedes sticticus,2019.4358974359,"{""type"":""Polygon"",""coordinates"":[[[-71.25264905727076,42.13404625403573],[-71.25984810763791,42.132291250193184],[-71.26423869034441,42.12771091923266],[-71.26410882024696,42.12209195480864],[-71.2595101867936,42.11762573980444],[-71.25223653079333,42.116053725798494],[-71.24512370052608,42.11798879101664],[-71.24094490610645,42.12267650948164],[-71.24133028473207,42.12828902606067],[-71.24613057411807,42.13263742009284],[-71.25264905727076,42.13404625403573]]]}"
00000000000000000227,94.13516746411486,117.8744019138756,27.00717703349282,10706.466507177032,300.0143540669857,-123.20454545454545,423.2188995215311,205.01674641148327,-51.872009569377994,226.0143540669857,-51.872009569377994,867.7715311004786,119.60885167464117,26.752392344497608,41.99760765550239,326.28588516746413,92.68181818181819,321.5478468899522,92.68181818181819,0,552,Aedes sticticus,2016.69047619048,"{""type"":""Polygon"",""coordinates"":[[[-93.47174762794936,41.56134606933747],[-93.47888252302793,41.55959106997523],[-93.48323399501551,41.555010746146145],[-93.48310530214559,41.54939178146335],[-93.47854764495403,41.544925559175766],[-93.47133877566962,41.54335354111493],[-93.4642893008879,41.54528861121407],[-93.46014774481716,41.54997633662574],[-93.4605297100338,41.55558885243774],[-93.4652872358237,41.559937239067835],[-93.47174762794936,41.56134606933747]]]}"
0000000000000000022a,97.04217536071032,145.9289678135405,37.0,8281.481687014428,320.5016648168702,-67.17536071032187,387.67702552719203,-1.4694783573806882,198.6958934517203,205.43618201997776,-9.175360710321865,373.94894561598227,49.46947835738069,8.480577136514984,40.59822419533851,143.3374028856826,40.61154273029966,46.14428412874584,133.3374028856826,0,555,Aedes sticticus,2019.08333333333,"{""type"":""Polygon"",""coordinates"":[[[-116.25524799626575,43.73595155287985],[-116.26263678040205,43.73419653606093],[-116.26714302901487,43.72961618444574],[-116.26700967653503,43.723997220771366],[-116.26228985951138,43.719531026861965],[-116.25482460375089,43.71795902459999],[-116.24752440638123,43.71989407568157],[-116.24323548280023,43.724581774026966],[-116.24363095541263,43.730194292827335],[-116.24855771384838,43.73454270829808],[-116.25524799626575,43.73595155287985]]]}"
00000000000000000242,97.0,104.93023255813952,26.930232558139533,9941.567931456548,289.1811505507956,-98.0,387.18115055079556,220.1799265605875,-36.794369645042835,220.1799265605875,-36.794369645042835,920.483476132191,103.0,36.0,28.930232558139537,301.23133414932676,141.25091799265604,301.23133414932676,141.25091799265604,0,579,Aedes sticticus,1997.63043478261,"{""type"":""Polygon"",""coordinates"":[[[-87.8775467285404,41.86844881798934],[-87.88471579408031,41.86669381623457],[-87.88908809727656,41.86211348859723],[-87.88895877740713,41.856494524052614],[-87.88437929538904,41.852028305654436],[-87.87713591930363,41.850456289758945],[-87.8700527000261,41.852391357251584],[-87.86589131002314,41.85707907895366],[-87.86627509331112,41.86269159517527],[-87.87105539590775,41.86703998575816],[-87.8775467285404,41.86844881798934]]]}"
00000000000000000245,77.16981132075472,125.78419811320755,31.30896226415095,9269.21816037736,274.1698113207548,-119.43396226415092,393.6037735849057,171.55778301886792,-34.36910377358491,193.25825471698116,-47.52240566037736,1125.2441037735848,101.37146226415098,79.21580188679248,7.0,297.8879716981133,253.64858490566039,297.3066037735849,259.58726415094344,0,582,Aedes sticticus,2019.77083333333,"{""type"":""Polygon"",""coordinates"":[[[-72.22374762558916,42.432850615627146],[-72.23098089758842,42.43109560941475],[-72.23539234263802,42.426515274682096],[-72.23526184452936,42.42089631039495],[-72.23064135358509,42.41643009924327],[-72.22333313923177,42.41485808738212],[-72.21618651405093,42.416793150018506],[-72.21198785600315,42.4214808648091],[-72.212375055346,42.427093381793846],[-72.21719815559302,42.431441779741306],[-72.22374762558916,42.432850615627146]]]}"
0000000000000000024a,192.9247159090909,135.0,45.0,6265.477272727274,335.0909090909091,35.33806818181819,299.75284090909093,156.82386363636363,198.9857954545454,269.0,108.9588068181818,1336.0198863636363,149.97301136363637,57.9659090909091,23.0,396.2997159090909,227.76988636363635,396.2457386363637,367.0582386363637,0,587,Aedes sticticus,2021.10810810811,"{""type"":""Polygon"",""coordinates"":[[[-84.46624969973429,31.202947963304812],[-84.47249133040593,31.201193033819635],[-84.47629823867399,31.196612821220217],[-84.47618592887613,31.190993852506807],[-84.47219880560746,31.18652751661928],[-84.46589200588778,31.18495543531175],[-84.4597246721731,31.18689058154261],[-84.45610160386862,31.191578415301702],[-84.45643603412006,31.19719091914492],[-84.46059813615067,31.201539190324873],[-84.46624969973429,31.202947963304812]]]}"
0000000000000000024f,89.93365500603136,125.35102533172495,28.0,10951.838359469239,302.086851628468,-133.62364294330516,435.71049457177315,204.27864897466824,-57.925211097708086,225.28468033775633,-57.925211097708086,688.503015681544,104.64897466827503,14.50422195416164,52.35102533172496,288.63329312424605,53.50422195416163,270.5476477683956,53.50422195416163,0,592,Aedes sticticus,2013.239990234375,"{""type"":""Polygon"",""coordinates"":[[[-96.35185424376374,42.4411490026876],[-96.35908847362192,42.43939399640907],[-96.36350050260523,42.43481366157115],[-96.36336998691806,42.42919469728782],[-96.35874888418567,42.424728486243666],[-96.35143970254963,42.423156474442365],[-96.34429213145458,42.4250915370067],[-96.34009291742655,42.42977925169475],[-96.34048016773042,42.435391768690806],[-96.34530390644997,42.43974016674754],[-96.35185424376374,42.4411490026876]]]}"
00000000000000000255,127.61318407960198,113.04228855721392,32.0,8416.082089552241,301.7723880597015,-43.77238805970149,345.544776119403,233.84701492537312,16.578358208955223,233.84701492537312,16.578358208955223,1059.5945273631844,108.0,71.0,12.0,304.089552238806,230.0,304.089552238806,230.0,0,598,Aedes sticticus,2017.57142857143,"{""type"":""Polygon"",""coordinates"":[[[-76.88005242312367,38.87215140602532],[-76.88690963264469,38.870396426694995],[-76.89109181919267,38.865816134751704],[-76.89096822036538,38.86019716891246],[-76.88658792250364,38.85573091405964],[-76.87965947414718,38.85415887786857],[-76.87288422531047,38.85609396979157],[-76.86890384938378,38.860781726262914],[-76.86927103875671,38.866394238644865],[-76.87384346835287,38.87074259217916],[-76.88005242312367,38.87215140602532]]]}"
00000000000000000257,99.01236093943137,104.86650185414092,25.866501854140914,10481.447466007416,293.86650185414095,-107.52657601977751,401.39307787391834,227.1334981458591,-43.66007416563659,227.1334981458591,-43.66007416563659,881.752781211372,108.0,28.0,36.99134734239802,314.80593325092707,110.03337453646478,314.80593325092707,110.03337453646478,0,600,Aedes sticticus,2013.34482758621,"{""type"":""Polygon"",""coordinates"":[[[-90.53354784361069,41.553047682277],[-90.54068182270949,41.551292682979096],[-90.54503273629135,41.54671235925241],[-90.54490406022838,41.541093394565905],[-90.54034698807735,41.53662717217374],[-90.53313904378957,41.53505515405468],[-90.52609047356995,41.5369902242239],[-90.52194944917136,41.54167794973532],[-90.52233136565188,41.5472904655363],[-90.52708828088204,41.551638852060115],[-90.53354784361069,41.553047682277]]]}"
0000000000000000025e,53.53813559322034,133.53389830508476,28.0,11497.370762711866,285.9322033898305,-182.08262711864407,468.0148305084745,171.1165254237288,-100.90466101694915,196.5677966101695,-100.90466101694915,419.238347457627,79.99576271186442,10.0,64.76588983050847,201.0021186440678,31.0,191.9957627118644,31.0,0,607,Aedes sticticus,2020.53846153846,"{""type"":""Polygon"",""coordinates"":[[[-100.90854718286533,46.80694782569118],[-100.91634696138519,46.80519278192894],[-100.92110375724117,46.80061238742856],[-100.92096285651132,46.794993425311795],[-100.91598053728771,46.790527275201356],[-100.90810025324384,46.78895529732287],[-100.90039419573586,46.79089031905331],[-100.8958667147514,46.795577975624326],[-100.89628404748892,46.80119049903578],[-100.9014847549635,46.80553895901948],[-100.90854718286533,46.80694782569118]]]}"
00000000000000000260,95.0,112.0,29.0,9553.163875598086,289.65789473684214,-89.26674641148325,378.9246411483254,213.88516746411483,-19.0,213.88516746411483,-33.0,847.0,92.0,45.0,20.0,261.0,157.0,261.0,161.0,0,609,Aedes sticticus,2019.33333333333,"{""type"":""Polygon"",""coordinates"":[[[-83.83544742830962,41.627751002225374],[-83.84258966707647,41.62599600234773],[-83.84694561597148,41.62141567769827],[-83.84681678835418,41.61579671304524],[-83.84225444071527,41.611330491595524],[-83.83503815545336,41.60975847400116],[-83.82798142852407,41.611693543538784],[-83.8238356098763,41.61638126815133],[-83.82421796582406,41.621993784051575],[-83.82898038665611,41.62634217153319],[-83.83544742830962,41.627751002225374]]]}"
00000000000000000261,180.992927864215,142.0,43.458274398868454,6754.107496463932,335.00707213578505,12.458274398868461,322.5487977369165,105.99292786421498,230.16548797736917,263.7581329561528,90.0,1500.4879773691655,172.00707213578502,78.24186704384725,20.0,458.01414427157005,280.2560113154173,356.93917963224897,437.01414427157005,0,610,Aedes sticticus,2020.67741935484,"{""type"":""Polygon"",""coordinates"":[[[-88.19294786425273,31.825447388567955],[-88.19923121052757,31.823692455364476],[-88.20306354997447,31.819112236846102],[-88.20295047503339,31.813493268346935],[-88.1989367077435,31.809026938504505],[-88.19258778130384,31.80745486056269],[-88.18637925152831,31.809390002742152],[-88.18273196975811,31.8140778307357],[-88.18306861984718,31.819690335216055],[-88.18725852823371,31.82403861253952],[-88.19294786425273,31.825447388567955]]]}"
00000000000000000266,87.47030878859857,120.47980997624704,27.0,10950.390736342044,296.186460807601,-136.2743467933492,432.4608076009501,200.70665083135393,-63.5439429928741,220.4703087885986,-63.5439429928741,838.4501187648457,127.00475059382424,19.45843230403801,49.54631828978622,336.01306413301666,71.91686460807603,335.2980997624703,71.91686460807603,0,615,Aedes sticticus,2013.05208333333,"{""type"":""Polygon"",""coordinates"":[[[-93.59625464756367,42.05104900612794],[-93.60344428437956,42.04929400293969],[-93.60782912834942,42.04471367302063],[-93.60769943099588,42.0390947085588],[-93.60310681001647,42.034628492490974],[-93.595842660203,42.033056477892856],[-93.58873912611797,42.03499154382381],[-93.58456579570718,42.03967926330328],[-93.58495067348979,42.045291779770295],[-93.58974468814914,42.049640172721496],[-93.59625464756367,42.05104900612794]]]}"
00000000000000000267,118.0760598503741,127.35037406483792,34.0,8527.855361596012,301.8403990024939,-64.20947630922694,366.0498753117208,204.95885286783047,4.283042394014963,225.78179551122196,4.283042394014963,975.5399002493766,98.14339152119703,63.0,14.0,285.1433915211971,192.55735660847884,280.95012468827935,192.55735660847884,0,616,Aedes sticticus,2019.0612244898,"{""type"":""Polygon"",""coordinates"":[[[-78.04205402574219,39.04644874800242],[-78.04892812261106,39.044693767420746],[-78.05312060423913,39.04011347348561],[-78.05299669567535,39.034494507718584],[-78.04860561175508,39.03002825490005],[-78.04166010960613,39.02845621984156],[-78.03486818372821,39.03039131040126],[-78.03087800568433,39.035079064932354],[-78.03124609370381,39.04069157752859],[-78.03582977990057,39.04503993313032],[-78.04205402574219,39.04644874800242]]]}"
0000000000000000026c,95.89473684210525,111.07466340269278,29.0,9569.167686658508,290.0,-89.01223990208078,379.01223990208075,214.9877600979192,-18.487148102815176,214.9877600979192,-32.487148102815176,845.9718482252142,93.0,44.0,21.0,262.82374541003674,156.0,262.82374541003674,160.0,0,621,Aedes sticticus,2018.80459770115,"{""type"":""Polygon"",""coordinates"":[[[-83.79395103390625,41.57794730255944],[-83.80108776259219,41.57619230306845],[-83.80544035239565,41.57161197903443],[-83.80531162588152,41.56599301435908],[-83.8007527975565,41.561526792280794],[-83.79354207661494,41.55995477433649],[-83.78649079108193,41.56188984429536],[-83.78234817071048,41.566577569507395],[-83.7827302334869,41.57219008534144],[-83.78748898149455,41.576538472184254],[-83.79395103390625,41.57794730255944]]]}"
00000000000000000271,80.49290780141845,117.0,27.0,10992.023640661939,287.46926713947994,-144.28486997635935,431.7541371158392,194.46926713947994,-70.68203309692673,213.91962174940898,-70.68203309692673,867.2541371158393,116.28486997635935,21.0,47.0,339.7387706855792,78.14657210401892,337.28486997635935,78.14657210401892,0,626,Aedes sticticus,2013.7358490566,"{""type"":""Polygon"",""coordinates"":[[[-92.44255143200562,42.54074748381737],[-92.44979718992829,42.53899247674369],[-92.45421624669353,42.53441214064009],[-92.45408551944205,42.528793176402694],[-92.44945705369199,42.524326966651174],[-92.44213623057786,42.52275495556952],[-92.43497727517969,42.5246900172676],[-92.43077136979457,42.529377730722764],[-92.43115923342414,42.53499024785495],[-92.4359906563136,42.539338647225385],[-92.44255143200562,42.54074748381737]]]}"
0000000000000000027b,93.52948255114319,118.30324909747291,31.006016847172084,8823.535499398316,282.540312876053,-89.07821901323706,371.61853188929,2.7196149217809857,182.52948255114322,205.85318892900122,-23.280385078219012,1179.1227436823106,119.98315282791818,86.28038507821901,9.0,327.9241877256317,265.5439229843562,271.7388688327316,301.9181708784597,0,636,Aedes sticticus,2019.53571428571,"{""type"":""Polygon"",""coordinates"":[[[-71.33564630517854,42.150651946358764],[-71.3428472437393,42.14889694238511],[-71.34723897753562,42.144316611215885],[-71.3471090727884,42.13869764679943],[-71.3425092333381,42.134231432008384],[-71.33523367056377,42.132659418121094],[-71.32811897564568,42.1345944831964],[-71.32393908524155,42.139282201458116],[-71.32432456432711,42.144894718059604],[-71.32912611231318,42.14924311230839],[-71.33564630517854,42.150651946358764]]]}"
0000000000000000027e,175.0,132.0,40.0,7059.551532033427,331.0,7.434540389972142,323.5654596100278,97.0,227.98467966573813,262.0,80.97353760445681,1387.6545961002785,160.94846796657382,79.56545961002784,21.0,432.94846796657384,263.5654596100278,312.1406685236769,406.0,0,639,Aedes sticticus,2020.62790697674,"{""type"":""Polygon"",""coordinates"":[[[-87.81115071385459,32.53925136700147],[-87.8174835127423,32.53749642947208],[-87.82134600015978,32.532916204067526],[-87.82123201823723,32.52729723581763],[-87.81718666523027,32.52283091300812],[-87.81078779868785,32.52125883898201],[-87.80453043208578,32.52319397644805],[-87.80085444596313,32.52788179773388],[-87.80119372768111,32.533494302955475],[-87.80541659973403,32.53784258742638],[-87.81115071385459,32.53925136700147]]]}"
0000000000000000027f,71.79831932773108,145.0,37.741596638655466,8072.399159663865,291.6922268907563,-89.56617647058823,381.2584033613445,153.79831932773106,28.79831932773109,176.79831932773106,-31.201680672268907,320.4957983193277,44.0,19.0,28.79831932773109,108.20168067226889,60.201680672268914,93.20168067226892,74.890756302521,0,640,Aedes sticticus,2006.66666666667,"{""type"":""Polygon"",""coordinates"":[[[-114.055747351542,46.649251716936064],[-114.06352436161882,46.647496674630744],[-114.06826727770742,46.64291628244931],[-114.06812679532628,46.637297320248294],[-114.06315901826412,46.6328311677695],[-114.05530172581956,46.63125918857253],[-114.0476181520288,46.63319421189006],[-114.04310388673507,46.637881870719966],[-114.04352000865367,46.64349439388212],[-114.04870553992191,46.647842851458854],[-114.055747351542,46.649251716936064]]]}"
0000000000000000029d,94.89442467378409,114.06287069988139,30.972716488730722,8764.115065243177,281.7188612099644,-84.02846975088967,365.747330960854,5.3297746144721225,182.86951364175562,206.37722419928824,-20.670225385527875,1167.8493475682087,118.1779359430605,84.14827995255041,9.002372479240805,326.6073546856465,260.2811387900355,266.0771055753262,303.7532621589561,0,670,Aedes sticticus,2019.7037037037,"{""type"":""Polygon"",""coordinates"":[[[-71.22775389608937,42.20044672782259],[-71.23496050627011,42.198691723455354],[-71.23935569762655,42.19411139165969],[-71.23922568880015,42.188492427265956],[-71.23462222686327,42.18402621311472],[-71.22734093665949,42.18245419958363],[-71.22022064083855,42.18438926423018],[-71.21603745839515,42.18907698188165],[-71.21642323923437,42.19468949855051],[-71.22122856771213,42.19903789344954],[-71.22775389608937,42.20044672782259]]]}"
0000000000000000029f,63.14475025484201,138.0,29.0,11271.651376146792,301.0,-169.0,470.0,178.0,-88.2395514780836,204.0,-88.2395514780836,288.2283384301734,58.0,6.0,69.0,150.0,23.0,135.0,23.0,0,672,Aedes sticticus,2006.800048828125,"{""type"":""Polygon"",""coordinates"":[[[-106.54424893577871,48.143251229387836],[-106.55224961606284,48.14149617292572],[-106.55712888188947,48.13691575821159],[-106.55698428876646,48.13129679682952],[-106.55187365422557,48.12683066736352],[-106.54379050105797,48.12525870097783],[-106.53588605572077,48.127193708873996],[-106.53124196360994,48.1318813457548],[-106.53166997917567,48.137493871339174],[-106.53700459608878,48.14184235230392],[-106.54424893577871,48.143251229387836]]]}"
000000000000000002b7,73.0,150.88379530916845,36.0,8735.303837953092,299.0,-114.48294243070363,413.4829424307036,161.99253731343285,-38.42857142857144,187.05117270788915,-38.42857142857144,308.31236673773986,55.15671641791044,8.0,59.501066098081026,140.3134328358209,26.812366737739875,115.64392324093816,26.812366737739875,0,696,Aedes sticticus,2006.53333333333,"{""type"":""Polygon"",""coordinates"":[[[-111.49935363580357,45.9271493514421],[-111.50702879842719,45.925394315701446],[-111.51170962751999,45.92081393396876],[-111.51157101621212,45.91519497138811],[-111.50666828899642,45.91072880823795],[-111.49891384269165,45.90915682310012],[-111.4913308431625,45.91109185356884],[-111.48687569411716,45.91577952257686],[-111.48728639952606,45.92139204461567],[-111.49240404461156,45.925740491347035],[-111.49935363580357,45.9271493514421]]]}"
000000000000000002b8,125.02033036848793,116.02033036848793,29.0,9656.872935196952,319.0203303684879,-74.97966963151208,394.0,223.86785260482847,-3.9796696315120714,245.18678526048285,-3.9796696315120714,972.3138500635324,142.23379923761118,28.0,45.0,371.1334180432021,93.0,347.2642947903431,93.0,0,697,Aedes sticticus,2021.125,"{""type"":""Polygon"",""coordinates"":[[[-95.19815102820569,39.05474713506288],[-95.2050259327526,39.052992154421474],[-95.2092189067675,39.048411860391255],[-95.20909498338969,39.04279289462768],[-95.20470338360025,39.03832664190625],[-95.19775706581291,39.03675460690182],[-95.19096434231562,39.03868969739644],[-95.1869736954619,39.04337745183492],[-95.18734182646116,39.048989964441404],[-95.19192605103181,39.05333832014181],[-95.19815102820569,39.05474713506288]]]}"
000000000000000002b9,62.05204081632653,128.6908163265306,34.0,8105.781632653061,270.9887755102041,-97.89387755102041,368.8826530612245,144.95714285714286,16.810204081632655,166.95714285714286,-41.936734693877554,478.93367346938777,65.0,29.20204081632653,25.797959183673466,155.01122448979592,92.32755102040815,138.0,117.06122448979592,0,698,Aedes sticticus,2008.13333333333,"{""type"":""Polygon"",""coordinates"":[[[-114.2715544652256,48.22624847729562],[-114.27956811051642,48.22449342002301],[-114.28445527977459,48.219913004018885],[-114.28431044830283,48.21429404268371],[-114.27919153306972,48.20982791453519],[-114.27109528804078,48.20825594888295],[-114.26317804003203,48.21019095589626],[-114.25852642253662,48.21487859152046],[-114.25895512744157,48.22049111724349],[-114.26429838602704,48.22483959954722],[-114.2715544652256,48.22624847729562]]]}"
000000000000000002bc,174.10292072322673,133.0,36.0,7978.324061196106,353.08762169680114,-12.0,365.0876216968012,216.9972183588317,67.1029207232267,273.80111265646735,67.1029207232267,879.3324061196107,126.0,40.0,35.0,298.51599443671773,134.10709318497914,202.1182197496523,134.10709318497914,0,701,Aedes sticticus,2021.77777777778,"{""type"":""Polygon"",""coordinates"":[[[-97.58854578902746,33.336048134241715],[-97.5949358993665,33.33429319180139],[-97.59883332582783,33.32971295857949],[-97.59871829286396,33.32409399061264],[-97.59463633462799,33.319627675787075],[-97.5881795915488,33.31805560620611],[-97.58186562702244,33.319990738321415],[-97.5781563749452,33.32467855199249],[-97.57849870657998,33.33029105805551],[-97.58275978082672,33.33463935064034],[-97.58854578902746,33.336048134241715]]]}"
000000000000000002c0,52.16507936507937,134.0,28.0,11468.668783068784,284.4306878306878,-183.5185185185185,467.9492063492063,169.39682539682542,-101.67513227513226,194.8201058201058,-101.67513227513226,422.0994708994708,80.02010582010581,10.0,64.0,202.02010582010584,31.0,192.04021164021165,31.0,0,705,Aedes sticticus,2022.02173913043,"{""type"":""Polygon"",""coordinates"":[[[-100.9168455699258,46.782048205408735],[-100.92464174060639,46.780293161877104],[-100.92939633710509,46.77571276774378],[-100.92925550266742,46.770093805613676],[-100.92427548776354,46.76562765512837],[-100.91639884691722,46.76405567704118],[-100.90869635212904,46.76599069902283],[-100.90417096527483,46.770678355951404],[-100.90458810615016,46.776290879323405],[-100.90978640883638,46.780639338926115],[-100.9168455699258,46.782048205408735]]]}"
000000000000000002ca,81.15617433414043,118.0,27.0,10969.680387409202,289.0,-142.71791767554478,431.7179176755447,199.47941888619857,-69.71791767554478,214.36077481840195,-69.71791767554478,869.4552058111381,115.0,22.0,46.0,336.0,81.07384987893461,335.69249394673113,81.07384987893461,0,715,Aedes sticticus,2013.71428571429,"{""type"":""Polygon"",""coordinates"":[[[-92.30975494353295,42.46604862297004],[-92.31699204991725,42.46429361649296],[-92.32140583249956,42.45971328133899],[-92.32127526402249,42.45409431706714],[-92.31665232404207,42.449628106345756],[-92.30934023757979,42.44805609472415],[-92.30218982582984,42.44999115707218],[-92.29798894214912,42.45467887145237],[-92.29837634549278,42.460291388482425],[-92.30320200159571,42.464639786867195],[-92.30975494353295,42.46604862297004]]]}"
000000000000000002d3,72.65578947368422,147.6126315789474,38.61263157894737,7915.369473684212,291.0873684210527,-86.02210526315791,377.10947368421057,153.65578947368425,30.0,175.9884210526316,-28.10947368421053,315.97368421052636,43.0,18.51263157894737,28.0,105.0,58.51263157894737,91.0,75.46105263157895,0,724,Aedes sticticus,2007.46153846154,"{""type"":""Polygon"",""coordinates"":[[[-114.10555105120793,46.52474915642281],[-114.11331022048871,46.52299411526177],[-114.11804226071717,46.518413724901635],[-114.11790210612789,46.51279476263443],[-114.11294572395244,46.50832860829554],[-114.10510644719062,46.50675662806304],[-114.09744049111698,46.508691652627064],[-114.09293658131709,46.513379313231106],[-114.09335175445067,46.518991836197465],[-114.09852539400227,46.523340291883756],[-114.10555105120793,46.52474915642281]]]}"
000000000000000002d8,39.7401746724891,119.11572052401746,26.11572052401747,11108.140829694325,253.2412663755459,-189.3930131004367,442.63427947598257,161.52947598253277,-113.25982532751094,174.24126637554585,-113.25982532751094,819.1626637554587,110.33296943231441,22.0,44.11572052401747,313.6975982532751,87.8122270742358,309.707423580786,87.8122270742358,0,729,Aedes sticticus,2019.800048828125,"{""type"":""Polygon"",""coordinates"":[[[-90.09364860648614,45.81924802415081],[-90.10130888292532,45.81749298937639],[-90.10598063725365,45.81291260918163],[-90.10584229938725,45.807293646545126],[-90.10094907996934,45.802827481824245],[-90.09320966588172,45.80125549581199],[-90.08564136650466,45.80319052733329],[-90.08119485798635,45.807878197839415],[-90.08160477167011,45.813490719712874],[-90.08671249437604,45.81783916484793],[-90.09364860648614,45.81924802415081]]]}"
000000000000000002e1,94.0326086956522,118.0,27.0,10808.745169082127,300.0,-125.96739130434784,425.9673913043479,205.6751207729469,-54.04347826086957,226.13647342995174,-54.04347826086957,831.2777777777778,122.0,21.03260869565218,47.0,323.4009661835749,76.03260869565219,322.07608695652175,76.03260869565219,0,738,Aedes sticticus,2015.09756097561,"{""type"":""Polygon"",""coordinates"":[[[-93.670953508411,41.652650622507814],[-93.6780985071884,41.65089562243663],[-93.6824561386588,41.64631529747911],[-93.68232726039832,41.64069633283726],[-93.67776314992814,41.63623011170216],[-93.67054407748768,41.634658094282955],[-93.66348462495267,41.636593163609746],[-93.65933720428193,41.641280887922214],[-93.65971970707943,41.646893403855586],[-93.66448396763629,41.65124179165695],[-93.670953508411,41.652650622507814]]]}"
000000000000000002f5,46.27444794952681,160.0,38.0,8307.498422712933,274.273396424816,-144.88853838065194,419.1619348054679,129.72134595162981,-0.2786540483701367,152.25657202944265,-60.0,293.33648790746577,43.0,15.0,34.341745531019974,109.65825446898002,54.29547844374342,91.65825446898,57.46792849631966,0,758,Aedes sticticus,2011.76470588235,"{""type"":""Polygon"",""coordinates"":[[[-113.1510447979094,46.66584849105699],[-113.15882419522453,46.66409344859874],[-113.16356856658753,46.65951305617388],[-113.1634280403442,46.65389409398171],[-113.1584587385572,46.649427941751526],[-113.15059903547494,46.64785596269295],[-113.14291310429728,46.649790985843886],[-113.13839745335744,46.65447864443668],[-113.13881370222977,46.660091167625005],[-113.14400082470208,46.6644396254544],[-113.1510447979094,46.66584849105699]]]}"
00000000000000000301,129.36934673366832,117.95854271356785,33.0,8504.659547738693,309.11809045226136,-45.59422110552764,354.712311557789,237.3643216080402,17.389447236180903,237.3643216080402,17.389447236180903,1056.9020100502514,106.00376884422113,70.05653266331659,12.0,300.05527638190955,228.59296482412063,300.05527638190955,228.59296482412063,0,770,Aedes sticticus,2011.5,"{""type"":""Polygon"",""coordinates"":[[[-76.91325488956763,38.98835112037707],[-76.92012334116606,38.98659614021319],[-76.92431238125305,38.982015846943064],[-76.92418857623173,38.97639688115193],[-76.9198010979821,38.97193062765421],[-76.9128612967432,38.97035859221757],[-76.90607494583124,38.972293683232444],[-76.90208804453643,38.976981438411336],[-76.90245583214814,38.982593950936035],[-76.90703575537712,38.98694230584749],[-76.91325488956763,38.98835112037707]]]}"
00000000000000000304,93.74493444576875,119.18593563766387,31.185935637663878,8849.212157330156,283.4564958283671,-89.25506555423121,372.7115613825983,2.7449344457687728,183.02741358760426,206.45649582836708,-23.255065554231223,1166.9916567342075,118.8259833134684,85.54350417163286,9.0,324.7163289630512,263.08700834326584,268.91299165673416,298.89034564958286,0,773,Aedes sticticus,2019.44444444444,"{""type"":""Polygon"",""coordinates"":[[[-71.35224753840053,42.18384995370166],[-71.35945225661354,42.18209494946567],[-71.36384629457963,42.17751461787892],[-71.36371632047262,42.1718956534776],[-71.35911406694314,42.167429439113015],[-71.35183468732411,42.16585742546313],[-71.34471625988056,42.167792490252666],[-71.34053417561228,42.17248020810763],[-71.34091985579113,42.17809272475402],[-71.3457239231534,42.18244111943621],[-71.35224753840053,42.18384995370166]]]}"
00000000000000000307,88.30130486358244,121.0,27.698695136417555,10921.041518386715,296.30130486358246,-136.0,432.3013048635825,201.29062870699883,-62.69869513641756,220.30130486358246,-62.69869513641756,836.9857651245552,127.55516014234877,19.0,50.0,335.55516014234877,71.0,334.12099644128114,71.0,0,776,Aedes sticticus,2014.07407407407,"{""type"":""Polygon"",""coordinates"":[[[-93.66265066224948,42.05104900612794],[-93.66984029906537,42.04929400293969],[-93.67422514303523,42.044713673020624],[-93.67409544568169,42.03909470855879],[-93.66950282470229,42.034628492490974],[-93.66223867488881,42.03305647789285],[-93.65513514080378,42.03499154382381],[-93.65096181039299,42.03967926330327],[-93.6513466881756,42.045291779770295],[-93.65614070283495,42.04964017272149],[-93.66265066224948,42.05104900612794]]]}"
0000000000000000031a,87.5109223300971,120.7245145631068,27.019417475728158,10945.822815533982,296.2281553398059,-136.6747572815534,432.90291262135923,200.96116504854368,-63.73300970873788,220.01577669902917,-63.73300970873788,836.63713592233,127.0,19.038834951456312,49.96116504854369,335.77184466019423,71.07766990291262,335.0388349514564,71.07766990291262,0,795,Aedes sticticus,2013.949951171875,"{""type"":""Polygon"",""coordinates"":[[[-93.61284696258355,42.05934739318841],[-93.62003753881638,42.05759238993482],[-93.62442295547844,42.053012059911744],[-93.6242932408862,42.04739309545369],[-93.61970001989731,42.04292687949208],[-93.61243492142219,42.0413548649531],[-93.60533045963275,42.043289930812875],[-93.60115658394608,42.04797765019103],[-93.60154151171001,42.05359016666924],[-93.60633615255018,42.05793855972839],[-93.61284696258355,42.05934739318841]]]}"
0000000000000000031d,94.02031063321385,112.96176821983273,31.0,8695.666666666664,278.88052568697725,-83.0,361.8805256869773,5.9796893667861415,181.57228195937876,204.93548387096772,-20.0,1193.8542413381124,120.49820788530462,86.0,9.0,332.9653524492234,265.2485065710872,271.8327359617682,310.0860215053763,0,798,Aedes sticticus,2019.46666666667,"{""type"":""Polygon"",""coordinates"":[[[-71.20284981670588,42.10084824669283],[-71.21004509698521,42.099093243112186],[-71.21443338135205,42.09451291256857],[-71.21430358043817,42.0888939481294],[-71.20970735495531,42.08442773269943],[-71.20243750614242,42.082855718456436],[-71.1953283989566,42.084790783959924],[-71.19115179284958,42.08947850283102],[-71.19153697089004,42.09509101936521],[-71.1963347472746,42.09943941296467],[-71.20284981670588,42.10084824669283]]]}"
00000000000000000325,131.7356608478803,108.61720698254365,31.0,8422.98753117207,304.3640897755611,-37.425187032418954,341.78927680798,237.83291770573564,21.192019950124692,237.83291770573564,21.192019950124692,1069.778054862843,111.95760598503742,70.99875311720699,14.0,310.41396508728184,235.64588528678306,310.41396508728184,235.64588528678306,0,806,Aedes sticticus,2022.57894736842,"{""type"":""Polygon"",""coordinates"":[[[-76.55635290035087,38.89705102630776],[-76.56321251338413,38.89529604679905],[-76.56739616519218,38.89071575457181],[-76.56727252228163,38.88509678874285],[-76.56289068928095,38.880630534180035],[-76.55595981372218,38.87905849815042],[-76.54918219130478,38.880993589879076],[-76.54520042027987,38.885681346073824],[-76.54556773755414,38.89129385848632],[-76.55014176925991,38.895642212315344],[-76.55635290035087,38.89705102630776]]]}"
00000000000000000327,74.62606837606836,171.34081196581198,36.0,9807.886752136752,318.62606837606836,-150.88034188034186,469.5064102564102,127.16666666666666,-53.89957264957264,200.76175213675208,-53.89957264957264,377.4839743589743,60.83653846153846,15.733974358974361,47.0,163.85576923076923,51.58974358974359,109.01923076923077,51.58974358974359,0,808,Aedes sticticus,2010.5999755859375,"{""type"":""Polygon"",""coordinates"":[[[-107.44895148941127,45.611748215729754],[-107.45658337648042,45.60999318280299],[-107.46123782434766,45.605412805549086],[-107.4611000079341,45.599793842805745],[-107.45622492079784,45.595327675081364],[-107.44851417462247,45.59375568739703],[-107.44097390987544,45.59569072093106],[-107.4365438796663,45.600378394301856],[-107.43695228342735,45.60599091585912],[-107.44204108319191,45.61033935794171],[-107.44895148941127,45.611748215729754]]]}"
00000000000000000328,128.0,115.79900744416872,33.0,8366.770471464019,303.2444168734491,-44.93052109181141,348.1749379652605,233.0,17.0,233.0,17.0,1069.8238213399502,108.43920595533497,71.0,12.0,305.6401985111662,232.44540942928035,305.6401985111662,232.44540942928035,0,809,Aedes sticticus,2013.800048828125,"{""type"":""Polygon"",""coordinates"":[[[-76.73895308848948,38.91365225952974],[-76.7458143056643,38.911897279902036],[-76.74999893540969,38.90731698748536],[-76.74987526307724,38.90169802166328],[-76.74549240550091,38.89723176729393],[-76.73855990998958,38.89565973137202],[-76.73178070340754,38.897594822971016],[-76.7277980012723,38.90228257898126],[-76.72816540390987,38.907895091414126],[-76.73274050488851,38.91224344543976],[-76.73895308848948,38.91365225952974]]]}"
0000000000000000032c,119.8702770780856,127.4785894206549,34.0,8536.551637279596,304.24055415617124,-61.31738035264483,365.55793450881606,207.0579345088161,5.870277078085641,227.67002518891684,5.870277078085641,974.4609571788411,98.10831234256926,63.0,14.0,283.36775818639796,194.49999999999997,279.25944584382864,194.49999999999997,0,813,Aedes sticticus,2019.3606557377,"{""type"":""Polygon"",""coordinates"":[[[-77.95905231873334,39.0962479885673],[-77.96593126755452,39.09449300762696],[-77.97012670709057,39.08991271312092],[-77.97000270953438,39.08429374737459],[-77.965608526641,39.07982749513913],[-77.95865812472002,39.07825546040526],[-77.95186140731542,39.0801905505742],[-77.94786841299725,39.084878304549186],[-77.94823675920826,39.09049081720685],[-77.95282367957032,39.09483917340114],[-77.95905231873334,39.0962479885673]]]}"
0000000000000000032d,30.0,116.0,23.0,12919.00702811245,264.2740963855422,-222.995983935743,487.2700803212852,185.0,-146.99598393574303,185.0,-146.99598393574303,492.0,79.0,15.0,54.0,221.0,53.0,221.0,53.0,0,814,Aedes sticticus,2002.33333333333,"{""type"":""Polygon"",""coordinates"":[[[-98.00354986497061,49.512748181326344],[-98.01177223195651,49.510993111143776],[-98.01678663646217,49.50641267459183],[-98.01663796675763,49.500793714003834],[-98.01138574218353,49.496327606840936],[-98.00307873508248,49.494755652871284],[-97.99495538051504,49.496690645821865],[-97.99018261306848,49.50137826143039],[-97.99062241439101,49.50699078936189],[-97.99610479314686,49.511339292993476],[-98.00354986497061,49.512748181326344]]]}"
0000000000000000025b,77.49306296691569,161.69583778014942,37.0,8908.06296691569,307.1867662753469,-120.89861259338315,428.08537886873,122.40981856990395,-37.202774813233724,194.2881536819637,-37.202774813233724,370.0789754535753,73.50693703308433,12.662753468516545,55.01494130202775,165.58804695837782,41.970117395944506,109.0811099252935,41.970117395944506,0,604,Aedes sticticus,2005.5,"{""type"":""Polygon"",""coordinates"":[[[-109.25005375051492,45.63665229511325],[-109.25768902846951,45.63489726196545],[-109.26234554345798,45.63031688435973],[-109.26220766476281,45.62469792162918],[-109.25733041186862,45.620231754264104],[-109.24961624153514,45.61865976677979],[-109.2420726282707,45.62059480007306],[-109.23764062985788,45.62528247310115],[-109.23804921396913,45.63089499469624],[-109.24314027393054,45.635243437143984],[-109.25005375051492,45.63665229511325]]]}"
000000000000000002af,72.32489451476793,148.8945147679325,36.670886075949376,8503.765822784811,291.54852320675104,-110.1487341772152,401.69725738396625,159.1223628691983,-37.67510548523207,183.21940928270047,-37.67510548523207,286.65400843881855,52.0,7.0,59.39240506329115,132.0,28.20253164556962,115.45147679324897,28.20253164556962,0,688,Aedes sticticus,2005.5,"{""type"":""Polygon"",""coordinates"":[[[-111.5740524966509,46.42514621619198],[-111.58179747827441,46.4233911759426],[-111.58652086961052,46.41881078703352],[-111.5863809756834,46.4131918247136],[-111.58143365514357,46.408725668892735],[-111.57360870513213,46.4071536878352],[-111.565956759331,46.40908871339234],[-111.56146108460146,46.413776375409846],[-111.56187550321579,46.4193888982202],[-111.56703968602943,46.423737352400366],[-111.5740524966509,46.42514621619198]]]}"
000000000000000002bf,54.99593495934959,157.77845528455282,33.0,10877.07825203252,298.0345528455284,-178.18699186991867,476.2215447154472,167.03455284552845,-91.0,191.03455284552848,-91.0,305.23577235772353,57.0040650406504,8.0,65.77642276422765,154.0040650406504,29.0,131.0040650406504,29.0,0,704,Aedes sticticus,2005.5,"{""type"":""Polygon"",""coordinates"":[[[-107.8722539524149,48.15984800350878],[-107.88025722058276,48.158092946884786],[-107.88513806397651,48.153512531913044],[-107.88499342327847,48.14789357054033],[-107.87988113586758,48.143427441337444],[-107.87179536949435,48.141855475098225],[-107.8638883686754,48.14379048281808],[-107.85924277445807,48.14847811944793],[-107.85967092762021,48.15409064505999],[-107.86500726945717,48.158439126292144],[-107.8722539524149,48.15984800350878]]]}"
000000000000000002d9,66.56363636363636,139.0,35.0,8405.431313131314,286.8575757575757,-102.42020202020201,389.2777777777777,152.55050505050505,22.907070707070705,174.51414141414142,-42.120202020202015,439.3565656565656,57.68888888888888,25.62828282828282,23.87575757575757,140.5848484848485,80.56969696969696,127.45252525252525,107.55555555555554,0,730,Aedes sticticus,2007.0,"{""type"":""Polygon"",""coordinates"":[[[-115.05174999924391,48.8902487560632],[-115.05986951982806,48.88849369221031],[-115.06482123012091,48.883913265732836],[-115.06467445194211,48.87829430477845],[-115.05948791470452,48.87382818732645],[-115.05128475895363,48.87225622762892],[-115.0432629617851,48.874191227474334],[-115.03854989025248,48.87887885289643],[-115.03898422415259,48.88449137974517],[-115.04439805244654,48.88883987291984],[-115.05174999924391,48.8902487560632]]]}"
00000000000000000308,66.12320328542094,125.0,34.07494866529774,7921.447638603694,270.8634496919918,-87.65811088295686,358.5215605749486,144.7515400410677,20.8788501026694,169.5379876796714,-35.23100616016426,488.4168377823407,65.21047227926077,29.391170431211496,25.10985626283367,157.83162217659137,94.81108829568787,139.4517453798768,115.94763860369608,0,777,Aedes sticticus,2007.0,"{""type"":""Polygon"",""coordinates"":[[[-114.23004915262015,48.08514914266143],[-114.2380407916738,48.083394086765125],[-114.24291454598796,48.07881367295159],[-114.24277011907435,48.07319471153677],[-114.2376652591284,48.068728581151],[-114.229591235662,48.06715661425328],[-114.2216957183572,48.069091622765804],[-114.21705687412188,48.073779260523864],[-114.2174844089676,48.07939178601144],[-114.22281299955165,48.0837402660414],[-114.23004915262015,48.08514914266143]]]}"
000000000000000002c6,59.0,158.0,33.0,10678.515672396361,297.0,-169.30535894843274,466.30535894843285,169.0,-58.98988877654197,192.0,-84.06471183013146,302.23862487360975,54.0,9.0,60.8119312436805,147.02022244691608,33.18806875631951,127.0202224469161,34.0,0,711,Aedes sticticus,2009.0,"{""type"":""Polygon"",""coordinates"":[[[-108.68565195287712,48.500148759503546],[-108.69370880435247,48.498393699537466],[-108.69862231193174,48.49381327924634],[-108.69847668610059,48.488194318067016],[-108.69333017528368,48.483728194296845],[-108.68519030141948,48.482156231082016],[-108.6772303883014,48.48409123516132],[-108.67255369229227,48.48877886660956],[-108.67298469437638,48.49439139279338],[-108.67835675149252,48.498739879546854],[-108.68565195287712,48.500148759503546]]]}"
0000000000000000030b,55.89613034623217,135.95824847250506,35.0,8196.176171079427,270.34725050916495,-109.58452138492872,379.93177189409363,140.16802443991855,10.905295315682281,161.7169042769857,-50.075356415478616,530.4969450101833,67.98065173116089,31.007128309572302,24.0,160.96130346232175,107.0346232179226,143.5366598778004,146.4470468431772,0,780,Aedes sticticus,2010.0,"{""type"":""Polygon"",""coordinates"":[[[-114.33795047991143,48.41714705249469],[-114.34599416980215,48.4153919933479],[-114.35089965413864,48.410811574360764],[-114.35075427029666,48.405192613134034],[-114.34561616571864,48.400726488032085],[-114.33748958217247,48.39915452407587],[-114.32954266580056,48.401089529047624],[-114.32487360927529,48.40577716176607],[-114.32530391159625,48.41138968780973],[-114.3306671960331,48.415738173209704],[-114.33795047991143,48.41714705249469]]]}"
000000000000000002ec,72.80340063761955,149.9628055260361,36.0,8672.808714133902,298.12752391073326,-113.0,411.1275239107332,160.35706695005314,-37.15515409139213,185.93411264612112,-37.15515409139213,303.93623804463334,55.0,8.0,59.896918172157285,139.7991498405951,26.06588735387885,114.7991498405951,26.06588735387885,0,749,Aedes sticticus,2011.0,"{""type"":""Polygon"",""coordinates"":[[[-111.5657496504894,45.910548118220106],[-111.57342251725181,45.908793082628364],[-111.5781019467656,45.904212701132685],[-111.57796337763057,45.89859373854343],[-111.57306211677998,45.89412757515121],[-111.5653099888576,45.89255558987862],[-111.55772925649731,45.89449062050955],[-111.55327544006005,45.89917828974844],[-111.55368602336371,45.90479081176178],[-111.55880213814444,45.90913925824714],[-111.5657496504894,45.910548118220106]]]}"
0000000000000000018d,22.05496453900709,127.13031914893617,32.0,8701.590425531915,214.8040780141844,-173.89716312056737,388.70124113475174,128.8962765957447,-26.765070921985814,128.8962765957447,-93.58156028368793,494.9618794326241,73.75088652482269,22.22251773049646,44.34042553191489,210.5132978723404,70.95567375886525,210.5132978723404,86.24113475177306,0,398,Aedes sticticus,2012.0,"{""type"":""Polygon"",""coordinates"":[[[-117.90695253567478,53.20624833850189],[-117.9158659745303,53.204493227118654],[-117.92130163871006,53.19991272499255],[-117.9211402453803,53.194293766791276],[-117.915446641118,53.189827726599624],[-117.90644183232067,53.18825580991157],[-117.89763608880119,53.190190757985015],[-117.89246219834523,53.19487830971726],[-117.89293872343626,53.20049084469442],[-117.89888171385303,53.20483941638988],[-117.90695253567478,53.20624833850189]]]}"
00000000000000000290,-0.5301953818827706,117.93072824156305,32.06483126110125,8249.367673179397,184.12699822380102,-175.0133214920071,359.1403197158081,102.31971580817051,-50.425399644760205,102.31971580817051,-108.26731793960923,543.5541740674956,82.5355239786856,24.379218472468914,43.550621669627,229.41207815275308,82.03463587921847,229.41207815275308,94.79840142095915,0,657,Aedes sticticus,2012.0,"{""type"":""Polygon"",""coordinates"":[[[-117.76584428283849,53.131549477654566],[-117.77474221987501,53.12979436717367],[-117.78016843476615,53.1252138664837],[-117.78000732711418,53.11959490823011],[-117.77432362361785,53.11512886657174],[-117.7653344671509,53.1135569490672],[-117.75654403025656,53.11549189812347],[-117.75137913759409,53.12017945125467],[-117.75185483919519,53.12579198607756],[-117.75778749757384,53.13014055628235],[-117.76584428283849,53.131549477654566]]]}"
000000000000000002bd,1.1767317939609234,118.202486678508,32.050621669627,8287.598579040852,186.53641207815272,-174.59946714031972,361.13587921847244,104.19715808170514,-48.55683836589698,104.19715808170514,-107.22735346358792,538.9582593250444,81.74067495559504,24.135879218472468,43.61989342806394,227.51420959147424,80.8854351687389,227.51420959147424,93.75932504440495,0,702,Aedes sticticus,2012.0,"{""type"":""Polygon"",""coordinates"":[[[-117.78244997516151,53.131549477654566],[-117.79134791219803,53.12979436717367],[-117.79677412708918,53.1252138664837],[-117.7966130194372,53.11959490823011],[-117.79092931594087,53.11512886657174],[-117.78194015947392,53.1135569490672],[-117.77314972257959,53.11549189812347],[-117.76798482991711,53.12017945125467],[-117.76846053151822,53.12579198607756],[-117.77439318989687,53.13014055628235],[-117.78244997516151,53.131549477654566]]]}"
0000000000000000031b,18.58942731277533,123.02290748898682,28.0,11018.096916299563,229.5674008810573,-203.0,432.5674008810574,150.58502202643177,-45.886343612334805,150.58502202643177,-130.0,448.193832599119,86.66872246696036,15.004405286343614,67.66431718061675,234.6687224669604,52.00440528634362,234.6687224669604,58.0,0,796,Aedes sticticus,2012.0,"{""type"":""Polygon"",""coordinates"":[[[-112.84394650835858,53.571448714779116],[-112.85293674072217,53.569693598938606],[-112.85841921499758,53.56511308971857],[-112.85825640628154,53.55949413177569],[-112.8525137552707,53.555028098829105],[-112.84343140766752,53.55345618617416],[-112.83454983789122,53.55539112939281],[-112.8293313738338,53.56007867421479],[-112.8298119781661,53.565691209953954],[-112.83580615169322,53.57003978901271],[-112.84394650835858,53.571448714779116]]]}"
000000000000000001de,101.63113772455088,118.63113772455091,27.815568862275452,10592.759281437127,305.9425149700599,-115.18443113772456,421.1269461077844,211.44670658682634,-41.3688622754491,233.44670658682634,-41.3688622754491,775.8670658682635,109.0,18.0,51.13532934131737,311.5233532934132,62.18443113772455,296.2562874251497,62.18443113772455,0,479,Aedes sticticus,2014.0,"{""type"":""Polygon"",""coordinates"":[[[-95.86215130697325,41.2874502462306],[-95.8692561715229,41.285695248983075],[-95.87358933608759,41.281114928520054],[-95.87346119422224,41.275495963715144],[-95.86892271767172,41.27102973798977],[-95.86174417455804,41.26945771801501],[-95.85472435599615,41.271392790417984],[-95.85060023087406,41.276080519108525],[-95.85098059825604,41.28169303455846],[-95.85571810674715,41.286041417694754],[-95.86215130697325,41.2874502462306]]]}"
00000000000000000113,127.88374999999999,117.32624999999999,33.0,8465.84625,306.6075000000001,-46.02625000000001,352.63375,234.89125,16.6775,234.89125,16.6775,1074.9987500000002,106.99250000000002,71.67375000000001,11.950000000000003,302.9775,233.78250000000006,302.9775,233.78250000000006,0,276,Aedes sticticus,2015.0,"{""type"":""Polygon"",""coordinates"":[[[-76.78044948289285,39.04644874800242],[-76.78732357976172,39.044693767420746],[-76.79151606138977,39.04011347348562],[-76.79139215282599,39.034494507718584],[-76.78700106890574,39.03002825490006],[-76.78005556675677,39.02845621984157],[-76.77326364087887,39.03039131040126],[-76.76927346283499,39.035079064932354],[-76.76964155085447,39.0406915775286],[-76.77422523705123,39.045039933130326],[-76.78044948289285,39.04644874800242]]]}"
000000000000000001db,91.94471744471747,118.0,27.0,10861.753071253072,298.0,-129.0552825552826,427.0552825552826,203.71744471744472,-57.71744471744472,224.40663390663394,-57.71744471744472,835.7076167076167,123.0,21.0,47.0,327.0,75.51474201474203,325.0,75.51474201474203,0,476,Aedes sticticus,2015.0,"{""type"":""Polygon"",""coordinates"":[[[-93.57964895524064,41.70244986307271],[-93.58679948449742,41.70069486261402],[-93.5911604874936,41.69611453703968],[-93.59103150775421,41.69049557242021],[-93.5864638649419,41.686029351915074],[-93.57923920758431,41.68445733484658],[-93.5721742935111,41.6863924037512],[-93.56802366272404,41.69108012746284],[-93.56840645977665,41.69669264346255],[-93.57317440675376,41.70104103190413],[-93.57964895524064,41.70244986307271]]]}"
00000000000000000279,93.94265232974908,117.44802867383511,27.0,10761.461170848266,299.67622461170845,-124.73596176821984,424.41218637992824,205.1816009557945,-53.64396654719235,225.67622461170845,-53.64396654719235,843.7514934289127,121.26403823178016,23.0,45.0,324.81600955794505,81.55436081242532,322.22939068100357,81.55436081242532,0,634,Aedes sticticus,2015.0,"{""type"":""Polygon"",""coordinates"":[[[-93.56304772201867,41.627751002225374],[-93.57018996078551,41.62599600234773],[-93.57454590968052,41.62141567769827],[-93.5744170820632,41.61579671304524],[-93.5698547344243,41.611330491595524],[-93.56263844916242,41.60975847400116],[-93.55558172223311,41.611693543538784],[-93.55143590358534,41.61638126815133],[-93.5518182595331,41.621993784051575],[-93.55658068036517,41.62634217153318],[-93.56304772201867,41.627751002225374]]]}"
00000000000000000311,-51.49345279117851,126.18401102687805,25.0,13379.036526533428,189.56237077877333,-307.0503101309443,496.61268090971754,111.21157822191594,-117.25361819434876,111.21157822191594,-227.72294968986915,470.48242591316347,85.0344589937974,20.672639558924885,49.89937973811167,210.20675396278432,62.136457615437656,210.20675396278432,73.30530668504481,0,786,Aedes sticticus,2016.0,"{""type"":""Polygon"",""coordinates"":[[[-140.15095072663578,61.86314712366172],[-140.16227118990028,61.86139187973972],[-140.16917394859,61.856811166686704],[-140.16896803946625,61.851192216185865],[-140.16173714718622,61.84672639141435],[-140.15030220858537,61.84515459463637],[-140.1391199984142,61.84708939836929],[-140.13254899974993,61.85177674463326],[-140.13315322507805,61.85738930225058],[-140.14070039142624,61.86173809288481],[-140.15095072663578,61.86314712366172]]]}"
00000000000000000300,92.16565164433618,118.0,27.0,10849.779537149814,299.0,-128.09622411693056,427.0962241169306,204.83434835566382,-56.21924482338611,225.01827040194885,-56.21924482338611,832.9853836784406,123.0,21.0,47.0,326.0535931790499,75.20097442143727,324.05359317905,75.20097442143727,0,769,Aedes sticticus,2017.0,"{""type"":""Polygon"",""coordinates"":[[[-93.61284696258356,41.67754578368922],[-93.61999472436068,41.67579078342439],[-93.62435404022854,41.67121045815863],[-93.62422511126982,41.66559149352796],[-93.61965923605922,41.66112527270767],[-93.61243737342198,41.65955325546371],[-93.6053751923297,41.66148832457954],[-93.60122616790096,41.666176048591765],[-93.60160881770697,41.6717885645583],[-93.60637491998098,41.676136952679585],[-93.61284696258356,41.67754578368922]]]}"
0000000000000000018f,100.75127551020408,127.90306122448979,36.97066326530612,7684.991071428572,269.3584183673469,-70.4030612244898,339.7614795918368,179.04719387755105,-2.371173469387755,196.5127551020408,-2.371173469387755,1005.2767857142859,103.92219387755104,69.01020408163265,12.436224489795919,290.7130102040816,210.9119897959184,279.6823979591837,210.9119897959184,0,400,Aedes sticticus,2018.0,"{""type"":""Polygon"",""coordinates"":[[[-80.57354812119816,37.43624952119889],[-80.58027163795167,37.43449455195061],[-80.58437232085069,37.42991427605563],[-80.58425117393344,37.42429530963464],[-80.57995626655858,37.419829038391526],[-80.57316282899426,37.418256993075246],[-80.56651960828803,37.42019209598251],[-80.56261683320447,37.424879868086336],[-80.56297690802066,37.43049237874162],[-80.56746022187532,37.43484071561863],[-80.57354812119816,37.43624952119889]]]}"
0000000000000000019f,171.6755244755245,127.0,39.0,7141.130069930069,326.93566433566434,6.248951048951048,320.68671328671326,92.59160839160839,223.9356643356643,261.0,77.18461538461538,1423.2377622377621,156.0,80.22377622377621,18.0,437.0643356643356,272.55384615384617,329.39440559440555,412.72167832167827,0,416,Aedes sticticus,2019.0,"{""type"":""Polygon"",""coordinates"":[[[-87.42935356345644,32.912750130339155],[-87.43571294545566,32.91099519051877],[-87.4395916388508,32.90641496146735],[-87.4394771694091,32.90079599334949],[-87.43541483758307,32.896329674264564],[-87.42898912583632,32.89475760231215],[-87.42270550709551,32.89669273728203],[-87.41901409102783,32.90138055501551],[-87.41935478739802,32.906993060629645],[-87.4235953789956,32.91134134888576],[-87.42935356345644,32.912750130339155]]]}"
00000000000000000209,137.7589880159787,131.67243675099866,37.73768308921438,7899.651131824234,307.4474034620506,-37.719041278295606,345.16644474034615,48.59254327563248,195.82423435419437,236.08655126498005,31.59254327563249,1365.7882822902793,145.4074567243675,81.63914780292941,15.360852197070573,377.9440745672436,271.0093209054594,334.9067909454061,366.3049267643142,0,522,Aedes sticticus,2019.0,"{""type"":""Polygon"",""coordinates"":[[[-84.39984922594742,35.958846782868044],[-84.40644475947632,35.95709182359726],[-84.4104674192635,35.95251156358439],[-84.41034861931155,35.94689259658789],[-84.40613545575927,35.94242630912422],[-84.39947126354696,35.94085425477717],[-84.39295443288674,35.94278936855501],[-84.38912594460864,35.947477156129395],[-84.3894792084605,35.953089665075694],[-84.39387721221637,35.95743798546797],[-84.39984922594742,35.958846782868044]]]}"
00000000000000000294,95.0,112.0,29.0,9552.887515451175,289.0,-90.21260815822004,379.21260815822006,213.42398022249697,-19.05067985166873,213.42398022249697,-33.21260815822003,849.5982694684798,92.3016069221261,44.2707045735476,20.988875154511746,263.3016069221261,156.28182941903586,263.3016069221261,159.28182941903586,0,661,Aedes sticticus,2019.0,"{""type"":""Polygon"",""coordinates"":[[[-83.84375027447113,41.553047682277],[-83.85088425356992,41.551292682979096],[-83.85523516715179,41.54671235925241],[-83.85510649108882,41.541093394565905],[-83.8505494189378,41.53662717217374],[-83.84334147465,41.535055154054675],[-83.8362929044304,41.53699022422389],[-83.83215188003179,41.54167794973532],[-83.83253379651234,41.5472904655363],[-83.83729071174248,41.551638852060115],[-83.84375027447113,41.553047682277]]]}"
000000000000000002dc,97.0,112.83373493975907,30.83373493975904,8720.228915662652,283.0,-81.0,364.0,8.0,184.79156626506028,208.16626506024102,-18.0,1152.0144578313254,116.0,82.0,9.484337349397592,323.0,255.0,260.6819277108434,302.0,0,733,Aedes sticticus,2019.0,"{""type"":""Polygon"",""coordinates"":[[[-71.1613445041004,42.19214834076212],[-71.1685501680975,42.190393336460524],[-71.17294478263699,42.18581300476931],[-71.17281479117398,42.180194040371795],[-71.16821193356839,42.17572782611386],[-71.16093159885868,42.174155812523374],[-71.15381223742368,42.17609087724143],[-71.14962960418381,42.18077859499465],[-71.15001533468222,42.186391111652284],[-71.1548200324691,42.19073950644288],[-71.1613445041004,42.19214834076212]]]}"
00000000000000000124,97.0,112.86966824644549,30.8696682464455,8728.099526066351,283.0,-81.0,364.0,8.0,184.9952606635071,208.21563981042655,-18.0,1151.4336492890995,116.0,82.0,9.957345971563981,323.0,255.0,260.1729857819905,302.0,0,293,Aedes sticticus,2020.0,"{""type"":""Polygon"",""coordinates"":[[[-71.1613445041004,42.20044672782259],[-71.16855111428114,42.198691723455354],[-71.17294630563757,42.19411139165968],[-71.17281629681118,42.18849242726595],[-71.16821283487428,42.18402621311472],[-71.16093154467052,42.182454199583624],[-71.15381124884958,42.18438926423018],[-71.14962806640617,42.18907698188165],[-71.1500138472454,42.19468949855051],[-71.15481917572316,42.199037893449535],[-71.1613445041004,42.20044672782259]]]}"
00000000000000000146,95.63960639606397,112.17466174661749,29.0,9569.141451414514,289.2140221402214,-90.17466174661747,379.38868388683886,194.0,-19.0,214.0,-33.0,850.3776137761378,92.0,44.0,21.0,263.9975399753998,156.69003690036902,263.0,158.69003690036902,0,327,Aedes sticticus,2020.0,"{""type"":""Polygon"",""coordinates"":[[[-83.8520486615316,41.48664720849014],[-83.85917532515671,41.48489220970641],[-83.8635217790299,41.48031188679816],[-83.8633932371947,41.47469292208196],[-83.85884083747075,41.470226698853914],[-83.85164028067133,41.4686546802695],[-83.84459893473947,41.470589750998876],[-83.84046215654115,41.475277477307536],[-83.84084368378971,41.48088999302049],[-83.84559572278313,41.4852383786948],[-83.8520486615316,41.48664720849014]]]}"
00000000000000000153,96.31666666666669,104.0,26.300000000000008,9912.565476190479,288.3809523809524,-97.67857142857144,386.05952380952397,219.18452380952385,-36.68571428571429,219.18452380952385,-36.68571428571429,919.9535714285714,103.0,36.0,28.25357142857143,300.9535714285714,142.0,300.9535714285714,142.0,0,340,Aedes sticticus,2020.0,"{""type"":""Polygon"",""coordinates"":[[[-87.86924834147995,41.90165128443329],[-87.87642113334904,41.89989628241849],[-87.88079570821131,41.89531595436723],[-87.88066631996456,41.88969698983763],[-87.87608445792392,41.88523077186218],[-87.86883731883495,41.88365875620205],[-87.86175041968387,41.885593823411384],[-87.85758686676735,41.89028154471028],[-87.85797084831574,41.895894060976396],[-87.86275363474834,41.90024245198891],[-87.86924834147995,41.90165128443329]]]}"
00000000000000000159,98.88048780487807,107.0,27.418292682926833,9779.350000000002,296.46219512195125,-86.0,382.4621951219513,221.2658536585366,-18.0,221.2658536585366,-31.0,839.0,92.0,45.0,20.0,258.0,156.0,258.0,161.0,0,346,Aedes sticticus,2020.0,"{""type"":""Polygon"",""coordinates"":[[[-83.5283491387588,41.719046637193635],[-83.53550151428216,41.71729163660565],[-83.53986364281086,41.71271131082554],[-83.53973462919404,41.707092346213535],[-83.535165807163,41.70262612591856],[-83.52793928536597,41.70105410896707],[-83.5208725480415,41.702989177730856],[-83.51672084560586,41.70767690124204],[-83.51710374089086,41.71328941726389],[-83.52187291852321,41.71763780591906],[-83.5283491387588,41.719046637193635]]]}"
0000000000000000021a,94.78896882494006,112.0,29.0,9554.513189448442,288.6786570743405,-90.0,378.67865707434055,213.59712230215828,-19.0,213.59712230215828,-33.0,848.639088729017,92.07314148681056,45.0,20.223021582733814,262.0731414868105,157.1714628297362,262.0731414868105,160.47122302158272,0,539,Aedes sticticus,2020.0,"{""type"":""Polygon"",""coordinates"":[[[-83.8520486615316,41.58625014872095],[-83.85918630784589,41.58449514916554],[-83.86353945706,41.579914825028986],[-83.86341071370857,41.57429586035735],[-83.85885129929012,41.5698296383838],[-83.85163965168726,41.56825762049779],[-83.84458745996429,41.57019269038648],[-83.84044430696379,41.57488041549863],[-83.84082641856396,41.58049293134371],[-83.84558577823016,41.58484131829296],[-83.8520486615316,41.58625014872095]]]}"
0000000000000000023b,95.0,111.0,29.0,9604.263285024155,290.34541062801935,-89.0,379.34541062801935,215.0,-19.0,215.0,-33.0,843.1147342995168,92.0,45.0,20.0,259.11473429951695,156.0,259.11473429951695,160.0,0,572,Aedes sticticus,2020.0,"{""type"":""Polygon"",""coordinates"":[[[-83.75245018040184,41.685848629850724],[-83.75959886444922,41.684093629521286],[-83.76395874255726,41.67951330415267],[-83.76382979667578,41.67389433952573],[-83.75926333240702,41.669428118810494],[-83.75204053842144,41.66785610162502],[-83.74497744655567,41.66979117067044],[-83.74082788680357,41.674478894582485],[-83.74121058567995,41.68009141056007],[-83.74597730270638,41.68443979878811],[-83.75245018040184,41.685848629850724]]]}"
0000000000000000029b,75.29558998808106,125.28486293206198,31.048867699642432,9269.101311084623,271.68176400476756,-121.24433849821217,392.9261025029798,169.42669845053635,-36.345649582836714,191.33373063170444,-49.554231227651975,1141.7127532777117,103.181168057211,80.5709177592372,7.0,303.04648390941594,257.06793802145415,302.39809296781885,263.1060786650775,0,668,Aedes sticticus,2020.0,"{""type"":""Polygon"",""coordinates"":[[[-72.24865170497264,42.4411490026876],[-72.25588593483084,42.43939399640907],[-72.26029796381415,42.43481366157115],[-72.26016744812696,42.429194697287826],[-72.25554634539458,42.424728486243666],[-72.24823716375855,42.423156474442365],[-72.24108959266349,42.42509153700671],[-72.23689037863545,42.42977925169475],[-72.23727762893932,42.435391768690806],[-72.24210136765889,42.43974016674754],[-72.24865170497264,42.4411490026876]]]}"
000000000000000002db,98.0,108.69675090252709,28.0,9730.98315282792,295.6089049338147,-87.0,382.60890493381464,220.0,-18.0,220.0,-31.097472924187727,841.6173285198555,93.0,46.0,20.0,259.6173285198556,157.0,259.6173285198556,162.0,0,732,Aedes sticticus,2020.0,"{""type"":""Polygon"",""coordinates"":[[[-83.58644676638416,41.6443477763463],[-83.59359084444155,41.642592776339676],[-83.59794791461671,41.63801245148491],[-83.59781905325046,41.63239348683932],[-83.59325553084832,41.62792726559929],[-83.58603738819089,41.62635524812166],[-83.57897884489863,41.62829031751877],[-83.57483195865142,41.63297804193133],[-83.57521441246091,41.63859055785365],[-83.57997805929861,41.64293894554836],[-83.58644676638416,41.6443477763463]]]}"
000000000000000001fd,175.0,132.0,40.0,7060.245786516855,331.01825842696627,7.161516853932585,323.85674157303373,97.0,227.70926966292137,262.01825842696627,80.99297752808988,1387.4087078651687,160.6432584269663,79.83848314606743,21.0,432.62500000000006,263.82022471910113,312.0,405.9634831460675,0,510,Aedes sticticus,2021.0,"{""type"":""Polygon"",""coordinates"":[[[-87.81115071385459,32.54754975406194],[-87.81748409803151,32.545794816481845],[-87.82134694226126,32.541214590996596],[-87.82123294960465,32.535595622749625],[-87.81718722276942,32.53112930002253],[-87.8107877651675,32.52955722604229],[-87.80452982056363,32.53149236345311],[-87.80085349471477,32.53618018466034],[-87.80119280757943,32.54179268989062],[-87.80541606976934,32.54614097444527],[-87.81115071385459,32.54754975406194]]]}"
000000000000000002b5,32.30680628272251,118.0,25.0,11938.832460732983,256.0575916230366,-214.7225130890052,470.7801047120418,176.8094240837696,-132.6931937172775,176.8094240837696,-132.6931937172775,701.8732984293192,102.0,18.0,50.0,287.69319371727744,70.0,287.69319371727744,70.0,0,694,Aedes sticticus,2025.0,"{""type"":""Polygon"",""coordinates"":[[[-91.75364707385455,47.96064658214817],[-91.76161943533245,47.95889152746004],[-91.76648143807196,47.95431111556945],[-91.76633736553488,47.94869215408473],[-91.76124481809678,47.944226021735034],[-91.75319026086333,47.94265405374398],[-91.74531377979504,47.94458906357258],[-91.740686125002,47.94927670320381],[-91.74111263485042,47.95488922848467],[-91.74642837617677,47.95923770651869],[-91.75364707385455,47.96064658214817]]]}"
0000000000000000013e,204.25541125541122,123.9191919191919,46.0,5280.326118326118,327.28138528138527,61.281385281385276,266.0,267.2554112554112,174.25541125541122,267.2554112554112,132.8701298701299,1312.5194805194806,188.7186147186147,57.70274170274171,41.0,526.5670995670995,200.8816738816739,526.5670995670995,249.29870129870127,0,319,Aedes triseriatus,2021.48484848485,"{""type"":""Polygon"",""coordinates"":[[[-81.94304507313667,29.692347217631053],[-81.94919071774783,29.690592296970365],[-81.952939110059,29.686012098418274],[-81.95282856112256,29.680393129196535],[-81.94890274468659,29.67592677896232],[-81.94269287649537,29.674354689666977],[-81.93662033292652,29.676289845512958],[-81.93305297888895,29.680977692955285],[-81.93338230168706,29.686590195286254],[-81.93748042254056,29.690938451885987],[-81.94304507313667,29.692347217631053]]]}"
000000000000000001a2,113.90763052208837,136.27576974564926,40.71352074966533,7194.751004016065,274.7697456492637,-57.070950468540836,331.84069611780455,31.927710843373493,121.13654618473895,202.954484605087,17.143239625167336,1479.5247657295847,153.39491298527446,89.9946452476573,11.981258366800537,410.1927710843373,312.06961178045515,377.88353413654613,383.9825970548863,0,419,Aedes triseriatus,2021.5999755859375,"{""type"":""Polygon"",""coordinates"":[[[-83.51174790553682,35.66005133947874],[-83.51831867178088,35.65829638218021],[-83.52232623254116,35.653716125306765],[-83.5222078867593,35.64809715819653],[-83.51801054225687,35.643630867526525],[-83.51137136159974,35.64205881139434],[-83.50487898993516,35.643993927321006],[-83.50106487762412,35.648681717953465],[-83.50141682340482,35.65429422656193],[-83.50579831795893,35.658642543695656],[-83.51174790553682,35.66005133947874]]]}"
0000000000000000022e,105.52926525529264,121.21170610211706,33.447073474470734,8360.694894146949,281.75466998754666,-74.86550435865503,356.6201743462017,190.67247820672475,-6.327521793275219,210.11083437110827,-6.327521793275219,1044.9775840597756,105.42465753424655,66.01369863013697,15.0,302.6600249066002,203.41469489414692,295.5305105853051,203.41469489414692,0,559,Aedes triseriatus,2021.5999755859375,"{""type"":""Polygon"",""coordinates"":[[[-78.15824928099288,38.87215140602532],[-78.16510649051389,38.870396426694995],[-78.16928867706189,38.86581613475171],[-78.16916507823458,38.860197168912464],[-78.16478478037286,38.85573091405964],[-78.15785633201638,38.85415887786857],[-78.15108108317969,38.85609396979157],[-78.14710070725299,38.86078172626292],[-78.1474678966259,38.86639423864487],[-78.15204032622209,38.87074259217916],[-78.15824928099288,38.87215140602532]]]}"
0000000000000000024d,122.28437917222965,139.21762349799735,41.0,7286.622162883846,285.91321762349804,-50.586114819759686,336.4993324432577,58.3150867823765,129.935914552737,213.05073431241655,24.48464619492657,1380.3724966622165,142.18691588785046,80.68891855807745,13.178905206942591,380.68491321762355,284.40587449933247,361.2136181575434,354.9692923898532,0,590,Aedes triseriatus,2021.77777777778,"{""type"":""Polygon"",""coordinates"":[[[-83.50344951847636,35.7015477338821],[-83.51002370256495,35.699792776310545],[-83.51403334696622,35.695212519002524],[-83.51391493850977,35.68959355190803],[-83.50971541100446,35.68512726168188],[-83.50307277879365,35.683555205796814],[-83.49657703182773,35.685490321426],[-83.49276093565688,35.69017811163515],[-83.49311306332936,35.695790620290374],[-83.49749683612626,35.70013893787519],[-83.50344951847636,35.7015477338821]]]}"
00000000000000000293,115.98898408812727,94.43084455324359,27.0,8758.744186046511,291.54100367197066,-50.460220318237454,342.001223990208,102.3451652386781,1.707466340269278,227.60954712362303,1.707466340269278,1156.6266829865363,107.29253365973075,79.29253365973072,9.0,310.390452876377,260.13219094247245,297.5985312117503,260.13219094247245,0,660,Aedes triseriatus,2022.66666666667,"{""type"":""Polygon"",""coordinates"":[[[-73.89205339822013,40.89735024967094],[-73.8991162023312,40.89559525540488],[-73.9034237256758,40.89101493968758],[-73.90329635549506,40.88539597471051],[-73.89878474315775,40.8809297441383],[-73.89164867463373,40.87935772146514],[-73.88467039233073,40.88129279711625],[-73.88057068081307,40.88598053042955],[-73.88094881023586,40.89159304536903],[-73.88565828267697,40.895941423579494],[-73.89205339822013,40.89735024967094]]]}"
000000000000000002a2,107.50249376558605,121.67206982543641,33.58852867830424,8385.220698254365,283.72194513715715,-73.27680798004988,356.99875311720695,192.4476309226933,-5.183291770573566,212.12967581047388,-5.183291770573566,1034.8441396508729,104.90773067331672,65.49625935162095,15.0,300.7693266832918,201.44638403990027,293.31546134663347,201.44638403990027,0,675,Aedes triseriatus,2021.66666666667,"{""type"":""Polygon"",""coordinates"":[[[-78.13334520160939,38.89705102630776],[-78.14020481464264,38.89529604679905],[-78.14438846645069,38.8907157545718],[-78.14426482354015,38.88509678874286],[-78.13988299053948,38.88063053418004],[-78.1329521149807,38.87905849815042],[-78.12617449256331,38.880993589879076],[-78.12219272153838,38.885681346073824],[-78.12256003881265,38.89129385848633],[-78.12713407051844,38.89564221231535],[-78.13334520160939,38.89705102630776]]]}"
0000000000000000018a,86.07515151515152,118.0,27.0,10742.820606060604,293.0,-133.34545454545454,426.3454545454545,216.8109090909091,-62.0,216.8109090909091,-62.0,883.0,116.0,26.0,43.0,334.0,91.0,334.0,91.0,0,395,Aedes triseriatus,2019.0,"{""type"":""Polygon"",""coordinates"":[[[-91.65405305182585,42.192148340762124],[-91.66125871582297,42.190393336460524],[-91.66565333036245,42.18581300476931],[-91.66552333889943,42.1801940403718],[-91.66092048129383,42.17572782611387],[-91.65364014658415,42.174155812523374],[-91.64652078514915,42.17609087724143],[-91.64233815190927,42.18077859499466],[-91.6427238824077,42.186391111652284],[-91.64752858019456,42.19073950644288],[-91.65405305182585,42.192148340762124]]]}"
000000000000000001ab,203.0,125.0,46.0,5298.306801736614,327.0,59.0,268.0,266.43560057887123,172.9421128798842,266.43560057887123,131.7771345875543,1314.674384949349,191.39942112879885,57.222865412445735,41.0,530.3183791606369,197.79594790159192,530.3183791606369,254.7727930535456,0,428,Aedes triseriatus,2019.0,"{""type"":""Polygon"",""coordinates"":[[[-82.00945446512564,29.708948450853036],[-82.0156011254554,29.707193530096827],[-82.01935013697663,29.70261333139269],[-82.0192395694042,29.696994362176454],[-82.01531310422376,29.692528012097526],[-82.00910221031354,29.69095592288864],[-82.00302866368538,29.69289107863055],[-81.99946072008306,29.697578925924766],[-81.99979009692514,29.703191428272103],[-82.00388889482154,29.707539685029655],[-82.00945446512564,29.708948450853036]]]}"
00000000000000000140,96.42617046818728,111.0,29.0,9624.711884753902,292.0,-88.88355342136853,380.8835534213686,216.40096038415368,-18.15246098439376,216.40096038415368,-32.0,841.9231692677071,92.92316926770707,44.0,21.0,260.92316926770707,155.0,260.92316926770707,159.0,0,321,Aedes triseriatus,2020.0,"{""type"":""Polygon"",""coordinates"":[[[-83.71925217305893,41.58625014872095],[-83.72638981937321,41.58449514916554],[-83.73074296858732,41.579914825028986],[-83.73061422523591,41.574295860357346],[-83.72605481081744,41.569829638383794],[-83.71884316321459,41.56825762049778],[-83.71179097149161,41.57019269038647],[-83.70764781849113,41.57488041549863],[-83.70802993009129,41.58049293134371],[-83.71278928975748,41.58484131829295],[-83.71925217305893,41.58625014872095]]]}"
00000000000000000149,96.08062575210592,110.0,28.0,9655.867629362216,292.1227436823105,-88.91937424789411,381.04211793020465,216.9530685920578,-18.91937424789411,216.9530685920578,-32.91937424789411,842.6774969915765,92.91937424789411,45.0,20.0,260.83874849578825,155.91937424789415,260.83874849578825,160.0,0,330,Aedes triseriatus,2020.0,"{""type"":""Polygon"",""coordinates"":[[[-83.70265093983694,41.6443477763463],[-83.70979501789432,41.64259277633967],[-83.71415208806948,41.638012451484904],[-83.71402322670325,41.63239348683932],[-83.70945970430111,41.62792726559929],[-83.70224156164367,41.626355248121655],[-83.6951830183514,41.62829031751876],[-83.6910361321042,41.632978041931324],[-83.69141858591368,41.63859055785365],[-83.6961822327514,41.64293894554836],[-83.70265093983694,41.6443477763463]]]}"
0000000000000000017d,99.0,104.99638118214718,27.0,9729.94933655006,294.0,-85.20506634499397,379.20506634499395,220.99638118214713,-17.0,220.99638118214713,-30.20506634499397,840.0241254523522,92.0,44.826296743063935,20.17370325693607,259.1978287092883,154.82629674306392,259.1978287092883,158.82629674306395,0,382,Aedes triseriatus,2020.0,"{""type"":""Polygon"",""coordinates"":[[[-83.38725426322567,41.68584862985072],[-83.39440294727304,41.68409362952128],[-83.3987628253811,41.67951330415267],[-83.3986338794996,41.67389433952573],[-83.39406741523085,41.669428118810494],[-83.38684462124527,41.66785610162502],[-83.3797815293795,41.66979117067044],[-83.3756319696274,41.674478894582485],[-83.37601466850379,41.68009141056007],[-83.38078138553021,41.68443979878811],[-83.38725426322567,41.68584862985072]]]}"
000000000000000001fe,96.58574879227051,109.91304347826085,28.0,9680.324879227053,293.0,-88.10748792270532,381.1074879227053,217.52536231884054,-19.0,217.52536231884054,-32.58212560386473,840.9492753623186,92.02657004830917,45.0,20.0,259.0265700483091,155.37801932367148,259.0265700483091,160.0,0,511,Aedes triseriatus,2020.0,"{""type"":""Polygon"",""coordinates"":[[[-83.66944847339299,41.685848629850724],[-83.67659715744034,41.684093629521286],[-83.68095703554842,41.67951330415268],[-83.68082808966693,41.67389433952574],[-83.67626162539817,41.669428118810494],[-83.66903883141259,41.66785610162502],[-83.66197573954682,41.66979117067044],[-83.65782617979472,41.674478894582485],[-83.6582088786711,41.68009141056007],[-83.66297559569753,41.68443979878812],[-83.66944847339299,41.685848629850724]]]}"
00000000000000000246,99.0,107.13636363636364,27.13636363636364,9791.207616707617,296.8808353808354,-86.0,382.88083538083544,221.86363636363637,-18.0,221.86363636363637,-31.0,838.9705159705161,92.12653562653563,45.0,20.0,257.9705159705159,156.0,257.9705159705159,161.0,0,583,Aedes triseriatus,2020.0,"{""type"":""Polygon"",""coordinates"":[[[-83.54495037198079,41.7024498630727],[-83.55210090123757,41.70069486261401],[-83.55646190423376,41.69611453703967],[-83.55633292449436,41.690495572420204],[-83.55176528168205,41.68602935191507],[-83.54454062432444,41.68445733484657],[-83.53747571025124,41.686392403751185],[-83.53332507946419,41.69108012746283],[-83.53370787651681,41.69669264346254],[-83.5384758234939,41.701041031904126],[-83.54495037198079,41.7024498630727]]]}"
00000000000000000323,96.0,110.0,28.0,9639.12062726176,291.83835946924006,-88.7623642943305,380.60072376357056,216.1230398069964,-19.0,216.1230398069964,-33.0,843.1326899879373,92.25814234016887,45.0,20.0,259.2581423401689,156.0,259.2581423401689,160.0,0,804,Aedes triseriatus,2020.0,"{""type"":""Polygon"",""coordinates"":[[[-83.70265093983694,41.685848629850724],[-83.70979962388431,41.68409362952128],[-83.71415950199237,41.67951330415268],[-83.71403055611088,41.67389433952573],[-83.70946409184212,41.669428118810494],[-83.70224129785655,41.66785610162502],[-83.69517820599077,41.66979117067044],[-83.69102864623868,41.674478894582485],[-83.69141134511506,41.68009141056007],[-83.69617806214148,41.68443979878812],[-83.70265093983694,41.685848629850724]]]}"
0000000000000000011e,100.02078239608801,125.7689486552567,33.78117359413203,8703.356968215157,286.020782396088,-81.74205378973105,367.7628361858191,188.020782396088,-16.966992665036674,208.03300733496332,-16.966992665036674,1017.746943765281,103.98533007334964,63.231051344743264,16.0,304.2017114914425,205.21026894865523,299.66992665036673,205.21026894865523,0,287,Aedes triseriatus,2021.0,"{""type"":""Polygon"",""coordinates"":[[[-79.7352505004535,40.31634721881115],[-79.74225217313392,40.314592228921065],[-79.74652242897129,40.3100119201692],[-79.74639618027923,40.30439295493947],[-79.74192361291708,40.299926717253406],[-79.73484927791375,40.29835469061973],[-79.72793136533471,40.30028977103824],[-79.72386713701502,40.30497751113651],[-79.72424201364873,40.310590025326704],[-79.72891073789987,40.31493839630741],[-79.7352505004535,40.31634721881115]]]}"
0000000000000000022d,145.13959731543625,131.4040268456376,38.0,7736.7516778523495,314.05637583892616,-27.767785234899332,341.82416107382556,58.587919463087246,201.73154362416108,242.30604026845637,42.23221476510067,1411.6711409395973,155.63892617449667,88.59731543624163,15.0,411.34093959731547,293.86845637583895,320.089932885906,389.571812080537,0,558,Aedes triseriatus,2021.0,"{""type"":""Polygon"",""coordinates"":[[[-84.93105301624233,35.11224631596186],[-84.93757931283056,35.110491362241206],[-84.94155976328771,35.10591111106308],[-84.94144223296479,35.10029214374653],[-84.93727329156464,35.095825847259846],[-84.93067901915639,35.09425378788921],[-84.92423056361973,35.09618890771408],[-84.92044226335545,35.10087670389428],[-84.92079184253602,35.10648921188982],[-84.92514369481859,35.11083752311215],[-84.93105301624233,35.11224631596186]]]}"
000000000000000002fb,97.06122448979592,106.65066026410564,29.624249699879947,8721.19087635054,277.6290516206482,-75.84393757503,353.4729891956782,83.64945978391357,-7.58703481392557,207.55702280912365,-17.92797118847539,1225.030012004802,113.62665066026409,89.00480192076832,7.002400960384153,328.40936374549824,288.48859543817525,293.3841536614646,290.310924369748,0,764,Aedes triseriatus,2021.0,"{""type"":""Polygon"",""coordinates"":[[[-72.88774790435673,41.436847967925246],[-72.89486909760831,41.43509296952646],[-72.89921221659436,41.43051264723092],[-72.89908377513107,41.42489368249249],[-72.89453486936041,41.420427458638684],[-72.8873398367876,41.41885543970588],[-72.88030389304389,41.420790510854616],[-72.87617029007431,41.42547823776012],[-72.8765515262614,41.43109075340717],[-72.8812999188959,41.43543913844552],[-72.88774790435673,41.436847967925246]]]}"
000000000000000001da,111.2790404040404,126.14772727272727,34.142676767676775,8408.09090909091,290.96843434343435,-71.07449494949496,362.0429292929293,196.6767676767677,-1.720959595959596,216.6035353535354,-1.720959595959596,1013.2979797979797,102.57702020202021,64.21717171717171,15.0,295.39646464646466,197.65151515151513,289.42171717171715,197.65151515151513,0,475,Aedes triseriatus,2022.0,"{""type"":""Polygon"",""coordinates"":[[[-78.1416480477709,38.905349413368235],[-78.14850846249374,38.90359443380005],[-78.15269260303808,38.899014141478126],[-78.15256894542357,38.89339517565261],[-78.14818660037852,38.888928921186476],[-78.14125491522843,38.88735688521069],[-78.13447650110515,38.88929197687455],[-78.13049426474635,38.89397973297708],[-78.13086162468198,38.89959224539976],[-78.13543619077011,38.90394059932705],[-78.1416480477709,38.905349413368235]]]}"
000000000000000002b0,113.26348039215685,95.70588235294116,28.0,8510.193627450979,285.18749999999994,-50.22549019607843,335.41299019607834,97.28431372549016,2.191176470588235,221.4816176470588,2.191176470588235,1130.3627450980389,103.2941176470588,79.71568627450979,8.220588235294116,307.0465686274509,262.6004901960784,284.05882352941177,262.6004901960784,0,689,Aedes triseriatus,2022.0,"{""type"":""Polygon"",""coordinates"":[[[-73.56005102928582,40.89735024967094],[-73.56711383339689,40.89559525540488],[-73.57142135674148,40.89101493968758],[-73.57129398656075,40.88539597471051],[-73.56678237422344,40.8809297441383],[-73.5596463056994,40.87935772146514],[-73.55266802339642,40.88129279711625],[-73.54856831187875,40.88598053042955],[-73.54894644130155,40.891593045369014],[-73.55365591374266,40.89594142357949],[-73.56005102928582,40.89735024967094]]]}"
000000000000000002f3,97.0,100.0,28.0,9115.430992736077,277.0205811138014,-77.95883777239709,354.9794188861985,210.0,-15.0,210.0,-24.0,934.1937046004841,92.0,49.020581113801455,17.0,267.26271186440675,174.0411622276029,267.26271186440675,184.04116222760288,0,756,Aedes triseriatus,2022.0,"{""type"":""Polygon"",""coordinates"":[[[-81.46994782866922,41.81034673126293],[-81.47711038847336,41.80859172996258],[-81.48147872560502,41.80401140304854],[-81.48134952511334,41.79839243847768],[-81.47677419833705,41.79392621934079],[-81.46953739201844,41.79235420303404],[-81.46246059737223,41.794289271021725],[-81.45830298356397,41.79897699342836],[-81.45868642071126,41.80458950957218],[-81.4634623868194,41.80893789940431],[-81.46994782866922,41.81034673126293]]]}"
0000000000000000011c,70.0,97.76484284051223,26.0,9464.611175785798,261.70314318975556,-103.06868451688008,364.7718277066357,180.7031431897555,-46.53434225844004,188.7031431897555,-53.71245634458673,880.9464493597208,89.0,55.0,13.0,252.29685681024446,183.74970896391153,244.59371362048896,192.0,0,285,Aedes triseriatus,2023.0,"{""type"":""Polygon"",""coordinates"":[[[-80.00914632356036,43.45374842451041],[-80.01650054090338,43.45199341002707],[-80.02098571691491,43.44741306212944],[-80.02085299897307,43.44179409832011],[-80.01615525984685,43.43732790061394],[-80.0087249106727,43.43575589623823],[-80.00145884876906,43.43769094986418],[-79.9971899891468,43.44237865183082],[-79.99758362288117,43.44799117023141],[-80.00248734052818,43.45233958184351],[-80.00914632356036,43.45374842451041]]]}"
0000000000000000017a,119.95786864931847,116.47831474597274,32.0,8637.541511771995,301.1945477075589,-56.38042131350683,357.5749690210657,207.36679058240395,5.619578686493184,228.9578686493185,5.619578686493184,1119.899628252788,111.27633209417597,76.28996282527882,10.0,311.28872366790586,249.44361833952908,299.3320941759604,249.44361833952908,0,379,Aedes triseriatus,2023.0,"{""type"":""Polygon"",""coordinates"":[[[-76.68914938882355,39.50294921834893],[-76.69606841696977,39.50119423446035],[-76.7002882901493,39.4966139352614],[-76.70016355745483,39.49099496968524],[-76.69574377564449,39.48652872224268],[-76.68875289942024,39.48495669017721],[-76.68191660186612,39.486891777134126],[-76.67790034384757,39.491579526537805],[-76.67827082281585,39.49719203970034],[-76.68288445883378,39.50154040076562],[-76.68914938882355,39.50294921834893]]]}"
000000000000000002ff,63.16294642857144,84.44308035714288,28.0,7412.940848214286,214.26339285714286,-83.17633928571429,297.43973214285717,-3.1796874999999996,129.94084821428572,154.27120535714286,-33.17299107142858,1318.1250000000002,146.72879464285717,85.17633928571429,18.875,426.7321428571429,266.359375,269.1830357142857,400.73214285714295,0,768,Aedes triseriatus,2023.0,"{""type"":""Polygon"",""coordinates"":[[[-65.25174692808017,44.40825021870788],[-65.25922012251715,44.40649519623496],[-65.26377782915947,44.401914835620296],[-65.26364292697866,44.39629587227267],[-65.25886919693389,44.391829687554505],[-65.25131870143946,44.39025769040946],[-65.24393514735198,44.39219273533163],[-65.23959722864846,44.39688042491066],[-65.23999719150207,44.40249294467881],[-65.2449802141949,44.40684136949059],[-65.25174692808017,44.40825021870788]]]}"
00000000000000000275,197.3304597701149,122.8390804597701,38.0,6932.920977011494,353.2442528735632,33.33045977011495,319.9137931034483,236.0531609195402,120.33045977011491,282.7772988505747,104.95545977011496,822.4540229885058,112.00431034482757,40.28735632183908,32.0,275.1738505747127,155.95258620689657,183.4971264367816,160.82614942528733,0,630,Aedes triseriatus,2024.0,"{""type"":""Polygon"",""coordinates"":[[[-97.82095413593306,30.265047402329316],[-97.82713531627044,30.263292478355158],[-97.83090537217056,30.258712274528474],[-97.8307941712763,30.253093305497586],[-97.82684565798782,30.248626960650373],[-97.82059990413568,30.24705487435436],[-97.81449226767778,30.248990026589976],[-97.81090428724387,30.253677868894414],[-97.81123550085196,30.259290371793227],[-97.81535730861981,30.263638633867657],[-97.82095413593306,30.265047402329316]]]}"
000000000000000001c3,137.41927083333331,129.16796875,34.0,8424.614583333334,318.5872395833333,-53.0,371.58723958333326,183.640625,24.419270833333332,242.41927083333331,24.419270833333332,1138.2929687499998,134.51692708333334,53.0,23.15755208333333,363.7682291666667,195.0,295.00390624999994,195.0,0,452,Aedes triseriatus,2025.0,"{""type"":""Polygon"",""coordinates"":[[[-94.08595312525311,36.290849151802355],[-94.0925766106451,36.28909419032255],[-94.09661631088942,36.28451392679336],[-94.09649699836653,36.27889495992426],[-94.09226598175147,36.27442867605184],[-94.08557356200356,36.27285662370423],[-94.07902912741508,36.274791735075304],[-94.07518441470798,36.279479519224495],[-94.07553916610479,36.28509202854918],[-94.07995580181331,36.2894403525912],[-94.08595312525311,36.290849151802355]]]}"
000000000000000001d0,168.22206896551725,135.1696551724138,40.0,7251.280000000001,331.4510344827586,0.0,331.4510344827586,259.65931034482765,121.23310344827586,259.65931034482765,72.55310344827585,1186.0703448275865,128.62758620689655,69.9903448275862,18.995862068965515,360.41241379310344,229.75862068965517,360.41241379310344,295.54206896551733,0,465,Aedes triseriatus,2025.0,"{""type"":""Polygon"",""coordinates"":[[[-81.17115238527992,34.116248127361025],[-81.17760084672199,34.11449318002426],[-81.18153384608104,34.10991293900806],[-81.18141774306538,34.10429397132346],[-81.17729851555345,34.099827664458275],[-81.17078284594106,34.09825559930934],[-81.16441125669417,34.10019072608971],[-81.16066813520104,34.10487853216848],[-81.16101357213805,34.11049103907039],[-81.16531354162248,34.11483933974523],[-81.17115238527992,34.116248127361025]]]}"
0000000000000000022c,99.6874236874237,87.0,27.989010989010985,7960.536019536021,255.971916971917,-54.05006105006105,310.02197802197804,25.007326007326007,172.99023199023205,200.990231990232,-1.9926739926739927,1163.7252747252749,115.94627594627595,75.0,12.0,327.04395604395603,250.98534798534797,252.93894993894992,307.0402930402931,0,557,Aedes triseriatus,2025.0,"{""type"":""Polygon"",""coordinates"":[[[-70.58865323760423,41.4285495808648],[-70.59577352062902,41.42679458253009],[-70.60011608471623,41.42221426033656],[-70.59998765995397,41.416595295594426],[-70.59543933554944,41.412129071636436],[-70.58824522216429,41.410557052645636],[-70.58121017730198,41.4124921238642],[-70.5770771026653,41.41717985086906],[-70.57745829042196,41.42279236650513],[-70.58220607633119,41.427140751437605],[-70.58865323760423,41.4285495808648]]]}"
00000000000000000277,113.0,109.11262376237622,27.0,9928.861386138613,305.11262376237624,-86.11262376237623,391.2252475247524,214.11262376237624,-22.0,235.0,-22.0,966.5408415841584,114.0,36.586633663366335,30.0,319.95420792079204,136.58663366336634,301.0668316831683,136.58663366336634,0,632,Aedes triseriatus,2025.0,"{""type"":""Polygon"",""coordinates"":[[[-91.2473518220442,39.8930492149086],[-91.2543100660982,39.891294228159516],[-91.25855384652328,39.886713924407346],[-91.2584283944901,39.88109495899629],[-91.25398356524236,39.876628716203996],[-91.24695308670371,39.875056686727476],[-91.24007806172276,39.87699177056798],[-91.23603904116986,39.88167951553641],[-91.23641160691072,39.88729202918878],[-91.24105138302907,39.89164039498005],[-91.2473518220442,39.8930492149086]]]}"
0000000000000000028a,117.6381074168798,117.0,32.0,8884.622762148338,299.0,-66.0,365.0,113.63810741687979,-2.0,227.63810741687976,-2.0,1087.5089514066497,114.0,71.0,16.0,324.0,225.54219948849106,297.96675191815854,225.54219948849106,0,651,Aedes triseriatus,2025.0,"{""type"":""Polygon"",""coordinates"":[[[-84.58244941408603,38.905349413368235],[-84.58930982880885,38.903594433800045],[-84.59349396935319,38.899014141478126],[-84.5933703117387,38.89339517565261],[-84.58898796669367,38.888928921186476],[-84.58205628154356,38.88735688521069],[-84.5752778674203,38.88929197687455],[-84.57129563106147,38.89397973297708],[-84.57166299099711,38.89959224539976],[-84.57623755708524,38.90394059932705],[-84.58244941408603,38.905349413368235]]]}"
000000000000000002cf,238.69494047619048,91.02529761904762,49.02529761904761,3273.0729166666665,323.58779761904765,139.12946428571428,184.45833333333331,276.0,194.1294642857143,277.0,194.1294642857143,1515.1994047619048,236.110119047619,56.107142857142854,48.10416666666667,577.4523809523811,178.66964285714286,542.3422619047619,178.66964285714286,0,720,Aedes triseriatus,2025.0,"{""type"":""Polygon"",""coordinates"":[[[-80.30795068515177,26.081848767464354],[-80.3138947033699,26.080093866878503],[-80.31752018011261,26.075513700283157],[-80.31741333226373,26.069894729905585],[-80.31361629515689,26.065428347033574],[-80.30761003559245,26.06385623956621],[-80.3017366027311,26.065791417286285],[-80.29828628079312,26.07047929585699],[-80.29860487735586,26.07609179474712],[-80.30256860231341,26.080440018177875],[-80.30795068515177,26.081848767464354]]]}"
000000000000000001cc,107.0,136.15412621359226,33.01456310679613,9095.412621359226,332.7560679611651,-70.95509708737865,403.71116504854376,97.05946601941753,227.20873786407773,227.20873786407773,-8.014563106796116,413.3786407766991,53.02912621359225,20.0,26.59344660194176,144.1699029126214,69.66868932038837,69.66868932038837,96.7087378640777,0,461,Aedes vexans,2014.800048828125,"{""type"":""Polygon"",""coordinates"":[[[-111.93094556766556,40.73964968181479],[-111.9379916019515,40.73789468874403],[-111.9422889019293,40.73331437492936],[-111.94216183941057,40.72769540988327],[-111.93766093804848,40.723229177367884],[-111.93054180449953,40.72165715361292],[-111.92358008305035,40.72359223056624],[-111.91949010542847,40.72827996573288],[-111.91986734254401,40.73389248046768],[-111.9245656367822,40.73824085670333],[-111.93094556766556,40.73964968181479]]]}"
00000000000000000208,109.45388349514563,119.98058252427182,30.0,9260.830097087379,327.6674757281554,-66.85558252427184,394.5230582524271,99.0,232.51456310679615,232.51456310679615,-8.0,395.7330097087378,51.838592233009706,20.0,28.137135922330096,139.8385922330097,70.0,70.0,80.19296116504854,0,521,Aedes vexans,2017.9000244140625,"{""type"":""Polygon"",""coordinates"":[[[-112.12184860196568,40.80605015560163],[-112.12890168102786,40.80429516202829],[-112.13320327570432,40.799714847413604],[-112.13307608394194,40.79409588239653],[-112.12857068304409,40.7896296506982],[-112.12144443533997,40.78805762739812],[-112.114475756899,40.7899927038039],[-112.11038169019935,40.79468043819125],[-112.11075930216212,40.800292953012104],[-112.11546229221258,40.80464133007812],[-112.12184860196568,40.80605015560163]]]}"
00000000000000000217,109.0,127.31004901960783,31.90441176470588,9163.51838235294,330.4007352941176,-66.40073529411765,396.80147058823525,98.96323529411764,230.54044117647058,230.54044117647058,-7.0,422.3063725490196,55.00490196078431,19.44975490196078,27.857843137254903,149.18995098039215,70.40073529411764,70.40073529411764,93.98651960784314,0,536,Aedes vexans,2016.78571428571,"{""type"":""Polygon"",""coordinates"":[[[-112.03054850789638,40.85584939616652],[-112.03760688589988,40.85409440221557],[-112.04191171096289,40.84951408699986],[-112.04178442198506,40.84389512200459],[-112.03727563662565,40.83942889092012],[-112.03014403779636,40.83785686796176],[-112.02317012644531,40.839791943956165],[-112.01907298402234,40.84447967775805],[-112.01945087793678,40.850092192643565],[-112.02415740008364,40.85444057033342],[-112.03054850789638,40.85584939616652]]]}"
00000000000000000233,103.90632318501171,143.4672131147541,37.0,8244.851288056205,322.7939110070257,-59.56088992974239,382.35480093676813,4.914519906323186,203.9145199063232,211.21428571428572,-2.0936768149882905,287.41803278688525,35.00819672131147,7.0,34.93793911007026,100.92740046838409,35.0,41.0,90.40983606557376,0,564,Aedes vexans,2017.33333333333,"{""type"":""Polygon"",""coordinates"":[[[-116.3299468571131,43.54504851857971],[-116.33731220273052,43.54329350334315],[-116.34180416276241,43.5387131542466],[-116.34167124054525,43.53309419048079],[-116.33696639376105,43.528627993999095],[-116.32952480691281,43.52705599030506],[-116.32224775558656,43.528991043110445],[-116.31797243666534,43.53367874390923],[-116.3183666624048,43.53929126243875],[-116.323277797701,43.54363967529527],[-116.3299468571131,43.54504851857971]]]}"
00000000000000000237,109.0,126.81664656212303,31.420989143546443,9153.780458383597,330.20386007237653,-66.41978287092884,396.6236429433052,98.61881785283474,230.36791314837154,230.36791314837154,-7.024125452352233,416.7322074788902,54.287092882991566,20.0,27.693606755126662,146.99517490952957,70.97466827503015,70.97466827503015,91.71773220747893,0,568,Aedes vexans,2017.16666666667,"{""type"":""Polygon"",""coordinates"":[[[-112.03054850789638,40.83924816294455],[-112.03760511795105,40.83749316911955],[-112.04190886522186,40.832912854104286],[-112.04178160867927,40.827293889101746],[-112.03727395251799,40.82282765781253],[-112.0301441390481,40.821255634740204],[-112.02317197361494,40.82319071087181],[-112.01907585738212,40.82787844486897],[-112.01945365722577,40.83349095973291],[-112.02415900091736,40.8378393372147],[-112.03054850789638,40.83924816294455]]]}"
0000000000000000023c,108.0,134.52421307506054,33.0,9101.169491525425,332.9636803874092,-69.0,401.9636803874092,98.0,228.4661016949153,228.4661016949153,-7.0,428.0230024213075,55.11622276029056,20.0,27.6997578692494,150.864406779661,70.08716707021792,70.08716707021792,100.32324455205813,0,573,Aedes vexans,2017.09090909091,"{""type"":""Polygon"",""coordinates"":[[[-111.93924841382706,40.822646929722566],[-111.94630325741046,40.820891936023436],[-111.95060592778974,40.81631162120855],[-111.95047870365521,40.81069265619874],[-111.94597217574837,40.806226424704896],[-111.93884414614591,40.80465440151863],[-111.93187372517163,40.806589477787384],[-111.92777863427135,40.81127721197971],[-111.92815634012271,40.8168897268221],[-111.93286050634387,40.82123810409592],[-111.93924841382706,40.822646929722566]]]}"
00000000000000000256,109.0,128.31572481572482,32.0,9160.798525798526,331.0,-67.0,398.0,98.52211302211303,230.52211302211305,230.52211302211305,-7.0,414.75552825552836,54.0,20.0,27.975429975429982,146.7211302211302,70.56265356265357,70.56265356265357,91.6891891891892,0,599,Aedes vexans,2016.55357142857,"{""type"":""Polygon"",""coordinates"":[[[-112.01394727467441,40.8143485426621],[-112.02100123581286,40.81259354902586],[-112.02530336822836,40.80801323431109],[-112.02517616028331,40.80239426929766],[-112.02067019599869,40.79792803770156],[-112.01354305753152,40.796356014458375],[-112.00657350800591,40.798291090795644],[-112.00247892931293,40.802978825085496],[-112.00285658821022,40.80859133991713],[-112.00756016622317,40.81293971708703],[-112.01394727467441,40.8143485426621]]]}"
0000000000000000026b,108.0,134.02898550724638,33.0,9107.823671497585,332.981884057971,-68.98188405797103,401.963768115942,98.0,228.4673913043479,228.4673913043479,-7.0,432.2294685990338,56.027777777777786,20.0,27.391304347826093,152.09057971014494,71.0,71.0,101.2475845410628,0,620,Aedes vexans,2015.59016393443,"{""type"":""Polygon"",""coordinates"":[[[-111.94754680088752,40.83924816294454],[-111.9546034109422,40.83749316911954],[-111.95890715821301,40.83291285410428],[-111.95877990167041,40.82729388910174],[-111.95427224550915,40.82282765781253],[-111.94714243203926,40.8212556347402],[-111.94017026660609,40.82319071087181],[-111.93607415037326,40.827878444868965],[-111.93645195021692,40.83349095973291],[-111.9411572939085,40.8378393372147],[-111.94754680088752,40.83924816294454]]]}"
0000000000000000026d,109.0,125.35012285012284,31.0,9175.61302211302,329.30343980343974,-67.42260442260442,396.72604422604417,98.59582309582309,230.544226044226,230.544226044226,-8.0,407.55528255528253,53.08599508599509,20.0,27.63882063882064,143.97051597051598,71.0,71.0,86.67690417690416,0,622,Aedes vexans,2016.93023255814,"{""type"":""Polygon"",""coordinates"":[[[-112.04714974111836,40.8143485426621],[-112.05420370225681,40.81259354902586],[-112.05850583467232,40.80801323431109],[-112.05837862672726,40.80239426929766],[-112.05387266244263,40.79792803770155],[-112.04674552397547,40.796356014458375],[-112.03977597444987,40.798291090795644],[-112.03568139575688,40.802978825085496],[-112.03605905465417,40.808591339917115],[-112.04076263266712,40.812939717087026],[-112.04714974111836,40.8143485426621]]]}"
0000000000000000026e,109.0,128.32077764277034,32.0,9162.156743620899,331.0,-67.0,398.0,98.52126366950183,230.5212636695018,230.5212636695018,-7.0,412.34993924665855,53.889428918590525,20.0,27.839611178614824,146.1190765492102,70.12515188335358,70.12515188335358,90.95139732685297,0,623,Aedes vexans,2016.28985507246,"{""type"":""Polygon"",""coordinates"":[[[-112.01394727467441,40.80605015560163],[-112.02100035373658,40.80429516202829],[-112.02530194841304,40.799714847413604],[-112.02517475665067,40.79409588239653],[-112.02066935575282,40.78962965069821],[-112.0135431080487,40.78805762739812],[-112.00657442960772,40.7899927038039],[-112.00248036290807,40.79468043819124],[-112.00285797487084,40.800292953012104],[-112.00756096492131,40.80464133007812],[-112.01394727467441,40.80605015560163]]]}"
00000000000000000285,104.0,145.7144535840188,37.0,8260.252643948297,324.0,-61.71445358401879,385.7144535840188,4.0,203.85898942420684,211.66627497062282,-3.0,292.4383078730905,36.0,7.0,35.36427732079906,104.66039952996475,35.36427732079906,41.0,94.51703877790835,0,646,Aedes vexans,2017.800048828125,"{""type"":""Polygon"",""coordinates"":[[[-116.37145216971855,43.611448992366576],[-116.37882564162703,43.60969397658077],[-116.38332255560732,43.60511362660999],[-116.38318948421754,43.59949466287593],[-116.37847944715072,43.59502846728708],[-116.3710296541286,43.593456464090124],[-116.36374457791077,43.59539151629717],[-116.35946454216295,43.600079216244374],[-116.35985920020407,43.60569173486792],[-116.36477575214886,43.610040148631825],[-116.37145216971855,43.611448992366576]]]}"
00000000000000000292,104.0,147.08990011098777,37.0,8335.700332963375,326.6037735849057,-62.984461709211985,389.58823529411774,3.015538290788013,204.46281908990014,212.5138734739179,-3.984461709211987,306.1975582685905,38.244173140954494,7.0,37.24417314095449,112.20532741398448,36.0,41.0,102.70921198668148,0,659,Aedes vexans,2017.125,"{""type"":""Polygon"",""coordinates"":[[[-116.4046457179604,43.69445069937542],[-116.41202938708464,43.69269568290135],[-116.4165325174872,43.68811533183507],[-116.41639925890577,43.68249636814077],[-116.41168270885242,43.67803017367078],[-116.40422261838008,43.676458171096705],[-116.39692747219244,43.67839322255396],[-116.39264151757021,43.683080921434026],[-116.39303671807808,43.68869344017537],[-116.39796006706138,43.69304185507639],[-116.4046457179604,43.69445069937542]]]}"
000000000000000002d1,108.57659831121835,123.71049457177324,31.0,9212.651387213511,328.36911942098914,-67.80699638118216,396.1761158021713,98.57659831121835,230.7901085645356,230.7901085645356,-8.806996381182147,401.23039806996377,52.27141133896261,20.0,27.692400482509044,141.2714113389626,70.87696019300361,70.87696019300361,83.708082026538,0,722,Aedes vexans,2017.75,"{""type"":""Polygon"",""coordinates"":[[[-112.06375097434032,40.797747309440126],[-112.07080317122103,40.79599231592968],[-112.0751042280943,40.79141200141512],[-112.07497705251654,40.78579303639442],[-112.07047221507261,40.78132680459383],[-112.06334685823781,40.779754781236804],[-112.0563790509854,40.78168985771111],[-112.05228549634015,40.786377592196],[-112.05266306136278,40.79199010700608],[-112.05736546338063,40.79633848396817],[-112.06375097434032,40.797747309440126]]]}"
000000000000000002e8,104.3786635404455,143.52754982415007,37.0,8314.780773739742,326.05627198124273,-59.54747948417351,385.6037514654162,4.7514654161781955,206.12778429073856,213.24150058616652,-2.5474794841735053,317.74677608440805,40.0,8.0,37.03399765533412,116.03399765533412,37.0,42.07385697538101,106.03751465416178,0,745,Aedes vexans,2017.5,"{""type"":""Polygon"",""coordinates"":[[[-116.28015207564924,43.652949845871],[-116.28753064070686,43.65119482974131],[-116.29203065957097,43.646614479223146],[-116.29189749468605,43.64099551550895],[-116.28718420461236,43.63652932047914],[-116.27972926837667,43.63495731759341],[-116.27243916256377,43.636892369425816],[-116.26815617054717,43.64158006883983],[-116.2685510995318,43.647192587522234],[-116.27347104635763,43.651541001854305],[-116.28015207564924,43.652949845871]]]}"
000000000000000002f0,109.0,123.61416361416362,31.0,9197.385836385838,328.61538461538464,-67.0,395.61538461538464,98.45421245421245,231.001221001221,231.001221001221,-8.0,406.32356532356533,53.04639804639805,20.0,28.0,143.93040293040292,70.01221001221002,70.01221001221002,86.32600732600733,0,753,Aedes vexans,2017.72222222222,"{""type"":""Polygon"",""coordinates"":[[[-112.07205382050185,40.830949775884086],[-112.07910954737352,40.82919478212201],[-112.08341275623064,40.82461446720692],[-112.08328551589113,40.81899550220075],[-112.07877842382345,40.814529270809224],[-112.07164950223411,40.81295724767995],[-112.06467820897839,40.814892323880116],[-112.06058260538128,40.81958005797485],[-112.06096035823161,40.825192572828016],[-112.06566511322309,40.82954095020584],[-112.07205382050185,40.830949775884086]]]}"
000000000000000002f2,103.0654420206659,145.94259471871413,37.0,8283.763490241103,325.0746268656717,-62.18943742824341,387.26406429391506,3.656716417910448,203.98622273249143,211.13203214695753,-3.189437428243399,310.1044776119403,38.75889781859931,7.0,37.60505166475316,113.4247990815155,36.0,41.0,103.42479908151552,0,755,Aedes vexans,2017.5,"{""type"":""Polygon"",""coordinates"":[[[-116.3548509364966,43.66954661999193],[-116.36223154143053,43.66779160372456],[-116.3667328038431,43.663211252987296],[-116.36659960151185,43.657592289281055],[-116.36188500856417,43.653126094475034],[-116.3544280124011,43.651554091713884],[-116.34713589216659,43.65348914339633],[-116.34285171612369,43.658176842596895],[-116.34324675362464,43.66378936130286],[-116.34816806014686,43.66813777586236],[-116.3548509364966,43.66954661999193]]]}"
0000000000000000032b,109.0,128.32356532356533,32.0,9159.305250305251,331.0,-67.0,398.0,98.51770451770452,230.4688644688645,230.4688644688645,-7.0,418.83394383394386,54.58608058608059,20.0,27.58608058608059,147.59951159951163,71.0,71.0,93.23443223443223,0,812,Aedes vexans,2016.80555555556,"{""type"":""Polygon"",""coordinates"":[[[-112.01394727467441,40.830949775884086],[-112.02100300154606,40.82919478212201],[-112.02530621040322,40.82461446720692],[-112.02517897006369,40.81899550220076],[-112.02067187799602,40.814529270809224],[-112.01354295640668,40.81295724767995],[-112.00657166315096,40.814892323880116],[-112.00247605955386,40.81958005797485],[-112.00285381240417,40.82519257282802],[-112.00755856739565,40.82954095020584],[-112.01394727467441,40.830949775884086]]]}"
000000000000000002e9,86.80243161094225,94.41742654508612,34.0,6321.81053698075,246.62715298885513,-25.67071935157042,272.29787234042556,14.231003039513679,168.73961499493416,168.73961499493416,8.907801418439716,1626.8297872340424,269.07801418439715,36.1144883485309,63.06079027355623,791.3596757852077,122.10334346504561,122.10334346504561,700.8541033434651,0,746,Aedes vexans,2012.0,"{""type"":""Polygon"",""coordinates"":[[[-121.11904814312028,48.724245342045506],[-121.12714083080876,48.72249027985399],[-121.13207618394797,48.71790985602078],[-121.1319298991901,48.712290894970245],[-121.12676049997197,48.707824774817645],[-121.11858443945026,48.706252813616686],[-121.1105891390047,48.70818781527183],[-121.1058916422989,48.71287544326971],[-121.10632454964659,48.718487969834236],[-121.11172049288336,48.72283646026425],[-121.11904814312028,48.724245342045506]]]}"
000000000000000002c9,103.62153163152053,148.07325194228636,37.0,8381.208657047724,327.81576026637066,-64.75693673695893,392.57269700332955,1.7991120976692563,204.51720310765816,212.83351831298555,-4.579356270810211,303.7669256381798,37.84461709211986,7.0,36.84461709211986,111.78468368479467,36.0,41.0,103.20532741398445,0,714,Aedes vexans,2017.0,"{""type"":""Polygon"",""coordinates"":[[[-116.4793490379088,43.719350319657856],[-116.48673577461508,43.71759530297694],[-116.49124077507507,43.713014951581414],[-116.49110746018087,43.707395987899076],[-116.4863889508556,43.70292979376533],[-116.47892576264935,43.701357791378456],[-116.47162758715973,43.703292842610374],[-116.46733985198945,43.70798054116974],[-116.46773521568436,43.7135930599465],[-116.47266060938925,43.71794147518924],[-116.4793490379088,43.719350319657856]]]}"
00000000000000000269,103.25717439293601,144.10154525386312,37.0,8336.28366445916,325.9150110375276,-60.527593818984556,386.44260485651216,4.1677704194260485,205.25717439293598,212.53090507726267,-3.5275938189845477,328.7538631346578,41.731788079470206,8.0,37.80794701986755,121.43267108167771,37.50220750551877,43.02649006622517,111.43267108167771,0,618,Aedes vexans,2018.0,"{""type"":""Polygon"",""coordinates"":[[[-116.27184922948776,43.68614785321391],[-116.27923187659464,43.684392836808776],[-116.28373438395559,43.6798124858522],[-116.28360114413567,43.67419352215392],[-116.27888524684724,43.66972732757187],[-116.27142618843787,43.66815532493541],[-116.26413205151404,43.670090376467776],[-116.25984669011181,43.67477807545472],[-116.26024183625108,43.68039059418427],[-116.26516450400037,43.68473900897139],[-116.27184922948776,43.68614785321391]]]}"
000000000000000002d7,103.20785219399538,145.0,37.0,8284.621247113164,324.2644341801386,-61.34642032332564,385.6108545034643,4.0,204.10854503464202,211.27944572748268,-3.0,311.04041570438807,38.90069284064665,7.0958429561200935,37.72055427251732,113.97690531177831,36.095842956120094,41.095842956120094,103.9769053117783,0,728,Aedes vexans,2018.0,"{""type"":""Polygon"",""coordinates"":[[[-116.3299468571131,43.66124823293146],[-116.3373264418905,43.65949321673295],[-116.34182708239574,43.65491286610524],[-116.34169389879169,43.64929390239503],[-116.33697995742047,43.6448277074771],[-116.32952399144158,43.643255704653654],[-116.32223287863349,43.6451907564111],[-116.31794929473047,43.64987845571839],[-116.31834427796166,43.65549097441257],[-116.32326490449016,43.65983938885835],[-116.3299468571131,43.66124823293146]]]}"
00000000000000000182,94.5130023640662,113.78132387706859,30.781323877068562,8793.251773049647,281.81087470449177,-84.50945626477544,366.32033096926716,4.494089834515367,182.84160756501183,206.5130023640662,-21.50591016548464,1152.375886524823,116.99645390070923,82.99645390070923,9.509456264775414,323.4326241134752,257.73522458628844,260.9929078014185,300.87234042553195,0,387,Culex pipiens,2019.5999755859375,"{""type"":""Polygon"",""coordinates"":[[[-71.21945104992786,42.28344843483143],[-71.22666714600572,42.28169342980677],[-71.23106812019812,42.27711309696466],[-71.2309379372948,42.2714941326089],[-71.22632841667775,42.267027919526406],[-71.21903754723853,42.26545590659031],[-71.21190788380012,42.26739097052064],[-71.20771919535582,42.272078687152785],[-71.20810548088146,42.27769120393419],[-71.2129171323049,42.28203959991937],[-71.21945104992786,42.28344843483143]]]}"
00000000000000000196,111.0,114.0,30.0,9429.915297092288,299.0,-78.67762326169407,377.67762326169407,208.2541087231353,-16.034134007585333,228.0,-16.034134007585333,1016.2515802781292,115.98230088495576,59.01769911504425,20.0,315.9886219974716,197.01769911504428,297.0,197.01769911504428,0,407,Culex pipiens,2019.78571428571,"{""type"":""Polygon"",""coordinates"":[[[-86.14285385942573,39.710449026769986],[-86.14979365182992,39.7086940413639],[-86.15402618355537,39.70411373974943],[-86.15390106998618,39.69849477426085],[-86.1494680259175,39.6940285292853],[-86.14245618083054,39.69245649859329],[-86.13559937765453,39.69439158389691],[-86.13157106720173,39.69907933094767],[-86.13194265109105,39.70469184437005],[-86.13657012791899,39.70904020794251],[-86.14285385942573,39.710449026769986]]]}"
000000000000000001c0,92.32701421800947,119.64691943127963,31.659952606635066,8820.998815165876,280.62914691943126,-91.64691943127961,372.27606635071083,50.0,180.97156398104264,204.28317535545025,-24.65995260663507,1200.0130331753555,122.30213270142178,88.01303317535545,9.0,332.617298578199,272.31516587677726,278.31516587677726,303.9063981042654,0,449,Culex pipiens,2019.5652173913,"{""type"":""Polygon"",""coordinates"":[[[-71.41034516602589,42.09254985963236],[-71.41753950490391,42.09079485611716],[-71.42192721536892,42.08621452567768],[-71.42179743173028,42.08059556123473],[-71.41720180752435,42.076129345698405],[-71.40993290937674,42.0745573313962],[-71.40282473185475,42.07649239697096],[-71.39864867217543,42.081180115943496],[-71.39903380012913,42.08679263246649],[-71.40383094901024,42.09114102595786],[-71.41034516602589,42.09254985963236]]]}"
0000000000000000020c,131.05183312262957,112.78887484197219,32.0,8476.542351453858,305.9469026548673,-40.676359039190906,346.6232616940582,238.60556257901393,19.599241466498107,238.60556257901393,19.599241466498107,1030.8293299620734,105.91782553729456,70.91529709228824,11.67762326169406,295.74083438685216,226.57648546144122,295.74083438685216,226.57648546144122,0,525,Culex pipiens,2019.83333333333,"{""type"":""Polygon"",""coordinates"":[[[-76.99624767837436,38.82234770635939],[-77.00310008937136,38.82059272738549],[-77.00727935058111,38.81601243600956],[-77.00715583976402,38.81039347014974],[-77.00277860675097,38.80592721471747],[-76.99585500421547,38.8043551782038],[-76.98908449414611,38.80629027051513],[-76.98510690348189,38.81097802753913],[-76.98547383750405,38.816590539860044],[-76.99004306854694,38.82093889280545],[-76.99624767837436,38.82234770635939]]]}"
00000000000000000235,139.0798934753662,132.7070572569907,38.0,7910.151797603196,309.3741677762983,-37.11584553928097,346.4900133155793,49.87616511318243,197.40612516644484,237.38215712383496,32.876165113182424,1359.1171770972041,145.29294274300938,81.29294274300933,15.715046604527299,376.8868175765645,269.4873501997337,331.71770972037285,365.40612516644484,0,566,Culex pipiens,2021.11111111111,"{""type"":""Polygon"",""coordinates"":[[[-84.43305169239139,35.9339471625856],[-84.43964514799478,35.93219220347974],[-84.44366654100398,35.927611943729396],[-84.44354777915609,35.921992976723374],[-84.43933594279034,35.91752668899159],[-84.43267384899714,35.91595463449527],[-84.42615907039743,35.9178897484528],[-84.42233178823413,35.92257753628291],[-84.42268494150257,35.92819004520096],[-84.4270815601696,35.93253836532076],[-84.43305169239139,35.9339471625856]]]}"
000000000000000002eb,130.13048933500627,116.04642409033879,33.0,8480.155583437892,307.13676286072774,-43.367628607277304,350.50439146800505,237.14303638644924,18.347553324968633,237.14303638644924,18.347553324968633,1051.65495608532,106.69259723964872,70.65872020075282,12.0,300.5834378920954,228.52823086574656,300.5834378920954,228.52823086574656,0,748,Culex pipiens,2019.625,"{""type"":""Polygon"",""coordinates"":[[[-76.91325488956763,38.92194618748915],[-76.92011690866381,38.92019120780196],[-76.9243020272868,38.915610915290614],[-76.9241783402461,38.909991949471966],[-76.91979497047737,38.90552569519931],[-76.91286166514068,38.90395365933123],[-76.90608166662386,38.90588875086544],[-76.9020984990202,38.91057650678345],[-76.90246594433142,38.91618901922651],[-76.90704157984692,38.920537373350406],[-76.91325488956763,38.92194618748915]]]}"
00000000000000000305,108.96758104738156,114.0,29.5922693266833,9480.30174563591,297.3753117206983,-82.87281795511224,380.2481296758105,205.96758104738157,-19.497506234413965,225.86034912718205,-19.497506234413965,1009.4189526184538,115.03241895261846,57.03241895261845,20.502493765586035,313.81172069825436,191.7493765586035,298.03241895261846,191.7493765586035,0,774,Culex pipiens,2019.8399658203125,"{""type"":""Polygon"",""coordinates"":[[[-86.10965139298176,39.85154836140417],[-86.11660542858114,39.84979337496095],[-86.12084664340202,39.84521307169564],[-86.12072126856648,39.83959410626693],[-86.11627912728369,39.8351278629774],[-86.10925289866378,39.83355583322407],[-86.10238202971321,39.835490917397784],[-86.09834545192125,39.84017866284045],[-86.09871779372207,39.84579117644043],[-86.10335476461728,39.8501395417264],[-86.10965139298176,39.85154836140417]]]}"
00000000000000000141,107.41759603469643,115.0,30.0,9443.914498141266,296.5204460966543,-82.37794299876086,378.89838909541515,204.37174721189595,-20.377942998760844,223.84138785625774,-20.377942998760844,1022.6840148698886,113.6282527881041,58.20446096654276,19.795539033457253,317.88475836431235,196.10780669144984,303.25650557620827,196.10780669144984,0,322,Culex pipiens,2020.0,"{""type"":""Polygon"",""coordinates"":[[[-86.31714674230176,39.88475082784812],[-86.32410414414632,39.88299584116023],[-86.32834741113447,39.87841553750546],[-86.32822197455036,39.87279657209088],[-86.3237776832268,39.868330329199104],[-86.31674805519546,39.86675829966721],[-86.30987386193257,39.868693383574374],[-86.30583533023284,39.87338112863768],[-86.30620785115812,39.87899364227956],[-86.31084706588626,39.88334200796975],[-86.31714674230176,39.88475082784812]]]}"
00000000000000000143,98.01664684898931,102.7871581450654,26.0,9950.777645659928,289.4708680142688,-95.8370986920333,385.307966706302,221.68965517241378,-35.3281807372176,221.68965517241378,-35.3281807372176,920.242568370987,102.01783590963139,36.0,28.0,300.01783590963134,143.0,300.01783590963134,143.0,0,324,Culex pipiens,2020.0,"{""type"":""Polygon"",""coordinates"":[[[-87.81944910091505,41.860150430928876],[-87.82661723610346,41.85839542923906],[-87.83098897213347,41.8538151017051],[-87.83085966933572,41.848196137156734],[-87.82628078153718,41.84372991865297],[-87.81903834495986,41.842157902698695],[-87.81195604443536,41.844092970262096],[-87.8077951944464,41.84878069206488],[-87.80817892823468,41.85439320827537],[-87.81295861069268,41.858741598750946],[-87.81944910091505,41.860150430928876]]]}"
0000000000000000014e,97.0,104.3076923076923,26.347355769230766,9938.999999999998,289.0060096153846,-97.96033653846152,386.96634615384613,220.1081730769231,-36.76923076923077,220.1081730769231,-36.76923076923077,920.9975961538463,103.0,36.0,28.245192307692307,301.0,141.99759615384613,301.0,141.99759615384613,0,335,Culex pipiens,2020.0,"{""type"":""Polygon"",""coordinates"":[[[-87.86924834147995,41.8767472050498],[-87.87641833776331,41.87499220323007],[-87.8807912083647,41.87041187548932],[-87.88066187141638,41.864792910948445],[-87.87608179492842,41.86032669265588],[-87.86883747893916,41.8587546768192],[-87.86175334052156,41.860689744241064],[-87.85759141027711,41.86537746584241],[-87.8579752430856,41.87098998207514],[-87.86275616608212,41.87533837276535],[-87.86924834147995,41.8767472050498]]]}"
00000000000000000175,130.2940446650124,117.05334987593052,32.91439205955334,8509.643920595532,309.0930521091811,-44.086848635235725,353.17990074441684,238.20719602977664,18.294044665012407,238.20719602977664,18.294044665012407,1050.9503722084366,106.08684863523573,70.20099255583126,12.0,299.606699751861,227.48883374689825,299.606699751861,227.48883374689825,0,374,Culex pipiens,2020.0,"{""type"":""Polygon"",""coordinates"":[[[-76.9298472045875,38.95514865393311],[-76.93671243727535,38.953393674007685],[-76.94089951500912,38.94881338111713],[-76.94077576902701,38.94319441531223],[-76.93639034671642,38.93872816142686],[-76.92945379611412,38.9371561257744],[-76.92267062402591,38.939091217049054],[-76.91868559112032,38.94377897259769],[-76.91905320744038,38.94939148508154],[-76.92363098503999,38.953739839599045],[-76.9298472045875,38.95514865393311]]]}"
000000000000000001af,110.9822335025381,114.00253807106601,30.0,9391.99873096447,298.0,-78.01776649746195,376.01776649746205,207.61548223350252,-16.01776649746193,227.0,-16.01776649746193,1021.4378172588833,114.0,60.0,19.0,316.42005076142135,200.0,300.42005076142135,200.0,0,432,Culex pipiens,2020.0,"{""type"":""Polygon"",""coordinates"":[[[-86.30885281434237,39.7519498802744],[-86.31579678559676,39.75019489456371],[-86.3200318648799,39.745614592464385],[-86.31990667465757,39.7399956269934],[-86.31547096153211,39.735529382513015],[-86.30845489641997,39.7339573520967],[-86.30159396644686,39.73589243706848],[-86.29756323041666,39.74058018364694],[-86.29793503667226,39.74619269712149],[-86.30256529899108,39.7505410611972],[-86.30885281434237,39.7519498802744]]]}"
000000000000000001d5,97.50301568154404,101.0,26.0,9899.905910735828,287.03256936067555,-95.0,382.03256936067555,220.43063932448737,-35.26658624849216,220.43063932448737,-35.26658624849216,918.4234016887817,102.0,36.3642943305187,28.0,299.3498190591073,143.2400482509047,299.3498190591073,143.2400482509047,0,470,Culex pipiens,2020.0,"{""type"":""Polygon"",""coordinates"":[[[-87.79454948063261,41.91824805855423],[-87.80172413752186,41.91649305640933],[-87.80609984934817,41.911912728151],[-87.80597042687855,41.906293763628916],[-87.80138737364153,41.901827545864954],[-87.79413835117724,41.90025553032255],[-87.78704961025726,41.90219059739017],[-87.78288497480693,41.90687831848735],[-87.78326905558407,41.91249083477575],[-87.7880530851714,41.91683922600319],[-87.79454948063261,41.91824805855423]]]}"
00000000000000000206,110.87407407407406,114.0,30.0,9440.769135802471,298.9098765432099,-79.0,377.9098765432099,207.87407407407406,-17.0,227.70246913580246,-17.0,1012.9345679012346,114.0,59.0,19.68271604938272,313.80864197530866,197.0,298.12592592592597,197.0,0,519,Culex pipiens,2020.0,"{""type"":""Polygon"",""coordinates"":[[[-86.24244788145444,39.78514788761731],[-86.24939520176983,39.78339290166268],[-86.25363232274495,39.77881259917509],[-86.25350707109011,39.77319363371818],[-86.2490692188993,39.76872738963435],[-86.24204977172779,39.76715535943881],[-86.23518553441114,39.76909044414483],[-86.23115285444752,39.77377819034508],[-86.23152483891408,39.779390703861395],[-86.23615733361203,39.78373906834011],[-86.24244788145444,39.78514788761731]]]}"
0000000000000000025c,111.93283582089553,114.0,30.0,9435.388059701492,299.0,-79.0,378.0,208.9328358208955,-16.0,228.93283582089552,-16.0,1010.3930348258708,115.0,59.0,20.0,313.9701492537314,196.30099502487565,296.97014925373134,196.30099502487565,0,605,Culex pipiens,2020.0,"{""type"":""Polygon"",""coordinates"":[[[-86.1843502538291,39.735348647052426],[-86.19129255241272,39.73359366146362],[-86.19552661198354,39.72901335955832],[-86.19540145244326,39.7233943940803],[-86.19096680766268,39.71892814940176],[-86.18395243170234,39.71735611887513],[-86.17709315356458,39.7192912039797],[-86.17306338842162,39.72397895074715],[-86.1734351056706,39.72959146420082],[-86.17806425303944,39.73393982807515],[-86.1843502538291,39.735348647052426]]]}"
0000000000000000026a,98.63056558363418,101.19494584837547,26.0,9945.950661853189,288.79302045728036,-95.0,383.7930204572803,221.92298435619736,-35.0,221.92298435619736,-35.0,920.0758122743681,102.0,36.07581227436823,28.0,300.0,143.07581227436822,300.0,143.07581227436822,0,619,Culex pipiens,2020.0,"{""type"":""Polygon"",""coordinates"":[[[-87.7862466344711,41.876747205049796],[-87.79341663075445,41.87499220323007],[-87.79778950135585,41.87041187548932],[-87.79766016440753,41.86479291094844],[-87.79308008791958,41.86032669265588],[-87.78583577193031,41.858754676819196],[-87.77875163351271,41.86068974424106],[-87.77458970326826,41.8653774658424],[-87.77497353607676,41.87098998207512],[-87.77975445907326,41.87533837276535],[-87.7862466344711,41.876747205049796]]]}"
000000000000000002a0,107.0,114.0,30.0,9465.820672478205,294.40473225404736,-84.69987546699875,379.1046077210461,204.0,-21.595267745952675,223.40473225404733,-21.595267745952675,1023.5952677459528,116.0,58.0,20.0,317.0,194.59526774595267,300.0,194.59526774595267,0,673,Culex pipiens,2020.0,"{""type"":""Polygon"",""coordinates"":[[[-85.99344721952899,39.85154836140417],[-86.00040125512837,39.84979337496095],[-86.00464246994923,39.84521307169564],[-86.0045170951137,39.83959410626692],[-86.00007495383092,39.8351278629774],[-85.99304872521101,39.83355583322406],[-85.98617785626044,39.83549091739778],[-85.98214127846846,39.840178662840444],[-85.98251362026929,39.84579117644043],[-85.98715059116451,39.85013954172639],[-85.99344721952899,39.85154836140417]]]}"
000000000000000002a4,99.32215568862277,103.08143712574852,26.0,10000.041916167665,290.594011976048,-96.16886227544913,386.762874251497,223.0,-35.0059880239521,223.0,-35.0059880239521,925.7976047904193,102.0,36.0,28.0,300.19520958083837,143.62754491017964,300.19520958083837,143.62754491017964,0,677,Culex pipiens,2020.0,"{""type"":""Polygon"",""coordinates"":[[[-87.80284786769307,41.793749957142005],[-87.81000857266257,41.7919949559713],[-87.81437577903891,41.78741462926362],[-87.81424661258248,41.78179566468527],[-87.80967247049722,41.77732944533762],[-87.8024375372694,41.775757428913536],[-87.79536257433473,41.777692497042466],[-87.79120603714826,41.782380219650115],[-87.79158937560794,41.787992735771745],[-87.79636410535012,41.792341125389676],[-87.80284786769307,41.793749957142005]]]}"
00000000000000000286,89.0,105.26334519572951,27.93475682087782,9590.576512455515,281.25266903914587,-93.0,374.25266903914587,208.1459074733096,-26.0,208.1459074733096,-39.08066429418742,816.0759193357056,86.0,44.0,19.080664294187425,245.13048635824438,151.0,245.13048635824438,154.0,0,647,Culex pipiens,2025.0,"{""type"":""Polygon"",""coordinates"":[[[-83.68604970661497,42.24194758132702],[-83.6932610547331,42.24019257663128],[-83.69765913445289,42.23561224431273],[-83.69752903868037,42.22999327993797],[-83.69292255060397,42.22552706632076],[-83.68563647584232,42.22395505308696],[-83.67851150116074,42.22589011737565],[-83.67432556862555,42.23057783451778],[-83.67471160154177,42.23619035124289],[-83.67952008815239,42.240538746684635],[-83.68604970661497,42.24194758132702]]]}"
00000000000000000111,219.0,108.24525547445258,46.0,4495.713868613138,325.99124087591247,93.0,232.99124087591244,271.0,169.0,272.0,158.0,1301.1445255474457,200.76496350364962,52.4116788321168,50.0,562.4905109489051,175.55620437956205,552.1299270072993,192.76496350364968,0,274,Culex quinquefasciatus,2019.31428571429,"{""type"":""Polygon"",""coordinates"":[[[-81.10475191149305,28.563548081456492],[-81.11083045912585,28.561793167217964],[-81.11453794740073,28.557212978889094],[-81.11442862968967,28.55159400929751],[-81.1105456683837,28.54712764862219],[-81.1044035575191,28.545555553513513],[-81.09839727442306,28.547490716357153],[-81.09486886621278,28.55217857375771],[-81.09519461910736,28.557791074988014],[-81.0992480155518,28.56213932097671],[-81.10475191149305,28.563548081456492]]]}"
00000000000000000132,222.0,116.60522496371551,48.60522496371553,4444.088534107403,329.0,91.69956458635706,237.30043541364302,273.1770682148041,172.0,273.55587808418005,161.0,1211.1538461538462,184.69956458635707,48.4267053701016,48.81277213352685,521.8708272859217,166.13933236574746,514.2626995645863,189.4600870827286,0,307,Culex quinquefasciatus,2019.44444444444,"{""type"":""Polygon"",""coordinates"":[[[-81.38694612166039,28.389250739479404],[-81.39301464817709,28.38749582622013],[-81.39671602734781,28.382915639450122],[-81.39660689355344,28.37729666980215],[-81.39273033277003,28.37283030753475],[-81.38659834159613,28.371258211539633],[-81.38060195463457,28.373193375450295],[-81.37707936308716,28.377881234369312],[-81.37740458283842,28.383493735431777],[-81.38145129959301,28.38784197980247],[-81.38694612166039,28.389250739479404]]]}"
00000000000000000155,219.0,108.0,46.0,4499.036284470247,326.0,93.0,233.0,271.0,168.98403483309147,272.0,157.98403483309144,1301.3889695210453,199.7213352685051,53.15674891146591,49.84325108853412,559.6923076923077,174.91001451378813,552.4078374455734,192.48621190130626,0,342,Culex quinquefasciatus,2019.54166666667,"{""type"":""Polygon"",""coordinates"":[[[-81.09644906533154,28.58014931467848],[-81.10252857210479,28.578394400346504],[-81.10623664509426,28.57381421186889],[-81.1061273097806,28.56819524228268],[-81.10224373586809,28.563728881759282],[-81.09610065642754,28.562156786735194],[-81.09009342615258,28.564091949477014],[-81.08656446121816,28.568779806732685],[-81.08689026514139,28.574392307979004],[-81.09094430091221,28.578740554122078],[-81.09644906533154,28.58014931467848]]]}"
0000000000000000019c,219.43128654970758,117.0,48.0,4550.13888888889,329.18567251461997,88.68421052631581,240.50146198830413,272.43128654970764,168.18567251461988,272.43128654970764,157.18567251461988,1244.6710526315792,188.3961988304094,52.485380116959064,48.48538011695907,534.1842105263158,168.67105263157896,525.6652046783626,197.31578947368425,0,413,Culex quinquefasciatus,2019.42857142857,"{""type"":""Polygon"",""coordinates"":[[[-81.50315029511319,28.522047227952076],[-81.50922644857789,28.520292313947003],[-81.51293247731189,28.51571212598977],[-81.51282320354001,28.510093156384745],[-81.50894177139791,28.505626795329867],[-81.50280207825342,28.504054700009867],[-81.49679815946705,28.505989863107878],[-81.49327114092924,28.510677720870447],[-81.49359676644849,28.516290222060732],[-81.49764856703214,28.520638467663687],[-81.50315029511319,28.522047227952076]]]}"
0000000000000000019d,222.9618208516887,123.0,51.21879588839941,4273.5124816446405,330.0,93.21879588839941,236.7812041116006,271.97209985315715,175.0,272.0,164.21879588839946,1322.4581497797358,214.26725403817912,40.03817914831131,60.516886930983844,633.8120411160058,160.8164464023495,607.7606461086638,188.0,0,414,Culex quinquefasciatus,2019.55555555556,"{""type"":""Polygon"",""coordinates"":[[[-82.16715057388076,27.476249798786363],[-82.17316804732357,27.474494890604877],[-82.17683830347866,27.46991471191811],[-82.17673010680045,27.464295741977775],[-82.17288615376081,27.459829371454877],[-82.1668057176128,27.45825727086327],[-82.16085974677338,27.460192440306837],[-82.15736678849315,27.46488030709956],[-82.15768929227022,27.47049280729168],[-82.16170197911985,27.47484104327252],[-82.16715057388076,27.476249798786363]]]}"
000000000000000001b4,144.43709677419355,90.0,69.48709677419355,1231.801612903226,211.95000000000005,83.43709677419356,128.51290322580644,131.95000000000002,154.191935483871,161.6048387096774,129.95000000000002,2622.9048387096773,344.5548387096774,96.36935483870968,34.587096774193554,882.0209677419356,435.1354838709678,467.72741935483884,814.175806451613,0,437,Culex quinquefasciatus,2021.5,"{""type"":""Polygon"",""coordinates"":[[[-155.2818444263526,19.56634854030189],[-155.287510351462,19.56459367306537],[-155.29096630668798,19.560013559559636],[-155.29086457525446,19.554394587263698],[-155.28724515400222,19.549928150170583],[-155.281519701873,19.54835601251329],[-155.27592087386503,19.55029122657364],[-155.27263196750243,19.55497915685761],[-155.27293578223072,19.560591650029703],[-155.27671415042232,19.564939818357225],[-155.2818444263526,19.56634854030189]]]}"
000000000000000001ba,221.0,113.74744525547446,48.0,4480.808759124087,328.0715328467154,92.30510948905109,235.76642335766422,273.0,171.0,273.1182481751825,160.0102189781022,1227.2350364963504,188.14452554744526,51.72700729927007,48.0,525.8817518248175,163.72700729927007,503.28905109489057,186.69489051094894,0,443,Culex quinquefasciatus,2019.06666666667,"{""type"":""Polygon"",""coordinates"":[[[-81.33715134019656,28.455646754165222],[-81.34322367358682,28.453891840533284],[-81.34692737351486,28.44931165317006],[-81.34681816985227,28.44369268354354],[-81.3429391776054,28.43922632188201],[-81.3368033421126,28.43765422622422],[-81.33080319575774,28.439589389728834],[-81.32727839454635,28.444277248070005],[-81.3276038168298,28.449889749196338],[-81.33165307109886,28.45423799418276],[-81.33715134019656,28.455646754165222]]]}"
000000000000000001ce,203.52813852813853,124.1991341991342,46.0,5321.849927849928,327.10822510822504,59.21500721500722,267.89321789321787,267.0,172.5281385281385,267.0,131.82395382395381,1310.3722943722946,191.06782106782106,57.0,41.0,528.1587301587301,197.52813852813853,528.1587301587301,253.0,0,463,Culex quinquefasciatus,2021.89473684211,"{""type"":""Polygon"",""coordinates"":[[[-81.98455038574214,29.73384807113548],[-81.99069857111081,29.732093150235958],[-81.99444851233794,29.72751295130367],[-81.99433791678486,29.72189398209569],[-81.99041047755453,29.717427632249763],[-81.98419804359014,29.715855543170612],[-81.97812299092999,29.717790698756367],[-81.97455416213249,29.722478545828352],[-81.97488362011838,29.72809104820025],[-81.97898343455313,29.7324393051946],[-81.98455038574214,29.73384807113548]]]}"
000000000000000001dd,219.78477306002932,115.38213762811127,47.38213762811128,4587.0014641288435,329.0,88.78477306002931,240.21522693997073,272.78477306002935,167.7847730600293,272.78477306002935,156.78623718887263,1249.402635431918,191.00292825768668,50.14202049780381,48.0,532.1508052708639,163.4773060029283,526.298682284041,195.33528550512443,0,478,Culex quinquefasciatus,2019.55555555556,"{""type"":""Polygon"",""coordinates"":[[[-81.44505266748783,28.563548081456492],[-81.45113121512063,28.561793167217964],[-81.45483870339551,28.557212978889098],[-81.45472938568444,28.55159400929751],[-81.45084642437847,28.54712764862219],[-81.44470431351388,28.545555553513513],[-81.43869803041785,28.547490716357153],[-81.43516962220755,28.55217857375771],[-81.43549537510214,28.557791074988014],[-81.43954877154655,28.56213932097671],[-81.44505266748783,28.563548081456492]]]}"
0000000000000000022f,221.58720930232556,112.0,48.0,4399.821220930232,327.0,94.58720930232556,232.41279069767438,272.5406976744186,172.58720930232553,272.63081395348837,161.58720930232556,1246.9171511627906,183.4127906976744,52.7093023255814,48.106104651162795,535.3822674418604,169.30087209302323,522.6148255813953,186.6438953488372,0,560,Culex quinquefasciatus,2019.71052631579,"{""type"":""Polygon"",""coordinates"":[[[-81.1877536185019,28.389250739479404],[-81.1938221450186,28.387495826220132],[-81.19752352418932,28.382915639450122],[-81.19741439039497,28.37729666980215],[-81.19353782961154,28.372830307534752],[-81.18740583843764,28.371258211539637],[-81.18140945147609,28.3731933754503],[-81.17788685992868,28.377881234369312],[-81.17821207967992,28.383493735431777],[-81.18225879643452,28.38784197980247],[-81.1877536185019,28.389250739479404]]]}"
00000000000000000262,221.0,110.99709724238026,47.0,4431.837445573294,327.0,94.0,233.0,272.0,171.74746008708271,273.0,160.5587808417997,1261.457184325109,184.69956458635704,54.0,48.44121915820028,542.3962264150942,169.8142235123367,525.2104499274311,187.43831640058056,0,611,Culex quinquefasciatus,2019.21428571429,"{""type"":""Polygon"",""coordinates"":[[[-81.17115238527992,28.430747133882768],[-81.17722328951365,28.428992220390644],[-81.18092611819502,28.424412033249975],[-81.18081694076184,28.418793063615407],[-81.17693886132228,28.414326701726576],[-81.1708044690438,28.412754605942236],[-81.16480573402092,28.414689769599185],[-81.16128176235001,28.419377628157136],[-81.16160710859972,28.424990129259513],[-81.16565541024829,28.429338374014936],[-81.17115238527992,28.430747133882768]]]}"
00000000000000000272,220.15720524017473,111.0,47.0,4481.918486171761,327.0,93.15720524017466,233.84279475982535,272.0,170.0,273.0,159.41193595342068,1263.6579330422126,186.97525473071326,54.0,49.0,544.0393013100437,166.87481804949056,528.1673944687046,188.13245997088796,0,627,Culex quinquefasciatus,2019.36842105263,"{""type"":""Polygon"",""coordinates"":[[[-81.20435485172388,28.488849220609172],[-81.21042909365926,28.487094306790716],[-81.21413395708053,28.482514119130563],[-81.21402471839052,28.476895149514785],[-81.2101445071491,28.47242878815651],[-81.20400674433749,28.47085669266757],[-81.19800471324062,28.472791855968932],[-81.1944788042321,28.477479714020873],[-81.1948043280539,28.483092215179173],[-81.19885485448556,28.48744046047379],[-81.20435485172388,28.488849220609172]]]}"
00000000000000000283,158.39032258064518,89.0,70.14516129032259,1194.6241935483872,224.23387096774192,97.9967741935484,126.23709677419359,146.20483870967743,168.10806451612902,174.76129032258066,143.9516129032258,2647.783870967742,339.47096774193557,99.4193548387097,35.0,889.0225806451614,424.0790322580646,454.7983870967742,843.3048387096775,0,644,Culex quinquefasciatus,2021.78378378378,"{""type"":""Polygon"",""coordinates"":[[[-155.24865087811077,19.56634854030189],[-155.2543168032202,19.564593673065367],[-155.25777275844615,19.560013559559636],[-155.2576710270126,19.554394587263698],[-155.25405160576037,19.549928150170583],[-155.24832615363118,19.548356012513285],[-155.2427273256232,19.550291226573638],[-155.2394384192606,19.554979156857605],[-155.2397422339889,19.5605916500297],[-155.24352060218052,19.564939818357225],[-155.24865087811077,19.56634854030189]]]}"
00000000000000000287,218.40348330914372,115.0,47.0,4634.092888243832,329.0,87.29317851959361,241.70682148040638,272.4034833091437,166.4034833091437,272.4034833091437,155.5036284470247,1254.2960812772135,189.9013062409289,50.0,47.10014513788099,528.8969521044992,163.27721335268507,528.8969521044992,197.27721335268507,0,648,Culex quinquefasciatus,2019.23529411765,"{""type"":""Polygon"",""coordinates"":[[[-81.43675428042738,28.638246942303827],[-81.44283715021271,28.636492027644614],[-81.44654727337392,28.631911838646086],[-81.44643787634134,28.626292869078725],[-81.44255215446049,28.621826509087345],[-81.43640567892334,28.620254414359458],[-81.43039512757578,28.622189576744727],[-81.42686421061237,28.62687743349298],[-81.42719019345681,28.632489934795384],[-81.43124647088351,28.63683818147914],[-81.43675428042738,28.638246942303827]]]}"
00000000000000000295,138.50242326332796,90.0,69.01130856219709,1227.1421647819066,206.35864297253636,77.36995153473343,128.9886914378029,126.10339256865912,147.52504038772219,155.91922455573504,124.10339256865913,2717.316639741519,354.71082390953154,100.19709208400648,33.87883683360259,906.8077544426498,462.10823909531507,495.8303715670437,818.1308562197092,0,662,Culex quinquefasciatus,2021.69230769231,"{""type"":""Polygon"",""coordinates"":[[[-155.29844565957458,19.566348540301895],[-155.30411158468402,19.56459367306537],[-155.30756753990997,19.560013559559636],[-155.30746580847645,19.554394587263698],[-155.3038463872242,19.549928150170583],[-155.29812093509503,19.54835601251329],[-155.29252210708705,19.55029122657364],[-155.28923320072442,19.55497915685761],[-155.28953701545274,19.5605916500297],[-155.29331538364434,19.564939818357225],[-155.29844565957458,19.566348540301895]]]}"
000000000000000002df,221.0,115.0,48.0,4503.607246376811,329.0,91.0,238.0,273.0,170.01304347826087,273.0,159.39565217391302,1231.8753623188404,189.5492753623188,51.06811594202898,48.94927536231884,528.6550724637681,163.068115942029,510.07246376811594,190.0376811594203,0,736,Culex quinquefasciatus,2019.45454545455,"{""type"":""Polygon"",""coordinates"":[[[-81.3952489678219,28.472247987387203],[-81.40132225507985,28.47049307366202],[-81.40502653650766,28.465912886150353],[-81.40491731533874,28.460293916529203],[-81.4010377138532,28.455827555019273],[-81.39490091510991,28.4542554594459],[-81.38889982678394,28.456190622848904],[-81.38537447190899,28.460878481045484],[-81.38569994494004,28.4664909821878],[-81.3897498350205,28.470839227328288],[-81.3952489678219,28.472247987387203]]]}"
000000000000000002ea,219.1897810218978,119.0,48.0,4621.966423357665,330.2248175182482,86.36058394160585,243.86423357664236,272.9299270072993,194.36788321167884,272.9299270072993,155.36788321167884,1247.0671532846716,182.82189781021899,51.051094890510946,48.143065693430664,536.421897810219,177.18686131386863,536.421897810219,205.9109489051095,0,747,Culex quinquefasciatus,2019.41176470588,"{""type"":""Polygon"",""coordinates"":[[[-81.65254801680783,28.563548081456492],[-81.65862656444062,28.561793167217967],[-81.66233405271551,28.557212978889098],[-81.66222473500443,28.55159400929751],[-81.65834177369847,28.547127648622194],[-81.65219966283388,28.545555553513513],[-81.64619337973784,28.547490716357153],[-81.64266497152755,28.55217857375771],[-81.64299072442213,28.557791074988017],[-81.64704412086655,28.56213932097671],[-81.65254801680783,28.563548081456492]]]}"
000000000000000002ed,223.83357879234168,123.0,51.0,4324.59793814433,332.5139911634757,91.83357879234168,240.68041237113403,273.680412371134,175.81443298969074,274.51399116347574,164.83357879234168,1203.879234167894,182.28718703976435,40.15758468335788,50.28718703976436,529.5493372606774,166.0,507.7555228276878,187.0,0,750,Culex quinquefasciatus,2020.5,"{""type"":""Polygon"",""coordinates"":[[[-81.42845143426585,28.14025007755393],[-81.43450579881863,28.138495165688056],[-81.43819854454098,28.133914981136165],[-81.43808967067494,28.12829601140796],[-81.43422215518454,28.123829646875173],[-81.4281044652562,28.122257549618734],[-81.42212206360935,28.124192715047677],[-81.41860769224,28.12888057612732],[-81.41893215856233,28.13449307695096],[-81.42296943550865,28.138841319019388],[-81.42845143426585,28.14025007755393]]]}"
00000000000000000309,220.0,115.52975326560231,47.52975326560232,4577.632801161103,328.97968069666183,89.0,239.97968069666183,273.0,168.0,273.0,157.1030478955007,1248.4034833091437,191.0638606676343,50.159651669085626,48.0,532.0841799709723,163.2989840348331,531.0275761973875,195.13933236574744,0,778,Culex quinquefasciatus,2019.5250244140625,"{""type"":""Polygon"",""coordinates"":[[[-81.44505266748783,28.55524969439604],[-81.45113073598391,28.5534947802042],[-81.45483793216582,28.54891459194966],[-81.45472862324812,28.543295622355387],[-81.45084596796852,28.538829261604157],[-81.44470434095409,28.5372571664532],[-81.43869853101936,28.539192329347728],[-81.43517040091949,28.54388018682069],[-81.43549612832284,28.54949268804299],[-81.43954920539305,28.553840933954525],[-81.44505266748783,28.55524969439604]]]}"
0000000000000000030c,224.0,124.0,52.0,4216.635155096012,330.1078286558346,95.0,235.1078286558346,272.6085672082718,177.15361890694243,273.0,167.0,1345.5642540620386,219.7267355982275,41.0,61.0,645.0324963072378,162.21418020679468,617.3500738552436,186.4135893648449,0,781,Culex quinquefasciatus,2019.48148148148,"{""type"":""Polygon"",""coordinates"":[[[-82.15885218682031,27.360050084434615],[-82.16486333328653,27.358295176893314],[-82.1685297324003,27.35371499922563],[-82.1684216518766,27.348096029248445],[-82.1645817398903,27.343629657684733],[-82.15850769289476,27.342057556513634],[-82.15256797006596,27.343992726654754],[-82.14907868421723,27.34868059444015],[-82.14940085142452,27.354293094522546],[-82.15340932098219,27.358641329445632],[-82.15885218682031,27.360050084434615]]]}"
0000000000000000030d,220.0,111.02043795620436,47.0,4546.716788321167,327.8394160583941,92.0,235.83941605839416,273.0,169.0,273.0,158.0,1265.5532846715325,191.03795620437958,51.23357664233576,49.0,540.6277372262772,161.23357664233572,533.7065693430657,189.01751824817518,0,782,Culex quinquefasciatus,2019.1500244140625,"{""type"":""Polygon"",""coordinates"":[[[-81.25414963318771,28.546951307335572],[-81.26022722275009,28.545196393190427],[-81.26393412696278,28.540616205010217],[-81.26382482683474,28.534997235413254],[-81.25994247745184,28.530530874586113],[-81.25380133408252,28.528958779392894],[-81.2477959971086,28.53089394233829],[-81.24426814500131,28.53558179988366],[-81.24459384692426,28.541194301097953],[-81.24864660475559,28.545542546932346],[-81.25414963318771,28.546951307335572]]]}"
00000000000000000321,222.0,114.07602339181285,48.0,4458.181286549707,328.90935672514615,92.89766081871345,236.0116959064327,273.07602339181284,172.0,273.9093567251462,161.0,1219.9342105263158,186.0,52.64473684210526,48.396198830409354,524.014619883041,165.0,503.235380116959,186.17836257309938,0,802,Culex quinquefasciatus,2019.39285714286,"{""type"":""Polygon"",""coordinates"":[[[-81.32884849403504,28.414150359761848],[-81.33491844667854,28.41239544636288],[-81.33862069524871,28.407815259370487],[-81.33851153528025,28.402196289730565],[-81.33463406362469,28.397729927690285],[-81.3285006322965,28.396157831821622],[-81.32250283699537,28.398092995580065],[-81.31897941766607,28.402780854282465],[-81.31930471328955,28.40839335536887],[-81.32335238064493,28.412741599970385],[-81.32884849403504,28.414150359761848]]]}"
000000000000000001cb,195.6858974358975,163.87339743589746,62.713141025641036,2718.4679487179487,320.6955128205129,60.535256410256416,260.1602564102564,210.31089743589746,194.54487179487182,227.5192307692308,157.8141025641026,672.423076923077,147.85256410256412,7.0,97.96634615384617,411.18910256410265,25.0,161.0592948717949,29.150641025641026,0,460,Culex quinquefasciatus,2011.0,"{""type"":""Polygon"",""coordinates"":[[[-101.19075031123475,20.404650620147617],[-101.19644646339448,20.402895748790474],[-101.19992084359471,20.39831562872493],[-101.19981855483987,20.392696656665905],[-101.19617982811613,20.388230226272416],[-101.19042385592043,20.386658092345474],[-101.1847951819094,20.388593301915513],[-101.18148873073507,20.39328122580975],[-101.18179415089784,20.39889371968849],[-101.18559266536396,20.40324189482461],[-101.19075031123475,20.404650620147617]]]}"
000000000000000002e5,221.63418530351436,151.59424920127796,60.31948881789139,3053.8514376996804,339.90575079872207,91.9376996805112,247.9680511182109,244.01118210862623,192.84345047923327,253.50638977635782,178.54792332268372,1025.7587859424923,228.29233226837067,17.816293929712465,79.62300319488818,524.4456869009584,62.063897763578275,387.61182108626207,62.092651757188506,0,742,Culex quinquefasciatus,2011.0,"{""type"":""Polygon"",""coordinates"":[[[-99.04934729413634,20.86114663139308],[-99.05506055866762,20.859391757773256],[-99.05854536990695,20.854811634105655],[-99.05844276581753,20.849192662176733],[-99.05479310968498,20.844726235462073],[-99.04901985892951,20.8431541035835],[-99.04337428798279,20.84508931068788],[-99.0400579041901,20.84977723107345],[-99.04036423342407,20.855389725340203],[-99.04417415338945,20.859737904214995],[-99.04934729413634,20.86114663139308]]]}"
00000000000000000315,186.77258064516133,139.1951612903226,65.71935483870968,1564.4500000000003,293.4435483870968,84.19193548387096,209.25161290322583,193.05322580645165,189.491935483871,207.5580645161291,165.991935483871,943.8725806451614,194.42580645161294,3.804838709677419,97.28064516129034,558.1370967741937,20.085483870967742,245.68870967741938,38.71935483870968,0,790,Culex quinquefasciatus,2011.0,"{""type"":""Polygon"",""coordinates"":[[[-100.26114813731972,19.267548637811537],[-100.26680365765304,19.265793772033312],[-100.27025327070854,19.26121366084913],[-100.27015173122106,19.25559468846935],[-100.26653895528494,19.251128249005216],[-100.2608240086183,19.249556110027722],[-100.25523545405679,19.251491325677215],[-100.25195258697337,19.25617925822254],[-100.25225584918803,19.261791751144543],[-100.256027282693,19.26613991706247],[-100.26114813731972,19.267548637811537]]]}"
00000000000000000126,158.35852090032154,167.86334405144697,69.0,2041.9405144694538,270.76688102893894,29.28617363344052,241.4807073954984,176.86334405144694,129.01446945337622,179.01446945337622,129.01446945337622,753.5852090032156,160.81511254019293,6.0,96.02572347266882,452.1125401929261,23.0,259.8376205787781,23.36977491961415,0,295,Culex quinquefasciatus,2012.0,"{""type"":""Polygon"",""coordinates"":[[[-99.18215270081112,19.491649679454568],[-99.18781600673387,19.489894812583113],[-99.19127036544545,19.485314699658563],[-99.19116868232501,19.47969572734163],[-99.1875509338947,19.47522928965495],[-99.1818281263069,19.473657151667158],[-99.17623188443456,19.475592366125337],[-99.17294449833568,19.480280296975415],[-99.17324817397449,19.4858927900849],[-99.17702479649851,19.490240957809203],[-99.18215270081112,19.491649679454568]]]}"
0000000000000000012a,159.34405144694534,171.32315112540198,69.67041800643088,2041.0578778135052,272.6672025723473,27.987138263665596,244.68006430868172,177.7540192926045,130.01446945337625,180.1864951768489,130.01446945337625,617.5739549839228,121.72508038585211,6.0,87.67684887459806,347.5192926045017,21.0,214.90032154340835,21.0,0,299,Culex quinquefasciatus,2012.0,"{""type"":""Polygon"",""coordinates"":[[[-99.11575222702425,19.425249205667708],[-99.1214132148358,19.42349433912049],[-99.12486616055477,19.418914226712104],[-99.1247645201968,19.413295254376532],[-99.1211482522968,19.40882881616269],[-99.1154277852554,19.407256677881364],[-99.10983383223774,19.40919189269287],[-99.10654779164808,19.413879824045733],[-99.10685134418887,19.41949231709961],[-99.11062642171198,19.423840484288174],[-99.11575222702425,19.425249205667708]]]}"
000000000000000001a0,255.5921052631579,117.42434210526316,68.75,1486.6644736842106,341.0,171.5871710526316,169.41282894736844,263.5921052631579,254.84703947368422,271.84210526315786,233.59210526315792,2233.4194078947367,388.7664473684211,36.74999999999999,73.24999999999999,1073.248355263158,122.50493421052633,519.8634868421053,196.1891447368421,0,417,Culex quinquefasciatus,2016.0,"{""type"":""Polygon"",""coordinates"":[[[-91.21414935560024,16.32105046641241],[-91.21971228240608,16.319295614747055],[-91.22310545819444,16.314715526030096],[-91.2230056299579,16.309096552839193],[-91.21945199081141,16.304630090428976],[-91.21383052848503,16.30305793867495],[-91.20833339383083,16.304993169703817],[-91.20510427088284,16.309681124133807],[-91.20540261946647,16.31529361463525],[-91.20911234255317,16.319641757233917],[-91.21414935560024,16.32105046641241]]]}"
0000000000000000027c,258.9983948635633,110.0016051364366,69.04012841091493,1657.3322632423756,333.95826645264845,175.99678972712678,157.96147672552166,270.0979133226324,252.0,274.9983948635634,234.62439807383626,1206.653290529695,187.0,39.0,51.0,490.44622792937395,127.0,385.4044943820224,175.0963081861958,0,637,Culex quinquefasciatus,2016.0,"{""type"":""Polygon"",""coordinates"":[[[-87.60365090543354,20.080951097374818],[-87.60933520338477,20.079196227614005],[-87.61280235778001,20.074616110089742],[-87.61270028754005,20.06899713793893],[-87.60906913189834,20.064530704950002],[-87.60332512890983,20.06295856957792],[-87.59770815975193,20.064893780887505],[-87.59440858916875,20.06958170725713],[-87.59471337967098,20.075194200862118],[-87.59850399329045,20.079542373360585],[-87.60365090543354,20.080951097374818]]]}"
0000000000000000032e,260.0,104.0,69.0,1635.5567928730513,330.0,181.0,149.0,272.0,253.0,276.2472160356347,236.0,1256.741648106904,199.24721603563475,41.0,50.0,510.4944320712695,133.0,413.9220489977728,190.57238307349664,0,815,Culex quinquefasciatus,2016.0,"{""type"":""Polygon"",""coordinates"":[[[-87.47914834492028,19.79044958194492],[-87.48482220023172,19.788694713611115],[-87.48828298929706,19.784114598358574],[-87.48818111160554,19.778495626125718],[-87.48455662548716,19.774029190816652],[-87.47882316635288,19.77245705415271],[-87.47321650817916,19.774392267017333],[-87.46992299885986,19.779080195599782],[-87.47022723473657,19.78469268896005],[-87.47401088836205,19.789040859100634],[-87.47914834492028,19.79044958194492]]]}"
00000000000000000114,190.98073836276083,84.35634028892459,70.0,1131.658105939005,252.57142857142858,132.58587479935795,119.98555377207063,178.3418940609952,205.16211878009634,206.21990369181384,177.58105939004818,1163.717495987159,134.67415730337078,48.28731942215089,32.06420545746389,389.2134831460675,200.58105939004815,202.86516853932585,387.80898876404495,0,277,Culex quinquefasciatus,2018.0,"{""type"":""Polygon"",""coordinates"":[[[-155.7217481225782,20.03945024387039],[-155.72743091739983,20.037695374313767],[-155.73089715555707,20.033115257114545],[-155.73079511302964,20.027496284951994],[-155.72716491741016,20.023029851631087],[-155.72142243212556,20.02145771607416],[-155.71580694715158,20.023392927606253],[-155.7125082490363,20.028080854292497],[-155.7128129597015,20.03369334786247],[-155.7166025714864,20.03804152002356],[-155.7217481225782,20.03945024387039]]]}"
00000000000000000136,180.02200825309487,154.45392022008252,55.0,4357.422283356257,330.14993122420907,50.451169188445654,279.69876203576337,134.45942228335628,215.5502063273727,239.8404401650618,128.11279229711138,272.9477303988995,47.4360385144429,4.265474552957358,67.06464924346629,134.78817056396144,18.280605226960105,26.924346629986236,126.42778541953231,0,311,Culex quinquefasciatus,2018.0,"{""type"":""Polygon"",""coordinates"":[[[-117.59985424612394,33.950249172444416],[-117.6062901033238,33.94849422615691],[-117.61021541868776,33.94391398681098],[-117.61009954680719,33.93829501906589],[-117.60598836971778,33.93382871049484],[-117.59948542865038,33.93225664439616],[-117.59312628674758,33.93419177231977],[-117.58939048128303,33.93887958002553],[-117.58973524744958,33.94449208674767],[-117.59402681529082,33.948840385688875],[-117.59985424612394,33.950249172444416]]]}"
00000000000000000137,179.4220689655172,157.54482758620688,53.194482758620694,4673.382068965518,338.63310344827585,46.61103448275862,292.02206896551724,130.7848275862069,219.55586206896555,243.64689655172418,124.39724137931032,258.4413793103448,44.70758620689655,3.252413793103448,69.96413793103447,130.79862068965517,15.693793103448272,24.278620689655167,121.06344827586209,0,312,Culex quinquefasciatus,2018.0,"{""type"":""Polygon"",""coordinates"":[[[-117.44214476006566,33.92534955216196],[-117.44857873554867,33.9235946060315],[-117.4525029037511,33.91901436693555],[-117.45238706637738,33.913395399181404],[-117.44827709115434,33.90892909035506],[-117.44177605036106,33.90735702411423],[-117.4354187667512,33.909292152208934],[-117.43168405351366,33.913979960158194],[-117.43202871953949,33.91959246685344],[-117.4363190330798,33.92394076553517],[-117.44214476006566,33.92534955216196]]]}"
0000000000000000013f,179.30027548209367,156.9573002754821,53.99862258953169,4599.356749311295,335.32231404958685,46.998622589531685,288.32369146005516,131.11707988980717,215.09779614325072,242.3223140495868,124.93663911845731,248.7079889807163,40.392561983471076,4.099173553719008,62.969696969696976,119.25895316804407,18.774104683195592,28.097796143250694,111.05234159779616,0,320,Culex quinquefasciatus,2018.0,"{""type"":""Polygon"",""coordinates"":[[[-117.47534722650961,33.90874831893998],[-117.4817799486885,33.90699337291417],[-117.48570335283222,33.902413133984815],[-117.48558753844158,33.89679416622463],[-117.48147836371308,33.89232785722815],[-117.47497858858374,33.8907557908926],[-117.46862254267664,33.89269091910132],[-117.46488855690913,33.89737872721285],[-117.46523315623692,33.902991233890155],[-117.4695226343591,33.90733953239899],[-117.47534722650961,33.90874831893998]]]}"
0000000000000000016c,177.71193415637862,150.9903978052126,55.0,4253.2441700960235,323.99314128943763,50.7133058984911,273.2798353909465,132.89437585733884,215.11796982167357,235.9945130315501,127.41152263374488,272.01646090534985,46.11796982167353,5.0,65.07407407407409,132.0315500685871,19.801097393689986,27.801097393689993,124.31412894375856,0,365,Culex quinquefasciatus,2018.0,"{""type"":""Polygon"",""coordinates"":[[[-117.61644656114382,33.89214708571801],[-117.62287803104664,33.890392139796816],[-117.62680067175835,33.885811901033975],[-117.62668488033192,33.880192933267764],[-117.62257650544137,33.87572662410121],[-117.6160779949378,33.874154557670984],[-117.60972318571817,33.87608968599367],[-117.60598992682402,33.880777494267406],[-117.60633445950855,33.886390000926795],[-117.61062310289782,33.890738299262786],[-117.61644656114382,33.89214708571801]]]}"
00000000000000000178,214.0,105.9306358381503,44.0,4679.46098265896,322.19797687861274,86.28901734104046,235.90895953757226,268.8598265895954,161.92919075144513,268.8598265895954,150.88150289017344,1271.9826589595377,177.26300578034687,58.0,41.0,498.5751445086706,189.0,483.74855491329487,204.0,0,377,Culex quinquefasciatus,2018.0,"{""type"":""Polygon"",""coordinates"":[[[-80.97194650481828,29.061549405307446],[-80.97805418056927,29.05979448825295],[-80.98177942605733,29.05521429544145],[-80.98166957380666,29.04959532601202],[-80.977768008256,29.045128969914874],[-80.97159648267109,29.04355687735521],[-80.96556143466434,29.045492037130543],[-80.96201611930739,29.050179890164657],[-80.96234342192469,29.05579239187758],[-80.96641623408478,29.060140642518952],[-80.97194650481828,29.061549405307446]]]}"
00000000000000000190,174.3223140495868,149.31955922865015,54.28512396694216,4369.02479338843,323.267217630854,50.54269972451792,272.72451790633613,128.1818181818182,228.4752066115703,234.9986225895317,124.10192837465569,327.9641873278237,58.977961432506895,4.002754820936639,73.67355371900828,168.73415977961434,16.10881542699725,24.65702479338843,159.2865013774105,0,401,Culex quinquefasciatus,2018.0,"{""type"":""Polygon"",""coordinates"":[[[-117.60814817408338,33.86724746543556],[-117.61457776766572,33.86549251967119],[-117.61849926450583,33.86091228115798],[-117.61838350748738,33.85529331338272],[-117.61427633101648,33.85082700396122],[-117.60777971533724,33.849254937389034],[-117.60142675908118,33.8511900658826],[-117.59769458928177,33.855877874399496],[-117.59803902211281,33.86149038103202],[-117.60232641479837,33.86583867910891],[-117.60814817408338,33.86724746543556]]]}"
00000000000000000192,214.86705202312135,109.85838150289015,45.278901734104046,4682.208092485549,325.0,85.34248554913295,239.65751445086704,269.1416184971098,162.42052023121386,269.5881502890173,151.1329479768786,1293.7052023121387,178.2543352601156,55.53612716763005,43.86705202312138,524.4306358381502,181.41473988439304,508.76589595375725,203.47254335260112,0,403,Culex quinquefasciatus,2018.0,"{""type"":""Polygon"",""coordinates"":[[[-81.09644906533154,28.96194646507662],[-81.1025508560765,28.960191548587495],[-81.10627251391655,28.95561135667598],[-81.10616276965824,28.949992387213996],[-81.10226496288564,28.94552603019768],[-81.09609938022041,28.943953937126246],[-81.09007014384615,28.945889097517604],[-81.0865282443869,28.950576951428385],[-81.0868552338947,28.95618945304441],[-81.09092412332559,28.96053770275165],[-81.09644906533154,28.96194646507662]]]}"
00000000000000000194,173.12362637362634,148.40247252747253,53.79120879120879,4438.524725274725,323.0700549450549,49.82142857142858,273.2486263736264,126.02197802197801,228.37362637362637,234.7967032967033,122.021978021978,346.5892857142857,63.53846153846153,3.7912087912087906,76.89835164835165,181.35302197802199,15.223901098901099,23.46840659340659,171.83791208791206,0,405,Culex quinquefasciatus,2018.0,"{""type"":""Polygon"",""coordinates"":[[[-117.59155139996246,33.850646232213585],[-117.59797974383504,33.848891286553716],[-117.60190047880772,33.84431104820686],[-117.60178474470646,33.83869208042559],[-117.5976783664344,33.83422577083419],[-117.59118301278917,33.832653704167406],[-117.58483129068614,33.834588832774834],[-117.58109984627045,33.839276641453786],[-117.58144421259482,33.844889148068404],[-117.58573077225815,33.84923744597262],[-117.59155139996246,33.850646232213585]]]}"
000000000000000001b9,180.30949105914712,158.8899587345254,53.0,4812.632737276478,343.4016506189821,46.0,297.40165061898205,129.68363136176063,240.9312242090784,245.9546079779917,123.71114167812925,261.71664374140295,48.29436038514443,2.041265474552957,77.51994497936725,139.72214580467673,11.041265474552956,19.04126547455295,129.36588720770285,0,442,Culex quinquefasciatus,2018.0,"{""type"":""Polygon"",""coordinates"":[[[-117.3840471324403,33.9502491724444],[-117.39048298964018,33.94849422615691],[-117.3944083050041,33.94391398681098],[-117.39429243312355,33.93829501906589],[-117.39018125603414,33.93382871049484],[-117.38367831496676,33.93225664439616],[-117.37731917306394,33.93419177231977],[-117.3735833675994,33.93887958002553],[-117.37392813376594,33.94449208674767],[-117.3782197016072,33.94884038568887],[-117.3840471324403,33.9502491724444]]]}"
000000000000000001be,180.06473829201107,154.92699724517908,54.727272727272734,4367.553719008265,330.8126721763085,50.11845730027548,280.694214876033,134.81955922865015,213.84297520661158,240.01101928374655,128.04958677685948,269.9256198347108,46.41597796143252,4.522038567493113,65.70661157024794,132.36363636363637,19.039944903581265,27.517906336088156,124.24517906336091,0,447,Culex quinquefasciatus,2018.0,"{""type"":""Polygon"",""coordinates"":[[[-117.59155139996243,33.950249172444416],[-117.59798725716226,33.94849422615691],[-117.60191257252625,33.94391398681098],[-117.60179670064568,33.93829501906589],[-117.59768552355624,33.93382871049484],[-117.59118258248887,33.93225664439616],[-117.58482344058608,33.934191772319764],[-117.58108763512152,33.93887958002553],[-117.58143240128807,33.94449208674767],[-117.58572396912929,33.94884038568887],[-117.59155139996243,33.950249172444416]]]}"
000000000000000001c7,178.25517241379308,155.45793103448273,54.25931034482759,4464.132413793104,331.0551724137931,48.35172413793103,282.70344827586206,131.41241379310344,215.38896551724142,239.56689655172417,125.80965517241378,258.5186206896552,40.651034482758625,5.213793103448276,57.98206896551725,118.96275862068966,22.166896551724136,31.30620689655172,111.81517241379309,0,456,Culex quinquefasciatus,2018.0,"{""type"":""Polygon"",""coordinates"":[[[-117.55005054645802,33.90874831893998],[-117.5564832686369,33.90699337291417],[-117.56040667278064,33.902413133984815],[-117.56029085838998,33.89679416622463],[-117.5561816836615,33.89232785722815],[-117.54968190853214,33.89075579089259],[-117.54332586262501,33.89269091910132],[-117.53959187685753,33.89737872721285],[-117.53993647618533,33.902991233890155],[-117.54422595430752,33.90733953239899],[-117.55005054645802,33.90874831893998]]]}"
000000000000000001f1,172.80275862068964,149.80275862068964,50.0,5098.997241379311,330.3103448275862,35.0,295.31034482758616,119.67862068965516,237.9889655172414,242.80275862068962,112.9641379310345,310.76551724137926,59.56413793103448,2.0,83.89793103448275,170.6358620689655,10.0,19.0,162.6358620689655,0,498,Culex quinquefasciatus,2018.0,"{""type"":""Polygon"",""coordinates"":[[[-117.30934827159301,33.65974765701451],[-117.31576231844961,33.65799271255348],[-117.31967433745483,33.65341247611496],[-117.31955886553395,33.64779350826457],[-117.31546161887061,33.64332719672419],[-117.30898070323262,33.64175512897227],[-117.3026431001704,33.64369025888589],[-117.29891995433958,33.648378069423714],[-117.29926355981135,33.653990575832935],[-117.30354058947727,33.65833887175643],[-117.30934827159301,33.65974765701451]]]}"
00000000000000000205,179.21320495185694,156.91746905089408,54.0,4572.367262723521,334.9050894085282,47.0,287.9050894085282,131.56671251719396,215.808803301238,241.90508940852823,125.21870701513068,248.11141678129297,39.667125171939475,4.59009628610729,61.74690508940852,117.42365887207701,19.580467675378266,28.54195323246217,109.62723521320495,0,518,Culex quinquefasciatus,2018.0,"{""type"":""Polygon"",""coordinates"":[[[-117.48365007267114,33.90874831893998],[-117.49008279485004,33.90699337291417],[-117.49400619899376,33.902413133984815],[-117.4938903846031,33.89679416622463],[-117.48978120987462,33.89232785722815],[-117.48328143474528,33.8907557908926],[-117.47692538883815,33.89269091910132],[-117.47319140307067,33.89737872721285],[-117.47353600239845,33.902991233890155],[-117.47782548052064,33.90733953239899],[-117.48365007267114,33.90874831893998]]]}"
00000000000000000228,181.50956284153006,156.77868852459017,54.269125683060125,4498.6120218579235,336.01912568306017,50.11612021857925,285.90300546448094,134.4234972677596,229.74453551912572,243.28825136612025,128.11612021857925,273.65027322404376,48.0792349726776,4.0,68.45491803278689,137.31284153005464,17.36475409836066,25.36475409836066,128.58196721311478,0,553,Culex quinquefasciatus,2018.0,"{""type"":""Polygon"",""coordinates"":[[[-117.5583489335185,33.98344717978731],[-117.56478730316654,33.9816922332903],[-117.56871415020831,33.97711199361087],[-117.56859823225466,33.97149302587784],[-117.56448545044604,33.96702671764743],[-117.55797997215296,33.96545465173838],[-117.55161834907723,33.9673897794337],[-117.5478810852828,33.9720775868146],[-117.54822598515628,33.97769009357263],[-117.55251922772668,33.982038392860005],[-117.5583489335185,33.98344717978731]]]}"
0000000000000000022b,167.33980582524273,150.19694868238557,50.34119278779473,5149.854368932039,329.45908460471566,34.34812760055478,295.1109570041609,112.85436893203882,232.93342579750342,238.50208044382802,107.62690707350902,376.87378640776694,74.23023578363384,2.0,84.4521497919556,207.34535367545075,10.0,19.0,197.57975034674067,0,556,Culex quinquefasciatus,2018.0,"{""type"":""Polygon"",""coordinates"":[[[-117.292747038371,33.692945664357424],[-117.29916356185069,33.691190719688294],[-117.3030770906929,33.68661048291851],[-117.30296157335525,33.680991515080116],[-117.29886274485467,33.67652520387804],[-117.29237932817047,33.6749531363145],[-117.28603927931552,33.676888266001384],[-117.28231469594931,33.68157607621652],[-117.28265843322076,33.6871885826614],[-117.28693711373532,33.691536878928716],[-117.292747038371,33.692945664357424]]]}"
00000000000000000234,211.0,118.61070911722145,47.0,4846.286541244573,326.10419681620834,74.5369030390738,251.56729377713464,268.05209840810426,156.70477568740955,268.05209840810426,145.24312590448628,1355.125904486252,189.73371924746746,62.0,43.02894356005789,548.3328509406657,196.27206946454416,548.3328509406657,222.21997105644,0,565,Culex quinquefasciatus,2018.0,"{""type"":""Polygon"",""coordinates"":[[[-81.32055010697458,29.103050258811855],[-81.32666024359406,29.10129534152148],[-81.33038698929019,29.096715148334464],[-81.3302770918823,29.09109617891863],[-81.32637395456443,29.086629823204994],[-81.32019994389265,29.085057730858853],[-81.31416246569803,29.086992890377154],[-81.31061572195252,29.091680743045497],[-81.31094315550018,29.09729324479886],[-81.31501760798551,29.10164149582998],[-81.32055010697458,29.103050258811855]]]}"
0000000000000000023f,180.96853625171002,155.66210670314638,54.43091655266759,4416.756497948017,332.4623803009576,50.0,282.46238030095753,134.26265389876878,214.77017783857733,241.19972640218884,128.0,266.77701778385773,45.294117647058826,4.510259917920656,65.01915184678523,130.00410396716828,19.36388508891929,27.85362517099863,121.96580027359782,0,576,Culex quinquefasciatus,2018.0,"{""type"":""Polygon"",""coordinates"":[[[-117.57495016674045,33.95854755950487],[-117.58138665158161,33.95679261316502],[-117.58531234957802,33.952212373735755],[-117.58519646618784,33.946593405993674],[-117.58108488821928,33.94212709750776],[-117.57458131332085,33.940555031456455],[-117.56822155158973,33.942490159323015],[-117.56448538181594,33.94717796694759],[-117.56483018138417,33.952790473678704],[-117.56912216759392,33.95713877270641],[-117.57495016674045,33.95854755950487]]]}"
00000000000000000243,173.4217032967033,148.90384615384613,53.7087912087912,4461.515109890111,323.9684065934066,49.07417582417582,274.8942307692308,125.99038461538461,228.6771978021978,235.19093406593404,121.9903846153846,338.7225274725274,61.66483516483516,4.0,76.31318681318682,176.72664835164835,15.56043956043956,23.78708791208791,167.02884615384616,0,580,Culex quinquefasciatus,2018.0,"{""type"":""Polygon"",""coordinates"":[[[-117.57495016674045,33.850646232213585],[-117.58137851061306,33.848891286553716],[-117.58529924558577,33.84431104820686],[-117.58518351148452,33.83869208042559],[-117.58107713321242,33.83422577083419],[-117.5745817795672,33.832653704167406],[-117.56823005746416,33.834588832774834],[-117.56449861304844,33.83927664145379],[-117.56484297937286,33.844889148068404],[-117.56912953903618,33.84923744597262],[-117.57495016674045,33.850646232213585]]]}"
00000000000000000247,179.0698630136986,152.69999999999996,55.0,4276.842465753424,326.2479452054794,50.54520547945205,275.70273972602735,133.91095890410958,211.245205479452,237.4917808219178,128.0,264.98356164383557,44.784931506849304,5.0,63.510958904109586,128.20547945205476,19.972602739726028,27.97260273972602,120.29452054794518,0,584,Culex quinquefasciatus,2018.0,"{""type"":""Polygon"",""coordinates"":[[[-117.60814817408335,33.9170511651015],[-117.61458152295407,33.91529621902335],[-117.61850530915137,33.91071598001068],[-117.61838948326847,33.90509701225352],[-117.61427990826732,33.900630703342124],[-117.60777950026583,33.89905863705393],[-117.60142283546809,33.90099376520564],[-117.59768848594248,33.905681573236016],[-117.5980331186214,33.91129407992229],[-117.60232301447917,33.915642378517596],[-117.60814817408335,33.9170511651015]]]}"
00000000000000000254,181.04663923182443,159.54869684499315,53.0,4820.59670781893,344.5486968449931,46.510288065843625,298.0384087791495,131.04663923182443,241.96433470507546,247.0,124.0466392318244,261.60356652949247,48.20850480109739,2.0,77.61865569272976,140.11522633744855,11.0,19.0,129.40603566529492,0,597,Culex quinquefasciatus,2018.0,"{""type"":""Polygon"",""coordinates"":[[[-117.3840471324403,33.97514879272684],[-117.39048487367421,33.97339384628222],[-117.39441133761235,33.96881360668618],[-117.39429543118248,33.963194638950135],[-117.39018305074666,33.95872833063456],[-117.38367820706509,33.95715626467808],[-117.37731720458093,33.959091392430494],[-117.37358030554437,33.96377919989261],[-117.373925171975,33.96939170664167],[-117.37821799566173,33.97374000584248],[-117.3840471324403,33.97514879272684]]]}"
00000000000000000263,178.4471879286694,158.2126200274348,52.92181069958847,4897.825788751714,343.38683127572017,45.30589849108368,298.08093278463645,126.98079561042525,240.14128943758573,245.68312757201645,120.68175582990398,281.9286694101509,54.27297668038408,2.0,80.23868312757202,153.18792866941016,10.12482853223594,18.12482853223594,142.6255144032922,0,612,Culex quinquefasciatus,2018.0,"{""type"":""Polygon"",""coordinates"":[[[-117.35085358419848,33.958547559504865],[-117.3572900690396,33.95679261316502],[-117.36121576703604,33.952212373735755],[-117.36109988364585,33.946593405993674],[-117.35698830567729,33.94212709750776],[-117.3504847307789,33.940555031456455],[-117.34412496904777,33.94249015932301],[-117.34038879927398,33.947177966947585],[-117.34073359884222,33.952790473678704],[-117.34502558505191,33.95713877270641],[-117.35085358419848,33.958547559504865]]]}"
00000000000000000270,182.65157750342937,160.0,53.0,4847.024691358025,346.7489711934156,47.45267489711934,299.29629629629625,132.05898491083676,243.99451303155004,248.99451303155007,125.44718792866941,259.33607681755825,48.37174211248285,2.0,78.3127572016461,138.74897119341566,11.0,19.0,129.11522633744855,0,625,Culex quinquefasciatus,2018.0,"{""type"":""Polygon"",""coordinates"":[[[-117.37574874537984,34.00835125917081],[-117.38218900249382,34.00659631251652],[-117.38611700020205,34.00201607258673],[-117.38600104763617,33.99639710486277],[-117.3818870602892,33.991930796888056],[-117.37537967591611,33.99035873112137],[-117.3690161888698,33.992293858645326],[-117.36527782951136,33.99698166578235],[-117.3656228298316,34.00259417256733],[-117.36991733053513,34.00694247211456],[-117.37574874537984,34.00835125917081]]]}"
00000000000000000278,178.0,155.5610425240055,54.91906721536351,4393.87242798354,329.23045267489715,47.552812071330585,281.67764060356654,131.9190672153635,211.86145404663918,238.3333333333333,125.91906721536351,244.96296296296293,35.982167352537715,5.919067215363512,50.90534979423868,106.55144032921811,24.53772290809328,35.01783264746228,100.25102880658434,0,633,Culex quinquefasciatus,2018.0,"{""type"":""Polygon"",""coordinates"":[[[-117.55834893351847,33.892147085718],[-117.56478040342128,33.89039213979681],[-117.568703044133,33.88581190103397],[-117.56858725270656,33.88019293326776],[-117.56447887781603,33.87572662410121],[-117.55798036731245,33.87415455767097],[-117.55162555809285,33.87608968599367],[-117.54789229919868,33.880777494267406],[-117.5482368318832,33.8863900009268],[-117.55252547527247,33.890738299262786],[-117.55834893351847,33.892147085718]]]}"
00000000000000000280,211.0,117.10434782608695,46.0,4867.959420289854,326.4086956521739,75.30434782608695,251.10434782608695,268.34202898550717,156.89565217391302,268.4333333333333,145.23768115942028,1336.3115942028983,184.52318840579707,62.0,42.0,532.6028985507246,196.69565217391303,531.8289855072463,221.3913043478261,0,641,Culex quinquefasciatus,2018.0,"{""type"":""Polygon"",""coordinates"":[[[-81.30394887375259,29.161147886437202],[-81.31006246410027,29.15939296881628],[-81.31379131527768,29.154812775103093],[-81.31368135449422,29.149193805706282],[-81.30977601126519,29.144727450530045],[-81.30359851287442,29.14315535848311],[-81.29755762400941,29.145090517641247],[-81.29400887557895,29.149778369797044],[-81.29433649288282,29.155390871607057],[-81.29841324749803,29.159739123184323],[-81.30394887375259,29.161147886437202]]]}"
00000000000000000281,180.29476584022044,155.00964187327827,54.287878787878796,4387.052341597797,331.45592286501386,50.0,281.45592286501386,134.45179063360885,214.05234159779616,240.2947658402204,128.0,265.9449035812673,45.100550964187335,4.8429752066115705,64.85537190082644,129.34848484848487,19.69559228650138,27.852617079889804,121.34848484848487,0,642,Culex quinquefasciatus,2018.0,"{""type"":""Polygon"",""coordinates"":[[[-117.58325301290199,33.950249172444416],[-117.5896888701018,33.94849422615691],[-117.59361418546578,33.94391398681098],[-117.59349831358521,33.93829501906589],[-117.58938713649577,33.93382871049484],[-117.5828841954284,33.93225664439616],[-117.57652505352561,33.934191772319764],[-117.57278924806106,33.93887958002553],[-117.5731340142276,33.94449208674767],[-117.57742558206881,33.94884038568887],[-117.58325301290199,33.950249172444416]]]}"
00000000000000000291,182.00549450549454,158.0,54.0,4588.541208791209,339.4189560439561,49.34340659340659,290.0755494505495,134.0,218.00549450549448,244.96291208791212,127.58653846153848,256.9766483516484,43.83516483516484,4.0,67.08928571428572,127.88736263736264,17.005494505494507,25.248626373626376,118.92445054945055,0,658,Culex quinquefasciatus,2018.0,"{""type"":""Polygon"",""coordinates"":[[[-117.49195291883268,33.97514879272684],[-117.49839066006656,33.97339384628222],[-117.50231712400468,33.96881360668618],[-117.50220121757485,33.963194638950135],[-117.49808883713901,33.958728330634564],[-117.49158399345744,33.95715626467808],[-117.48522299097331,33.9590913924305],[-117.4814860919367,33.96377919989261],[-117.48183095836737,33.96939170664168],[-117.48612378205411,33.97374000584249],[-117.49195291883268,33.97514879272684]]]}"
000000000000000002a6,180.73553719008268,156.0537190082645,54.757575757575765,4423.871900826446,332.5950413223141,49.94490358126722,282.6501377410468,133.83471074380165,214.6501377410469,241.20385674931134,128.00413223140495,260.6818181818182,43.20798898071626,5.0,63.108815426997246,125.07438016528928,20.0,28.22727272727273,117.24655647382922,0,679,Culex quinquefasciatus,2018.0,"{""type"":""Polygon"",""coordinates"":[[[-117.56665177967999,33.9502491724444],[-117.57308763687985,33.94849422615691],[-117.57701295224378,33.94391398681098],[-117.57689708036324,33.93829501906589],[-117.57278590327383,33.93382871049485],[-117.56628296220642,33.932256644396155],[-117.55992382030362,33.934191772319764],[-117.55618801483908,33.93887958002553],[-117.55653278100563,33.94449208674767],[-117.56082434884686,33.94884038568887],[-117.56665177967999,33.9502491724444]]]}"
000000000000000002ba,233.0,113.0,52.0,3821.8607407407408,330.0429629629629,115.05185185185184,214.99111111111108,276.7644444444445,191.0,277.0429629629629,181.0,1331.939259259259,223.5037037037037,39.0,67.0,648.4014814814816,132.0,631.9407407407408,145.0,0,699,Culex quinquefasciatus,2018.0,"{""type"":""Polygon"",""coordinates"":[[[-81.93475560427832,26.496848384306464],[-81.94072092730859,26.495093481479397],[-81.94435939172756,26.490513311316274],[-81.94425215259656,26.484894341067708],[-81.94044150810063,26.48042796183951],[-81.93441373462069,26.47885585640095],[-81.92851926309478,26.4807910316789],[-81.92505657499943,26.485478906774322],[-81.92537630472906,26.491091406048636],[-81.92935423044733,26.495439633182503],[-81.93475560427832,26.496848384306464]]]}"
000000000000000002c3,213.0,108.44300144300145,45.0,4738.391053391053,323.0,83.76046176046175,239.2395382395383,268.7864357864358,160.8860028860029,268.7864357864358,149.25252525252526,1265.1890331890334,173.0,59.91197691197693,40.082251082251084,490.66955266955273,190.91197691197692,474.13852813852816,206.91197691197695,0,708,Culex quinquefasciatus,2018.0,"{""type"":""Polygon"",""coordinates"":[[[-81.06324659888759,29.127949879094306],[-81.06935821446679,29.126194961662307],[-81.0730858617746,29.121614768249852],[-81.07297593722784,29.115995798842164],[-81.06907185529202,29.11152944335878],[-81.06289635110512,29.109957351140828],[-81.05685741238922,29.111892510504816],[-81.05330981019506,29.11658036295356],[-81.05363732243094,29.12219286473119],[-81.05771276073706,29.126541115996318],[-81.06324659888759,29.127949879094306]]]}"
000000000000000002ce,182.45953360768178,158.0,53.319615912208505,4688.495198902608,343.23319615912214,50.644718792866946,292.5884773662552,133.09190672153636,241.3251028806585,246.93827160493828,127.46502057613169,276.2770919067215,49.96159122085048,3.0,73.57613168724279,144.32647462277092,14.0,22.0,134.14128943758573,0,719,Culex quinquefasciatus,2018.0,"{""type"":""Polygon"",""coordinates"":[[[-117.46704883944915,34.00835125917081],[-117.47348909656311,34.00659631251652],[-117.47741709427135,34.00201607258673],[-117.47730114170548,33.99639710486277],[-117.47318715435848,33.99193079688805],[-117.46667976998542,33.99035873112137],[-117.46031628293909,33.992293858645326],[-117.45657792358067,33.99698166578234],[-117.45692292390092,34.00259417256733],[-117.46121742460443,34.00694247211455],[-117.46704883944915,34.00835125917081]]]}"
000000000000000002d6,178.90784044016507,152.91746905089408,55.0,4283.635488308116,326.51994497936727,50.04676753782668,276.4731774415406,133.52957359009628,211.08528198074276,237.2462173314993,127.95598349381018,259.0674002751032,42.92847317744153,5.0,62.19394773039889,123.36313617606602,20.052269601100413,28.46217331499312,116.19119669876203,0,727,Culex quinquefasciatus,2018.0,"{""type"":""Polygon"",""coordinates"":[[[-117.59985424612394,33.90874831893998],[-117.60628696830285,33.90699337291418],[-117.61021037244655,33.902413133984815],[-117.6100945580559,33.89679416622463],[-117.60598538332741,33.89232785722815],[-117.59948560819807,33.8907557908926],[-117.59312956229094,33.89269091910132],[-117.58939557652346,33.89737872721285],[-117.58974017585125,33.90299123389016],[-117.59402965397344,33.90733953239899],[-117.59985424612394,33.90874831893998]]]}"
000000000000000002da,178.06575342465752,152.57534246575338,55.0,4299.413698630137,326.0602739726027,50.04794520547945,276.0123287671233,132.52876712328765,210.58082191780818,236.68630136986297,127.37945205479451,265.33561643835617,43.64657534246575,5.0,61.75479452054794,125.64657534246575,20.86712328767123,29.28219178082192,118.61506849315069,0,731,Culex quinquefasciatus,2018.0,"{""type"":""Polygon"",""coordinates"":[[[-117.59985424612394,33.90044993187952],[-117.60628634220451,33.89869498590602],[-117.61020936465647,33.89411474705989],[-117.6100935617472,33.8884957792967],[-117.60598478691229,33.884029470215204],[-117.59948564405575,33.88245740383231],[-117.5931302164531,33.88439253209802],[-117.58939659409924,33.889080340290626],[-117.58974116010752,33.89469284695898],[-117.59403022088972,33.89904114538142],[-117.59985424612394,33.90044993187952]]]}"
00000000000000000306,169.23698630136985,154.9904109589041,51.0,5159.17397260274,337.9904109589041,36.33424657534246,301.65616438356165,114.44246575342466,234.8082191780822,240.86438356164382,109.55753424657532,373.56849315068484,77.45205479452055,2.0,85.45616438356164,206.46849315068488,10.0,18.0,197.45890410958904,0,775,Culex quinquefasciatus,2018.0,"{""type"":""Polygon"",""coordinates"":[[[-117.32594950481501,33.900449931879514],[-117.33238160089559,33.89869498590601],[-117.33630462334752,33.89411474705989],[-117.33618882043825,33.88849577929669],[-117.33208004560336,33.8840294702152],[-117.32558090274676,33.882457403832305],[-117.31922547514418,33.88439253209802],[-117.31549185279029,33.889080340290626],[-117.31583641879855,33.894692846958975],[-117.32012547958077,33.89904114538141],[-117.32594950481501,33.900449931879514]]]}"
00000000000000000313,179.00137362637366,153.19780219780225,55.0,4294.943681318682,327.09340659340666,50.04670329670331,277.04670329670336,133.9409340659341,211.52060439560444,237.86538461538467,128.0,261.50000000000006,43.41346153846154,5.0,62.979395604395606,125.05631868131869,20.10302197802198,28.409340659340664,117.42170329670331,0,788,Culex quinquefasciatus,2018.0,"{""type"":""Polygon"",""coordinates"":[[[-117.59985424612394,33.9170511651015],[-117.60628759499467,33.915296219023354],[-117.61021138119197,33.910715980010686],[-117.61009555530907,33.90509701225352],[-117.6059859803079,33.90063070334213],[-117.59948557230642,33.89905863705394],[-117.59312890750867,33.90099376520564],[-117.58939455798308,33.90568157323602],[-117.58973919066202,33.9112940799223],[-117.59402908651978,33.9156423785176],[-117.59985424612394,33.9170511651015]]]}"
00000000000000000316,180.30357142857144,154.4725274725275,54.69642857142858,4372.6785714285725,331.21428571428584,51.0,280.2142857142858,134.4986263736264,234.30357142857144,240.6071428571429,128.97115384615387,281.7953296703297,50.2651098901099,4.0,69.64148351648352,142.34615384615387,17.0,25.0,133.8021978021978,0,791,Culex quinquefasciatus,2018.0,"{""type"":""Polygon"",""coordinates"":[[[-117.60814817408335,33.96685040566638],[-117.61458528716074,33.96509545927414],[-117.61851136815234,33.96051521976147],[-117.61839547324158,33.9548962520224],[-117.6142834940139,33.95042994362167],[-117.60777928468367,33.94885787761779],[-117.60141890253666,33.95079300542727],[-117.59768236810832,33.955480812970606],[-117.59802720110989,33.96109331971069],[-117.60231960608466,33.96544161882497],[-117.60814817408335,33.96685040566638]]]}"
00000000000000000324,175.70784641068448,126.7161936560935,73.75125208681136,1101.7629382303842,253.8063439065109,83.2153589315526,170.5909849749583,183.2103505843072,158.46410684474125,186.31886477462444,158.46410684474125,2515.6611018363947,467.17362270450764,17.414023372287147,81.4924874791319,1194.3756260434059,58.99332220367279,913.6243739565945,58.99332220367279,0,805,Culex quinquefasciatus,2018.0,"{""type"":""Polygon"",""coordinates"":[[[-92.09394782984933,15.100951236168552],[-92.09947753633526,15.099196390219202],[-92.1028504653338,15.094616310602024],[-92.10275125290129,15.088997337082704],[-92.09921883013503,15.084530865378754],[-92.09363090462104,15.082958708449864],[-92.08816656629567,15.084893945707815],[-92.08495672530304,15.089581909001625],[-92.0852533129426,15.095194398522572],[-92.08894089720015,15.099542531676377],[-92.09394782984933,15.100951236168552]]]}"
00000000000000000116,196.0,111.0,40.12121212121211,6100.730158730157,321.13131313131305,50.12121212121211,271.0101010101009,267.6219336219336,159.0,270.0,115.55266955266951,1546.8369408369406,198.50072150072143,85.94516594516593,28.0,546.8658008658009,292.9451659451659,539.0014430014429,345.5685425685425,0,279,Culex quinquefasciatus,2019.0,"{""type"":""Polygon"",""coordinates"":[[[-86.08474731359827,30.323149489055726],[-86.09093215671795,30.321394564743247],[-86.0947044455577,30.31681436037802],[-86.0945931774681,30.31119539136662],[-86.09064232474053,30.306729047069425],[-86.08439287203034,30.30515696107965],[-86.07828161842833,30.307092112946645],[-86.07469151196467,30.311779954726504],[-86.07502292046897,30.317392457683297],[-86.07914716972677,30.321740720316686],[-86.08474731359827,30.323149489055726]]]}"
0000000000000000011b,218.0,120.0,49.0,4634.014556040756,327.0,85.07569141193595,241.92430858806406,271.9796215429403,193.39446870451232,271.9796215429403,154.88937409024743,1375.3886462882094,222.0,53.2867540029112,50.39446870451236,598.0320232896652,180.63173216885005,598.0320232896652,235.95342066957787,0,284,Culex quinquefasciatus,2019.0,"{""type"":""Polygon"",""coordinates"":[[[-82.49085455575461,28.447348367104755],[-82.49692641264251,28.44559345351942],[-82.50062982208375,28.441013266230378],[-82.50052062716642,28.43539429660118],[-82.49664193926328,28.43092793486388],[-82.49050658495996,28.42935583916391],[-82.48450690916451,28.4312910027193],[-82.48098238453443,28.435978861132728],[-82.48130778146705,28.44159136225108],[-82.48535671811807,28.445939607160497],[-82.49085455575461,28.447348367104755]]]}"
0000000000000000016e,196.0,108.81614349775785,39.816143497757835,6153.955156950672,321.0,50.0,271.0,268.0,158.0,270.0,114.81614349775785,1534.64798206278,191.2286995515695,82.81614349775784,28.0,542.1995515695066,290.81614349775776,528.1995515695066,342.6322869955157,0,367,Culex quinquefasciatus,2019.0,"{""type"":""Polygon"",""coordinates"":[[[-86.24244788145444,30.364650342560143],[-86.24863534736323,30.362895418005778],[-86.25240923513255,30.35831521325549],[-86.25229791892718,30.35269624425803],[-86.24834539100978,30.34822990035409],[-86.24209328967717,30.346657814583274],[-86.23597944596531,30.348592966186708],[-86.23238781712678,30.353280807591485],[-86.23271936518981,30.35889331058973],[-86.23684536271269,30.363241573622794],[-86.24244788145444,30.364650342560143]]]}"
00000000000000000173,195.7204783258595,110.98953662182362,40.0,6149.90134529148,322.1928251121076,49.0,273.1928251121076,268.0,157.745889387145,270.203288490284,114.7713004484305,1537.8086696562034,191.84155455904335,83.7100149476831,27.010463378176382,538.9730941704036,290.796711509716,527.6831091180867,344.593423019432,0,372,Culex quinquefasciatus,2019.0,"{""type"":""Polygon"",""coordinates"":[[[-86.22585110733351,30.414449583125027],[-86.2320417277032,30.412694658280124],[-86.23581753852528,30.408114453067345],[-86.23570616445097,30.40249548408662],[-86.23175162176189,30.398029140655034],[-86.22549633489757,30.39645705514721],[-86.21937937602779,30.398392206434067],[-86.21578591621012,30.40308004738835],[-86.21611763212267,30.408692550436385],[-86.22024573230595,30.413040813949472],[-86.22585110733351,30.414449583125027]]]}"
0000000000000000017f,219.19825072886294,110.0,46.27259475218659,4533.113702623907,327.0,92.27259475218658,234.7274052478134,272.0,168.41836734693877,272.0,157.43731778425652,1274.137026239067,186.31924198250726,52.72594752186588,48.998542274052475,541.33527696793,163.81924198250726,539.2084548104956,190.70699708454808,0,384,Culex quinquefasciatus,2019.0,"{""type"":""Polygon"",""coordinates"":[[[-81.19605200556236,28.605048934960916],[-81.20213295244235,28.603294020488736],[-81.20584190335487,28.598713831787943],[-81.20573254161187,28.593094862209806],[-81.20184804789785,28.588628501914354],[-81.19570351418332,28.587056407017165],[-81.1896948617611,28.588991569606222],[-81.18616506093016,28.59367942664449],[-81.18649094147081,28.599291927914837],[-81.19054593716189,28.60364017428957],[-81.19605200556236,28.605048934960916]]]}"
00000000000000000183,220.00875912408756,117.84379562043793,48.843795620437945,4531.043795620438,329.0087591240876,88.86131386861312,240.14744525547445,272.48613138686125,169.05693430656933,272.4948905109489,158.0087591240876,1236.4248175182481,187.51824817518246,50.6,49.0,533.5007299270072,168.91094890510948,522.0759124087591,195.56350364963498,0,388,Culex quinquefasciatus,2019.0,"{""type"":""Polygon"",""coordinates"":[[[-81.50315029511319,28.46394960032674],[-81.50922310546422,28.462194686648168],[-81.51292709615855,28.45761449921071],[-81.5128178837423,28.45199552958688],[-81.50893858685889,28.44752916800116],[-81.50280226971368,28.44595707238559],[-81.4968016523467,28.447892235839387],[-81.49327657428789,28.45258009410825],[-81.49360202194657,28.458192595242576],[-81.49765159413927,28.462540840306044],[-81.50315029511319,28.46394960032674]]]}"
00000000000000000289,195.88108882521487,112.47134670487104,40.720630372492835,6136.663323782234,322.0830945558739,48.72063037249284,273.3624641833811,267.13037249283667,157.8810888252149,270.13037249283667,114.7320916905444,1547.6146131805156,196.7507163323782,85.75071633237822,27.851002865329512,542.5472779369627,292.62034383954153,535.5773638968482,347.5014326647564,0,650,Culex quinquefasciatus,2019.0,"{""type"":""Polygon"",""coordinates"":[[[-86.11794978004222,30.381247116681077],[-86.12413829637308,30.379492192029907],[-86.12791282451073,30.374911987125543],[-86.12780148903519,30.369293018133657],[-86.1238482902074,30.364826674387093],[-86.11759512810639,30.36325458870388],[-86.11148024706027,30.365189740201856],[-86.10788800851348,30.369877581456542],[-86.10821961246963,30.37549008447137],[-86.11234631016944,30.379838347664368],[-86.11794978004222,30.381247116681077]]]}"
000000000000000002b3,220.0,110.0,47.0,4493.807860262007,327.0,93.0,234.0,272.0,169.43522561863168,272.0,158.806404657933,1274.2183406113534,187.69723435225615,53.0,49.0,544.8646288209605,164.2023289665211,541.1470160116446,189.99126637554582,0,692,Culex quinquefasciatus,2019.0,"{""type"":""Polygon"",""coordinates"":[[[-81.20435485172388,28.571850927618016],[-81.21043387895409,28.57009601333275],[-81.21414165960283,28.5655158249295],[-81.21403233308996,28.559896855340604],[-81.21014906546336,28.555430494741266],[-81.20400647028336,28.55385839967488],[-81.19799971357102,28.555793562467606],[-81.1944710269829,28.560481419795707],[-81.19479680539324,28.566093921034014],[-81.19885052151896,28.570442167099916],[-81.20435485172388,28.571850927618016]]]}"
000000000000000002fa,219.00145772594752,119.0,48.0,4618.880466472303,330.08600583090384,86.45772594752188,243.62827988338196,272.79300291545195,194.45772594752188,272.79300291545195,155.45772594752188,1247.607871720117,183.11807580174928,51.34548104956269,48.371720116618086,536.7740524781342,177.3411078717201,536.7740524781342,205.59475218658895,0,763,Culex quinquefasciatus,2019.0,"{""type"":""Polygon"",""coordinates"":[[[-81.64424962974736,28.563548081456492],[-81.65032817738016,28.561793167217967],[-81.65403566565504,28.557212978889098],[-81.65392634794397,28.55159400929751],[-81.650043386638,28.547127648622194],[-81.64390127577342,28.545555553513516],[-81.63789499267737,28.547490716357157],[-81.63436658446709,28.55217857375772],[-81.63469233736167,28.557791074988017],[-81.63874573380609,28.56213932097671],[-81.64424962974736,28.563548081456492]]]}"
00000000000000000332,219.0,112.81778425655976,47.0,4556.741982507288,327.8731778425656,90.3527696793003,237.5204081632653,272.0,168.0,272.46647230320696,157.53790087463554,1269.6107871720117,195.18513119533523,48.572886297376094,48.75947521865889,536.631195335277,157.5728862973761,534.1851311953353,192.0,0,819,Culex quinquefasciatus,2019.0,"{""type"":""Polygon"",""coordinates"":[[[-81.32055010697458,28.605048934960916],[-81.32663105385457,28.603294020488736],[-81.33034000476708,28.598713831787943],[-81.33023064302408,28.593094862209806],[-81.32634614931006,28.588628501914354],[-81.32020161559554,28.587056407017158],[-81.31419296317331,28.588991569606225],[-81.31066316234238,28.59367942664449],[-81.31098904288301,28.599291927914837],[-81.31504403857409,28.603640174289566],[-81.32055010697458,28.605048934960916]]]}"
00000000000000000156,223.0,112.01321585903082,48.0,4413.861967694566,327.0,96.33920704845815,230.66079295154185,274.0,174.12334801762114,274.0,162.33920704845818,1309.9177679882525,230.68869309838476,34.0,60.22907488986785,621.1086637298091,170.11747430249633,621.1086637298091,200.09397944199708,0,343,Culex quinquefasciatus,2019.5,"{""type"":""Polygon"",""coordinates"":[[[-82.48255170959308,27.57584827991614],[-82.4885746364348,27.57409337118486],[-82.49224821708503,27.56951319162288],[-82.49213992029343,27.563894221714204],[-82.48829248415551,27.559427852085154],[-82.48220654101168,27.557855751991237],[-82.4762551848309,27.559790920835727],[-82.47275906117851,27.564478786775933],[-82.47308185505815,27.5700912870623],[-82.47709817691276,27.574439523951536],[-82.48255170959308,27.57584827991614]]]}"
00000000000000000169,222.0,117.82798833819244,49.0,4442.161807580175,329.80320699708454,91.07580174927114,238.72740524781344,273.73906705539355,172.0,273.8032069970845,161.6326530612245,1209.9154518950436,184.07871720116617,46.85131195335278,49.0,521.9854227405248,166.92419825072886,517.7201166180757,190.90379008746356,0,362,Culex quinquefasciatus,2019.5,"{""type"":""Polygon"",""coordinates"":[[[-81.42014858810434,28.380947893317888],[-81.4262166394789,28.37919298010518],[-81.42991772899215,28.3746127934093],[-81.42980860391825,28.368993823758643],[-81.42593234660976,28.364527461415538],[-81.41980083525146,28.36295536537827],[-81.41380491750581,28.36489052933967],[-81.4102826017502,28.36957838833089],[-81.41060779622318,28.375190889385376],[-81.41465419626648,28.37953913367913],[-81.42014858810434,28.380947893317888]]]}"
0000000000000000031f,222.80673499267937,121.0,51.0,4295.4275256222545,329.07320644216685,93.92532942898976,235.14787701317712,272.1449487554904,175.03367496339678,272.6266471449487,164.0,1343.11420204978,228.89311859443632,37.0,61.62664714494875,645.3191800878477,166.33528550512443,629.6163982430454,194.33528550512443,0,800,Culex quinquefasciatus,2019.5,"{""type"":""Polygon"",""coordinates"":[[[-82.29995152145447,27.476249798786363],[-82.3059689948973,27.474494890604877],[-82.30963925105237,27.46991471191811],[-82.30953105437418,27.464295741977775],[-82.30568710133454,27.459829371454877],[-82.29960666518654,27.45825727086327],[-82.29366069434711,27.460192440306834],[-82.29016773606688,27.46488030709956],[-82.29049023984393,27.47049280729168],[-82.29450292669357,27.47484104327252],[-82.29995152145447,27.476249798786363]]]}"
00000000000000000296,224.0,124.0,52.0,4173.835535976505,330.0,95.29221732745961,234.7077826725404,271.26431718061673,177.2143906020558,273.0,167.0,1345.2511013215858,216.72099853157118,42.34214390602056,60.07782672540381,640.40234948605,161.65785609397943,612.9867841409691,183.65785609397943,0,663,Culex quinquefasciatus,2020.0,"{""type"":""Polygon"",""coordinates"":[[[-82.11734687421483,27.285346764486242],[-82.12335397320716,27.283591857355788],[-82.12701790490829,27.279011680342144],[-82.12690989869287,27.273392710341305],[-82.12307257183613,27.268926338109623],[-82.11700261208559,27.267354236566597],[-82.11106688621122,27.269289407155405],[-82.10757994967884,27.27397727557788],[-82.10790190157914,27.279589775589855],[-82.11190767326556,27.2839380098341],[-82.11734687421483,27.285346764486242]]]}"
000000000000000002a5,224.0,106.74002954209747,47.0,4421.568685376661,326.0,100.77104874446083,225.22895125553907,275.0,175.7710487444608,275.0,164.0,1298.0856720827178,228.45937961595268,34.0,60.0,616.887740029542,172.22895125553913,616.887740029542,198.2289512555391,0,678,Culex quinquefasciatus,2020.0,"{""type"":""Polygon"",""coordinates"":[[[-82.5821546498239,27.542650272573226],[-82.58817575582772,27.540895364025317],[-82.59184822646041,27.536315184755242],[-82.59173996309538,27.530696214836],[-82.58789368993085,27.526229844908837],[-82.58180958552103,27.52465774464893],[-82.57586002745495,27.526592913693218],[-82.57236496069018,27.53128077991776],[-82.57268765770696,27.5368932801727],[-82.5767027658678,27.541241516758966],[-82.5821546498239,27.542650272573226]]]}"
00000000000000000319,157.47987117552336,169.0,68.61030595813206,2051.702093397745,270.3896940418679,26.180354267310783,244.2093397745571,173.10305958132045,128.03381642512076,178.34621578099836,128.0,725.0096618357487,156.53623188405794,6.0,94.93558776167471,431.2077294685989,23.0,277.85829307568434,23.515297906602253,0,794,Culex quinquefasciatus,2022.0,"{""type"":""Polygon"",""coordinates"":[[[-99.14895023436716,19.50825091267655],[-99.15461412134225,19.50649604572399],[-99.15806883423161,19.50191593267032],[-99.15796714039287,19.496296960358055],[-99.15434902085617,19.491830522803244],[-99.14862562659174,19.49025838488887],[-99.14302881099975,19.492193599258666],[-99.13974108763864,19.49688152998298],[-99.14004479413337,19.502494023106372],[-99.14382180392404,19.50684219096469],[-99.14895023436716,19.50825091267655]]]}"
00000000000000000238,192.03870967741935,133.6683870967742,35.85548387096774,8480.162580645161,391.5187096774194,21.65032258064516,369.8683870967742,104.78193548387097,230.17677419354837,303.1716129032258,86.77677419354839,124.58709677419355,16.05032258064516,2.0,36.63741935483871,41.08387096774194,13.861935483870967,29.91225806451613,37.91741935483871,0,569,Culex quinquefasciatus,2023.0,"{""type"":""Polygon"",""coordinates"":[[[-114.93554582579112,36.008646023432924],[-114.94214552284389,36.00689106383197],[-114.9461707208646,36.00231080329357],[-114.94605184456378,35.9966918363161],[-114.94183602173776,35.992225549389175],[-114.93516762493877,35.990653495340965],[-114.92864668258028,35.9925886087591],[-114.92481577761896,35.997276395821565],[-114.92516926304594,36.0028889048244],[-114.92957004209396,36.007237225762175],[-114.93554582579112,36.008646023432924]]]}"
0000000000000000021b,253.17932148626815,128.91599353796448,69.5815831987076,2182.5702746365105,332.7382875605816,148.84491114701132,183.89337641357025,276.5444264943457,231.7269789983845,276.5444264943457,223.31987075928916,1369.5525040387722,351.78675282714056,2.893376413570275,116.80613893376413,988.4054927302102,16.862681744749597,906.1793214862681,39.77544426494346,0,540,Culex quinquefasciatus,2024.0,"{""type"":""Polygon"",""coordinates"":[[[-105.27435492407102,20.55404834184226],[-105.2800566254818,20.5522934697461],[-105.28353438827948,20.547713348504082],[-105.28343199725359,20.54209437648755],[-105.27978972631186,20.537627947295608],[-105.27402815099563,20.536055814037685],[-105.26839399761693,20.537991022802416],[-105.26508432546441,20.54267894555068],[-105.26539004040939,20.548291439556152],[-105.26919225347494,20.552639615913368],[-105.27435492407102,20.55404834184226]]]}"
00000000000000000118,97.96214099216712,154.68537859007833,36.82375979112271,8950.044386422976,320.27415143603133,-96.72323759791124,416.9973890339426,164.588772845953,140.49086161879896,214.35248041775455,-17.0378590078329,314.44908616187985,36.0,12.254569190600522,23.060052219321147,101.39295039164493,57.50913838120104,78.58746736292429,71.50913838120104,0,281,Culex tarsalis,2021.25,"{""type"":""Polygon"",""coordinates"":[[[-109.38285023898761,38.266248754883094],[-109.38964987021717,38.264493779855584],[-109.39379695511712,38.25991349476137],[-109.39367441230841,38.25429452867383],[-109.38933089008593,38.24982826682597],[-109.38246058759663,38.24825622674047],[-109.37574220006965,38.25019132335131],[-109.37179524497515,38.25487908649427],[-109.37215937031932,38.26049159813935],[-109.37669341991706,38.264839944564656],[-109.38285023898761,38.266248754883094]]]}"
0000000000000000012c,106.55902777777777,138.67592592592592,36.0,8370.849537037036,327.6921296296296,-55.116898148148145,382.80902777777777,7.883101851851851,210.47106481481478,216.33796296296293,-0.11689814814814813,331.24884259259255,41.8599537037037,8.0,38.83217592592592,122.26504629629629,37.013888888888886,43.0,111.27893518518516,0,301,Culex tarsalis,2018.83185840708,"{""type"":""Polygon"",""coordinates"":[[[-116.13905274101506,43.57824652592262],[-116.14642214602772,43.5764915104116],[-116.15091658074785,43.571911160878216],[-116.15078358401352,43.56629219712826],[-116.14607614448325,43.56182600109271],[-116.1386304583347,43.56025399764706],[-116.13134939826564,43.56218905015346],[-116.12707172310793,43.566876750526724],[-116.12746616479905,43.57248926910323],[-116.13238000591998,43.576837682413164],[-116.13905274101506,43.57824652592262]]]}"
00000000000000000134,103.98124267291911,146.36225087924973,37.371629542790146,8219.488862837046,323.26143024619,-61.7010550996483,384.9624853458383,4.593200468933177,202.9871043376319,211.13833528722154,-2.018757327080891,265.46776084407975,32.01875732708089,7.0,32.0398593200469,91.41617819460727,34.70926143024619,40.0,80.74560375146541,0,309,Culex tarsalis,2019.4375,"{""type"":""Polygon"",""coordinates"":[[[-116.42954979734395,43.503547665075295],[-116.43691007806687,43.5017926501814],[-116.44139895043753,43.49721230163027],[-116.4412661211943,43.49159333784466],[-116.43656450937127,43.48712714080592],[-116.42912803720844,43.485555136801764],[-116.4218559875791,43.48749018998045],[-116.4175836085267,43.49217789131052],[-116.41797756482305,43.4977904097814],[-116.42288532406974,43.50213882207179],[-116.42954979734395,43.503547665075295]]]}"
0000000000000000013b,104.69545957918052,148.0,37.0,8389.18161683278,328.79069767441865,-63.10299003322259,391.8936877076413,2.897009966777409,205.5891472868217,214.0,-3.7906976744186043,292.7641196013289,36.012181616832784,7.0,36.498338870431894,107.01218161683279,35.012181616832784,40.0,98.51052048726469,0,316,Culex tarsalis,2018.93959731544,"{""type"":""Polygon"",""coordinates"":[[[-116.49595027113075,43.6861478532139],[-116.50333291823766,43.68439283680877],[-116.50783542559861,43.6798124858522],[-116.5077021857787,43.67419352215392],[-116.50298628849026,43.66972732757187],[-116.4955272300809,43.66815532493541],[-116.48823309315706,43.67009037646777],[-116.48394773175484,43.67477807545472],[-116.48434287789411,43.68039059418426],[-116.48926554564339,43.68473900897139],[-116.49595027113075,43.6861478532139]]]}"
00000000000000000148,98.99873896595209,155.06052963430017,37.0,8955.712484237074,321.40226986128624,-96.06179066834805,417.4640605296343,165.21941992433793,141.76923076923077,215.40226986128624,-16.061790668348046,311.40100882723834,35.839848675914254,12.0,23.1828499369483,100.74148802017655,56.93947036569987,77.61916771752838,70.81841109709963,0,329,Culex tarsalis,2020.65517241379,"{""type"":""Polygon"",""coordinates"":[[[-109.39115308514911,38.25795036782264],[-109.39795193976597,38.25619539285355],[-109.40209855121657,38.25161510785235],[-109.40197602265093,38.24599614176144],[-109.39763299645628,38.241529879818586],[-109.39076347823581,38.2399578396802],[-109.38404585765161,38.2418929363547],[-109.38009935333541,38.246580699588264],[-109.3804634373517,38.25219321122333],[-109.38499696928189,38.2565415575521],[-109.39115308514911,38.25795036782264]]]}"
0000000000000000014b,159.30225080385853,174.0048231511254,69.33601286173634,2067.479099678457,274.1736334405145,25.500000000000004,248.67363344051452,176.9774919614148,129.33440514469453,180.47266881028943,129.33440514469453,653.2282958199359,132.12700964630224,5.0,89.53215434083603,372.99196141479104,21.0,197.79260450160774,21.0,0,332,Culex tarsalis,2011.9945474373,"{""type"":""Polygon"",""coordinates"":[[[-99.09085260674182,19.367147118941304],[-99.0965115739365,19.36539225267758],[-99.09996328800092,19.360812140720505],[-99.0998616849198,19.35519316836864],[-99.09624670754597,19.350726729693868],[-99.09052828067355,19.34915459115589],[-99.08493632276719,19.351089806276324],[-99.08165145501091,19.3557777380688],[-99.08195490025386,19.36139023107406],[-99.08572863105519,19.365738397794196],[-99.09085260674182,19.367147118941304]]]}"
0000000000000000014d,91.14716981132074,156.35723270440252,36.35723270440251,9219.03647798742,313.7157232704402,-109.16477987421383,422.88050314465414,184.14716981132077,-25.164779874213835,212.1471698113208,-25.164779874213835,430.8012578616353,81.14213836477987,9.0,70.71572327044026,225.80125786163524,29.0,192.65911949685534,29.0,0,334,Culex tarsalis,2022.31818181818,"{""type"":""Polygon"",""coordinates"":[[[-103.03334896674178,40.47404778666733],[-103.0403670560684,40.472292795596985],[-103.04464731998186,40.467712484966434],[-103.04452077012805,40.46209351980485],[-103.04003771736258,40.4576272840375],[-103.0329468040063,40.45605525847202],[-103.02601267931848,40.4579903376047],[-103.02193892210096,40.46267807587296],[-103.0223146722715,40.468290590265255],[-103.0269943393238,40.472638963195934],[-103.03334896674178,40.47404778666733]]]}"
00000000000000000150,103.04891922639366,147.0,37.0,8319.926052332197,325.14334470989775,-63.0,388.1433447098977,3.0,204.0147895335609,212.0147895335609,-4.0,304.82480091012513,37.982935153583625,7.0,36.80204778156997,111.52445961319684,36.0,41.0,101.84186575654155,0,337,Culex tarsalis,2018.6935483871,"{""type"":""Polygon"",""coordinates"":[[[-116.4046457179604,43.67784946615345],[-116.41202734403642,43.6760944498172],[-116.41652922895706,43.671514098970256],[-116.41639600788044,43.665895135268],[-116.4116807627269,43.66142894057398],[-116.40422273538458,43.65985693787518],[-116.3969296067505,43.66179198948257],[-116.39264483799566,43.66647968857631],[-116.39303992981874,43.67209220729407],[-116.39796191699156,43.6764406219674],[-116.4046457179604,43.67784946615345]]]}"
00000000000000000157,104.05092592592591,142.650462962963,36.65046296296296,8310.479166666666,325.34259259259267,-59.0150462962963,384.35763888888886,4.984953703703704,206.05092592592592,213.05092592592592,-2.0150462962962967,316.6712962962963,39.77199074074074,8.0,36.908564814814824,115.49189814814817,37.0,42.13541666666667,105.50925925925925,0,344,Culex tarsalis,2019.10526315789,"{""type"":""Polygon"",""coordinates"":[[[-116.27184922948776,43.636348612649016],[-116.27922575586769,43.63459359665695],[-116.28372453191395,43.63001324635784],[-116.28359140445325,43.6243942826357],[-116.27887941648795,43.61992808738216],[-116.27142653896941,43.61835608437188],[-116.26413844639464,43.620291136354226],[-116.25985663770862,43.6249788359816],[-116.26025145824052,43.63059135464045],[-116.26517004616886,43.634939768745156],[-116.27184922948776,43.636348612649016]]]}"
00000000000000000165,225.0,178.04596100278553,47.0,7322.994428969361,419.42339832869084,43.16434540389973,376.25905292479115,133.0,250.85376044568244,319.0,133.0,74.15598885793872,11.412256267409473,0.0,55.77019498607242,30.43314763231198,3.0,21.0,30.43314763231198,0,358,Culex tarsalis,2011.82222222222,"{""type"":""Polygon"",""coordinates"":[[[-115.466749616086,32.672052314575204],[-115.47309181048068,32.67029737623341],[-115.47696002572035,32.66571714953568],[-115.47684587148771,32.66009818133261],[-115.47279451750525,32.65563185984384],[-115.46638616282512,32.654059786553056],[-115.46011951769765,32.65599492313397],[-115.45643807803158,32.66068274316012],[-115.45677785974077,32.66629524852092],[-115.46100699456957,32.67064353433405],[-115.466749616086,32.672052314575204]]]}"
00000000000000000166,119.04298356510745,127.29962073324904,30.0,9937.245259165613,322.05562579013906,-91.24399494311,413.299620733249,219.787610619469,-14.255372945638431,243.75600505688996,-14.255372945638431,874.9102402022756,137.0,20.0,50.744627054361565,355.2439949431099,72.21238938053096,326.25537294563844,72.21238938053096,0,359,Culex tarsalis,2021.75,"{""type"":""Polygon"",""coordinates"":[[[-96.55934959308372,39.112849221789276],[-96.56623016204541,39.111094240729265],[-96.57042658927175,39.10651394603272],[-96.57030256199951,39.10089498029331],[-96.56590734431202,39.096428728252405],[-96.55895530628298,39.094856693626845],[-96.5521569889151,39.096791783665395],[-96.5481630542002,39.10147953745483],[-96.54853148662515,39.107092050132984],[-96.55311948692399,39.111440406525006],[-96.55934959308372,39.112849221789276]]]}"
0000000000000000016a,103.59181415929203,147.0,37.0,8327.49336283186,325.94690265486724,-62.508849557522126,388.45575221238937,3.491150442477876,204.37942477876106,212.3794247787611,-3.508849557522124,306.91814159292034,38.383849557522126,7.0,37.383849557522126,112.38384955752213,36.0,41.0,103.0,0,363,Culex tarsalis,2018.56880733945,"{""type"":""Polygon"",""coordinates"":[[[-116.38804448473843,43.68614785321391],[-116.39542713184534,43.68439283680877],[-116.39992963920629,43.6798124858522],[-116.39979639938636,43.67419352215392],[-116.39508050209791,43.66972732757188],[-116.38762144368857,43.66815532493541],[-116.38032730676474,43.670090376467776],[-116.3760419453625,43.67477807545472],[-116.37643709150178,43.68039059418426],[-116.38135975925107,43.68473900897139],[-116.38804448473843,43.68614785321391]]]}"
00000000000000000176,87.74259974259974,150.94208494208496,36.36036036036036,8776.444015444014,306.1248391248392,-102.36293436293438,408.48777348777355,154.07722007722006,128.12483912483913,201.70270270270268,-25.06048906048906,346.8339768339768,38.90733590733591,13.72072072072072,23.47490347490347,111.00257400257401,62.769626769626775,87.53539253539255,79.52638352638351,0,375,Culex tarsalis,2021.78571428571,"{""type"":""Polygon"",""coordinates"":[[[-109.34964777254363,38.28284998810507],[-109.35644895837677,38.28109501296062],[-109.36059699101567,38.276514727680286],[-109.36047441969548,38.27089576159948],[-109.3561299045371,38.26642949994173],[-109.34925803211834,38.264857459962066],[-109.34253810934483,38.26679255644551],[-109.33859025189376,38.27148031940716],[-109.33895445996707,38.27709283107226],[-109.34348954581854,38.28144117769075],[-109.34964777254363,38.28284998810507]]]}"
00000000000000000185,103.95606936416185,144.04508670520232,37.0,8305.947976878613,325.45202312138736,-60.20231213872833,385.6543352601157,4.383815028901735,205.38381502890172,212.4520231213873,-2.616184971098266,317.3398843930636,39.81040462427746,7.954913294797688,37.03005780346821,115.84046242774566,36.954913294797684,41.9549132947977,106.13179190751447,0,390,Culex tarsalis,2019.05128205128,"{""type"":""Polygon"",""coordinates"":[[[-116.29675330887125,43.66124823293146],[-116.30413289364864,43.65949321673295],[-116.30863353415388,43.65491286610524],[-116.30850035054983,43.64929390239502],[-116.30378640917861,43.6448277074771],[-116.29633044319972,43.64325570465365],[-116.28903933039163,43.6451907564111],[-116.28475574648861,43.64987845571839],[-116.2851507297198,43.655490974412565],[-116.2900713562483,43.659839388858344],[-116.29675330887125,43.66124823293146]]]}"
00000000000000000187,103.76548672566372,147.0,37.0,8326.768805309734,326.4823008849558,-63.0,389.48230088495575,3.0,204.0,212.0,-4.0,310.1283185840708,39.0,7.0,38.05973451327434,114.3561946902655,36.0,41.0,104.76880530973452,0,392,Culex tarsalis,2018.85810810811,"{""type"":""Polygon"",""coordinates"":[[[-116.38804448473843,43.70274908643589],[-116.39542917576885,43.70099406989289],[-116.39993292914524,43.69641371871691],[-116.39979965180433,43.6907947550266],[-116.39508244905707,43.68632856066864],[-116.38762132663395,43.68475655815694],[-116.38032517129234,43.68669160953912],[-116.37603862351466,43.691379308312335],[-116.37643387838519,43.696991827065474],[-116.38135790852833,43.701340242080356],[-116.38804448473843,43.70274908643589]]]}"
00000000000000000188,104.3450624290579,144.5629965947787,37.0,8324.326901248583,326.8501702610671,-60.36776390465381,387.21793416572086,4.632236095346197,205.93984108967086,213.21339387060164,-2.380249716231556,317.972758229285,39.83995459704882,7.454029511918275,37.82065834279229,116.96481271282634,36.454029511918286,41.48921679909195,106.96481271282636,0,393,Culex tarsalis,2019.12941176471,"{""type"":""Polygon"",""coordinates"":[[[-116.29675330887125,43.67784946615345],[-116.3041349349472,43.67609444981719],[-116.30863681986786,43.671514098970256],[-116.30850359879128,43.665895135268],[-116.30378835363774,43.66142894057397],[-116.29633032629538,43.65985693787518],[-116.28903719766133,43.66179198948257],[-116.2847524289065,43.66647968857631],[-116.28514752072958,43.67209220729407],[-116.2900695079024,43.6764406219674],[-116.29675330887125,43.67784946615345]]]}"
00000000000000000199,218.81818181818176,122.06557377049178,44.0,5255.631892697465,352.0983606557376,77.97615499254842,274.1222056631892,254.19076005961247,161.21460506706407,280.25633383010427,146.21460506706407,650.9359165424738,150.07600596125184,19.818181818181817,69.1833084947839,308.177347242921,60.8837555886736,226.90760059612512,61.65871833084946,0,410,Culex tarsalis,2001.0,"{""type"":""Polygon"",""coordinates"":[[[-100.01215193449531,25.97394744017307],[-100.01809048923398,25.97219254016733],[-100.02171263538077,25.967612374495463],[-100.0216058878839,25.961993404084502],[-100.0178123403002,25.957527020269332],[-100.01181159782111,25.95595491227683],[-100.00594356017118,25.95789009062902],[-100.00249640945242,25.96257797009927],[-100.00281471543276,25.968190468889958],[-100.00677479870595,25.972538691362207],[-100.01215193449531,25.97394744017307]]]}"
0000000000000000019a,104.0,148.0,37.0,8361.863333333333,327.4511111111111,-63.0,390.4511111111111,3.0,204.76555555555555,213.27222222222218,-4.0,300.0088888888889,37.0,7.0,36.38111111111111,109.53666666666666,36.0,40.85333333333333,100.53666666666665,0,411,Culex tarsalis,2018.91743119266,"{""type"":""Polygon"",""coordinates"":[[[-116.45445387672744,43.694450699375416],[-116.46183754585162,43.69269568290135],[-116.46634067625418,43.688115331835064],[-116.4662074176728,43.68249636814077],[-116.46149086761946,43.67803017367078],[-116.45403077714705,43.67645817109669],[-116.44673563095942,43.67839322255396],[-116.44244967633722,43.68308092143402],[-116.44284487684511,43.68869344017537],[-116.44776822582838,43.69304185507638],[-116.45445387672744,43.694450699375416]]]}"
000000000000000001a3,104.0,145.05094130675525,37.0,8323.266888150609,327.0,-61.03211517165005,388.03211517165,4.018826135105205,205.77519379844958,212.9612403100775,-2.812846068660022,317.719822812846,40.01661129568107,7.049833887043189,38.25138427464009,117.32558139534883,36.049833887043185,41.073089700996675,107.32558139534882,0,420,Culex tarsalis,2019.0400390625,"{""type"":""Polygon"",""coordinates"":[[[-116.3050516959317,43.68614785321391],[-116.31243434303859,43.68439283680877],[-116.31693685039954,43.6798124858522],[-116.31680361057963,43.67419352215392],[-116.31208771329119,43.66972732757188],[-116.30462865488182,43.66815532493541],[-116.29733451795799,43.670090376467776],[-116.29304915655577,43.67477807545472],[-116.29344430269502,43.68039059418427],[-116.29836697044432,43.68473900897139],[-116.3050516959317,43.68614785321391]]]}"
000000000000000001a4,104.0,147.0,37.0,8324.473193473195,326.0,-62.918414918414925,388.91841491841495,3.0815850815850814,204.40909090909096,212.486013986014,-3.918414918414918,286.86946386946386,35.016317016317025,7.0,35.98368298368299,102.95104895104897,35.0,40.0,93.85314685314685,0,421,Culex tarsalis,2019.35714285714,"{""type"":""Polygon"",""coordinates"":[[[-116.4461510305659,43.62804576648751],[-116.45352653798801,43.62629075056424],[-116.45802469285753,43.621710400374646],[-116.45789158410192,43.616091436648524],[-116.45318024694747,43.61162524128315],[-116.44572839840288,43.6100532382106],[-116.43844131207103,43.61198829026789],[-116.43416009482918,43.616675990001944],[-116.43455486115491,43.62228850864901],[-116.43947276988841,43.626636922640046],[-116.4461510305659,43.62804576648751]]]}"
000000000000000001a9,153.7375201288245,171.99838969404186,68.0,2114.175523349437,270.41867954911436,19.806763285024157,250.61191626409018,166.40257648953303,123.7375201288245,176.27375201288243,123.7375201288245,841.0837359098228,177.6119162640902,6.0,94.49436392914653,496.5813204508857,23.0,238.10466988727862,25.484702093397747,0,426,Culex tarsalis,2011.98412698413,"{""type"":""Polygon"",""coordinates"":[[[-99.21534624905297,19.342247498658864],[-99.22100435253543,19.340492632516575],[-99.22445554012994,19.335912520752807],[-99.22435395298348,19.330293548393957],[-99.22073952724459,19.325827109521754],[-99.21502197244081,19.324254970873852],[-99.20943086734327,19.326190186126613],[-99.20614650091433,19.330878118107385],[-99.20644990029352,19.33649061109182],[-99.21022305543941,19.34083877761131],[-99.21534624905297,19.342247498658864]]]}"
000000000000000001ac,103.8042203985932,144.3681125439625,37.0,8297.581477139509,324.9718640093787,-61.32239155920281,386.29425556858143,4.0,204.7643610785463,211.97186400937863,-3.0,311.8440797186401,38.96834701055099,7.577960140679952,36.9179366940211,114.04220398593199,36.577960140679956,41.577960140679956,104.042203985932,0,429,Culex tarsalis,2018.83333333333,"{""type"":""Polygon"",""coordinates"":[[[-116.31334562389111,43.65294984587101],[-116.32072418894872,43.65119482974131],[-116.32522420781282,43.646614479223146],[-116.32509104292791,43.64099551550895],[-116.32037775285421,43.63652932047914],[-116.31292281661855,43.63495731759342],[-116.30563271080565,43.63689236942582],[-116.30134971878903,43.64158006883983],[-116.30174464777366,43.647192587522234],[-116.30666459459951,43.651541001854305],[-116.31334562389111,43.65294984587101]]]}"
000000000000000001b5,103.99533255542589,146.0,38.0,8221.302217036173,322.4830805134189,-61.00466744457409,383.4877479579929,4.724620770128355,203.4830805134189,211.4830805134189,-2.0046674445740957,263.60676779463245,32.0,7.0,32.68961493582264,90.29638273045506,34.53442240373395,40.0,79.29638273045508,0,438,Culex tarsalis,2019.53846153846,"{""type"":""Polygon"",""coordinates"":[[[-116.41294856412195,43.486950890954375],[-116.42030682235203,43.48519587619738],[-116.42479446177025,43.480615527864146],[-116.42466166965268,43.474996564070636],[-116.41996134960117,43.47053036680934],[-116.41252691981391,43.46895836268129],[-116.40525686744205,43.470893416009126],[-116.40098566232602,43.475581117551464],[-116.4013795110292,43.48119363599889],[-116.40628592216547,43.48554204806311],[-116.41294856412195,43.486950890954375]]]}"
000000000000000001bb,104.0,148.0,37.0,8390.418784530388,327.9425414364641,-63.99668508287293,391.93922651933707,2.0033149171270717,205.12486187845303,213.38453038674035,-4.0,301.7635359116023,37.344751381215474,7.0,36.348066298342545,110.46187845303868,36.0,40.8718232044199,101.77458563535913,0,444,Culex tarsalis,2018.84905660377,"{""type"":""Polygon"",""coordinates"":[[[-116.47934903790883,43.71104747349635],[-116.48673475128324,43.70929245688443],[-116.49123912790036,43.704712105598716],[-116.49110583179191,43.69909314191238],[-116.48638797607109,43.69462694766649],[-116.47892582125513,43.69305494521718],[-116.47162865632721,43.69498999652426],[-116.46734151513992,43.69967769519059],[-116.46773682439637,43.70529021395553],[-116.4726615359912,43.709638629084296],[-116.47934903790883,43.71104747349635]]]}"
000000000000000001bc,103.58895027624308,147.0,37.0,8331.235359116024,326.16022099447514,-62.75801104972376,388.91823204419893,3.2419889502762427,204.41104972375695,212.41104972375695,-3.758011049723757,305.939226519337,38.0243093922652,7.0,37.024309392265195,112.02430939226518,36.0,41.0,102.88397790055252,0,445,Culex tarsalis,2017.66666666667,"{""type"":""Polygon"",""coordinates"":[[[-116.39634733089994,43.68614785321391],[-116.40372997800685,43.684392836808776],[-116.4082324853678,43.67981248585221],[-116.40809924554787,43.67419352215392],[-116.40338334825944,43.66972732757188],[-116.3959242898501,43.66815532493541],[-116.38863015292627,43.67009037646777],[-116.384344791524,43.67477807545472],[-116.38473993766327,43.68039059418427],[-116.3896626054126,43.68473900897139],[-116.39634733089994,43.68614785321391]]]}"
000000000000000001bd,104.0,148.0,37.0,8344.826519337015,328.0,-63.0,391.0,3.0,204.22099447513816,213.0,-4.0,304.8983425414365,37.99668508287293,7.0,36.77900552486188,111.77569060773483,36.0,41.0,102.55801104972377,0,446,Culex tarsalis,2018.88888888889,"{""type"":""Polygon"",""coordinates"":[[[-116.42954979734395,43.70274908643589],[-116.43693448837435,43.7009940698929],[-116.44143824175073,43.69641371871692],[-116.44130496440982,43.6907947550266],[-116.4365877616626,43.68632856066865],[-116.42912663923944,43.68475655815694],[-116.42183048389782,43.68669160953912],[-116.41754393612015,43.691379308312335],[-116.41793919099071,43.69699182706548],[-116.42286322113382,43.70134024208036],[-116.42954979734395,43.70274908643589]]]}"
000000000000000001d3,120.44472681067343,131.64930114358322,31.0,10075.430749682339,327.3761118170267,-93.90597204574333,421.28208386277004,223.0,-14.797966963151204,247.10800508259211,-14.797966963151204,855.9301143583228,135.59593392630242,19.09402795425667,52.0,355.3367217280813,68.09402795425667,325.5959339263024,68.09402795425667,0,468,Culex tarsalis,2021.91666666667,"{""type"":""Polygon"",""coordinates"":[[[-96.6008549056892,39.22075054908056],[-96.60774603765535,39.21899556724132],[-96.61194890443102,39.21441527130443],[-96.61182468341448,39.20879630560999],[-96.60742271906881,39.20433005483587],[-96.60046001393245,39.202758020915574],[-96.593651265114,39.204693110105175],[-96.58965119919357,39.20938086268639],[-96.59002019371528,39.21499337549799],[-96.59461523499319,39.21934173317743],[-96.6008549056892,39.22075054908056]]]}"
000000000000000001df,104.0,146.4173140954495,37.0,8322.811320754718,326.0,-62.0,388.0,4.0,205.0,212.78024417314094,-3.0,312.8901220865705,39.11875693673696,7.0,37.24750277469478,115.1087680355161,36.0,41.0,105.38068812430632,0,480,Culex tarsalis,2019.17948717949,"{""type"":""Polygon"",""coordinates"":[[[-116.3548509364966,43.69445069937542],[-116.36223460562078,43.69269568290135],[-116.36673773602337,43.68811533183507],[-116.36660447744197,43.68249636814077],[-116.36188792738862,43.67803017367078],[-116.35442783691622,43.676458171096705],[-116.34713269072859,43.67839322255396],[-116.34284673610638,43.683080921434026],[-116.34324193661428,43.68869344017537],[-116.34816528559753,43.69304185507639],[-116.3548509364966,43.69445069937542]]]}"
000000000000000001e2,104.69266055045871,144.0,37.0,8327.133027522936,326.3119266055046,-59.4552752293578,385.76720183486236,5.0,206.0057339449541,213.33715596330273,-2.06651376146789,320.5699541284404,40.313073394495405,8.0,37.78555045871558,117.4426605504587,37.0,42.313073394495405,107.44266055045871,0,483,Culex tarsalis,2019.14634146341,"{""type"":""Polygon"",""coordinates"":[[[-116.28015207564924,43.66954661999193],[-116.28753268058321,43.66779160372456],[-116.2920339429958,43.663211252987296],[-116.29190074066454,43.657592289281055],[-116.28718614771688,43.653126094475034],[-116.27972915155381,43.651554091713884],[-116.27243703131928,43.65348914339633],[-116.26815285527636,43.658176842596895],[-116.26854789277729,43.66378936130286],[-116.27346919929953,43.66813777586236],[-116.28015207564924,43.66954661999193]]]}"
000000000000000001e9,104.46207701283548,145.31388564760795,37.31388564760793,8233.4235705951,323.21003500583436,-60.33372228704785,383.54375729288216,5.0,204.01050175029178,212.1995332555426,-1.747957992998833,263.9369894982497,32.0,7.0,32.765460910151695,90.44574095682614,34.70128354725788,40.0,79.44574095682614,0,490,Culex tarsalis,2019.13513513514,"{""type"":""Polygon"",""coordinates"":[[[-116.39634733089994,43.478648044792855],[-116.40370457798895,43.47689303010432],[-116.40819160099505,43.47231268188007],[-116.40805882743834,43.4666937180826],[-116.40335915320534,43.46222752071001],[-116.39592574449969,43.46065551652],[-116.38865669065265,43.46259056992241],[-116.3843860724437,43.4672782715709],[-116.38477986735585,43.47289079000661],[-116.38968560450702,43.47723920195773],[-116.39634733089994,43.478648044792855]]]}"
000000000000000001ec,104.4396248534584,139.50644783118406,36.0,8331.266119577962,325.68229777256744,-56.948417350527556,382.63071512309494,6.180539273153577,207.57092614302465,213.77139507620169,-1.4314185228604928,334.94255568581485,42.80539273153576,8.004689331770223,38.20515826494725,123.34583821805394,37.33528722157093,43.143024618991795,113.57913247362251,0,493,Culex tarsalis,2019.4000244140625,"{""type"":""Polygon"",""coordinates"":[[[-116.17225074835797,43.611448992366576],[-116.17962422026643,43.60969397658078],[-116.18412113424674,43.605113626610006],[-116.18398806285697,43.59949466287593],[-116.17927802579017,43.59502846728708],[-116.17182823276804,43.593456464090124],[-116.16454315655018,43.59539151629717],[-116.16026312080237,43.600079216244374],[-116.16065777884347,43.605691734867904],[-116.16557433078827,43.610040148631825],[-116.17225074835797,43.611448992366576]]]}"
000000000000000001f0,224.27340267459132,126.0,44.0,5450.07280832095,362.445765230312,79.62852897473996,282.817236255572,260.97176820208017,165.30163447251113,288.37295690936105,149.40267459138184,693.4041604754827,151.99702823179786,20.0,66.85141158989597,323.0683506686478,65.44427934621099,246.44427934621095,66.91827637444278,0,497,Culex tarsalis,2001.0,"{""type"":""Polygon"",""coordinates"":[[[-99.9457470016074,25.86605057198284],[-99.95168012414774,25.864295672556125],[-99.95529895877152,25.859715507805998],[-99.95519231105642,25.854096537361723],[-99.95140223301551,25.849630152605155],[-99.94540697602649,25.8480580440885],[-99.93954430269083,25.84999322307163],[-99.9361003050342,25.85468110343973],[-99.93641832210044,25.860293602131158],[-99.94037478454291,25.864641823646693],[-99.9457470016074,25.86605057198284]]]}"
000000000000000001f2,89.60635696821514,150.24694376528115,36.0,8893.114914425427,317.359413202934,-95.82396088019557,413.1833740831295,76.49022004889976,105.73716381418093,207.7616136919315,-21.624694376528115,320.3105134474327,35.18092909535452,21.06601466992665,17.909535452322736,102.10635696821512,67.32762836185819,67.77139364303177,67.62469437652811,0,499,Culex tarsalis,2021.4000244140625,"{""type"":""Polygon"",""coordinates"":[[[-112.46214935796044,40.16694949711651],[-112.46913559771858,40.165194508339475],[-112.47339644518166,40.160614201359294],[-112.47327047959836,40.15499523606532],[-112.46880776933129,40.15052899656979],[-112.46174901927841,40.14895696892873],[-112.45484634735116,40.150892050559854],[-112.45079107693596,40.155579792383925],[-112.45116513237015,40.16119230638353],[-112.4558235695334,40.165540675525314],[-112.46214935796044,40.16694949711651]]]}"
000000000000000001f5,106.30409356725146,138.77309941520468,36.0,8368.381286549708,327.5777777777778,-55.0,382.57777777777784,8.0,210.30409356725153,216.57777777777778,0.0,327.5391812865497,41.43157894736843,8.0,37.8046783625731,120.14502923976609,37.0,43.0,109.4982456140351,0,502,Culex tarsalis,2019.22222222222,"{""type"":""Polygon"",""coordinates"":[[[-116.15564505603494,43.586549372084136],[-116.16301547739188,43.58479435650443],[-116.16751053169564,43.580214006861716],[-116.16737751630447,43.574595043115735],[-116.16266942763254,43.57012884719184],[-116.15522271514892,43.56855684380836],[-116.14794065141754,43.57049189623993],[-116.14366238633266,43.575179596506686],[-116.14405688209112,43.580792115094944],[-116.148971400665,43.58514052851836],[-116.15564505603494,43.586549372084136]]]}"
000000000000000001f8,82.95255474452556,159.4805352798053,39.0,8514.866180048662,300.1350364963504,-105.7250608272506,405.86009732360094,169.95255474452554,-22.0,196.22262773722628,-22.0,365.3564476885644,63.0,8.0,60.0,171.0,26.0,146.23722627737223,26.0,0,505,Culex tarsalis,2022.4000244140625,"{""type"":""Polygon"",""coordinates"":[[[-104.7182470543926,40.86414778322698],[-104.7253063166874,40.862392789213075],[-104.72961168083968,40.85781247389711],[-104.72948437563839,40.85219350890547],[-104.72497502547753,40.84772727792337],[-104.7178425336486,40.84615525502202],[-104.7108677490257,40.84809033094782],[-104.70677009332373,40.85277806465206],[-104.7071480342904,40.85839057954834],[-104.71185514587607,40.86273895734226],[-104.7182470543926,40.86414778322698]]]}"
00000000000000000200,103.61461794019934,147.0,37.0,8330.087486157254,326.48283499446285,-62.84717607973421,389.3300110741971,3.15282392026578,204.15282392026575,212.15282392026575,-3.8471760797342194,313.20155038759685,39.38538205980066,7.0,38.00442967884828,115.66666666666667,36.0,41.0,105.7641196013289,0,513,Culex tarsalis,2018.63865546218,"{""type"":""Polygon"",""coordinates"":[[[-116.37145216971855,43.70274908643589],[-116.37883686074895,43.70099406989289],[-116.38334061412536,43.69641371871691],[-116.38320733678445,43.6907947550266],[-116.3784901340372,43.68632856066864],[-116.37102901161407,43.68475655815694],[-116.36373285627245,43.68669160953912],[-116.35944630849475,43.691379308312335],[-116.35984156336534,43.696991827065474],[-116.36476559350845,43.70134024208035],[-116.37145216971855,43.70274908643589]]]}"
00000000000000000202,104.0,146.86459489456158,37.0,8322.678135405105,326.0,-62.37846836847947,388.3784683684794,3.6215316315205333,204.6215316315205,212.62153163152053,-3.3784683684794667,310.0610432852386,39.0,7.0,38.10987791342952,114.20754716981133,36.0,41.0,104.20754716981133,0,515,Culex tarsalis,2018.61290322581,"{""type"":""Polygon"",""coordinates"":[[[-116.37145216971855,43.69445069937542],[-116.37883583884279,43.69269568290135],[-116.38333896924534,43.68811533183507],[-116.38320571066392,43.68249636814077],[-116.37848916061057,43.67803017367078],[-116.3710290701382,43.676458171096705],[-116.36373392395059,43.67839322255396],[-116.35944796932836,43.683080921434026],[-116.35984316983622,43.68869344017537],[-116.36476651881951,43.69304185507639],[-116.37145216971855,43.69445069937542]]]}"
0000000000000000020d,125.01865671641794,116.01865671641792,29.0,9662.944029850749,319.0,-75.0,394.0,223.97636815920401,-4.0,245.66417910447768,-4.0,972.7363184079604,142.02363184079607,28.0,45.0,371.3519900497513,93.0,347.35199004975135,93.0,0,526,Culex tarsalis,2021.63157894737,"{""type"":""Polygon"",""coordinates"":[[[-95.19815102820569,39.06304998122438],[-95.20502674119899,39.06129500052321],[-95.20922020806913,39.05671470639784],[-95.20909626986315,39.051095740637706],[-95.2047041537138,39.04662948801347],[-95.19775701951218,39.04505745306314],[-95.19096349763677,39.04699254349263],[-95.18697238152726,39.05168029783843],[-95.18734055554717,39.05729281045514],[-95.19192531900384,39.06164116625431],[-95.19815102820569,39.06304998122438]]]}"
0000000000000000020e,179.98472222222225,122.0,34.14583333333334,7884.365277777778,349.6333333333333,0.2416666666666667,349.3916666666667,221.0569444444445,74.40972222222223,278.69027777777785,74.40972222222223,981.6,143.0,50.0,31.984722222222224,339.05694444444447,171.8638888888889,210.0666666666667,171.8638888888889,0,527,Culex tarsalis,2021.94736842105,"{""type"":""Polygon"",""coordinates"":[[[-96.72534854800037,33.04554661881183],[-96.73171750079207,33.04379167817223],[-96.73560202887407,33.03921144781677],[-96.73548738391322,33.033592479746126],[-96.7314189391542,33.029126161993034],[-96.72498356224666,33.02755409078214],[-96.7186904918685,33.02948922485944],[-96.71499352051399,33.034177041322664],[-96.71533472620932,33.03978954707717],[-96.71958169742722,33.044137836686794],[-96.72534854800037,33.04554661881183]]]}"
00000000000000000220,98.81177976952625,154.22663252240716,36.97183098591549,8967.813060179258,321.0038412291933,-95.12419974391806,416.1280409731115,165.95518565941103,141.4750320102433,215.5147247119078,-16.37259923175416,309.9078104993598,35.30857874519847,12.0,23.318822023047378,99.7157490396927,56.964148527528806,77.36491677336748,70.52624839948783,0,545,Culex tarsalis,2021.25,"{""type"":""Polygon"",""coordinates"":[[[-109.42434663339097,38.27454714194356],[-109.43114704155333,38.2727921668576],[-109.4352946000978,38.26821188167037],[-109.43517204304013,38.2625929155862],[-109.43082802458537,38.25812665383335],[-109.42395693750396,38.256554613800745],[-109.41723778271812,38.25848971034791],[-109.41329037665952,38.263177473400255],[-109.41365454334861,38.268789985055335],[-109.41818911082726,38.2731383315772],[-109.42434663339097,38.27454714194356]]]}"
00000000000000000232,103.56293706293705,143.37878787878788,37.0,8236.463869463869,322.3857808857809,-60.0,382.38578088578083,5.0,204.1002331002331,210.95221445221443,-2.0617715617715615,285.1002331002331,34.97086247086247,7.0,35.032634032634036,100.0,35.0,41.0,89.02564102564104,0,563,Culex tarsalis,2018.93333333333,"{""type"":""Polygon"",""coordinates"":[[[-116.3299468571131,43.52014889829727],[-116.33730916260302,43.51839388326636],[-116.34179926931233,43.51381353449714],[-116.34166640290148,43.50819457071945],[-116.33696349785453,43.50372837390344],[-116.32952498101987,43.50215637002329],[-116.3222509318875,43.50409142305272],[-116.3179773775788,43.50877912417035],[-116.31837144158916,43.51439164266467],[-116.32328055046199,43.51874005518144],[-116.3299468571131,43.52014889829727]]]}"
0000000000000000023a,156.21220159151196,137.74535809018568,34.0,8995.766578249339,353.7440318302388,-42.969496021220166,396.71352785145893,247.04774535809017,36.77586206896552,270.2015915119364,36.77586206896552,696.0994694960212,114.03050397877983,20.0,47.76525198938993,263.2851458885942,73.22413793103449,220.50928381962868,73.22413793103449,0,571,Culex tarsalis,2022.18181818182,"{""type"":""Polygon"",""coordinates"":[[[-99.07425137351984,35.40274783139175],[-99.08080110259674,35.40099287577979],[-99.08479583834276,35.39641262159107],[-99.08467787832858,35.39079365438357],[-99.08049397042232,35.38632736097165],[-99.07387603441629,35.384755303312886],[-99.06740443806223,35.38669042107713],[-99.06360253660219,35.39137821432473],[-99.06395336282053,35.396990722644276],[-99.06832083456736,35.40133903699142],[-99.07425137351984,35.40274783139175]]]}"
0000000000000000024b,104.11498257839722,140.8199767711963,36.278745644599304,8282.867595818816,323.8060394889664,-57.967479674796756,381.7735191637631,5.5737514518002325,205.57375145180026,212.29500580720097,-1.8850174216027875,311.2926829268293,38.88269454123113,8.0,36.59001161440186,112.29268292682929,37.0,42.0,102.29268292682927,0,588,Culex tarsalis,2019.21428571429,"{""type"":""Polygon"",""coordinates"":[[[-116.26355084242729,43.603150605306105],[-116.27092329723213,43.601395589589],[-116.27541959116596,43.5968152397276],[-116.27528653844708,43.59119627598956],[-116.27057715100689,43.58673008028902],[-116.26312838508647,43.585158077029874],[-116.25584431328066,43.587093129311775],[-116.25156486790078,43.5917808293655],[-116.2519594718342,43.59739334797728],[-116.25687534582,43.60174176162769],[-116.26355084242729,43.603150605306105]]]}"
0000000000000000024c,103.60210035005834,144.0,37.0,8238.988331388566,322.7561260210034,-60.22170361726954,382.977829638273,4.7782963827304545,203.77829638273045,211.54259043173863,-2.2217036172695446,279.30338389731617,34.329054842473745,7.0,34.30921820303384,97.87514585764293,35.0,40.69428238039673,86.88331388564761,0,589,Culex tarsalis,2019.39215686275,"{""type"":""Polygon"",""coordinates"":[[[-116.34654809033506,43.520148898297265],[-116.353910395825,43.518393883266356],[-116.35840050253431,43.51381353449714],[-116.35826763612343,43.50819457071945],[-116.35356473107653,43.50372837390344],[-116.34612621424185,43.50215637002329],[-116.3388521651095,43.50409142305272],[-116.33457861080078,43.50877912417035],[-116.33497267481114,43.51439164266467],[-116.33988178368399,43.51874005518144],[-116.34654809033506,43.520148898297265]]]}"
0000000000000000024e,170.60748959778084,126.86962552011096,39.0,7154.966712898751,325.25381414701803,5.251040221914009,320.002773925104,91.8363384188627,222.94590846047154,259.94590846047146,75.88904299583912,1432.3550624133147,156.05409153952843,80.94452149791954,18.0,438.5173370319001,275.14285714285717,332.30790568654635,414.5700416088766,0,591,Culex tarsalis,2021.75,"{""type"":""Polygon"",""coordinates"":[[[-87.40444948407296,32.92104851739962],[-87.41080946230328,32.919293577528116],[-87.41468851918151,32.914713348395324],[-87.41457403880547,32.90909438028041],[-87.41051132616242,32.904628061278586],[-87.4040850123058,32.90305598937244],[-87.39780080475695,32.90499112428663],[-87.3941090426119,32.90967894194084],[-87.39444977071145,32.91529144756374],[-87.39869075973981,32.91963973590431],[-87.40444948407296,32.92104851739962]]]}"
00000000000000000250,103.89873417721518,147.0,37.0,8334.841196777907,325.94476409666277,-63.0,388.9447640966629,3.0,204.0,212.1369390103567,-4.0,301.0333716915996,37.09896432681242,7.0,36.07594936708861,109.00805523590333,36.0,41.0,99.61334867663982,0,593,Culex tarsalis,2019.23076923077,"{""type"":""Polygon"",""coordinates"":[[[-116.42125141028349,43.66954661999193],[-116.42863201521742,43.66779160372456],[-116.43313327762999,43.663211252987296],[-116.43300007529874,43.657592289281055],[-116.42828548235106,43.65312609447503],[-116.42082848618799,43.65155409171388],[-116.41353636595348,43.65348914339633],[-116.40925218991057,43.658176842596895],[-116.40964722741153,43.66378936130286],[-116.41456853393375,43.66813777586236],[-116.42125141028349,43.66954661999193]]]}"
00000000000000000273,83.6128640776699,159.04126213592232,39.0,8488.65776699029,299.623786407767,-105.50606796116503,405.12985436893206,170.58252427184468,-21.526699029126217,196.58252427184462,-21.526699029126217,365.93810679611653,63.0,8.0,59.0,169.97936893203882,26.0,144.97936893203882,26.0,0,628,Culex tarsalis,2022.28947368421,"{""type"":""Polygon"",""coordinates"":[[[-104.74314667467505,40.822646929722566],[-104.75020151825845,40.820891936023436],[-104.75450418863771,40.81631162120855],[-104.75437696450318,40.810692656198725],[-104.74987043659635,40.806226424704896],[-104.7427424069939,40.80465440151863],[-104.73577198601961,40.806589477787384],[-104.73167689511932,40.81127721197971],[-104.7320546009707,40.8168897268221],[-104.73675876719186,40.82123810409592],[-104.74314667467505,40.822646929722566]]]}"
00000000000000000276,104.0,146.61475409836066,37.62412177985949,8230.922716627636,323.68969555035136,-61.30093676814988,384.9906323185012,4.777517564402812,203.2611241217799,211.5866510538642,-2.0,264.61007025761126,32.0,7.0,32.524590163934434,91.21311475409837,34.432084309133494,40.0,80.43559718969556,0,631,Culex tarsalis,2018.26470588235,"{""type"":""Polygon"",""coordinates"":[[[-116.43785264350544,43.503547665075295],[-116.44521292422841,43.5017926501814],[-116.44970179659903,43.49721230163026],[-116.44956896735579,43.491593337844655],[-116.4448673555328,43.4871271408059],[-116.43743088336996,43.485555136801764],[-116.43015883374058,43.48749018998044],[-116.42588645468818,43.49217789131052],[-116.42628041098456,43.497790409781395],[-116.43118817023125,43.50213882207179],[-116.43785264350544,43.503547665075295]]]}"
0000000000000000027a,103.46712802768167,146.86620530565168,37.0,8312.635524798156,325.2168396770473,-63.0,388.2168396770473,3.0,204.0,211.9873125720877,-4.0,301.48442906574394,37.10495963091118,7.0,36.036908881199544,109.16032295271049,36.0,41.0,99.72664359861592,0,635,Culex tarsalis,2018.47368421053,"{""type"":""Polygon"",""coordinates"":[[[-116.4046457179604,43.66124823293146],[-116.41202530273785,43.65949321673295],[-116.41652594324307,43.65491286610524],[-116.41639275963902,43.64929390239502],[-116.41167881826782,43.6448277074771],[-116.4042228522889,43.643255704653654],[-116.39693173948078,43.64519075641109],[-116.3926481555778,43.64987845571839],[-116.39304313880898,43.65549097441257],[-116.39796376533748,43.659839388858344],[-116.4046457179604,43.66124823293146]]]}"
0000000000000000028f,96.57726269315674,145.3311258278146,37.0,8285.298013245034,319.9260485651214,-67.43377483443709,387.35982339955854,-2.0618101545253866,198.31015452538628,204.85871964679913,-9.433774834437086,375.5596026490067,49.618101545253865,8.48233995584989,40.549668874172184,143.7869757174393,40.61699779249449,46.25717439293599,133.74613686534218,0,656,Culex tarsalis,2018.6875,"{""type"":""Polygon"",""coordinates"":[[[-116.24694960920529,43.72764870671832],[-116.25433736913224,43.72589368996844],[-116.25884299336727,43.72131333846312],[-116.25870965968933,43.71569437478475],[-116.25399049683062,43.71122818076314],[-116.24652627534647,43.7096561784387],[-116.23922708940495,43.71159122959548],[-116.23493876031625,43.71627892804789],[-116.23533417844364,43.72189144683645],[-116.24026025418443,43.726239862193154],[-116.24694960920529,43.72764870671832]]]}"
0000000000000000029c,110.0,114.97022332506205,30.0,9413.612903225809,297.4801488833747,-79.9652605459057,377.4454094292804,206.52233250620347,-17.0,226.5223325062035,-17.0,1026.4702233250619,116.0,60.0,20.0,319.52605459057077,198.84739454094293,298.1339950372208,198.84739454094293,0,669,Culex tarsalis,2019.66666666667,"{""type"":""Polygon"",""coordinates"":[[[-85.96024921218606,39.693847793548],[-85.96718733538735,39.69209280826366],[-85.97141884951445,39.68751250684298],[-85.9712937665635,39.68189354134739],[-85.96686178862483,39.677427296173896],[-85.95985162918792,39.6758552653717],[-85.95299647442289,39.677790350807975],[-85.94896913284447,39.68247809804749],[-85.94934062791148,39.68809061144903],[-85.95396699210086,39.69243897482034],[-85.96024921218606,39.693847793548]]]}"
000000000000000002a8,220.0,146.0,46.91642228739002,6022.1656891495595,364.96627565982396,55.82258064516128,309.1436950146627,285.17741935483866,157.11730205278593,291.0601173020528,138.82258064516125,591.0469208211143,115.82258064516127,13.0,64.37536656891496,247.4868035190616,48.03372434017595,217.15689149560114,53.03372434017595,0,681,Culex tarsalis,1997.0,"{""type"":""Polygon"",""coordinates"":[[[-101.51444983400756,27.882946569466945],[-101.52048975320261,27.881191659034148],[-101.52417369272924,27.876611476763543],[-101.52406508401191,27.870992506952824],[-101.52020679481426,27.866526140090137],[-101.51410369228044,27.864954041536468],[-101.50813555577713,27.86688920852692],[-101.50462956907764,27.87157707182871],[-101.50495326691427,27.87718957240672],[-101.50898091516731,27.881537812107336],[-101.51444983400756,27.882946569466945]]]}"
000000000000000002a9,104.0,146.0,37.0,8324.129281767957,326.4,-62.0,388.4,4.0,205.0,212.51049723756904,-3.0,311.82209944751384,39.0121546961326,7.0,37.352486187845294,114.68397790055249,36.0,41.0,104.6839779005525,0,682,Culex tarsalis,2018.7125244140625,"{""type"":""Polygon"",""coordinates"":[[[-116.34654809033506,43.68614785321391],[-116.35393073744197,43.68439283680877],[-116.35843324480292,43.6798124858522],[-116.35830000498296,43.67419352215392],[-116.35358410769456,43.66972732757188],[-116.34612504928522,43.66815532493541],[-116.33883091236139,43.67009037646777],[-116.33454555095912,43.67477807545472],[-116.33494069709839,43.68039059418426],[-116.33986336484772,43.68473900897139],[-116.34654809033506,43.68614785321391]]]}"
000000000000000002ab,162.51468710089398,156.5619412515964,44.51851851851852,6799.397190293742,364.52107279693473,17.48403575989783,347.037037037037,92.4329501915709,250.16219667943804,250.16219667943804,78.74840357598977,467.5900383141763,85.14942528735632,0.0,81.56832694763729,237.522349936143,5.0,5.0,232.52873563218392,0,684,Culex tarsalis,2022.22222222222,"{""type"":""Polygon"",""coordinates"":[[[-119.72464711179829,37.08765037814364],[-119.73133958222395,37.08589541128443],[-119.73542133819376,37.08131513919236],[-119.73530076062188,37.07569617263356],[-119.73102568275989,37.07122989750649],[-119.72426359766543,37.069657850027845],[-119.71765103678702,37.071592955538016],[-119.71376628228671,37.07628073134621],[-119.71412470490733,37.081893241592304],[-119.7185873241452,37.086241574522106],[-119.72464711179829,37.08765037814364]]]}"
000000000000000002ad,93.03296703296704,145.77899877899875,35.0,8932.747252747251,318.62026862026863,-90.69230769230768,409.31257631257625,80.62026862026862,211.53479853479854,211.53479853479854,-19.140415140415143,328.16361416361417,37.0,21.0,19.724053724053725,106.4114774114774,66.91330891330891,66.91330891330891,69.6007326007326,0,686,Culex tarsalis,2021.11111111111,"{""type"":""Polygon"",""coordinates"":[[[-112.42064850445603,40.20845035062092],[-112.42763901969582,40.20669536153518],[-112.43190247362183,40.20211505406364],[-112.43177642960772,40.196496088787484],[-112.4273109885661,40.192029849793805],[-112.42024792091316,40.19045782243214],[-112.41334102676917,40.19239290372695],[-112.40928327468805,40.19708064507236],[-112.40965755762511,40.202693159124834],[-112.4143188446869,40.20704152877664],[-112.42064850445603,40.20845035062092]]]}"
000000000000000002b2,103.99557032115172,147.08859357696565,37.0,8329.925802879292,326.61572535991144,-63.0,389.6157253599114,3.0,204.0,212.08859357696568,-4.0,308.23698781838317,38.67774086378738,7.0,37.68217054263566,113.55481727574751,36.0,41.0,103.88150609080843,0,691,Culex tarsalis,2017.63636363636,"{""type"":""Polygon"",""coordinates"":[[[-116.4046457179604,43.70274908643589],[-116.4120304089908,43.7009940698929],[-116.41653416236721,43.69641371871691],[-116.4164008850263,43.6907947550266],[-116.41168368227905,43.68632856066864],[-116.40422255985592,43.68475655815694],[-116.39692640451432,43.68669160953912],[-116.39263985673661,43.691379308312335],[-116.39303511160719,43.69699182706548],[-116.3979591417503,43.701340242080356],[-116.4046457179604,43.70274908643589]]]}"
000000000000000002be,155.01832460732984,137.00392670157066,34.0,8997.91230366492,352.82198952879577,-43.009162303664915,395.83115183246065,204.40706806282725,36.01832460732984,269.315445026178,36.01832460732984,704.3141361256544,115.0,20.009162303664922,47.21073298429319,265.1871727748691,74.95287958115183,222.18717277486914,74.95287958115183,0,703,Culex tarsalis,2020.60240963855,"{""type"":""Polygon"",""coordinates"":[[[-99.05764568119679,35.41934906461373],[-99.0641967595431,35.41759410889329],[-99.06819231785234,35.41301385453187],[-99.06807433309604,35.407394887330625],[-99.0638895634013,35.40292859409508],[-99.05727026481833,35.401356536534514],[-99.05079733598963,35.40329165418055],[-99.04699465135722,35.40797944725994],[-99.04734554938143,35.41359195559806],[-99.05171392051481,35.41794027012447],[-99.05764568119679,35.41934906461373]]]}"
000000000000000002c1,103.01056338028171,146.09624413145542,38.0,8207.429577464789,321.90375586854464,-61.593896713615024,383.4976525821596,4.0,202.15023474178403,209.91431924882636,-2.954225352112676,272.0328638497653,33.19600938967136,7.0,33.971830985915496,94.84389671361502,35.0,40.0,83.84389671361502,0,706,Culex tarsalis,2018.77777777778,"{""type"":""Polygon"",""coordinates"":[[[-116.39634733089994,43.5284517444588],[-116.40371064969518,43.526696729359315],[-116.40820137413574,43.52211638048098],[-116.4080684891241,43.51649741670726],[-116.40336493687646,43.51203122000269],[-116.3959253967751,43.510459216184586],[-116.388650346981,43.51239426913932],[-116.38437620450904,43.51708197015066],[-116.38477032242541,43.522694488656725],[-116.38968010672572,43.52704290128674],[-116.39634733089994,43.5284517444588]]]}"
000000000000000002c2,122.47309136420526,129.57822277847308,30.594493116395498,9991.83604505632,327.35168961201504,-89.4055068836045,416.75719649561955,223.87859824780972,-11.526908635794745,248.0,-11.526908635794745,856.404255319149,136.12140175219025,20.0,51.0,351.5219023779725,70.12140175219024,322.04881101376725,70.12140175219024,0,707,Culex tarsalis,2021.48484848485,"{""type"":""Polygon"",""coordinates"":[[[-96.60915329274967,39.12114760884973],[-96.61603467206675,39.11939262772988],[-96.62023159331203,39.11481233293808],[-96.62010755117652,39.10919336720212],[-96.61571181590986,39.104727115258505],[-96.60875895953887,39.10315508068711],[-96.6019598419078,39.10509017066046],[-96.59796543682906,39.109777924357104],[-96.59833391237612,39.11539043704551],[-96.60292245283341,39.119738793536406],[-96.60915329274967,39.12114760884973]]]}"
000000000000000002c5,104.42320441988952,148.0,37.0,8368.15138121547,328.1259668508288,-63.0,391.1259668508287,3.0,205.12596685082877,214.0,-3.588950276243094,294.8906077348066,36.1878453038674,7.0,36.31381215469613,107.37569060773481,35.462983425414365,40.0,98.7767955801105,0,710,Culex tarsalis,2018.84090909091,"{""type"":""Polygon"",""coordinates"":[[[-116.47934903790883,43.68614785321391],[-116.48673168501571,43.684392836808776],[-116.49123419237667,43.67981248585221],[-116.49110095255675,43.67419352215392],[-116.4863850552683,43.66972732757188],[-116.47892599685898,43.66815532493542],[-116.47163185993514,43.670090376467776],[-116.46734649853289,43.674778075454725],[-116.46774164467216,43.68039059418427],[-116.47266431242144,43.68473900897139],[-116.47934903790883,43.68614785321391]]]}"
000000000000000002cd,176.78116343490314,134.4307479224377,36.0,8018.9141274238245,356.40997229916906,-11.427977839335183,367.83795013850425,219.8171745152355,68.78116343490306,276.83795013850425,68.78116343490306,860.2382271468146,123.62603878116347,38.68144044321331,35.759002770083114,292.139889196676,130.2520775623269,198.16066481994463,130.2520775623269,0,718,Culex tarsalis,2022.25,"{""type"":""Polygon"",""coordinates"":[[[-97.65495518101643,33.40244860802858],[-97.6613501702477,33.40069366517498],[-97.66525057105291,33.39611343129521],[-97.66513544861736,33.39049446335217],[-97.66105037419771,33.3860281491985],[-97.65458870411607,33.384456079991615],[-97.6482699214351,33.38639121165663],[-97.64455783744532,33.39107902468689],[-97.64490042872085,33.396691530820696],[-97.64916475510138,33.401039824088365],[-97.65495518101643,33.40244860802858]]]}"
000000000000000002d2,183.1767180925666,164.0350631136045,47.20336605890603,6749.283309957925,357.9495091164095,15.315568022440393,342.63394109396916,263.9789621318373,215.94950911640953,270.66900420757366,99.60869565217392,381.96493688639555,87.0210378681627,4.0,75.28751753155682,202.78401122019636,21.97054698457223,169.58625525946707,84.18934081346424,0,723,Culex tarsalis,2021.27272727273,"{""type"":""Polygon"",""coordinates"":[[[-110.83534889793495,31.9084490955768],[-110.8416379048284,31.906694161873766],[-110.84547369517512,31.90211394256018],[-110.84536051641224,31.89649497408979],[-110.84134313364805,31.892028645059515],[-110.83498849079518,31.890456567569892],[-110.82877437089317,31.892391709205047],[-110.82512380346488,31.897079536423984],[-110.8254607547808,31.902692040989947],[-110.82965443636753,31.90704031913879],[-110.83534889793495,31.9084490955768]]]}"
000000000000000002e3,106.1456647398844,138.45317919075143,36.0,8365.700578034683,327.1456647398844,-55.30751445086705,382.4531791907514,7.692485549132948,210.1456647398844,216.04046242774572,-0.30751445086705204,329.7560693641618,41.57919075144508,8.0,38.476300578034675,121.37919075144508,37.0,43.0,110.48208092485551,0,740,Culex tarsalis,2019.550048828125,"{""type"":""Polygon"",""coordinates"":[[[-116.14734666897448,43.57824652592263],[-116.15471607398716,43.57649151041161],[-116.15921050870726,43.571911160878216],[-116.15907751197294,43.56629219712827],[-116.15437007244269,43.56182600109271],[-116.14692438629415,43.56025399764707],[-116.13964332622506,43.56218905015347],[-116.13536565106735,43.566876750526724],[-116.13576009275845,43.57248926910323],[-116.1406739338794,43.576837682413164],[-116.14734666897448,43.57824652592263]]]}"
000000000000000002e7,44.584647739221865,131.01787592008412,27.0,12114.249211356466,282.8706624605678,-197.26813880126178,480.13880126182954,168.87066246056784,-120.26813880126181,193.35015772870662,-120.26813880126181,431.2723449001051,88.41535226077812,7.0,70.43743427970556,211.5625657202944,25.121976866456357,209.4153522607781,25.121976866456357,0,744,Culex tarsalis,2020.85714285714,"{""type"":""Polygon"",""coordinates"":[[[-99.25685156165844,47.14724858168596],[-99.26470113421506,47.14549353475038],[-99.26948828472112,47.14091313519918],[-99.26934646899232,47.13529417326597],[-99.26433234643235,47.13082802831398],[-99.25640178044961,47.12925605330722],[-99.24864655172057,47.13119107158085],[-99.24409016834497,47.13587872323187],[-99.24451014902961,47.14149124718631],[-99.24974404644205,47.145839712412545],[-99.25685156165844,47.14724858168596]]]}"
000000000000000002f4,169.31179775280899,154.92275280898875,46.831460674157306,6508.624999999998,338.4030898876404,9.252808988764045,329.15028089887636,245.4578651685393,202.15028089887636,253.22612359550558,88.45786516853931,470.3693820224718,104.83146067415728,4.735955056179775,72.22752808988764,241.66713483146063,27.589887640449433,202.6446629213483,108.50842696629215,0,757,Culex tarsalis,2020.75,"{""type"":""Polygon"",""coordinates"":[[[-110.81044927765251,31.858649855011922],[-110.81673488549032,31.85689492160872],[-110.82056860366052,31.852314702772418],[-110.82045548723983,31.846695734284758],[-110.81644027547482,31.84222940476702],[-110.81008906518103,31.840657327005996],[-110.80387830200614,31.842592468967844],[-110.80022970753089,31.847280296651697],[-110.80056647796772,31.85289280116628],[-110.80475789384485,31.857241078819733],[-110.81044927765251,31.858649855011922]]]}"
000000000000000002fd,103.0,145.64583333333337,37.0,8275.876157407409,324.74305555555566,-62.00462962962964,386.7476851851852,3.994212962962963,203.79861111111117,211.42013888888894,-3.00462962962963,307.8356481481482,38.246527777777786,7.0,37.24537037037038,112.11342592592592,36.0,41.0,102.11342592592594,0,766,Culex tarsalis,2018.5250244140625,"{""type"":""Polygon"",""coordinates"":[[[-116.3548509364966,43.66124823293146],[-116.36223052127399,43.65949321673295],[-116.36673116177923,43.65491286610524],[-116.36659797817518,43.64929390239502],[-116.36188403680396,43.6448277074771],[-116.35442807082507,43.643255704653654],[-116.34713695801697,43.6451907564111],[-116.34285337411396,43.64987845571839],[-116.34324835734515,43.655490974412565],[-116.34816898387362,43.659839388858344],[-116.3548509364966,43.66124823293146]]]}"
000000000000000002fe,103.54853801169588,143.85847953216376,37.0,8234.826900584796,322.2959064327485,-60.33099415204679,382.62690058479535,4.52748538011696,203.5485380116959,211.0093567251462,-2.4725146198830408,286.80584795321636,35.0,7.0,35.43040935672514,100.7017543859649,35.0,41.0,89.82690058479534,0,767,Culex tarsalis,2019.40909090909,"{""type"":""Polygon"",""coordinates"":[[[-116.3382497032746,43.54504851857972],[-116.34561504889203,43.54329350334315],[-116.35010700892396,43.5387131542466],[-116.34997408670674,43.533094190480796],[-116.34526923992256,43.528627993999095],[-116.33782765307436,43.527055990305065],[-116.33055060174804,43.52899104311045],[-116.32627528282686,43.533678743909235],[-116.3266695085663,43.53929126243875],[-116.33158064386251,43.54363967529527],[-116.3382497032746,43.54504851857972]]]}"
00000000000000000303,119.85133418043203,127.23761118170266,30.0,9945.794155019063,322.65057179161374,-91.03557814485387,413.68614993646764,220.41296060991112,-14.035578144853874,243.87166454891997,-14.035578144853874,872.2388818297333,137.0,20.0,50.70648030495553,354.7623888182973,72.03557814485389,326.0559085133419,72.03557814485389,0,772,Culex tarsalis,2019.81818181818,"{""type"":""Polygon"",""coordinates"":[[[-96.57595082630571,39.0962479885673],[-96.58282977512688,39.09449300762696],[-96.58702521466294,39.08991271312092],[-96.58690121710673,39.08429374737459],[-96.58250703421336,39.079827495139135],[-96.57555663229239,39.078255460405266],[-96.56875991488779,39.0801905505742],[-96.56476692056962,39.084878304549186],[-96.56513526678063,39.09049081720685],[-96.56972218714269,39.09483917340114],[-96.57595082630571,39.0962479885673]]]}"
00000000000000000317,212.1040118870728,164.0118870728083,52.01188707280831,5373.735512630014,358.0,48.0,310.0,264.0,190.10401188707277,273.3090638930163,139.0,179.15898959881125,37.40267459138187,3.0,72.78157503714709,92.39227340267458,11.0,81.40267459138185,20.0,0,792,Culex tarsalis,2005.0,"{""type"":""Polygon"",""coordinates"":[[[-102.98354972617689,25.758149244691555],[-102.98947744722734,25.756394345842832],[-102.99309298905196,25.75181418201282],[-102.99298644055894,25.74619521153527],[-102.98919981244623,25.741728825838994],[-102.98321000993013,25.740156716799113],[-102.97735267057712,25.742091896412056],[-102.97391180815784,25.746779777676416],[-102.97422953794782,25.752392276268754],[-102.9781824000316,25.756740496829284],[-102.98354972617689,25.758149244691555]]]}"
0000000000000000031c,104.0,146.16444444444443,37.0,8322.85111111111,326.08444444444444,-62.0,388.08444444444444,4.0,205.0,212.39333333333332,-3.0,314.0022222222222,39.37222222222222,7.0,37.37222222222221,115.74444444444444,36.0,41.0,105.90888888888887,0,797,Culex tarsalis,2019.10638297872,"{""type"":""Polygon"",""coordinates"":[[[-116.34654809033506,43.694450699375416],[-116.3539317594593,43.69269568290136],[-116.35843488986185,43.68811533183507],[-116.35830163128043,43.68249636814077],[-116.35358508122708,43.67803017367078],[-116.34612499075472,43.676458171096705],[-116.3388298445671,43.67839322255396],[-116.33454388994487,43.683080921434026],[-116.33493909045274,43.68869344017538],[-116.33986243943602,43.69304185507639],[-116.34654809033506,43.694450699375416]]]}"
0000000000000000031e,103.5550405561993,147.0,37.670915411355736,8263.782155272305,323.8841251448436,-62.44495944380069,386.32908458864426,3.315179606025492,202.88412514484358,210.97914252607183,-3.444959443800695,275.62224797219005,33.4449594438007,7.0,33.85747392815759,97.33371958285053,35.0,40.0,87.57358053302434,0,799,Culex tarsalis,2019.24324324324,"{""type"":""Polygon"",""coordinates"":[[[-116.47104619174729,43.57824652592262],[-116.47841559675994,43.57649151041161],[-116.4829100314801,43.571911160878216],[-116.48277703474575,43.56629219712827],[-116.47806959521547,43.56182600109271],[-116.47062390906693,43.56025399764707],[-116.46334284899787,43.56218905015347],[-116.45906517384016,43.566876750526724],[-116.45945961553127,43.57248926910323],[-116.46437345665221,43.576837682413164],[-116.47104619174729,43.57824652592262]]]}"
0000000000000000032a,105.0,143.23699421965318,37.0,8323.208092485549,327.0,-59.0,386.0,5.0,206.8462427745665,214.0,-2.0,320.7699421965318,40.29479768786127,8.0,37.51676300578034,117.40115606936416,37.0,42.29479768786126,107.557225433526,0,811,Culex tarsalis,2018.68965517241,"{""type"":""Polygon"",""coordinates"":[[[-116.26355084242729,43.66124823293146],[-116.27093042720469,43.65949321673294],[-116.2754310677099,43.65491286610524],[-116.27529788410588,43.649293902395016],[-116.27058394273466,43.64482770747709],[-116.26312797675577,43.64325570465365],[-116.25583686394765,43.64519075641109],[-116.25155328004463,43.64987845571838],[-116.25194826327585,43.655490974412565],[-116.25686888980432,43.65983938885834],[-116.26355084242729,43.66124823293146]]]}"
00000000000000000127,221.37053571428572,133.13690476190476,46.0,5420.988095238095,359.1949404761904,72.86309523809524,286.33184523809524,259.69940476190476,148.36160714285717,285.39136904761904,148.36160714285717,929.0193452380953,210.11011904761907,20.0,72.79315476190477,459.3690476190476,68.97916666666667,344.6354166666667,68.97916666666667,0,296,Culex tarsalis,2002.0,"{""type"":""Polygon"",""coordinates"":[[[-100.0370470956767,25.442748108979217],[-100.04295920410654,25.440993211814007],[-100.04656522835155,25.436413050663973],[-100.04645896667836,25.43079408008954],[-100.04268231033018,25.426327691656162],[-100.0367082735356,25.42475558109231],[-100.03086635163812,25.426690762539696],[-100.02743455139652,25.43137864641456],[-100.0277514508619,25.436991144718302],[-100.03169390638499,25.441339362497192],[-100.0370470956767,25.442748108979217]]]}"
00000000000000000138,239.5032362459547,125.17961165048544,62.0,1438.775080906149,343.3462783171521,142.20388349514565,201.1423948220065,242.17961165048544,240.38349514563112,258.4660194174757,218.88187702265375,1023.4449838187703,237.6990291262136,4.0,105.0,637.9935275080906,14.820388349514563,218.85436893203885,28.62135922330097,0,313,Culex tarsalis,2004.0,"{""type"":""Polygon"",""coordinates"":[[[-102.78434830481629,18.74464769367816],[-102.78998607634318,18.742892830439256],[-102.79342487083214,18.73831272329757],[-102.79332365891024,18.732693750771816],[-102.78972221873599,18.728227307179022],[-102.7840251923982,18.726655165902677],[-102.77845416239872,18.728590384319347],[-102.77518159730415,18.733278320802352],[-102.77548391716822,18.73889081328885],[-102.77924352136124,18.743238975010982],[-102.78434830481629,18.74464769367816]]]}"
00000000000000000297,213.12184249628527,126.10995542347696,45.92867756315007,5147.138187221397,340.30312035661217,67.3670133729569,272.93610698365524,248.15156017830608,156.47696879643385,272.95245170876666,140.74145616641903,302.86627043090635,82.9821693907875,6.080237741456165,77.66716196136701,151.51263001485881,28.725111441307575,100.06686478454678,34.6448736998514,0,664,Culex tarsalis,2007.0,"{""type"":""Polygon"",""coordinates"":[[[-100.53504841952764,26.03204952689947],[-100.54098991234225,26.03029462658149],[-100.54461384957133,26.02571446041256],[-100.54450704810797,26.02009549001957],[-100.54071162397595,26.015629106712055],[-100.53470791459439,26.014056999002207],[-100.52883697558164,26.015992177014162],[-100.52538811948762,26.020680056000238],[-100.52570658173286,26.02629255484445],[-100.52966862338131,26.03064077783261],[-100.53504841952764,26.03204952689947]]]}"
00000000000000000259,142.95352564102566,161.3076923076923,70.0,1720.3685897435896,254.16666666666663,25.096153846153847,229.0705128205128,155.3205128205128,128.88461538461536,162.86217948717947,118.97916666666664,817.386217948718,179.14583333333331,8.0,93.21314102564102,483.78365384615387,33.20833333333333,219.48878205128204,34.88301282051282,0,602,Culex tarsalis,2011.0,"{""type"":""Polygon"",""coordinates"":[[[-99.9457470016074,19.97304977008353],[-99.95142739930318,19.971294900853373],[-99.95489217628565,19.966714784173867],[-99.95479017795516,19.961095811992546],[-99.95116151333694,19.95662937814085],[-99.94542144841698,19.955057242288376],[-99.93980833035167,19.95699245417622],[-99.93651102361007,19.961680381368705],[-99.93681560695703,19.96729287488269],[-99.94060362106123,19.97164104650436],[-99.9457470016074,19.97304977008353]]]}"
00000000000000000135,156.88906752411577,170.8440514469454,69.39549839228297,2039.6913183279744,269.1237942122186,24.564308681672028,244.55948553054668,175.01446945337622,126.9983922829582,177.1704180064309,126.9983922829582,636.5466237942122,125.78135048231512,6.0,89.69614147909968,362.2765273311897,22.125401929260452,288.4951768488746,22.125401929260452,0,310,Culex tarsalis,2012.0,"{""type"":""Polygon"",""coordinates"":[[[-99.11575222702425,19.491649679454568],[-99.121415532947,19.489894812583113],[-99.12486989165858,19.485314699658563],[-99.12476820853813,19.479695727341632],[-99.12115046010783,19.47522928965495],[-99.11542765252001,19.473657151667158],[-99.10983141064769,19.475592366125337],[-99.10654402454881,19.480280296975415],[-99.10684770018761,19.4858927900849],[-99.11062432271164,19.490240957809206],[-99.11575222702425,19.491649679454568]]]}"
000000000000000001a7,159.24516129032259,169.1983870967742,69.0,2060.2258064516136,271.866129032258,28.299999999999997,243.56612903225815,177.66935483870967,129.2967741935484,180.0016129032258,129.2967741935484,634.7338709677418,126.2903225806452,7.0,88.1274193548387,359.57580645161295,23.00161290322581,276.1193548387097,23.00161290322581,0,424,Culex tarsalis,2012.0,"{""type"":""Polygon"",""coordinates"":[[[-99.14064738820565,19.450148825950148],[-99.14630924417592,19.448393959281372],[-99.14976271907626,19.443813846679475],[-99.14966106270295,19.438194874350895],[-99.14604424032775,19.433728436334686],[-99.14032289672593,19.432156298163406],[-99.13472808650695,19.43409151284245],[-99.13144154200897,19.438779444006816],[-99.131745140651,19.444391937081544],[-99.13552079679411,19.448740104470954],[-99.14064738820565,19.450148825950148]]]}"
000000000000000001ad,159.52988691437798,167.73182552504036,68.66397415185784,2069.9143780290797,273.0678513731825,30.03715670436187,243.03069466882062,177.73182552504036,129.94668820678513,181.5589660743134,129.94668820678513,751.4361873990305,160.91760904684975,6.0,93.54927302100161,441.64781906300476,22.565428109854597,213.56865912762515,24.613893376413564,0,430,Culex tarsalis,2012.0,"{""type"":""Polygon"",""coordinates"":[[[-99.19045108787158,19.416946359506195],[-99.19611178649008,19.4151914929995],[-99.19956455593311,19.410611380655624],[-99.19946292091011,19.40499240831772],[-99.19584683771176,19.40052597003799],[-99.19012666266194,19.398953831719982],[-99.18453299518714,19.40088904657565],[-99.18124712245479,19.40557697799135],[-99.18155065963883,19.411189471038277],[-99.18532554441747,19.415537638159883],[-99.19045108787158,19.416946359506195]]]}"
000000000000000001d6,158.5225806451613,175.06451612903226,69.0,2094.827419354839,274.90806451612906,22.593548387096778,252.31451612903228,176.52258064516133,128.07096774193548,179.84032258064516,128.07096774193548,683.4499999999999,142.53709677419357,6.0,90.0983870967742,392.7016129032258,23.15967741935484,207.40483870967742,23.15967741935484,0,471,Culex tarsalis,2012.0,"{""type"":""Polygon"",""coordinates"":[[[-99.05764568119679,19.30904949131596],[-99.063302635186,19.307294625335505],[-99.06675312211526,19.30271451382939],[-99.06665155617644,19.297095541461236],[-99.0630378645947,19.292629102325893],[-99.05732147040449,19.291056963531478],[-99.05173150028816,19.292992178960603],[-99.04844780106328,19.297680111192335],[-99.04875113940423,19.303292604149014],[-99.052523528425,19.307640770401093],[-99.05764568119679,19.30904949131596]]]}"
000000000000000001dc,158.8523274478331,167.21027287319427,68.03370786516857,2095.800963081862,272.92616372391655,29.71268057784912,243.21348314606746,174.58426966292134,129.02568218298558,181.3338683788122,129.02568218298558,776.0593900481542,166.94703049759232,6.0,94.92937399678974,458.7495987158909,22.06902086677368,218.88603531300163,25.932584269662925,0,477,Culex tarsalis,2012.0,"{""type"":""Polygon"",""coordinates"":[[[-99.19875393403309,19.408647972445728],[-99.20441434376215,19.406893105979528],[-99.20786693711432,19.40231299370012],[-99.20776530742074,19.396694021359902],[-99.20414940873012,19.39222758301432],[-99.19842952536528,19.39065544465965],[-99.19283614313355,19.392590659559445],[-99.18955043808225,19.39727859103795],[-99.18985395992573,19.40289108407793],[-99.19362865216223,19.40723925113262],[-99.19875393403309,19.408647972445728]]]}"
00000000000000000226,157.90353697749197,173.0,68.7813504823151,2084.352090032154,273.8070739549839,23.684887459807072,250.12218649517683,171.68488745980704,127.90353697749195,179.39549839228295,127.90353697749195,836.4308681672024,177.36977491961412,6.0,94.0,490.71382636655943,24.903536977491957,238.3601286173633,24.903536977491957,0,551,Culex tarsalis,2012.0,"{""type"":""Polygon"",""coordinates"":[[[-99.14064738820564,19.28414987103352],[-99.14630348158882,19.282395005174415],[-99.14975344394227,19.277814893861468],[-99.14965189388174,19.27219592148634],[-99.14603875195085,19.2677294821537],[-99.14032322669149,19.266157343249436],[-99.13473410631556,19.26809255881079],[-99.131450906615,19.272780491230687],[-99.13175419925813,19.278392984166558],[-99.13552601469439,19.282741150218136],[-99.14064738820564,19.28414987103352]]]}"
00000000000000000298,150.66720516962843,171.67366720516964,68.16316639741518,2067.5185783521806,267.1615508885299,16.98384491114701,250.17770597738289,164.62197092084008,121.36025848142164,172.81421647819064,121.36025848142164,897.638126009693,187.1502423263328,6.0,95.1631663974152,528.967689822294,24.150242326332794,255.83521809369952,28.269789983844912,0,665,Culex tarsalis,2012.0,"{""type"":""Polygon"",""coordinates"":[[[-99.22364909521448,19.317347878376427],[-99.2293063363166,19.31559301235552],[-99.23275699825338,19.311012900785006],[-99.23265542701738,19.305393928419182],[-99.2290415520627,19.300927489349608],[-99.22332486798214,19.299355350591807],[-99.21773461437775,19.301290565976853],[-99.21445074850301,19.305978498145862],[-99.21475410208963,19.31159099110948],[-99.21852668246805,19.315939157428392],[-99.22364909521448,19.317347878376427]]]}"
00000000000000000329,149.1884057971014,170.30756843800324,68.21900161030595,2017.1996779388087,264.10950080515306,15.66988727858293,248.43961352657007,165.9597423510467,120.43156199677938,170.3864734299517,120.43156199677938,751.5491143317231,155.95974235104669,7.0,90.0289855072464,433.4154589371981,26.429951690821255,226.00322061191628,26.429951690821255,0,810,Culex tarsalis,2012.0,"{""type"":""Polygon"",""coordinates"":[[[-99.01614928679342,19.217749397246656],[-99.02180309167424,19.215994531710955],[-99.02525165909034,19.211414420912863],[-99.02515015125488,19.205795448519144],[-99.0215384709415,19.201329008660686],[-99.01582525631834,19.199756869463634],[-99.01023839554799,19.201692085377417],[-99.00695652417002,19.206380018298823],[-99.0072596952967,19.21199251117923],[-99.01102998547265,19.216340676696426],[-99.01614928679342,19.217749397246656]]]}"
00000000000000000330,159.991935483871,173.11612903225813,69.97741935483873,2048.9016129032266,274.2693548387098,27.217741935483883,247.05161290322584,177.6645161290323,130.21129032258068,180.87580645161293,130.21129032258068,622.9370967741937,123.83870967741937,5.0,88.49838709677421,352.9451612903227,20.0,189.533870967742,20.0,0,817,Culex tarsalis,2012.0,"{""type"":""Polygon"",""coordinates"":[[[-99.09915099380227,19.400349585385264],[-99.10481111479008,19.39859471895956],[-99.10826353214178,19.394014606744623],[-99.10816190777493,19.388395634402066],[-99.10454619349737,19.38392919599065],[-99.0988266016678,19.382357057599318],[-99.09323350453266,19.38429227254324],[-99.08994796707643,19.388980204084536],[-99.09025147358727,19.394592697117577],[-99.09402597338047,19.398940864105352],[-99.09915099380227,19.400349585385264]]]}"
000000000000000001d8,37.35005015045136,144.39919759277836,30.0,11263.542627883651,277.7352056168506,-192.92276830491477,470.6579739217653,152.73420260782348,-93.92276830491474,176.7733199598797,-114.61183550651955,309.5536609829489,63.0,7.922768304914744,72.283851554664,164.60982948846538,26.92276830491475,148.3540621865597,27.922768304914744,0,473,Culex tarsalis,2014.0,"{""type"":""Polygon"",""coordinates"":[[[-106.56085016900069,49.006448470414945],[-106.56898861905174,49.00469340539256],[-106.57395186860374,49.00011297705367],[-106.57380474231687,48.994494016166975],[-106.56860611494058,48.990027900616035],[-106.56038384469234,48.98845594197682],[-106.55234335524507,48.99039094054832],[-106.54761929633602,48.99507856415719],[-106.54805463658651,49.000691091205994],[-106.55348108201235,49.00503958631274],[-106.56085016900069,49.006448470414945]]]}"
00000000000000000249,49.02167487684729,137.02167487684727,31.0,10165.27093596059,269.9428571428571,-167.0600985221675,437.0029556650246,154.88275862068966,-10.250246305418719,175.48669950738915,-85.2886699507389,339.0,58.0,14.0,45.0,135.0,48.0,134.0,51.0,0,586,Culex tarsalis,2014.0,"{""type"":""Polygon"",""coordinates"":[[[-111.38314946235079,49.87794855760357],[-111.39143384705656,49.87619348363212],[-111.3964860567837,49.87161304104977],[-111.39633624621781,49.86599408068112],[-111.39104441138727,49.86152797967711],[-111.3826747809843,49.859956029136086],[-111.37449018637277,49.86189101795953],[-111.36968142153171,49.866578627693805],[-111.37012451952116,49.87219115627339],[-111.37564823491432,49.87653966616432],[-111.38314946235079,49.87794855760357]]]}"
000000000000000002f1,19.49765698219307,120.0,24.0,12683.187441424558,255.92596063730085,-230.0,485.92596063730093,171.27835051546396,-131.50234301780696,171.27835051546396,-152.72727272727275,356.0,61.0,14.0,54.0,160.0,49.0,160.0,50.0,0,754,Culex tarsalis,2016.0,"{""type"":""Polygon"",""coordinates"":[[[-106.63555348894906,52.1770476834571],[-106.64425927000221,52.17529258423725],[-106.64956835343501,52.17071210146985],[-106.64941078592797,52.16509314256361],[-106.64384980967502,52.16062708260081],[-106.63505467662215,52.1590551549067],[-106.62645397777926,52.160990116228525],[-106.6214006191951,52.16567768681829],[-106.62186611196947,52.171290219715786],[-106.62767069667596,52.175638771317466],[-106.63555348894906,52.1770476834571]]]}"
00000000000000000229,182.18910256410257,172.9903846153846,67.0,2462.783653846154,302.9775641025641,47.176282051282044,255.80128205128204,205.0224358974359,160.46955128205127,207.9647435897436,147.6554487179487,381.8766025641026,67.93589743589742,5.0,70.2900641025641,171.16826923076923,22.753205128205128,144.50160256410257,28.485576923076927,0,554,Culex tarsalis,2017.0,"{""type"":""Polygon"",""coordinates"":[[[-99.20704786199249,20.4876478680554],[-99.212747090896,20.485892996287877],[-99.21622334655255,20.48131287556903],[-99.21612100109262,20.475693903533603],[-99.21248030930221,20.471227473807343],[-99.20672123049792,20.469655340251908],[-99.20108951849207,20.47159054937476],[-99.19778128146885,20.47627847263263],[-99.19808686506985,20.48189096658174],[-99.20188743019756,20.486239142395945],[-99.20704786199249,20.4876478680554]]]}"
0000000000000000014c,99.85370741482966,77.0,34.46793587174349,5156.4629258517025,223.0661322645291,2.321643286573147,220.74448897795594,41.853707414829664,166.97394789579158,166.97394789579158,36.02004008016032,1198.2725450901805,184.56412825651302,34.120240480961925,51.373747494989985,519.1472945891784,123.99899799599199,123.99899799599199,476.77354709418836,0,333,Culex tarsalis,2019.0,"{""type"":""Polygon"",""coordinates"":[[[-123.18575229937139,49.23884789911844],[-123.19392897567134,49.237092831740576],[-123.1989155276107,49.23251239965268],[-123.19876769830068,49.22689343890232],[-123.19354465605835,49.22242732718027],[-123.18528378599765,49.22085537067258],[-123.17720554936282,49.22279036667829],[-123.17245930250144,49.22747798663524],[-123.1728966749253,49.23309051408698],[-123.17834859940403,49.23743901308506],[-123.18575229937139,49.23884789911844]]]}"
0000000000000000015e,104.0,146.0,37.60651920838183,8210.130384167636,322.47729918509884,-61.37601862630965,383.8533178114086,4.79976717112922,203.0325960419092,211.03259604190922,-2.0,264.0256111757858,32.022118742724096,7.0,32.639115250291034,90.66006984866124,34.39813736903376,40.0,79.63795110593715,0,351,Culex tarsalis,2019.0,"{""type"":""Polygon"",""coordinates"":[[[-116.42125141028346,43.49524927801484],[-116.42861067954387,43.4934942631894],[-116.43309893530655,43.488913914747236],[-116.43296612463011,43.48329495095767],[-116.42826515883091,43.47882875380763],[-116.4208297080741,43.477256749741535],[-116.41355865728687,43.4791918029948],[-116.40928686532813,43.483879504431016],[-116.40968076781643,43.489492022890175],[-116.41458785286383,43.493840435067455],[-116.42125141028346,43.49524927801484]]]}"
0000000000000000025d,102.23925667828108,140.64924506387922,36.64924506387921,8251.17537746806,320.82346109175376,-59.275261324041814,380.0987224157957,4.521486643437864,203.82346109175379,210.49245063879215,-2.983739837398374,301.8072009291522,37.31475029036005,8.0,35.47502903600465,107.27758420441347,36.3507549361208,42.83623693379791,96.69337979094078,0,606,Culex tarsalis,2019.0,"{""type"":""Polygon"",""coordinates"":[[[-116.27184922948773,43.49524927801484],[-116.27920849874813,43.4934942631894],[-116.28369675451083,43.48891391474724],[-116.2835639438344,43.48329495095767],[-116.27886297803519,43.47882875380764],[-116.27142752727838,43.477256749741535],[-116.26415647649115,43.4791918029948],[-116.25988468453241,43.48387950443102],[-116.26027858702071,43.489492022890175],[-116.26518567206811,43.493840435067455],[-116.27184922948773,43.49524927801484]]]}"
00000000000000000284,103.58895027624311,147.05635359116022,37.0,8333.165745856355,326.2530386740331,-62.98784530386741,389.2408839779006,3.0121546961325967,204.56464088397792,212.56464088397794,-3.9878453038674033,305.38563535911607,38.00441988950276,7.0,37.00441988950277,111.91712707182319,36.0,41.0,102.37679558011051,0,645,Culex tarsalis,2019.0,"{""type"":""Polygon"",""coordinates"":[[[-116.4046457179604,43.68614785321391],[-116.41202836506731,43.684392836808776],[-116.4165308724283,43.67981248585221],[-116.41639763260834,43.67419352215392],[-116.4116817353199,43.66972732757188],[-116.40422267691058,43.66815532493541],[-116.39692853998673,43.670090376467776],[-116.39264317858446,43.674778075454725],[-116.39303832472373,43.68039059418427],[-116.39796099247307,43.68473900897139],[-116.4046457179604,43.68614785321391]]]}"
000000000000000002e0,105.58564814814815,140.86111111111111,36.0,8339.774305555555,326.55671296296293,-56.97800925925926,383.53472222222223,6.387731481481481,208.2824074074074,214.69560185185185,-0.7060185185185186,318.72222222222234,40.019675925925924,8.0,37.0,115.97916666666666,37.0,42.594907407407405,106.17013888888889,0,737,Culex tarsalis,2019.0,"{""type"":""Polygon"",""coordinates"":[[[-116.2220544480239,43.61974737942704],[-116.2294289374714,43.617992363572505],[-116.23392647176354,43.61341201349234],[-116.23379338169487,43.60779304976224],[-116.22908269472335,43.603326854285115],[-116.2216318741599,43.601754851150346],[-116.21434579310012,43.60368990328253],[-116.2100651667317,43.608377603123174],[-116.21045987890355,43.61399012175848],[-116.21537710909752,43.618338535635935],[-116.2220544480239,43.61974737942704]]]}"
000000000000000002ef,58.817160367722174,148.58631256384064,31.0,11091.639427987744,299.64759959141986,-175.81409601634323,475.461695607763,171.64555669050048,-89.99897854954034,197.829417773238,-89.99897854954034,296.61287027579164,58.01123595505618,7.0,67.99284984678242,152.46884576098063,26.73237997957099,133.25127681307455,26.73237997957099,0,752,Culex tarsalis,2019.0,"{""type"":""Polygon"",""coordinates"":[[[-107.00904779318569,48.05194667621748],[-107.01703427847741,48.05019162064393],[-107.02190489106918,48.04561120734412],[-107.02176055889804,48.03999224591064],[-107.01665899063808,48.03552611500019],[-107.00859017136732,48.03395414781039],[-107.00069974330096,48.03588915667451],[-106.99606389050605,48.04057679493298],[-106.99649115132573,48.04618932036533],[-107.00181630672728,48.050537799862084],[-107.00904779318569,48.05194667621748]]]}"
000000000000000001e1,52.01375661375661,134.0,28.0,11479.641269841273,285.12698412698415,-183.98624338624344,469.11322751322757,169.62116402116405,-102.0,194.80740740740745,-102.0,422.49206349206366,80.0,10.0,64.0,202.0,31.0,192.0,31.0,0,482,Culex tarsalis,2020.0,"{""type"":""Polygon"",""coordinates"":[[[-100.91684556992578,46.77374981834827],[-100.92464053927709,46.77199477489346],[-100.92939440343918,46.76741438088238],[-100.9292535910752,46.76179541874784],[-100.92427434345795,46.75732926813767],[-100.9163989157147,46.75575728998098],[-100.90869760723224,46.757692312046295],[-100.90417291767632,46.762379969093956],[-100.90458999466571,46.767992492452805],[-100.9097874966114,46.77234095192862],[-100.91684556992578,46.77374981834827]]]}"
00000000000000000265,156.23740053050398,137.50530503978777,34.0,8994.718832891245,353.5053050397878,-42.5053050397878,396.0106100795756,236.76790450928377,37.0,270.2347480106101,37.0,699.4761273209549,114.50397877984084,20.009283819628646,47.51856763925729,264.0079575596817,73.25862068965517,221.0079575596817,73.25862068965517,0,614,Culex tarsalis,2020.0,"{""type"":""Polygon"",""coordinates"":[[[-99.05764568119679,35.40274783139175],[-99.06419541027368,35.40099287577979],[-99.06819014601972,35.39641262159107],[-99.06807218600552,35.39079365438357],[-99.06388827809927,35.38632736097165],[-99.05727034209323,35.384755303312886],[-99.05079874573917,35.38669042107713],[-99.04699684427914,35.39137821432473],[-99.04734767049749,35.39699072264428],[-99.05171514224432,35.40133903699142],[-99.05764568119679,35.40274783139175]]]}"
000000000000000002dd,104.0,142.66394399066513,36.66394399066511,8299.420070011669,324.9789964994166,-59.02100350058343,384.0,5.0,206.0,213.0,-2.0210035005834306,313.56126021003496,39.08051341890315,8.0,36.382730455075844,113.63010501750294,37.0,42.0,103.92765460910151,0,734,Culex tarsalis,2020.0,"{""type"":""Polygon"",""coordinates"":[[[-116.28015207564924,43.62804576648751],[-116.28752758307138,43.62629075056424],[-116.29202573794089,43.621710400374646],[-116.29189262918523,43.616091436648524],[-116.28718129203081,43.61162524128316],[-116.27972944348623,43.6100532382106],[-116.27244235715439,43.61198829026789],[-116.26816113991252,43.616675990001944],[-116.26855590623828,43.62228850864901],[-116.27347381497175,43.62663692264005],[-116.28015207564924,43.62804576648751]]]}"
0000000000000000021c,155.27879581151834,137.0,34.0,9001.33115183246,352.988219895288,-43.19633507853403,396.18455497382206,215.99738219895286,36.278795811518314,269.57853403141365,36.278795811518314,702.4947643979058,114.99869109947645,20.0,47.48560209424084,265.01047120418843,74.05104712041886,222.01178010471202,74.05104712041886,0,541,Culex tarsalis,2021.0,"{""type"":""Polygon"",""coordinates"":[[[-99.06594852735832,35.41934906461374],[-99.07249960570464,35.41759410889329],[-99.07649516401388,35.41301385453187],[-99.07637717925758,35.407394887330625],[-99.07219240956283,35.40292859409508],[-99.06557311097987,35.40135653653452],[-99.05910018215117,35.403291654180556],[-99.05529749751877,35.40797944725994],[-99.05564839554296,35.41359195559806],[-99.06001676667636,35.41794027012447],[-99.06594852735832,35.41934906461374]]]}"
000000000000000002c8,147.56103896103897,159.86233766233767,55.38051948051949,4427.976623376624,305.5012987012987,20.072727272727274,285.4285714285714,95.0922077922078,201.34025974025977,204.89350649350652,91.94025974025976,330.8961038961039,63.44415584415585,1.0,84.26623376623378,172.65324675324678,5.0,10.0,172.53376623376624,0,713,Culex tarsalis,2021.0,"{""type"":""Polygon"",""coordinates"":[[[-121.28505155713795,36.69754592248294],[-121.29170991376222,36.695790958271346],[-121.29577087275246,36.69121069039373],[-121.29565092076588,36.68559172368221],[-121.29139763163754,36.681125444250874],[-121.28466999675652,36.67955339437584],[-121.27809112501295,36.6814885027706],[-121.27422617158653,36.68617628268405],[-121.27458277875563,36.69178879247665],[-121.27902265867439,36.69613712103209],[-121.28505155713795,36.69754592248294]]]}"
00000000000000000312,179.76977401129943,136.3135593220339,38.17937853107345,7458.983050847459,348.5819209039548,-1.3135593220338986,349.8954802259887,219.8064971751413,79.3135593220339,272.26412429378536,79.3135593220339,746.0183615819209,102.68644067796609,36.88418079096045,30.444915254237284,256.37994350282486,123.88418079096044,183.92796610169495,123.88418079096044,0,787,Culex tarsalis,2021.0,"{""type"":""Polygon"",""coordinates"":[[[-98.24424768073457,31.642847200429348],[-98.25051865593619,31.64109226832172],[-98.25434345357192,31.636512051547776],[-98.2542306055332,31.630893082985466],[-98.25022473972817,31.62642675136143],[-98.24388830629249,31.62485467242768],[-98.23769199352641,31.62678981580116],[-98.23405189244052,31.63147764549391],[-98.23438788421328,31.63709014978649],[-98.23856954641273,31.641438425299366],[-98.24424768073457,31.642847200429348]]]}"
00000000000000000322,175.8613445378151,165.00700280112045,47.9467787114846,6592.616246498599,349.8893557422969,9.530812324929974,340.35854341736695,254.4201680672269,207.64425770308122,261.2689075630252,94.04481792717087,422.6078431372549,98.77591036414566,4.0,76.21288515406162,225.20588235294122,23.701680672268907,189.18487394957987,92.80532212885156,0,803,Culex tarsalis,2021.0,"{""type"":""Polygon"",""coordinates"":[[[-110.88514813849984,31.800547768285522],[-110.89142979120562,31.798792835231733],[-110.89526109819715,31.79421261695164],[-110.89514805431813,31.78859364844384],[-110.89113536872188,31.78412731835805],[-110.88478815254379,31.782555240280743],[-110.87858129524687,31.784490382623307],[-110.87493499649445,31.789178210848945],[-110.87527155646134,31.794790715303666],[-110.8794603359652,31.79913899237981],[-110.88514813849984,31.800547768285522]]]}"
000000000000000001f4,114.22413793103448,79.39901477832512,54.024630541871915,2348.761083743843,190.5443349753695,44.60960591133005,145.9347290640394,91.11330049261086,141.13177339901478,145.1317733990148,86.33866995073892,1259.6588669950738,224.55418719211823,4.0,77.12192118226601,626.8386699507389,33.02463054187193,43.33374384236454,616.9901477832512,0,501,Culex tarsalis,2022.0,"{""type"":""Polygon"",""coordinates"":[[[-124.19004887503267,40.70644721537082],[-124.19709139551406,40.704692222551024],[-124.20138655337489,40.70011190913577],[-124.20125955532,40.69449294407519],[-124.19676089824355,40.69002671115187],[-124.18964531310495,40.68845468716978],[-124.18268706167592,40.69038976439649],[-124.1785991236107,40.695077499952205],[-124.17897617375877,40.700690014644046],[-124.18367212581195,40.705038390465106],[-124.19004887503267,40.70644721537082]]]}"
0000000000000000029e,183.86153846153846,124.13006993006992,35.0,7921.774825174827,354.73286713286717,4.693706293706294,350.03916083916084,226.49510489510493,91.9048951048951,283.49510489510493,79.46433566433566,816.4321678321678,112.4055944055944,44.0,30.892307692307693,283.30629370629373,140.10769230769233,191.58601398601397,141.10769230769233,0,671,Culex tarsalis,2022.0,"{""type"":""Polygon"",""coordinates"":[[[-97.47235053377678,32.77994918276543],[-97.47870040744637,32.77819424376181],[-97.48257330423573,32.77361401601058],[-97.48245900916957,32.76799504784565],[-97.47840275038057,32.76352872743284],[-97.47198664071269,32.761956654741105],[-97.46571241192102,32.763891790600915],[-97.46202651488397,32.768579609600884],[-97.46236670525506,32.774192115075074],[-97.46660095886969,32.77854040198168],[-97.47235053377678,32.77994918276543]]]}"
0000000000000000025a,148.2039106145251,190.0,48.0,7664.159217877093,343.0,-49.810055865921775,392.81005586592175,238.0,143.01256983240222,247.6843575418994,50.88966480446926,257.0,55.0,5.0,72.0,140.0,22.0,120.0,40.0,0,603,Culex tarsalis,2023.0,"{""type"":""Polygon"",""coordinates"":[[[-106.84304883826906,32.59734899462682],[-106.84938573987776,32.59559405674231],[-106.85325072845396,32.59101383077249],[-106.85313667128878,32.58539486254307],[-106.84908869784552,32.58092854031087],[-106.84268568813366,32.57935646660617],[-106.83642426989316,32.581291603685315],[-106.83274590238045,32.58597942442053],[-106.83308540242854,32.591591929702965],[-106.83731100923758,32.59594021476058],[-106.84304883826906,32.59734899462682]]]}"
0000000000000000027d,148.0,191.0,48.0,7695.467696629214,343.38483146067415,-51.11376404494382,394.4985955056179,238.0,142.51123595505618,247.66432584269663,50.0,256.61516853932585,55.0,5.0,72.0,139.61516853932582,22.0,120.0,40.0,0,638,Culex tarsalis,2023.0,"{""type"":""Polygon"",""coordinates"":[[[-106.80985083092617,32.61395022784879],[-106.81618890705005,32.61219528986273],[-106.82005461165086,32.607615063731245],[-106.8199405329455,32.60199609550767],[-106.81589180933125,32.597529773440584],[-106.8094876135246,32.595957699827814],[-106.80322503539257,32.59789283679631],[-106.79954598614238,32.60258065737405],[-106.79988554869342,32.60819316267389],[-106.80411193840065,32.61254144789929],[-106.80985083092617,32.61395022784879]]]}"
000000000000000001f3,155.0,153.0,41.0,7898.789764868604,332.9986168741356,-34.0,366.99861687413556,237.99861687413556,63.0,255.75242047026282,53.0,468.9847856154911,71.47994467496544,12.0,57.478561549100974,200.76071922544955,37.47994467496543,188.76071922544952,42.0,0,500,Culex tarsalis,2024.0,"{""type"":""Polygon"",""coordinates"":[[[-101.89624698440569,33.55185078882428],[-101.90265301001494,33.550095845038484],[-101.90656013898456,33.545515609674815],[-101.90644481415946,33.53989664178551],[-101.90235269072522,33.53543032914735],[-101.89587987543474,33.53385826078426],[-101.88955019376621,33.53579339143358],[-101.88583170380214,33.540481203018395],[-101.88617488240372,33.54609370931194],[-101.89044656532778,33.55044200411979],[-101.89624698440569,33.55185078882428]]]}"
0000000000000000012d,147.0,128.4954954954955,48.79665379665379,4755.922779922779,295.5418275418275,35.46074646074646,260.08108108108104,88.29343629343627,204.8082368082368,208.94337194337194,88.29343629343627,553.2792792792793,112.05920205920205,1.0,85.69240669240666,286.78764478764475,7.0,11.32303732303732,286.78764478764475,0,302,Culex tarsalis,2025.0,"{""type"":""Polygon"",""coordinates"":[[[-121.94905183590554,37.867845912161926],[-121.9558145408416,37.866090939924696],[-121.95993911421357,37.861510659272014],[-121.95981724862153,37.855891693023466],[-121.95549731147766,37.85142542663945],[-121.948664299336,37.84985338402847],[-121.941982378337,37.85178848367929],[-121.93805685679972,37.85647625114869],[-121.93841901707691,37.86208876231589],[-121.94292845266736,37.86643710413115],[-121.94905183590554,37.867845912161926]]]}"
