"presence","fold","bio01","bio04","bio08","bio09","bio12","bio15","bio18","forest","shrub","grass","wetland","crop","urban"
0,3,-7.5,140.848178294574,9.45317829457364,-25.0068217054264,419.289147286822,42.7108527131783,156.289147286822,0,0,0,0,0,0
0,1,12.7053050397878,64.8595623342175,5.93076923076923,21.3546419098143,810.144562334217,82.2347480106101,24.7493368700265,1,0,0,0,0,0
0,1,9.39940334128879,87.0228758949881,0.587589498806683,18.1886634844869,1191.28997613365,9.14200477326969,271.103818615752,0,0,0,0,0,1
0,3,16.3875590551181,27.7317165354331,18.4357480314961,15.2968503937008,499.784251968504,90.8251968503937,207.883464566929,0,0,1,0,0,0
1,2,17.9826145552561,43.6628706199461,13.3871967654987,21.3508086253369,261.583557951482,63.4420485175202,28.599730458221,0,0,0,0,0,1
0,3,5.79574712643678,97.2344827586207,17.5391954022989,-5.9867816091954,1061.82528735632,10.9977011494253,285.850574712644,1,0,0,0,0,0
0,2,4.53511111111111,110.909477777778,16.7351111111111,-10.6648888888889,801.553333333333,44.5388888888889,298.241111111111,1,0,0,0,0,0
0,2,-7.58260405549627,141.237780149413,9.41739594450374,-25.1,412,45,156,0,0,0,0,0,0
1,1,7.07133676092545,56.8920179948586,1.02622107969152,14.7131105398458,828.1735218509,78.2724935732648,38.3753213367609,1,0,0,0,0,0
0,2,11.9891581632653,85.4152551020408,20.7202806122449,0.589158163265306,972.776785714286,14,279.108418367347,1,0,0,0,0,0
0,2,4.51412133891213,121.176924686192,16.9643305439331,-11.9620292887029,431.32949790795,70.4142259414226,209.175732217573,0,0,1,0,0,0
1,3,13.7768733850129,49.5905813953488,7.77894056847545,20.0525839793282,1135.81266149871,90.5219638242894,20.7416020671835,0,0,1,0,0,0
1,1,16.9079608938548,51.6908798882682,11.4560055865922,23.5081005586592,354.090782122905,84.4930167597766,19.0027932960894,0,0,0,0,0,1
1,1,11.0929824561404,51.3713596491228,5.22357456140351,17.7381578947368,1120.29714912281,68.2368421052632,69.0328947368421,0,0,0,0,0,1
0,1,5.66502732240437,95.6314316939891,-3.98295081967213,-1.81060109289617,1124.89071038251,10,268.318032786885,1,0,0,0,0,0
1,2,16.1,64.139250317662,8.1,24.2010165184244,719.649301143583,81.0393900889454,18.0914866581957,0,0,0,0,0,1
0,2,4.45730809674027,120.79516298633,16.9056782334385,-11.8971608832808,445.181913774974,67.0283911671924,213.46792849632,0,0,1,0,0,0
1,1,11.6645287958115,63.2042931937173,5.02395287958115,20.0824607329843,861.23167539267,82,27.3232984293194,1,0,0,0,0,0
0,1,9.27609988109393,88.7362782401902,4.22271105826397,18.2438763376932,1174.1355529132,9,272.399524375743,0,0,0,0,0,1
0,3,10.4123756906077,82.8298563535912,0.557790055248619,20.5583425414365,311.265193370166,36.5977900552486,42,0,0,0,0,0,1
1,2,10.3342786683107,37.8261035758323,6.41454993834772,15.1907521578298,1912.27127003699,82.1923551171393,56.766954377312,1,0,0,0,0,0
0,2,9.60817307692308,96.5586899038462,21.6954326923077,-1.89182692307692,842.673076923077,20,260.836538461539,0,0,0,0,0,1
0,3,10.9467843631778,92.6101134930643,9.9,23.2519546027743,395.747793190416,28.139974779319,70,0,0,0,1,0,0
0,3,-3.46350314026518,112.717069085834,10.2099790648988,-9.88464759246336,354.277041172366,42.9490579204466,145.926727145848,1,0,0,0,0,0
1,3,13.9717616580311,37.4282772020725,9.40971502590674,18.2974093264249,968.11139896373,92.2836787564767,14.2823834196891,0,0,0,0,0,1
0,2,16.990395480226,64.9292514124294,24.650988700565,20.190395480226,468.677966101695,74.1200564971751,204.672316384181,0,1,0,0,0,0
0,2,17.2229916897507,50.4947091412742,11.9174515235457,23.6480609418283,317.382271468144,82.4612188365651,19.4764542936288,0,0,1,0,0,0
1,3,10.550430504305,90.5048462484625,9.6530135301353,22.4974169741697,430.674046740467,26.1992619926199,71,0,0,0,0,0,1
0,1,22.3,43.9260088365243,27.4,17.4446244477172,1275.0913107511,58.4491899852725,591.067746686303,0,0,0,0,1,0
0,1,7.24551282051282,57.1283076923077,1.17371794871795,14.9188461538462,829.853846153846,78.5487179487179,37.898717948718,1,0,0,0,0,0
0,2,15.3738782051282,21.1415865384615,16.6405448717949,12.3738782051282,841.11217948718,94.4983974358974,238.108974358974,0,0,0,0,0,1
0,3,23.6849104859335,45.7902557544757,28.5,21.2179028132992,733.3273657289,51.8874680306905,210.772378516624,0,1,0,0,0,0
0,3,5.85298759864713,98.1839909808343,1.07429537767756,-6.01093573844419,1178.45321307779,10,307.349492671928,1,0,0,0,0,0
1,3,6.16936936936937,44.6101301301301,1.56656656656657,12.0796796796797,2167.3033033033,52.6466466466467,232.102102102102,1,0,0,0,0,0
1,3,14.4359335038363,33.8861764705882,9.94245524296675,17.9695652173913,546.740409207161,87.7020460358056,8.55626598465473,0,0,0,0,0,1
1,2,17.8792276964048,42.878828229028,13.3505992010652,21.1031957390147,258.363515312916,61.098535286285,29.0559254327563,0,0,0,0,0,1
0,1,23,58.06,26.9721139430285,16.7685157421289,659.041979010495,70.6596701649175,219.497751124438,0,0,1,0,0,0
1,2,9.03449401523395,35.9210010881393,5.32426550598477,13.5213275299238,3136.20892274211,52,316.268770402611,1,0,0,0,0,0
0,2,18.4364406779661,67.6550988700565,26.5364406779661,21.686581920904,376.966101694915,74.5042372881356,167.024011299435,0,1,0,0,0,0
0,3,7.43466666666666,92.7854181818182,16.8701818181818,-3.76266666666667,1139.62303030303,7.35515151515152,302.061818181818,1,0,0,0,0,0
0,2,20.0189873417722,25.3697310126582,22.2674050632911,17.7742088607595,417.330696202532,78.2215189873418,141.552215189873,0,0,0,0,0,0
0,1,9.5,95.5316387559809,21.3885167464115,-1.9,847,20,261,0,0,0,0,1,0
0,3,10.4393333333333,84.0877555555556,0.239555555555556,20.5718888888889,295.14,36.93,40,0,0,0,0,1,0
0,2,13.7322997416021,80.9827260981912,13.6284237726098,19.6452196382429,1354.43669250646,15,306.736434108527,0,0,0,0,0,1
0,3,9.7,100.281269461078,22.0726946107784,-3.87125748502994,930.281437125749,28.762874251497,302.719760479042,0,0,0,0,0,1
0,2,22.2,44.5817914831131,27.3069016152717,17.2,1219.9295154185,48.3994126284875,503.080763582966,0,0,0,0,0,1
0,3,15.3545454545455,75.3475935828877,24.8251336898396,10.7516042780749,1147.15106951872,14,334.351604278075,0,0,0,0,0,1
1,2,10.9930942895086,36.7236122177955,7.06772908366534,15.6371845949535,714.201859229748,87.3160690571049,14.9096945551129,0,1,0,0,0,0
1,2,8.90182992465016,51.3913778256189,3.20818083961249,15.5083961248654,2483.94294940796,62.1969860064586,174.551130247578,1,0,0,0,0,0
0,1,21.2866965620329,50.2997010463378,25.121375186846,14.5318385650224,913.849028400598,79.9387144992526,368.029895366218,0,1,0,0,0,0
0,3,9.86960193003619,99.574246079614,22.2,-3.50627261761158,922.524728588661,28,300,0,0,0,0,0,1
1,1,9.74853977844914,53.3685397784491,3.46435045317221,16.5673716012085,1527.4612286002,47.9738167170191,166.928499496475,0,0,0,0,0,0
0,1,10.9,94.7246925972397,20.6,-1.9,1023.5834378921,20,299.38895859473,0,0,0,0,0,1
1,1,17.0670765027322,45.9300956284153,12.146174863388,22.7842896174863,444.590163934426,90.6803278688524,14.8825136612022,0,0,0,0,0,1
1,3,11.0666265060241,34.2111084337349,7.2955421686747,15.2331325301205,1560.27108433735,74.7614457831325,61.9421686746988,1,0,0,0,0,0
0,1,1.27176895306859,80.3999927797834,7.1971119133574,0.904981949458484,516.017328519856,47.3530685920578,144.108303249097,1,0,0,0,0,0
0,2,5.53125,94.1526293103448,-3.64773706896552,15.545150862069,1153.88362068966,12.4773706896552,267.689655172414,0,0,0,0,0,1
0,3,3.8,109.084008762322,15.886308871851,-9.4,839.61117196057,37.5969331872946,299,0,0,0,0,0,0
0,2,13.3489566613162,17.7585874799358,14.7158908507223,10.7884430176565,996.367576243981,95.0272873194222,296.894060995185,0,0,0,0,1,0
1,2,7.67267326732673,40.352603960396,3.36316831683168,12.9248514851485,2346.14356435644,49.8346534653465,258.268316831683,1,0,0,0,0,0
1,3,9.71052048726467,82.8091251384275,-0.150276854928018,19.8647840531561,373.299003322259,40.5293466223699,46.0520487264673,0,0,0,0,0,1
1,1,9.66830491474424,51.4629087261785,3.74012036108325,16.3143430290873,1319.73520561685,50.1193580742227,139.802407221665,0,0,0,0,0,1
0,2,19.6,61.0070317002882,26.7622478386167,15.9,1546.83141210375,28,539,0,0,0,1,0,0
0,2,15.5,79.166931359354,23.8973082099596,6.3,469.93001345895,57.4374158815612,189.907133243607,0,0,0,0,0,1
0,3,7.52910628019324,92.6900483091788,16.9420289855072,-3.63490338164251,1141.71618357488,7,302.400966183575,1,0,0,0,0,0
0,1,22,49.833223880597,25.4232835820896,15.0232835820896,493.520895522388,73.4611940298507,169.9,0,0,0,0,0,1
1,1,12.3381991814461,57.8180900409277,6.25525238744884,18.8929058663029,735.776261937244,79.6971350613915,49.2046384720327,1,0,0,0,0,0
0,1,8.75122249388753,109.457775061125,20.0960880195599,-6.37322738386308,836.636919315403,49.960880195599,335.039119804401,0,0,0,0,0,1
0,1,12.0077210460772,100.759427148194,22.2495641344956,-1.540099626401,855.313823163138,52,325.377334993773,0,0,0,0,1,0
0,2,4.56515486725664,110.633373893805,16.7651548672566,-10.6066371681416,798.74889380531,45,297.004424778761,0,0,0,1,0,0
0,2,21.9,45.9938799414349,27.2461200585652,16.7,1246.15666178624,48,532.313323572474,0,0,0,0,0,1
0,2,9.40326876513318,108.087481840194,20.5675544794189,-5.4043583535109,831.278450363196,47,322.076271186441,0,0,0,0,0,1
0,1,18.8923295454545,67.7148863636363,9.7640625,23.9,1467.54971590909,13.3011363636364,337.190340909091,1,0,0,0,0,0
1,3,15.9030183727034,67.3206955380577,8.9753280839895,24.7343832020997,308.517060367454,81.5367454068242,6.35433070866142,0,0,1,0,0,0
1,1,16.204,67.96656,9.20333333333333,24.9773333333333,473.769333333333,81.3226666666667,5,0,0,1,0,0,0
0,3,10.3997770345596,82.2126755852843,0.473244147157191,20.3494983277592,263.541806020067,32.7346711259755,40,0,0,0,0,0,1
0,2,-7.56478873239437,141.308829902492,9.43521126760563,-25.1,412,45,156,0,0,0,0,0,0
0,3,12.5020356234097,96.568893129771,22.3868956743003,-0.397964376590331,972.312977099237,45,347.263358778626,1,0,0,0,0,0
0,3,10.3902654867257,83.119778761062,0.347898230088496,20.4,295.658185840708,35.9966814159292,40.8595132743363,0,0,0,0,0,1
0,3,10.4328523862375,82.4448390677025,0.48534961154273,20.342730299667,266.901220865705,32.3052164261931,40,0,0,0,0,1,0
0,3,10.4,83.226781354051,0.362153163152053,20.4621531631521,310.061043285239,38.1098779134295,41,0,0,0,0,0,1
0,3,10.4692137320044,83.2694130675526,0.5,20.6004429678848,320.539313399778,37.7763012181617,42.312292358804,0,0,0,0,0,1
0,3,-7.68910355486863,141.05014683153,9.34250386398764,-25.2891035548686,415.671561051005,43.2720247295209,155,0,0,0,0,0,0
0,3,-7.49238249594814,140.903638573744,9.4757698541329,-25,419.488654781199,42.5113452188006,156.488654781199,0,0,0,0,0,0
0,2,2.63272727272727,88.2048454545455,13.441,-2.20045454545455,488.59,43.0045454545455,205.364545454545,1,0,0,0,0,0
0,3,9.7,99.4184268292683,22,-3.70548780487805,921.008536585366,29,301.710975609756,0,0,0,0,0,1
0,3,10.8615869017632,91.7240302267003,9.85125944584383,23.0090680100756,405.562972292191,27.6272040302267,70,0,0,0,0,0,1
0,3,-4.01221102548903,148.055299347955,14.4479549496147,-12.233669235329,312.864848844102,49.3289863663308,138.244813278008,0,0,0,1,0,0
0,3,10.3837957824639,82.8001997780244,0.4,20.4530521642619,301.375138734739,35.558268590455,41,0,0,0,0,0,1
1,1,6.87572614107884,57.6459958506224,3.3399377593361,12.3707468879668,2563.02074688797,47.6410788381743,287.405601659751,1,0,0,0,0,0
0,3,10.9,91.7574470734745,9.8587795765878,23.0551681195517,407.501867995019,27.6338729763387,71,0,0,0,1,0,0
1,1,15.8779816513761,67.7822149410223,8.8735255570118,24.7273918741809,529.695937090433,82.2922673656619,6,0,1,0,0,0,0
0,1,3.99603087100331,111.054751929438,16.1805953693495,-11.3126791620728,816.364939360529,44.6549062844542,308.631753031974,1,0,0,0,0,0
1,1,9.29586028460544,60.0654204398448,2.96507115135834,17.3073738680466,1043.90556274256,79.9883570504528,32.8926261319534,1,0,0,0,0,0
0,2,5.40792616720956,94.9016395222584,-3.9028230184582,12.7836047774159,1154.76764386536,12,269.028230184582,0,0,0,0,0,1
0,2,6.01503067484663,81.5719120654397,14.3406952965235,1.48067484662577,483.01226993865,25,138,0,0,0,0,1,0
0,3,7.22227674190383,77.6530814524043,-2.2360157016683,16.8976447497547,994.527968596664,56.3562315996075,115.638861629048,1,0,0,0,0,0
0,3,10.3063192904656,82.8373503325942,0.364966740576497,20.3981152993348,310.077605321508,37.5875831485588,41,0,0,0,0,0,1
0,3,10.3591814159292,83.2749336283186,0.349115044247788,20.4379424778761,306.91814159292,37.3838495575221,41,0,0,0,0,1,0
0,3,6.28285077951002,106.380590200445,18.2070155902004,-6.79922048997773,927.201559020044,13.7817371937639,266.04008908686,0,0,0,0,1,0
0,2,19.3076379066478,62.52342291372,26.9076379066478,19.9332390381895,1337.14427157001,23,397.46676096181,1,0,0,0,0,0
0,1,17.036703601108,71.6768282548477,9.13005540166205,22.3279778393352,1432.8864265928,17.9792243767313,333.353185595568,1,0,0,0,0,0
1,2,8.56627155172414,56.2043857758621,2.25840517241379,15.8428879310345,2515.72306034483,68.8426724137931,153.355603448276,1,0,0,0,0,0
0,2,5.9270182992465,84.2338643702906,14.5313240043057,-4.76318622174381,241.897739504844,66.8040904198062,105.449946178687,0,0,0,0,1,0
1,1,12.2248655913978,58.6487768817204,6.0255376344086,17.5915322580645,732.306451612903,78.866935483871,52.5241935483871,0,1,0,0,0,0
0,1,9.7,87.249406175772,0.8,18.4502375296912,1154.78147268409,9.38836104513064,262,0,0,0,1,0,0
1,2,16.7746971736205,49.6065410497981,11.5592193808883,23.0608344549125,373.874831763122,84.5343203230148,19.1911170928668,0,0,0,0,0,1
1,3,14.3519480519481,36.1136233766234,10.0166233766234,18.5488311688312,1060.48441558442,92.9051948051948,13.6662337662338,0,0,0,0,0,1
0,2,9.5,107.671409313725,20.5960784313726,-5.25649509803922,837.310049019608,46,321.263480392157,0,0,0,0,0,1
1,2,15.8163029525032,58.6817971758665,8.26251604621309,23.0124518613607,474.99486521181,89.3722721437741,5.93196405648267,0,0,0,0,0,1
1,3,13.2708549222798,26.8729663212435,10.1287564766839,16.2113989637306,660.775906735751,85.8380829015544,13.3717616580311,1,0,0,0,0,0
0,3,14.9633597883598,76.0240211640211,23.9378306878307,10.7633597883598,1184.01058201058,17,364.669312169312,0,0,0,0,0,1
0,1,12.8,84.8360969387755,23.5071428571429,1.64910714285714,1076.33290816327,12,302.669642857143,0,0,0,1,0,0
0,2,8.9,95.8665731707317,20.7753658536585,-2.6,821.981707317073,20,246.984146341463,0,0,0,0,0,1
0,3,10.5002219755827,83.3499889012209,0.6,20.7976692563818,320.347391786903,37.3407325194229,42.6359600443951,0,0,0,0,0,1
0,3,10.4738888888889,82.6333555555556,0.5,20.405,266.137777777778,32.1077777777778,40,0,0,0,0,1,0
1,2,11.0765033407572,33.5155902004454,7.49209354120267,15.2516703786192,1587.9565701559,70.6492204899777,78.6759465478842,1,0,0,0,0,0
0,1,4.02261251372119,111.123710208562,16.2290889132821,-11.2967069154775,816.497255762898,44.0493962678375,308.31613611416,1,0,0,0,0,0
0,2,22.2,44.0843740795287,27.3502209131075,17.2721649484536,1213.13402061856,48.1664212076583,518.027982326951,0,0,0,0,0,1
0,1,19,65.6352865329513,22.7246418338109,10.1471346704871,831.969914040115,30.0630372492837,209.836676217765,0,1,0,0,0,0
1,2,13.2368686868687,52.8730303030303,7.39002525252525,20.1987373737374,1143.77904040404,87.1414141414141,27.4090909090909,0,1,0,0,0,0
0,3,5.40967379077615,97.4112035995501,0.682452193475815,-6.34578177727784,1235.79752530934,10,319.670416197975,1,0,0,0,0,0
0,1,17.5,70.6692896935933,9.7,22.7987465181059,1387.6364902507,21,312,0,0,0,1,0,0
0,1,21.0738095238095,51.8063541666667,24.4790178571428,15.4013392857143,269.482142857143,73.3258928571428,89.7529761904762,0,1,0,0,0,0
0,3,9.7,99.4156793145655,22.0179926560588,-3.67943696450428,920.483476132191,28.9302325581395,301.231334149327,0,0,0,0,0,1
0,3,19.0047819971871,71.4599859353024,22.8091420534459,27.8330520393812,1022.26441631505,23,194.135021097046,0,0,0,1,0,0
0,2,18.2070735090153,47.8742995839112,13.2065187239945,24.1320388349515,257.099861303745,76.0998613037448,19.0651872399445,0,0,0,0,0,1
0,2,17.9258021390374,43.8620053475936,13.3447860962567,21.3131016042781,260.612299465241,60.9893048128342,30.0093582887701,0,0,0,0,0,1
0,2,15.998717948718,20.4884935897436,17.7663461538462,13.0206730769231,622.908653846154,88.4967948717949,189.528846153846,0,0,0,0,0,1
0,2,14.9206730769231,20.1745352564103,16.5980769230769,12.0448717948718,751.564102564103,90.0352564102564,225.99358974359,0,0,0,0,1,0
0,1,19.4585055643879,25.7094753577107,21.6531001589825,17.2257551669316,463.882352941176,77.5580286168521,152.160572337043,0,0,0,0,1,0
0,3,6.87111984282908,77.0513064833006,-2.49813359528487,16.5318271119843,951.924361493124,55.0481335952849,114.777996070727,1,0,0,0,0,0
1,2,9.03540772532189,51.640482832618,3.33648068669528,15.7127682403433,2470.00858369099,62.343347639485,173.3830472103,1,0,0,0,0,0
1,3,8.87644670050761,42.2412487309645,4.16192893401015,14.3075126903553,1064.03553299492,66.6477157360406,92.7502538071066,1,0,0,0,0,0
0,1,8.12250287026406,94.4637198622273,19.2668197474168,-3.5,785.316877152698,12,217.83122847302,0,0,0,0,0,1
1,1,7.10256081946223,57.0196927016645,1.02599231754161,14.7583866837388,823.788732394366,78.4225352112676,38.291933418694,1,0,0,0,0,0
0,3,10.8,91.07869297164,9.8,22.8468557336622,432.149198520345,27.3871763255241,71,0,0,0,0,0,1
0,3,5.76996625421822,97.9501012373454,0.980877390326209,-6.0384701912261,1196.24634420697,10,310.299212598425,1,0,0,0,0,0
1,1,16.1328185328185,67.8936036036036,9.13281853281853,24.9431145431145,488.472329472329,81.5945945945946,5.28700128700129,0,0,1,0,0,0
0,1,12.86600249066,83.4812453300125,23.3702366127024,1.76600249066002,1058.26650062266,12,303.352428393524,0,0,0,0,0,1
0,3,-1.83397849462366,112.048688172043,10.9254480286738,-6.33362007168459,276.262365591398,39.9813620071685,108.189964157706,1,0,0,0,0,0
0,1,17.1216783216783,71.5908251748252,9.22167832167832,22.4172027972028,1424.73706293706,18,328.566433566434,1,0,0,0,0,0
0,3,-4.14090641553855,147.757092407298,14.3224249558564,-12.3757504414361,311.484402589759,50.5756327251324,139.214243672749,1,0,0,0,0,0
0,1,21.9,46.3662079062958,27.3,16.6420204978038,1247.11273792094,48,535.415812591508,0,0,0,0,0,1
1,1,13.1744031830239,39.9474137931034,8.68395225464191,18.1757294429708,895.949602122016,87.6127320954907,15.920424403183,1,0,0,0,0,0
0,2,-7.50324189526185,141.487497921862,9.49675810473815,-25.1,412,45,156,0,0,0,0,0,0
0,2,8.55620985010707,56.2358029978587,2.24625267665953,15.8434689507495,2512.8704496788,68.9710920770878,152.886509635974,1,0,0,0,0,0
0,2,22.1935294117647,44.8966470588235,27.3904411764706,17.1,1220.21470588235,49,525.902941176471,0,0,0,0,0,1
0,2,6.2,113.250900621118,17.6099378881988,-9.1,286.262939958592,70.8830227743271,134,0,0,0,0,1,0
1,2,17.9093663911846,48.8429338842975,12.7721763085399,24.0539944903581,276.28650137741,79.7520661157025,18.1790633608815,0,0,0,0,0,1
0,3,10.3995570321152,83.2992580287929,0.3,20.4,308.236987818383,37.6821705426357,41,0,0,0,0,1,0
1,2,17.221610738255,50.7800402684564,11.8873825503356,23.7148993288591,316.344966442953,83.3181208053691,19.0671140939597,0,0,0,0,0,1
0,3,19.307570977918,25.9898738170347,21.2020504731861,16.8287066246057,795.212933753943,84.2444794952681,234.891167192429,1,0,0,0,0,0
0,3,10.4,83.311820199778,0.339733629300777,20.4463928967814,307.820199778024,37.7092119866815,41,0,0,0,0,1,0
0,3,5.88817567567568,98.196036036036,1.09932432432432,-5.98265765765766,1177.54279279279,10,306.445945945946,1,0,0,0,0,0
1,3,13.9376943005181,40.4675,9.24028497409327,18.7980569948187,762.738341968912,86.7059585492228,15.3186528497409,1,0,0,0,0,0
0,1,-4.14200743494424,115.392633209418,10.9122676579926,-11.3213135068154,401.265799256506,66,207.182156133829,0,1,0,0,0,0
0,3,10.4,83.2946298342542,0.3,20.401546961326,291.806629834254,35.8375690607735,40.2596685082873,0,0,0,0,0,1
1,2,17.7882113821138,42.430027100271,13.3186991869919,21.1850948509485,272.056910569106,65.2791327913279,27.5420054200542,0,0,0,0,0,1
1,2,16.2347553324969,60.276035131744,8.6,23.7607277289837,489.084065244667,87.8356336260979,9,0,0,0,0,0,1
0,2,15.83568,20.419664,17.68608,12.90128,753.6176,96.0272,259.6144,0,0,0,0,0,1
0,3,10.5,83.305383759733,0.516351501668521,20.7127919911012,320.349276974416,37.2925472747497,42.3181312569522,0,0,0,0,0,1
0,2,5.58261339092873,94.347019438445,-3.63358531317495,13.0638228941685,1142.08531317495,12.0259179265659,266.109071274298,1,0,0,0,0,0
0,3,10.1993377483444,83.2385540838852,0.171192052980132,20.2620309050773,326.700883002207,38.0629139072848,42.4690949227373,0,0,0,0,1,0
0,3,9.89469879518072,99.4425903614458,22.2007228915663,-3.5,921.88313253012,28,300,0,0,0,0,0,1
0,2,19.6,62.0503552397869,26.8,15.8,1508.14742451155,28,511.98756660746,0,0,0,0,0,1
1,2,8.4811320754717,37.1441509433962,6.79056603773585,13.0811320754717,2595.43396226415,41,386.905660377359,1,0,0,0,0,0
0,3,12.0780669144981,99.6544609665428,22.1887236679058,-1.29219330855019,865.291201982652,51,324.685254027262,0,0,1,0,0,0
0,2,4.53326315789474,120.697957894737,16.9469473684211,-11.8046315789474,447.622105263158,67,214,0,0,1,0,0,0
1,1,13.0448412698413,40.2946957671958,8.56084656084656,18.109126984127,898.851851851852,87.1455026455027,16.4338624338624,1,0,0,0,0,0
0,2,16.1628352490421,61.4146232439336,8.75351213282248,23.8855683269476,588.315453384419,83.2745849297574,12.6168582375479,0,0,0,0,0,1
1,3,10.7101990049751,90.8128109452736,9.76069651741294,22.7601990049751,422.817164179104,26.9004975124378,70,0,0,0,0,0,1
0,2,11.8074683544304,85.2787974683544,20.4963291139241,0.428354430379747,975.546835443038,14,280.951898734177,0,0,0,0,1,0
0,2,19.5229344729345,61.5975783475783,26.767094017094,15.8,1537.95441595442,27.494301994302,529.07264957265,0,0,0,1,0,0
0,1,5.37606093579978,99.274972796518,0.9,-2.21512513601741,1072.10881392818,11,263.151251360174,1,0,0,0,0,0
1,2,8.76634512325831,50.9504501607717,3.12990353697749,15.2936763129689,2459.00964630225,61.983922829582,175.468381564845,1,0,0,0,0,0
0,3,9.8,100.203201911589,22.1930704898447,-3.70692951015532,928.801672640382,28.7216248506571,302.011947431302,0,0,0,0,0,1
1,1,12.8270618556701,39.2953350515464,8.5895618556701,17.7926546391753,900.20618556701,85.4149484536082,17,1,0,0,0,0,0
0,1,16.807074829932,69.1194965986395,25.4006802721088,12.867074829932,1340.76734693878,31,485.887074829932,1,0,0,0,0,0
0,2,21.1531571218796,48.1125697503671,26.83906020558,15.7627019089574,1372.86196769457,45,565.176211453745,0,0,0,0,0,1
0,3,10.3270718232044,83.2871491712707,0.292707182320442,20.3927071823204,315.187845303867,37.8375690607735,41,0,0,0,0,0,1
0,2,1.90554545454545,86.2566636363637,12.5089090909091,-2.97363636363636,499.646363636364,44.0554545454546,211.963636363636,1,0,0,0,0,0
0,2,21.9787077826725,45.8714537444934,27.2787077826725,16.7787077826725,1249.39353891336,48,526.237885462555,0,0,0,0,0,1
1,2,8.99146586345382,50.2195582329317,3.37158634538153,15.5175702811245,1993.90963855422,60.5993975903615,154.035140562249,0,0,0,0,0,0
1,1,9.25977900552486,57.9029834254144,2.56475138121547,16.7791160220994,1870.91933701657,62.5160220994475,121.32044198895,1,0,0,0,0,0
1,3,12.5786632390746,33.9243958868895,8.81401028277635,16.7506426735219,1047.85861182519,84.7519280205655,28.245501285347,1,0,0,0,0,0
1,2,8.12577873254565,55.9184532760473,1.90118152524168,15.4064446831364,2488.53383458647,68.0526315789474,156.107411385607,1,0,0,0,0,0
1,3,10.6626385809313,83.7655764966741,0.781374722838138,21.0625277161863,330.878048780488,38.5476718403548,43,0,0,0,0,0,1
0,1,7.12126816380449,57.1791413474241,1.04834874504624,14.8421400264201,811.571994715984,77.7622192866579,38.4966974900925,1,0,0,0,0,0
1,1,12.7722222222222,35.043373015873,8.89867724867725,17.0337301587302,878.509259259259,85.4973544973545,17.2010582010582,1,0,0,0,0,0
0,2,6.35897703549061,110.475855949896,17.5828810020877,-8.43872651356994,298.195198329854,68.5250521920668,133.670146137787,0,0,1,0,0,0
0,1,18.0992927864215,67.5410749646393,10.5992927864215,23.0165487977369,1500.48797736917,20,356.939179632249,0,0,0,1,0,0
1,2,9.11014492753623,35.8765217391304,5.41014492753623,13.6101449275362,3200.50724637681,52,318.797101449275,1,0,0,0,0,0
0,3,9.77350835322196,99.8202028639618,22.1,-3.69439140811456,925.76491646778,28,301.85799522673,0,0,0,0,0,1
0,2,15.93008,20.675264,17.6976,12.93296,653.2512,89.5344,197.7936,0,0,0,0,0,1
0,1,9.5859393939394,87.2431515151515,0.747636363636364,18.362303030303,1162.24727272727,10,261.082424242424,0,0,0,0,0,1
0,3,10.3916022099448,83.239635359116,0.390386740331492,20.4903867403315,308.348066298343,37.8011049723757,41,0,0,0,0,0,1
0,2,17.4308209959623,43.7015477792732,12.8153432032301,22.8487213997308,328.504710632571,73.7362045760431,24.6271870794078,0,0,0,0,0,1
0,2,20.3,52.9829855072464,26.6433333333333,17.2942028985507,1314.67826086957,41,530.31884057971,1,0,0,0,0,0
0,1,9.09250317662008,92.1629351969505,18.4047013977128,-2.57369758576874,432.285895806862,69,193.095298602287,0,0,0,0,1,0
0,2,6,81.7037997957099,14.367620020429,1.46241062308478,485.032686414709,25.2236976506639,138.560776302349,0,0,0,0,1,0
0,3,5.93758389261745,109.361174496644,18.2021252796421,-7.58020134228188,848.467561521253,14,241,0,0,0,0,0,1
1,1,19.6153153153153,44.8893243243243,23.1276276276276,14.3602102102102,640.385885885886,83.3228228228228,255.316816816817,0,1,0,0,0,0
0,3,9.7,99.39,22.0108173076923,-3.67692307692308,920.997596153846,28.2451923076923,301,0,0,0,0,0,1
0,2,15.9346153846154,20.4109455128205,17.7754807692308,13.0016025641026,617.605769230769,87.6778846153846,214.81891025641,0,0,0,0,0,1
0,2,19.3,62.4575988700565,13.9303672316384,19.9456214689266,1336.25423728814,23,395.803672316384,1,0,0,0,0,0
1,2,16.0215762273902,61.6810465116279,8.42842377260982,23.8403100775194,656.298449612403,83.2945736434109,14.187338501292,0,0,0,0,0,0
1,2,13.9148665819568,62.1562388818297,6.39479034307497,21.9869123252859,1201.46886912325,83.1473951715375,17.4879288437103,1,0,0,0,0,0
0,1,17.9984743411928,78.8437447988904,22.1058252427184,7.44091539528433,981.603328710125,31.9847434119279,210.067961165049,0,0,0,0,0,1
1,1,4.95567010309278,59.9648067010309,-1.85193298969072,13.0476804123711,436.083762886598,59.694587628866,39.2615979381443,0,1,0,0,0,0
1,1,17.2102150537634,38.0697446236559,13.0552419354839,21.7497311827957,445.420698924731,93.9086021505376,12.4005376344086,0,1,0,0,0,0
0,2,4.48652631578947,121.226821052632,16.9361052631579,-12.0090526315789,430.284210526316,70.8578947368421,209.142105263158,0,0,1,0,0,0
0,1,8.37217496962333,84.6997326852977,17.0573511543135,-2.1,364.391251518834,58.771567436209,143,0,0,1,0,0,0
1,3,14.7043969849246,45.3770728643216,8.81683417085427,20.0654522613065,692.825376884422,90.1984924623116,11.9723618090452,0,0,0,0,0,1
0,1,21.8393393393393,52.2026276276276,26.307957957958,14.7870870870871,979.777777777778,79.0015015015015,401.98048048048,0,0,0,0,1,0
0,2,10.6194444444444,83.6958838383838,19.102904040404,-0.620959595959596,1043.26893939394,15,295.243686868687,1,0,0,0,0,0
0,3,10.6047204968944,94.6579875776397,20.3,-2.21590062111801,1024.57763975155,20,299.998757763975,0,0,0,0,0,1
0,3,10.3933904528764,90.2344063647491,9.49339045287638,22.3137086903305,442.476132190943,26.6621787025704,71.3365973072215,0,0,0,0,0,1
1,2,9.04194285714286,35.8845828571429,5.34102857142857,13.5070857142857,3134.048,52,316.212571428571,1,0,0,0,0,0
0,2,21.9,44.4069264705882,27.0158823529412,16.9311764705882,1321.29705882353,48.0808823529412,558.373529411765,0,0,0,1,0,0
0,2,19.3,62.6781534090909,12.3157670454545,19.9072443181818,1333.94034090909,23,395.247159090909,1,0,0,0,0,0
0,3,9.7931654676259,100.370191846523,22.2,-3.73836930455635,927.772182254196,29,302,0,0,0,0,0,1
1,2,9.16010752688172,50.9734086021505,3.48935483870968,15.7309677419355,2345.91720430108,61.2139784946236,170.997849462366,1,0,0,0,0,0
0,2,22.4,43.0121597633136,27.3235207100592,17.5538461538462,1209.76035502959,51,505.998520710059,0,0,0,1,0,0
0,2,22.3836283185841,43.2456784660767,27.3678466076696,17.5818584070796,1203.87610619469,50.2846607669617,507.676991150442,0,0,0,1,0,0
0,1,22.0983606557377,53.1142324888226,25.8107302533532,14.919523099851,847.809239940388,73.3502235469449,322.067064083457,0,0,0,0,1,0
0,3,10.4,82.3063504464286,0.477008928571429,20.3252232142857,264.633928571429,32.5223214285714,40,0,0,0,0,0,1
0,1,9.31275571600481,86.9341516245487,0.513116726835138,18.0074608904934,1212.51504211793,9,277.111913357401,1,0,0,0,0,0
1,3,7.47673830594185,63.5765107458913,-0.114917825537295,15.8485461441214,1024.12515802781,71.2958280657396,44.4285714285714,1,0,0,0,0,0
0,2,8.7125159642401,75.8480332056194,16.4283524904215,-1.50319284802043,1153.39208173691,11,311.518518518518,1,0,0,0,0,0
1,2,6.0417773237998,81.6092339121553,14.3744637385087,1.49959141981614,482.199182839632,25,138,0,0,0,0,1,0
0,3,5.61352549889135,90.0908647450111,9.90742793791575,3.40609756097561,829.624168514413,15,207.559866962306,1,0,0,0,0,0
0,1,9.6936754176611,86.1630787589499,0.973747016706444,18.2937947494033,1175.78162291169,10,261.315035799523,0,0,0,0,0,1
1,2,6.18217213114754,81.0336680327869,14.4765368852459,1.65727459016393,478.410860655738,25.905737704918,138,0,0,0,0,0,1
1,1,13.0742346938776,29.0452168367347,9.56135204081633,16.4797193877551,755.544642857143,86.1913265306122,15.468112244898,1,0,0,0,0,0
0,3,7.35567010309278,99.7305154639175,18.5706758304696,-4.76071019473081,968.175257731959,17,282.119129438717,1,0,0,0,0,0
0,3,10.442320441989,83.6815138121547,0.3,20.5125966850829,294.890607734807,36.3138121546961,40,0,0,0,0,1,0
0,3,10.4,83.2281132075472,0.4,20.5,312.89012208657,37.2475027746948,41,0,0,0,0,0,1
0,3,10.4446051167964,82.3339377085651,0.500889877641824,20.4010011123471,263.918798665184,32.7563959955506,40,0,0,0,0,1,0
0,3,-4.05231591448931,147.75703087886,14.3589667458432,-12.3010688836105,311.947743467933,50.2036817102138,139.067695961995,1,0,0,0,0,0
0,1,12.153670886076,86.0306329113924,22.353670886076,0.877088607594937,1090.40506329114,11,302.767088607595,0,0,0,0,0,1
0,2,21.1146005509642,76.2665151515152,30.5252066115702,24.4871900826446,256.932506887052,44.4628099173554,73.9338842975207,0,0,0,0,0,1
1,1,22.0258594917788,50.2415396113602,25.4113602391629,15.1618834080717,619.843049327354,72.6427503736921,219.727952167414,0,0,0,0,0,1
0,3,18.846178343949,25.0585031847134,20.2988853503185,18.8,705.570063694267,99.0031847133758,168.43152866242,0,0,0,0,1,0
1,2,18.2,45.7566759388039,13.4,21.8,255.495132127955,66.1808066759388,25.4645340751043,0,0,0,1,0,0
0,1,18.1,67.6441384180791,10.6,23.000988700565,1499.5593220339,20,356.088983050847,0,0,0,1,0,0
0,1,8.80627962085308,109.304514218009,20.1150473933649,-6.29964454976303,836.063981042654,50,334.063981042654,0,0,0,0,0,1
1,2,15.0786600496278,63.6874441687345,8.09937965260546,23.4699751861042,1196.20099255583,81.3697270471464,23.1104218362283,1,0,0,0,0,0
0,3,10.3796440489433,82.978765294772,0.4,20.4764182424917,311.963292547275,36.9187986651835,41.5906562847609,0,0,0,0,0,1
1,1,12.9140077821012,28.5663813229572,9.51037613488975,16.1687418936446,765.920881971466,85.3398184176394,15.3929961089494,1,0,0,0,0,0
1,2,8.90796703296703,59.8691208791209,2.58379120879121,16.4443681318681,746.54532967033,83.4450549450549,44.3804945054945,1,0,0,0,0,0
0,1,14.0475961538462,18.7206730769231,15.5121794871795,11.3557692307692,886.94391025641,89.224358974359,254.919871794872,0,0,0,0,1,0
0,3,10.4695459579181,83.8918161683278,0.289700996677741,20.5589147286822,292.764119601329,36.4983388704319,40,0,0,0,0,1,0
1,3,10.8,91.4097270471464,9.8,22.9858560794045,408.255583126551,27.1153846153846,70,0,0,0,0,0,1
0,2,4.76544502617801,120.926701570681,17.1980104712042,-11.6706806282723,442.906806282723,67.2041884816754,211.485863874346,0,0,0,0,1,0
0,2,-7.54536243180047,141.325689789556,9.45463756819953,-25.1,412,45,156,0,0,0,1,0,0
0,1,20.0987138263666,16.250884244373,19.888424437299,20.9400321543408,1505.72829581994,102.627009646302,357.554662379421,1,0,0,0,0,0
0,1,3.98734873487349,111.024796479648,16.1797579757976,-11.3126512651265,816.512651265126,44.3872387238724,308.623762376238,1,0,0,0,0,0
1,3,10.9,91.559786163522,9.86905660377358,23.0431446540881,416.500628930818,27.6779874213836,70.9534591194969,0,0,0,0,0,0
0,1,-3.46,130.070252365931,13.0565299684543,-10.4046687697161,294.273186119874,80,171,1,0,0,0,0,0
1,3,13.9222784810127,40.0076455696203,8.88050632911392,18.5313924050633,845.532911392405,89.6949367088607,16,0,0,0,0,0,1
1,2,8.29643255295429,37.729375696767,6.53634336677815,12.9680044593088,2622.55518394649,41.2798216276477,386.503901895206,0,1,0,0,0,0
0,1,-3.3878002528445,129.954007585335,13.0687737041719,-10.3537926675095,295.140328697851,80.007585335019,171.523388116308,1,0,0,0,0,0
1,2,9.49924731182796,51.7259247311828,3.75784946236559,16.1323655913979,2345.44408602151,61.636559139785,168.959139784946,1,0,0,0,0,0
1,1,9.87208588957055,53.0558384458078,3.8579754601227,16.7853783231084,1296.08895705521,52.0858895705521,133.328220858896,1,0,0,0,0,0
0,1,0.557511961722488,82.3848516746411,9.2756937799043,-4.40545454545455,586.2,25.1885167464115,193.38947368421,1,0,0,0,0,0
0,2,5.63297413793104,93.6477262931035,-3.44148706896552,13.5029094827586,1142.22306034483,12.1303879310345,265.739224137931,0,0,0,0,0,1
0,2,21.9428989751098,45.5008491947291,27.2428989751098,16.8185944363104,1244.68521229868,48.484626647145,525.685212298682,0,0,0,0,0,1
0,3,8.68024316109423,63.2181053698075,1.42310030395137,16.8739614994934,1626.82978723404,63.0607902735562,122.103343465046,0,0,0,0,0,0
0,1,9.4,86.9845389221557,0.6,18.1479041916168,1193.15808383234,9,271.837125748503,0,0,0,1,0,0
1,1,14.7550318471338,40.516203821656,9.62305732484077,19.6965605095541,577.231847133758,90.6458598726115,10.1643312101911,0,0,0,0,0,1
1,3,15.2269028871391,66.8161154855643,8.30669291338583,24.0372703412073,308.169291338583,81,10.5183727034121,0,1,0,0,0,0
0,2,9.6,107.211748502994,20.7,-5.07437125748503,834.94131736527,46,320.081437125749,0,0,0,0,0,1
0,1,9.41617122473246,87.2398929845422,0.524851367419738,18.128418549346,1201.77883472057,9,275.84661117717,0,0,0,0,0,1
0,1,17.2798397863818,50.9838451268358,11.9696929238985,23.7985313751669,310.791722296395,83.9025367156209,19,0,0,0,0,0,1
1,1,9.28518896833504,41.890633299285,4.61266598569969,14.6567926455567,915.531154239019,65.8304392236977,74.0898876404494,1,0,0,0,0,0
0,2,12.611875,82.1483,22.4,1.9,1096.9775,12,308,0,0,0,0,1,0
0,2,1.36632124352332,59.256360103627,-5.01787564766839,6.60608808290155,446.44689119171,43.3134715025907,68.7525906735751,0,1,0,0,0,0
0,3,3.73533260632497,108.895223555071,15.8758996728462,-9.4196292257361,840.057797164667,37.0239912758997,298,0,0,0,1,0,0
0,1,9.7,87.2030471584039,0.8,18.4792019347038,1152.02055622733,9.48367593712213,260.684401451028,0,0,0,1,0,0
0,1,13.0349104859335,85.0975447570332,23.8343989769821,1.8349104859335,1049.93094629156,12,299.580562659847,0,0,0,0,0,1
0,2,15.9532695374801,20.6995853269537,17.7736842105263,12.9948963317384,751.395534290271,93.5502392344497,213.561403508772,0,0,0,0,0,1
1,1,13.5931937172775,33.501387434555,9.46282722513089,17.5596858638743,684.706806282723,86.7853403141361,13.488219895288,0,0,0,0,0,1
0,3,9.80166468489893,99.5077764565993,22.1689655172414,-3.53281807372176,920.242568370987,28,300.017835909631,0,0,0,0,0,1
0,2,22.1,45.0729749631811,27.3,17.0032400589102,1232.22238586156,49,518.979381443299,0,0,0,0,0,1
1,3,10.9,91.8084282178218,9.85730198019802,23.0707920792079,406.460396039604,27.8267326732673,71,0,0,0,1,0,0
1,1,12.6171319796954,33.4303680203046,8.9002538071066,16.6677664974619,898.843908629442,85.4111675126904,17.3616751269036,1,0,0,0,0,0
1,1,13.835761589404,35.9703443708609,9.41086092715232,18.1577483443709,682.908609271523,87.6701986754967,13.4185430463576,1,0,0,0,0,0
1,1,8.69516339869281,59.1783790849673,2.43307189542484,16.6283660130719,1046.54117647059,79.7111111111111,34.9202614379085,1,0,0,0,0,0
1,3,10.3310432569975,90.0032697201018,9.38282442748092,22.157251908397,445.081424936387,26.8320610687023,71.6246819338423,0,0,0,0,0,1
0,1,12.436523929471,85.489798488665,21.1046599496222,1.12329974811083,1082.86020151134,11,297.915617128463,0,0,0,0,0,1
0,3,10.3765486725664,83.2676880530973,0.3,20.4,310.128318584071,38.0597345132743,41,0,0,0,0,1,0
0,1,15.501832460733,89.9791884816754,20.4405759162304,3.60183246073298,704.312827225131,47.2094240837696,222.185863874346,0,0,1,0,0,0
1,1,15.8674902470741,67.7220936280884,8.85461638491547,24.6674902470741,533.468140442133,81.7932379713914,6.20676202860858,0,1,0,0,0,0
1,3,10.4952328159645,83.8045454545454,0.673614190687361,20.9372505543237,347.719512195122,40.4988913525499,43.350332594235,0,1,0,0,0,0
1,2,12.3968314321927,40.7283523447402,7.8936628643853,17.6089987325729,1582.5247148289,82.7553865652725,45.7604562737643,1,0,0,0,0,0
0,1,-0.485696202531646,72.6532025316456,-2.6653164556962,0.491898734177215,710.743037974684,16.2303797468354,187.473417721519,1,0,0,0,0,0
0,3,9.77536057692308,99.3524399038462,22.0854567307692,-3.59495192307692,919.728365384616,28,300.581730769231,0,0,0,0,0,1
0,3,6.72962112514352,92.4220436280138,18.2948335246843,-4.45281285878301,1147.42594718714,7.32606199770379,304.671641791045,1,0,0,0,0,0
1,3,15.0704697986577,67.4808993288591,8.12335570469799,24.0079194630872,491.195973154362,81.2456375838926,10.9181208053691,0,1,0,0,0,0
0,3,7.67078239608802,89.1897432762836,18.7232273838631,-3.22921760391198,1138.41075794621,16.4352078239609,337.68337408313,1,0,0,0,0,0
0,3,-7.51674418604651,141.029937984496,9.42658914728682,-25.0844186046512,419,43,156,1,0,0,0,0,0
0,1,14.8,76.9544866385373,23.8,14.2511954992968,256.617440225035,72,120,0,1,0,0,0,0
0,2,8.8818831942789,95.8918831942789,20.7052443384982,-2.63909415971395,822.038140643623,20,247,0,0,0,0,1,0
1,3,14.1,37.043530927835,9.47693298969072,18.35,670.35824742268,85.9935567010309,12.4987113402062,0,0,0,0,0,1
0,2,10.2003831417625,76.9233461047254,18.0375478927203,-0.100510855683269,994.27969348659,12.5134099616858,277.182630906769,1,0,0,0,0,0
1,2,7.1,81.9918933054393,11.3138075313808,2.68933054393305,344.006276150628,29.9560669456067,100.912133891213,0,0,0,0,1,0
0,1,25.5589285714286,14.8667207792208,26.3589285714286,25.4844155844156,2233.35876623377,73.2516233766234,519.850649350649,1,0,0,0,0,0
0,1,21.6513157894737,46.9677339181287,27.1513157894737,16.3419590643275,1247.68274853801,46,522.976608187135,0,0,0,0,0,1
1,1,12.295,64.2147894736842,5.57552631578947,20.8197368421053,835.239473684211,82.0328947368421,23.8947368421053,1,0,0,0,0,0
0,1,22.3,42.9917967599411,27.2727540500736,17.6229749631812,1358.38586156112,63,653.826215022091,0,0,0,0,0,1
0,1,8.06059225512529,109.900284738041,19.4138952164009,-7.08394077448747,870.742596810934,47,337.703872437358,0,0,0,1,0,0
0,1,22.4272727272727,54.500476900149,26.0970193740686,16.529955290611,693.403874813711,66.849478390462,246.44262295082,0,0,0,0,1,0
1,2,5.99857433808554,81.5116395112016,14.3266802443992,1.41761710794297,504.93482688391,23.9857433808554,141.487780040733,0,0,0,0,1,0
0,1,17.5,70.602286115007,9.7,22.7709677419355,1387.4095371669,21,312,0,0,0,1,0,0
0,3,6.4678531701891,107.174060066741,18.4185761957731,-6.7,971.797552836485,13.2046718576196,275.002224694105,0,0,0,0,0,1
0,1,-4.03044017358958,115.505616862988,11.0209547427154,-11.1856788592684,397.911965282083,66.160570365778,206.233106013639,0,1,0,0,0,0
0,1,21.7026239067055,46.8960349854227,27.2026239067055,16.4397959183673,1246.65597667639,46,523.258017492711,0,0,0,0,0,1
0,3,-7.68651162790698,141.353333333333,9.38100775193798,-25.3,415.556589147287,44,155.577519379845,0,0,0,0,0,0
0,3,19.6045774647887,60.6792605633803,26.7816901408451,15.9651408450704,1547.39788732394,28.6021126760563,542.859154929577,0,0,0,0,0,1
0,3,10.4817477876106,83.1301216814159,0.611504424778761,20.6817477876106,314.402654867257,36.075221238938,42.2577433628319,0,0,0,0,0,1
1,1,14.1564102564103,51.3626538461538,8.2801282051282,20.7958974358974,656.532051282051,85.7294871794872,14.975641025641,1,0,0,0,0,0
1,2,16.7025956284153,56.7031010928962,10.6829234972678,24.0510928961749,443.245901639344,79.629781420765,25.0095628415301,0,0,0,0,0,1
0,3,14.7151282051282,76.3586153846154,24.3,10.4651282051282,1198.14358974359,16.9653846153846,367.930769230769,0,0,0,0,1,0
0,3,-5.90433558558559,150.836385135135,10.3943130630631,-15.3690315315315,336.340653153153,54.0489864864865,149.048986486486,1,0,0,0,0,0
0,2,6.40112820512821,79.7622461538461,14.2811282051282,1.95425641025641,485.662564102564,25.0953846153846,139.134358974359,0,0,0,0,1,0
0,1,22.4340476190476,44.0895476190476,27.5,17.6157142857143,1288.25,59.8166666666667,595.7,0,0,0,1,0,0
1,3,13.7702099737533,30.6707086614173,10.2262467191601,17.1905511811024,951.405511811024,88.5892388451444,16.4803149606299,0,1,0,0,0,0
0,1,5.24555785123967,110.425547520661,16.5455578512397,-9.66580578512397,299.543388429752,65.4586776859504,132,0,0,0,1,0,0
0,1,8.74739336492891,109.503874407583,20.0710900473934,-6.35402843601896,838.437203791469,49.5473933649289,335.292654028436,0,0,0,0,1,0
0,1,5.21641791044776,114.685895522388,16.9392324093817,-10.167697228145,422.102345415778,64,192.040511727079,0,0,1,0,0,0
1,3,10.4274327122153,48.3211594202899,4.90797101449275,16.7756728778468,1264.48136645963,48.952380952381,133.808488612836,0,0,0,0,0,1
0,2,19.3,62.4132142857143,18.5597142857143,19.9482857142857,1335.64285714286,23,396.425714285714,1,0,0,0,0,0
0,2,5.63641304347826,93.8540760869565,-3.52652173913043,11.8546739130435,1142.75760869565,12.5467391304348,265.86847826087,0,0,0,0,0,1
0,3,7.71820330969267,92.6917257683215,17.1569739952719,-3.43569739952719,1125.18439716312,7,297.289598108747,1,0,0,0,0,0
0,3,3.52690677966102,105.152605932203,15.4040254237288,-4.37309322033898,985.902542372881,16,292.207627118644,0,0,0,0,0,1
0,1,12.7880102040816,84.8346045918367,23.5205357142857,1.62742346938776,1074.42091836735,11.9540816326531,301.69387755102,0,0,0,1,0,0
0,2,4.4,96.2059433962264,-4.90157232704403,-3.46488469601677,1108.07651991614,12.0765199161426,264,1,0,0,0,0,0
0,1,7.19882978723404,87.1903191489362,16.0758510638298,-3.96063829787234,304.058510638298,59,116,0,0,1,0,0,0
0,1,17.118836565097,71.521731301939,9.17229916897507,22.3722991689751,1426.13988919668,18,329.380886426593,1,0,0,0,0,0
0,3,9.70421753607103,82.8148168701443,-0.146947835738069,19.869589345172,373.948945615982,40.5982241953385,46.1442841287458,0,0,0,0,0,1
0,1,3.93131201764057,111.294674751929,16.1112458654906,-11.396802646086,819.332965821389,44.2998897464168,309.340683572216,1,0,0,0,0,0
0,1,7.8511892450879,77.4406825232678,-1.47642192347466,17.194519131334,652.35367114788,32.7683557394002,114.599793174767,1,0,0,0,0,0
0,1,19.0439632545932,84.6089501312336,10.3561679790026,22.8778215223097,125.133858267717,36.2257217847769,30.262467191601,0,0,0,0,0,1
1,1,9.70558659217877,45.1168994413408,4.70558659217877,15.6565642458101,944.762569832402,59.5740223463687,82.4944134078212,1,0,0,0,0,0
0,3,10.5189789123196,83.5368146503885,0.735183129855716,20.9189789123196,330.641509433962,37.9034406215316,43.1620421753607,0,0,0,0,0,1
1,3,10.9,91.6300122850123,9.89914004914005,23.0482800982801,422.702702702703,27.7567567567568,70.4938574938575,0,0,0,1,0,0
0,1,16.1416124837451,67.8293758127438,9.13797139141742,24.9305591677503,480.383615084525,81.4954486345904,5.00520156046814,0,0,1,0,0,0
0,1,9.80035971223022,85.7932853717026,1.11438848920863,18.3438848920863,1176.27817745803,10.8836930455636,257.829736211031,0,0,0,0,0,1
1,2,11.456121045392,62.5094360385144,4.88115543328748,19.7225584594223,696.463548830812,86.503438789546,31.7372764786795,1,0,0,0,0,0
0,2,18.1123268698061,44.6178531855956,13.4626038781163,23.4368421052632,276.765927977839,69.090027700831,25.1094182825485,0,0,0,0,0,1
0,1,-2.88725552050473,129.82723659306,13.5672555205047,-9.88429022082019,298.879495268139,80.4492113564669,173.965930599369,0,1,0,0,0,0
1,3,11.4527638190955,26.5607788944724,8.50213567839196,14.4562814070352,1526.8743718593,73,63.1520100502513,0,0,0,0,0,0
1,3,13.9695322376738,35.6300379266751,9.78634639696587,18.0604298356511,1028.09228824273,92.4222503160556,14.6788874841972,0,0,0,0,0,1
0,1,-1.63180076628352,74.1095530012771,-3.86360153256705,-0.655427841634738,766.363984674329,16,195.314176245211,0,1,0,0,0,0
1,2,17.8519444444444,47.3179861111111,12.91375,23.3254166666667,268.595833333333,73.8125,22,0,0,0,0,0,1
0,3,8.44207858048162,87.4621673003802,6.93599493029151,20.0974651457541,354.610899873257,17.7160963244613,72.851711026616,0,1,0,0,0,0
1,1,16.0705882352941,67.7857908496732,9.06392156862745,24.8819607843137,494.383006535948,82.3333333333333,5.23660130718954,0,0,1,0,0,0
0,3,10.3060066740823,83.201468298109,0.3,20.401446051168,304.805339265851,36.8008898776418,41,0,0,0,0,0,1
1,3,8.32525641025641,62.6176666666667,1.88910256410256,16.5664102564103,1283.16666666667,75.1538461538462,48.8794871794872,1,0,0,0,0,0
1,3,10.4995731056563,48.7355282817503,5.1162219850587,16.8408751334045,1072.83351120598,60.2283884738527,87.6093916755603,1,0,0,0,0,0
1,2,8.39187817258883,38.8955532994924,4.36020304568528,13.2730964467005,2361.62842639594,58.9015228426396,213.883248730964,1,0,0,0,0,0
0,2,9.9,97.382661097852,22.1072792362769,-1.7,840.27923627685,20,258.193317422434,0,0,0,0,0,1
1,1,7.46166134185304,83.6051650692226,11.3611288604899,-2.91767838125666,371.784877529287,57.2449414270501,127.015974440895,0,0,0,1,0,0
0,3,3.70287539936102,104.999350372737,15.5122470713525,-4.19712460063898,984.525026624068,15.6421725239617,290.790202342918,0,0,0,0,0,1
1,3,13.3973417721519,36.7348860759494,9.18139240506329,17.7392405063291,1019.59367088608,90.446835443038,17.7075949367089,1,0,0,0,0,0
1,3,5.31411648568608,68.3978874629812,-2.74254689042448,14.0390918065153,1099.40671273445,49.2744323790721,138.494570582428,1,0,0,0,0,0
1,2,17.2198887343533,50.6381502086231,11.9004172461752,23.6888734353269,315.948539638387,82.5855354659249,19.2962447844228,0,0,0,0,0,1
1,1,12.8263835263835,28.9536936936937,9.43191763191763,16.2444015444015,839.355212355212,87,16.6718146718147,1,0,0,0,0,0
1,1,17.0491957104558,51.7010053619303,11.613672922252,23.6840482573727,338.639410187668,83.5804289544236,19,0,0,0,0,0,1
0,2,-2.7,112.914026610644,10.9644957983193,-9.08662464985994,392.699579831933,41.7584033613445,157.285714285714,0,0,0,0,0,0
0,3,10.5097345132743,83.4108738938053,0.667588495575221,20.8349557522124,325.307522123894,37.2422566371682,43,0,0,0,0,0,1
0,2,5.7,93.6648099891423,-3.41357220412595,12.8778501628664,1135.20195439739,12.9326818675353,264.067318132465,0,0,0,0,0,1
1,2,18.0442148760331,43.9433884297521,13.4407713498623,21.4152892561983,266.249311294766,64.904958677686,27.8388429752066,0,0,0,1,0,0
1,3,15.3185385656292,39.5977672530447,11.0629228687415,20.223951285521,515.071718538566,95.3897158322057,8.87686062246279,0,1,0,0,0,0
0,2,6.3,80.4088536335721,14.5451381780962,1.80010235414534,478.553735926305,25.7645854657114,138,0,0,0,0,0,1
1,2,17.8945799457995,42.8168021680217,13.3773712737127,21.1218157181572,261.623306233062,63.0392953929539,28.2059620596206,0,0,0,1,0,0
0,2,17.8768918918919,43.6728108108108,13.2921621621622,21.2451351351351,248.881081081081,55.3054054054054,32.6067567567568,0,0,0,0,0,1
0,1,5.42443970117396,114.919445037353,17.1806830309498,-10.01462113127,418.427961579509,64.9039487726787,191.665955176094,0,0,1,0,0,0
0,1,5.20117521367521,114.796378205128,16.9622863247863,-10.2,422.494658119658,64,192,0,0,1,0,0,0
0,3,9.9,100.240775862069,22.3,-3.62795566502463,930.274630541872,28,301.448275862069,0,0,0,0,0,1
0,1,12.9157303370787,85.0377528089888,23.6876404494382,1.69013732833958,1059.03121098627,12,300.028714107366,0,0,0,0,0,1
0,3,17.6146374829001,80.3936662106703,21.9491108071135,6.81463748290014,870.794801641587,35,199.462380300958,0,0,1,0,0,0
0,1,-1.14045512010114,73.5758027812895,-3.33362831858407,-0.152465233881163,743.341340075854,16,191.389380530973,1,0,0,0,0,0
0,3,5.19977528089888,97.0890449438202,0.503707865168539,-6.54123595505618,1256.38764044944,10,325.061797752809,1,0,0,0,0,0
0,1,12.9126262626263,84.6662878787879,23.6271464646465,1.8050505050505,1056.52525252525,12,301.736111111111,0,0,0,0,0,1
1,3,14.4799450549451,40.2899862637363,10.1582417582418,19.4677197802198,607.673076923077,96.9258241758242,10.217032967033,1,0,0,0,0,0
1,3,13.6444159178434,49.3639152759949,7.69640564826701,19.9065468549422,1153.22593068036,90.6842105263158,21.6315789473684,0,0,1,0,0,0
0,2,22,45.7765,27.3,16.8,1248.4,48,531.010294117647,0,0,0,0,0,1
0,3,10.3640798226164,83.0719068736142,0.380709534368071,20.4640798226164,311.406873614191,37.5931263858093,41,0,0,0,0,0,1
0,3,10.3614617940199,83.3008748615725,0.315282392026578,20.4152823920266,313.201550387597,38.0044296788483,41,0,0,0,0,0,1
1,1,12.5834437086093,64.7148741721854,5.84185430463576,21.1972185430464,819.229139072847,82.1311258278146,21.5986754966887,1,0,0,0,0,0
0,3,-7.64569433669512,141.434352211016,9.39542280837859,-25.2832428238945,414.66563227308,44,155.395655546936,0,0,0,0,0,0
0,2,19.4876068376068,70.3987606837607,23.3650997150997,11.6025641025641,847.982905982906,31,183.068376068376,0,0,1,0,0,0
0,3,3.75060240963855,108.992070098576,15.9,-9.4,839.465498357065,37.3187294633078,298.844468784228,0,0,0,1,0,0
0,1,5.4471007121058,81.2981790437436,13.7963377416073,0.982909460834181,522.526958290946,24,141.585961342828,1,0,0,0,0,0
0,3,10.3588950276243,83.3123535911602,0.324198895027624,20.4411049723757,305.939226519337,37.0243093922652,41,0,0,0,0,1,0
0,2,9.41344537815126,107.063961584634,20.5014405762305,-5.18715486194478,867.787515006003,41.9975990396159,321.547418967587,1,0,0,0,0,0
1,2,8.99878542510122,36.6760425101215,5.08613360323887,13.57995951417,2755.09109311741,55.9058704453441,261.528340080972,1,0,0,0,0,0
0,2,21.6504385964912,46.9594152046784,27.1077485380117,16.3504385964912,1255.5,46,525.583333333333,0,0,0,0,0,1
0,1,2.09086161879896,82.1404177545692,-2.98929503916449,-2.3,502.530026109661,27.6283724978242,146.067014795474,1,0,0,0,0,0
1,1,16.1464285714286,67.8389030612245,9.14196428571429,24.9343112244898,479.813775510204,81.468112244898,5.00637755102041,0,0,1,0,0,0
0,1,-2.98492716909436,129.828923369221,13.4900569981001,-9.98492716909436,297.920202659911,80.5826472450918,173.217226092464,0,1,0,0,0,0
0,3,9.93225419664269,100.000611510791,22.3,-3.50059952038369,925.798561151079,28,300.195443645084,0,0,0,0,0,1
1,1,12.9349934469201,28.842621231979,9.50013106159895,16.28374836173,783.739187418087,85.9501965923984,16.4285714285714,1,0,0,0,0,0
1,3,16.8688343558282,70.3900981595092,8.32883435582822,26.0688343558282,1104.69202453988,78.4773006134969,33.3914110429448,0,0,0,0,0,1
1,3,10.4521594684385,83.1604761904762,0.485492801771872,20.6208194905869,317.910299003322,37.1029900332226,42.0509413067553,0,0,0,0,0,1
0,3,10.9,91.6220176544767,9.85195460277428,23.0519546027743,412.392181588903,27.8524590163934,70.1235813366961,0,0,0,1,0,0
1,3,10.51,90.4625189873418,9.62962025316456,22.4420253164557,429.682278481013,26.0139240506329,71,0,0,0,0,0,1
0,3,-4.96308328411105,146.055002953337,13.4049025398701,-13.2757826343768,303.420555227407,55.701122268163,144.084465445954,1,0,0,0,0,0
1,1,16.117328042328,67.8605423280423,9.11732804232804,24.9199735449735,490.477513227513,81.6521164021164,5.37830687830688,0,0,1,0,0,0
0,3,9.7,99.0455410225921,21.9960760998811,-3.6,920.302021403092,28,300.847800237812,0,0,0,0,0,1
0,3,10.9,94.3071215880894,20.6,-1.83759305210918,1025.99751861042,20.0086848635236,299.008684863524,0,0,0,0,1,0
0,2,23.1144130757801,39.3197325408618,27.6705794947994,18.8,1344.26151560178,66.2496285289747,627.711738484398,0,0,0,0,0,1
0,1,12.0969549330085,86.6737271619976,10.4216808769793,0.800852618757613,1101.66747868453,9.50426309378806,289.316686967113,0,0,0,0,0,1
0,3,10.4,83.4692128603104,0.3,20.4063192904656,293.584257206208,36,40.1773835920177,0,0,0,0,1,0
0,3,4.44066059225513,96.7193394077449,16.4047835990888,-7.3376993166287,1103.76651480638,14.375854214123,321.686788154898,1,0,0,0,0,0
1,3,13.7738853503185,36.7306751592357,9.0828025477707,17.9984713375796,908.318471337579,92.5592356687898,14.0866242038217,0,1,0,0,0,0
1,1,12.6947437582129,64.8583180026281,5.9473061760841,21.3254927726675,818.023653088042,82.3166885676741,21.7227332457293,1,0,0,0,0,0
0,3,9.6,99.245012254902,21.9,-3.75723039215686,920.742647058824,29,302.259803921569,0,0,0,0,0,1
0,3,13.9651162790698,79.3774935400517,5.01834625322997,19.8156330749354,1353.84366925065,16,333.511627906977,1,0,0,0,0,0
0,3,-2.9492206235012,140.862535971223,14.6298561151079,-10.5221822541966,304.023381294964,58.9736211031175,147.973621103117,1,0,0,0,0,0
1,2,8.99837067209776,46.0045010183299,3.92627291242362,14.8801425661914,2013.54378818737,64,159.391038696538,1,0,0,0,0,0
0,3,-2.0484693877551,110.309599125364,10.0455539358601,-5.86457725947522,421.381924198251,28.3833819241983,128,1,0,0,0,0,0
0,2,5.6247007616975,94.0612078346028,-3.54406964091404,11.4878128400435,1141.80957562568,12,266.253536452666,0,0,0,0,0,1
0,3,-2.95150214592275,114.387589413448,9.52296137339056,-2.18147353361946,343.432045779685,34.1595135908441,111.833333333333,1,0,0,0,0,0
0,2,11.5571609632446,90.3608491761724,11.2359949302915,-0.62382762991128,1063.08871989861,17,290.28010139417,0,0,0,0,0,1
0,3,7.3,84.5044198312236,15.9090717299578,-3.6,285.909282700422,60,115,0,0,0,0,0,0
0,3,10.5585825027686,83.4000996677741,0.63765227021041,20.8274640088594,318.782945736434,37,42.6057585825028,0,0,0,0,0,1
0,2,-6,151.552100130039,11.2,-17.5853706111834,281,42,102,0,0,1,0,0,0
1,2,18.0651941097724,44.2030388219545,13.3773761713521,21.4516733601071,261.029451137885,63.194109772423,28.2556894243641,0,0,0,0,0,1
0,2,8.36128640776699,84.8865776699029,17.0582524271845,-2.15266990291262,365.938106796117,59,144.979368932039,0,0,1,0,0,0
0,2,22,45.4964023494861,27.2832599118943,16.9,1257.05286343612,48.6725403817915,534.444933920705,0,0,0,0,0,1
1,2,8.24175588865096,55.5603211991435,2.05867237687366,15.4419700214133,2526.44539614561,67.830835117773,158.840471092077,1,0,0,0,0,0
0,1,9.6,95.8380194410693,19.4948967193196,-1.8688942891859,849,21,264,0,0,0,0,1,0
1,3,7.72551652892562,46.1259194214876,2.67551652892562,13.6690082644628,2747.74173553719,61.599173553719,225.413223140496,1,0,0,0,0,0
0,2,15.8526315789474,20.9459649122807,17.6526315789474,12.8076555023923,683.543859649123,90.1004784688995,207.425837320574,0,0,0,0,0,1
0,1,0.967391304347826,82.1253416149068,10.9709627329193,-7.91948757763975,528.574534161491,40.3159937888199,179.833074534162,0,1,0,0,0,0
0,1,9.5,95.529024691358,21.3424691358025,-1.90506172839506,849.597530864198,20.9888888888889,263.301234567901,1,0,0,0,0,0
1,3,8.68394308943089,43.3872154471545,3.88394308943089,14.2816056910569,1067.59654471545,66.5701219512195,88.4756097560976,1,0,0,0,0,0
0,3,10.6654101995565,83.7529822616408,0.7980044345898,21.0433481152993,333.446784922395,39.019955654102,43,0,0,0,0,0,1
0,1,2.14644670050761,72.8994289340102,9.14835025380711,-3.47106598984772,555.178934010152,20.7779187817259,166.144670050761,1,0,0,0,0,0
1,1,13.8398184176394,33.3141374837873,9.62607003891051,17.7835278858625,589.872892347601,86.6407263294423,12.7392996108949,1,0,0,0,0,0
1,3,14.0163870967742,27.8211870967742,10.3713548387097,16.9069677419355,372.415483870968,87.1690322580645,8.99870967741935,0,0,0,0,1,0
0,2,22.1342143906021,44.8344933920705,27.3367107195301,17.1,1225.34948604993,49.3421439060206,531.154185022026,0,0,0,0,0,1
1,3,10.9,91.6007843137255,9.85036764705883,23.0503676470588,411.432598039216,27.5661764705882,70.0049019607843,0,0,0,1,0,0
0,3,9.2484700122399,89.2798041615667,7.98543451652387,21.0973072215422,329.580171358629,19.6487148102815,67.3671970624235,0,1,0,0,0,0
0,2,6.66503067484663,78.3209406952965,10.8169734151329,2.12382413087935,539.947852760736,22.8200408997955,146.69427402863,0,0,0,0,0,1
0,3,11.9247809762203,99.3787734668335,21.9589486858573,-1.46382978723404,874.642052565707,50.3416770963705,326.385481852315,0,0,1,0,0,0
1,1,6.59838709677419,54.9351612903226,3.24259962049336,11.7403225806452,2691.41461100569,46.3870967741935,301.822580645161,1,0,0,0,0,0
0,2,12.228437917223,72.8662216288385,5.83150867823765,12.9935914552737,1380.37249666222,13.1789052069426,361.213618157543,1,0,0,0,0,0
1,1,9.95688073394495,53.0022018348624,3.94243119266055,16.8675458715596,1289.49541284404,52,132.987385321101,0,0,0,0,0,1
0,1,17.5,70.5955153203343,9.7,22.7984679665738,1387.65459610028,21,312.140668523677,0,0,0,1,0,0
0,3,-4.43144876325088,146.853680800942,13.9597762073027,-12.6889281507656,308.020612485277,53.2108362779741,141.726148409894,1,0,0,0,0,0
1,1,9.67450980392157,44.4488957688338,4.80856553147575,15.5155830753354,905.339525283798,58.9091847265222,80.3642930856553,1,0,0,0,0,0
0,1,17.2292307692308,71.3813986013986,9.32923076923077,22.4556643356643,1418.16643356643,18,327.20979020979,1,0,0,0,0,0
0,2,11.1283333333333,84.0803717948718,19.6679487179487,-0.171666666666667,1013.28333333333,15,289.423076923077,1,0,0,0,0,0
1,1,12.2954116059379,65.2027530364372,5.45384615384615,18.3816464237517,532.897435897436,71.8744939271255,31.6302294197031,0,1,0,0,0,0
0,3,10.8,91.0146107055961,9.8,22.8474452554745,427.924574209246,27.6958637469586,70.0742092457421,0,0,0,0,0,1
1,2,16.7060565275908,56.6817227456258,10.693001345895,24.0520861372813,442.755047106326,79.6729475100942,25.0269179004038,0,0,0,0,0,1
1,2,9.2077620967742,35.9346169354839,5.4077620967742,13.7088709677419,2988.14213709677,53,306.535282258065,1,0,0,0,0,0
1,3,13.7680104031209,39.3466319895969,8.69947984395319,18.3661898569571,1066.27438231469,91.1053315994798,19.7750325097529,0,0,0,0,0,1
0,1,21.5424107142857,50.333869047619,24.924255952381,14.6764880952381,708.376488095238,79.7485119047619,278.169642857143,0,0,0,0,0,1
0,2,6.3120531154239,78.9781818181818,12.9356486210419,1.80582226762002,504.262512768131,23.8917262512768,141.256384065373,1,0,0,0,0,0
1,2,15.8089960886571,58.5808996088657,8.2606258148631,22.9885267275098,474.70664928292,89.4328552803129,5.79530638852673,0,0,0,0,0,1
1,3,10.4254922279793,48.5812849740933,5.06248704663212,16.6875647668394,1181.09119170984,62.1937823834197,93.8694300518135,0,0,0,0,0,1
1,1,13.3910621761658,31.8377849740933,9.51139896373057,17.1527202072539,748.195595854922,87.240932642487,14.5025906735751,1,0,0,0,0,0
0,2,2.06009900990099,129.724742574257,17.6348514851485,-15.0535643564356,536.328712871287,51.1544554455446,233.688118811881,1,0,0,0,0,0
1,1,9.7,53.0210998990918,3.44863773965691,16.5,1521.59535822402,47.1907164480323,167.380423814329,0,0,0,0,0,1
0,3,4.9549494949495,81.7605858585858,-4.90747474747475,10.6953535353535,549.658585858586,23.2585858585859,140.418181818182,1,0,0,0,0,0
0,1,12.6580132450331,64.7725562913907,5.90966887417219,21.2667549668874,820.527152317881,82.2596026490066,22.1602649006623,1,0,0,0,0,0
0,1,15.4765903307888,66.7274936386768,7.33422391857506,24.1526717557252,566.513994910941,81.5152671755725,7.66666666666667,0,0,1,0,0,0
0,2,2.20967391304348,85.9292173913044,10.7420652173913,-3.49945652173913,492.134782608696,22.0119565217391,146.678260869565,0,1,0,0,0,0
0,1,-11.7013265306122,145.119770408163,7.71112244897959,-23.3825510204082,224.105612244898,64,113.016836734694,0,0,0,0,0,0
0,1,-2.80132255694342,139.119015429831,13.6682586333578,-9.50132255694342,433.781778104335,33.0132255694342,156.781778104335,1,0,0,0,0,0
0,1,23.8961119751166,43.6325194401244,28.2328149300156,19.2961119751166,902.45101088647,71.6329704510109,363.55365474339,0,0,0,0,0,1
0,1,21.6,47.4246309696093,27.1063675832127,16.2063675832127,1250.87843704776,45,520.507959479016,0,0,0,0,0,1
0,2,17.9475274725275,48.7356593406593,12.8256868131868,24.0798076923077,272.728021978022,79.543956043956,18.1799450549451,0,0,0,0,0,1
0,1,25.6143089430894,15.5350081300813,26.3788617886179,25.6369105691057,2566.29430894309,66.9235772357724,575.138211382114,0,0,0,0,1,0
1,3,8.72470389170897,37.3010829103215,6.24991539763113,13.5285956006768,1667.69712351946,48.2521150592217,209.639593908629,1,0,0,0,0,0
0,2,8.9,95.9057651245552,20.814590747331,-2.6,816.075919335706,19.0806642941874,245.130486358244,0,0,0,0,0,1
1,3,5.67555831265509,81.3483498759305,-2.45856079404467,16.5022332506203,723.290322580645,28.8200992555831,103.759305210918,1,0,0,0,0,0
0,3,7.52670520231214,93.1715260115607,17.0072832369942,-3.70612716763006,1132.36531791908,7.6,300.783815028902,1,0,0,0,0,0
1,3,13.8476519337017,28.9038259668508,10.657044198895,17.0339779005525,541.10773480663,98.207182320442,7.2085635359116,0,1,0,0,0,0
0,2,22,45.2655964653903,27.2817378497791,16.9260677466863,1268.74668630339,49,534.917525773196,0,0,0,0,0,1
0,3,10.4,83.9041878453039,0.200331491712707,20.5124861878453,301.763535911602,36.3480662983425,40.8718232044199,0,0,0,0,0,1
1,3,16.8097323600973,70.3824452554744,8.29768856447688,25.9941605839416,1055.62408759124,78.2031630170316,32.9403892944039,0,1,0,0,0,0
0,1,9.35272067714631,88.2349334945587,0.271946795646917,18.2527206771463,1179.14510278114,9,271.742442563483,0,0,0,0,0,1
1,2,9.52726358148893,51.8884507042254,3.92726358148893,16.413078470825,1227.40442655936,57.3792756539235,113.569416498994,0,0,0,0,0,1
1,2,8.04950331125828,39.0990728476821,6.17168874172186,12.9480132450331,2872.35099337748,43,406.667218543046,1,0,0,0,0,0
0,3,9.8,99.5445048309179,22.1335748792271,-3.6,922.984299516908,28.0084541062802,300.66425120773,0,0,0,0,0,1
0,2,19.5510057471264,61.834841954023,26.7745689655172,15.7502873563218,1526.25862068966,28,523.010057471264,0,0,0,0,0,1
1,1,12.3929049531459,57.6141767068273,6.35006693440429,19.3448460508702,727.317269076305,79.2971887550201,48.4805890227577,1,0,0,0,0,0
1,3,15.999064171123,69.7723663101604,8.77098930481284,25.2140374331551,596.022727272727,81.701871657754,11.1550802139037,0,1,0,0,0,0
0,1,-10.592654155496,141.151930294906,7.3056836461126,-26.9211796246649,239.055227882038,55.944235924933,88.0278820375335,0,0,0,0,0,0
0,3,10.4359600443951,83.2428634850167,0.464039955604884,20.5941176470588,317.965593784684,37.819089900111,41.4950055493896,0,0,0,0,0,1
0,3,10.4,83.4239289678135,0.3,20.4559378468368,299.039955604883,36.8546059933407,40.7558268590455,0,0,0,0,0,1
1,1,13.8680306905371,43.4876086956522,8.73401534526855,19.3343989769821,773.717391304348,88.8132992327366,14.9219948849105,1,0,0,0,0,0
0,1,10.9022194821208,94.7531565967941,20.6934648581998,-1.9,1014.97780517879,20.8224414303329,298.147965474723,0,0,0,0,0,1
0,3,9.75030156815441,98.9990591073583,22.0430639324487,-3.52665862484922,918.423401688782,28,299.349819059107,0,0,0,0,0,1
0,3,3.7,108.866800870511,15.8051142546246,-9.45658324265506,845.963003264418,36.9455930359086,299.526659412405,0,0,0,1,0,0
0,1,5.2504907306434,97.4475245365322,0.903925845147219,-2.27197382769902,1107.67175572519,11,266.62159214831,1,0,0,0,0,0
1,2,9.15098493626883,35.1128852838934,5.7008111239861,13.5900347624565,3221.26998841251,51,322.011587485516,1,0,0,0,0,0
1,1,6.5527224435591,56.7486188579017,0.539176626826029,14.2243027888446,780.309428950863,77.1062416998672,39.8911022576361,1,0,0,0,0,0
0,3,11.9763819095477,99.6102386934673,22.0917085427136,-1.37638190954774,868.442211055276,51,325.556532663317,0,0,1,0,0,0
0,2,18.1616758241758,47.9329945054945,13.1990384615385,23.1406593406593,259.424450549451,75.9615384615385,20.342032967033,0,0,0,0,0,1
0,1,13.0537675606641,83.4049808429119,23.4997445721584,1.97765006385696,1052.9220945083,12,303.23754789272,0,0,0,0,0,1
0,3,9.79938725490196,99.1937254901961,22.1302696078431,-3.5,920.11887254902,28,300,0,0,0,0,0,1
1,3,9.21442424242424,87.7875151515152,8.20436363636364,20.749696969697,555.006060606061,28.0460606060606,80.990303030303,0,0,0,0,0,1
0,1,-2.53214285714286,137.960422740525,13.7850583090379,-9.1149416909621,443.347667638484,30.3717201166181,154.169096209913,1,0,0,0,0,0
0,2,15.0659711075441,20.6741573033708,16.461797752809,12.1353130016051,897.794542536116,95.1653290529695,255.881219903692,0,0,0,0,0,1
0,3,10.9,91.6077930174564,9.85261845386534,23.0526184538653,414.754364089775,27.9812967581047,70.5586034912718,0,0,0,1,0,0
0,2,22,44.789793814433,27.2,17,1284.24005891016,49.6980854197349,549.045655375552,0,0,0,0,0,1
1,3,13.9696428571429,29.4132142857143,10.4720663265306,17.0908163265306,884.147959183673,89.5267857142857,14.4553571428571,0,0,0,0,0,1
1,2,17.828532974428,42.9046567967698,13.2709286675639,21.0577388963661,264.205921938089,62.1924629878869,28.8290713324361,0,0,0,0,0,1
1,3,15.6253333333333,37.4234133333333,11.5958666666667,20.18,492.082666666667,99.34,7.072,0,0,0,0,0,1
0,3,15,76.1413624338624,24.0308201058201,10.8101851851852,1185.22619047619,17,365.23544973545,0,0,0,1,0,0
1,3,12.9764248704663,47.9363341968912,7.91049222797928,19.1974093264249,644.003886010363,86.2266839378238,15.7642487046632,1,0,0,0,0,0
0,2,1.97770562770563,86.5729545454545,10.5577922077922,-3.63322510822511,481.593073593074,23.4177489177489,145.957792207792,1,0,0,0,0,0
1,1,12.3029207232267,57.9632127955494,6.2115438108484,18.0428372739917,737.321279554938,79.5201668984701,49.961057023644,1,0,0,0,0,0
0,2,22.0159057437408,44.819617083947,27.2,17,1263.66863033873,49,528.179675994109,0,0,0,1,0,0
0,1,17.2471232876712,51.9004794520548,11.7708219178082,23.8902739726027,319.406849315068,82.8602739726027,19,0,0,0,0,0,1
1,2,9.4627,53.73868,3.4759,16.5627,1235.172,52.355,128.833,1,0,0,0,0,0
0,1,9.60979689366786,96.3711111111111,21.6506571087216,-1.85902031063321,842.706093189964,20,260.804062126643,0,0,0,0,0,1
0,3,9.7,99.9202517985611,22.036690647482,-3.8,925.658273381295,28.8621103117506,303.016786570743,0,0,0,1,0,0
0,1,-0.963131313131313,73.2550631313131,-3.15542929292929,0.033459595959596,733.72601010101,16,190.458333333333,1,0,0,0,0,0
0,2,8.89501822600243,95.9762332928311,20.7952612393682,-2.60498177399757,816.693803159174,19.3560145808019,245.185905224787,0,0,0,0,0,1
0,3,10.3057585825028,82.7697009966777,0.392469545957918,20.3717607973422,306.549280177187,37.0343300110742,41,0,0,0,0,0,1
0,3,10.3588235294118,82.3846614872364,0.477247502774695,20.3772475027747,279.405105438402,34.3263041065483,40.69256381798,0,0,0,0,1,0
1,2,17.816991643454,45.1200835654596,13.0813370473538,21.7795264623956,272.941504178273,63.824512534819,28.9220055710306,0,0,0,0,0,1
1,2,8.58571428571429,44.363612244898,3.80408163265306,14.2723469387755,2150.95510204082,62.8316326530612,176.085714285714,1,0,0,0,0,0
0,1,7.29733475479744,87.472697228145,16.1973347547974,-3.83422174840085,311.975479744136,59.1417910447761,116.750533049041,0,1,0,0,0,0
0,3,5.94961664841183,89.3663417305586,2.28302300109529,17.0153340635268,1095.87075575027,14,237.100766703176,1,0,0,0,0,0
0,1,7.3,78.5408273009307,11.2,2.73443640124095,441.514994829369,28,126.99689762151,0,0,0,0,1,0
1,2,17.3493036211699,41.2656267409471,12.841922005571,22.3764623955432,316.867688022284,82.3133704735376,12,0,1,0,0,0,0
0,2,3.75681098204857,106.843600844773,16.770116156283,-10.8151003167899,746.572333685322,46.1288278775079,293.498416050686,0,0,0,0,0,1
0,2,5.52622576966933,98.325929304447,17.7142531356899,-6.50205245153934,1048.84834663626,18.2280501710376,315.299885974915,1,0,0,0,0,0
0,2,-0.0607110300820419,82.4779216043756,10.2236098450319,-5.04968094804011,543.777575205105,43.5268915223336,229.482224247949,1,0,0,0,0,0
1,3,10.8,90.9871113831089,9.8,22.8370869033048,427.895960832313,27.6462668298654,70.0281517747858,0,0,0,0,0,1
1,2,9.83152173913044,52.354751552795,4.02996894409938,16.8173913043478,1033.17701863354,56.2375776397516,102,1,0,0,0,0,0
1,1,11.933692722372,61.5096495956873,5.45592991913747,19.6958221024259,686.652291105121,77.8355795148248,48.9595687331536,1,0,0,0,0,0
0,1,22.2866766467066,50.7355838323353,25.7467065868263,15.9229041916168,561.428143712575,68.8053892215569,189.570359281437,0,0,0,0,1,0
1,3,11.1593179049939,33.2499025578563,7.48489646772229,15.1879415347138,1548.55663824604,74.4811205846528,61.7490864799025,1,0,0,0,0,0
1,2,9.15075987841945,35.7952178318136,5.33860182370821,13.6018237082067,2839.64235055724,55,274.087132725431,1,0,0,0,0,0
0,2,4.46622222222222,110.721466666667,16.6662222222222,-10.7,802.054444444444,44.7177777777778,298.675555555556,1,0,0,0,0,0
0,2,-7.6,140.903897515528,9.33509316770186,-25.1,419.945652173913,43.054347826087,158,0,0,0,1,0,0
0,2,-5.52607722439843,148.195679910464,10.4739227756016,-14.7517627308338,338.956911024063,53.9569110240627,148.956911024063,0,1,0,0,0,0
0,2,20.4,53.3181647398844,26.7073699421965,17.2985549132948,1334.87283236994,41,544.193641618497,0,0,0,0,0,1
0,3,12.0771794871795,100.619551282051,22.2929487179487,-1.43692307692308,856.866666666667,51.9102564102564,325.526923076923,0,0,0,0,1,0
0,3,7.23873563218391,99.3587356321839,18.5068965517241,-4.83850574712644,989.506896551724,16,285.794252873563,1,0,0,0,0,0
0,3,10.4,83.2146792035398,0.4,20.5,311.232300884956,37.570796460177,41,0,0,0,0,0,1
1,1,13.493935483871,34.6598838709677,9.31974193548387,17.6656774193548,738.303225806452,86.5948387096774,14.2425806451613,1,0,0,0,0,0
1,3,14.2593869731801,43.2693358876117,8.75696040868455,19.4332056194125,1004.26692209451,91.0408684546615,18.9386973180077,0,0,0,0,0,1
0,3,10.7083636363636,90.814896969697,9.75987878787879,22.7561212121212,422.798787878788,26.8775757575758,70,0,0,0,0,0,1
0,1,9.5639606396064,95.6914145141452,19.4,-1.9,850.377613776138,21,263,0,0,0,0,1,0
1,2,7.80889328063241,39.8956719367589,5.83399209486166,12.8300395256917,2440.78260869565,42.9604743083004,358.316205533597,0,1,0,0,0,0
1,1,10.4602209944751,55.7584640883978,3.88033149171271,17.6181215469613,1606.34806629834,58.8883977900552,114.002209944751,1,0,0,0,0,0
1,1,9.61965811965812,43.7988205128205,4.86923076923077,15.3548717948718,873.815384615385,57.4649572649573,81.1504273504273,1,0,0,0,0,0
1,1,13.8935185185185,38.6008465608466,9.24550264550265,18.6240740740741,736.230158730159,88.3994708994709,13.6322751322751,1,0,0,0,0,0
1,1,13.2844272844273,31.4809266409266,9.51698841698842,17.0185328185328,853.32175032175,90.8944658944659,14.8944658944659,1,0,0,0,0,0
0,1,21.9386466165413,52.5927518796992,25.6730827067669,14.8905263157895,980.416541353383,73.1639097744361,369.70977443609,0,0,0,0,1,0
0,3,10.8667506297229,92.4146599496222,9.86372795969773,23.1235516372796,392.285894206549,28.5314861460957,69.9886649874056,0,1,0,0,0,0
0,2,16.243875,60.2851375,8.6,23.780625,490.25375,87.62375,9,0,0,0,0,0,1
1,3,7.35039787798409,42.3555039787798,5.40742705570292,12.6510610079576,2155.24137931034,41,349.559681697613,1,0,0,0,0,0
1,1,12.6700787401575,64.8559186351706,5.9249343832021,21.309842519685,816.510498687664,82.2703412073491,21.4580052493438,1,0,0,0,0,0
1,3,14.3110671936759,23.7290382081686,11.0386034255599,16.4034255599473,549.740447957839,89.5032938076417,32.8379446640316,0,0,0,0,0,1
0,2,-5.22230172927847,146.449093619559,10.7545020870602,-20.8532498509243,391.016696481813,59.3124627310674,179.438282647585,1,0,0,0,0,0
0,1,9.43349112426035,87.5963076923077,0.499644970414201,18.2239053254438,1183.45917159763,9,270.640236686391,0,0,0,1,0,0
1,2,6.10918367346939,80.8136020408163,14.3617346938776,1.62020408163265,478.033673469388,25.8591836734694,137.644897959184,0,0,0,0,0,1
0,3,5.9,106.785406797116,16.9,-5.8994850669413,302.239958805355,60.8063851699279,127.020597322348,0,0,0,0,1,0
0,1,22.5,73.2302510460251,13.3,25.0852161785216,74.1534170153417,55.7810320781032,21,0,0,0,0,0,1
0,1,12.4803773584906,85.0252075471698,23.191320754717,1.19786163522013,1017.14968553459,11,283.647798742138,0,0,0,0,0,1
1,2,8.78927855711423,78.9353306613227,16.9313627254509,4.3314629258517,304.493987975952,20.1322645290581,86.9849699398797,0,0,0,0,0,1
0,2,2.20602189781022,87.0206295620438,12.8910583941606,-2.67682481751825,494.96897810219,44.3549270072993,210.534671532847,1,0,0,0,0,0
0,1,9.50366748166259,86.5119804400978,0.772249388753056,18.188141809291,1189.06356968215,10,267.116136919315,0,0,0,0,0,1
0,3,10.4,83.2412928176796,0.4,20.5,311.822099447514,37.3524861878453,41,0,0,0,0,0,1
0,3,-11.3820657759507,146.128730729702,8.1483556012333,-23.1090955806783,224.981500513875,63.7482014388489,112.748201438849,0,0,0,0,0,0
0,3,-5.53590801886793,144.46460495283,12.6985849056604,-13.8728773584906,297.201650943396,59.6910377358491,147.202240566038,1,0,0,0,0,0
0,3,10.4447045707915,82.5846153846154,0.580602006688963,20.5471571906354,290.931995540691,35.0903010033445,41,0,0,0,0,0,1
1,3,14.0310214375788,40.716393442623,8.75081967213115,18.7520807061791,1025.53089533417,91.6179066834805,19.0353089533417,0,0,0,0,1,0
1,3,12.8435668789809,37.3013757961783,8.6487898089172,17.3299363057325,1272.73630573248,89.6777070063694,24.6611464968153,1,0,0,0,0,0
1,1,12.7596583442838,41.4005781865966,8.30210249671485,18.0120893561104,897.647831800263,86.0932982917214,16.9842312746386,1,0,0,0,0,0
0,3,8.96658415841584,88.7873267326733,7.66559405940594,16.2649752475248,328.628712871287,18.5482673267327,68.7722772277228,0,1,0,0,0,0
1,2,13.1886968085106,52.9726595744681,7.59109042553191,20.0497340425532,807.921542553191,86.6901595744681,29.7313829787234,0,0,1,0,0,0
0,2,9.72066905615293,96.9876344086022,21.8900836320191,-1.8,840,20,260,0,0,0,0,0,1
0,1,2.48253768844221,73.4395603015076,9.76708542713568,-4.63856783919598,534.126884422111,22.2927135678392,163.256281407035,1,0,0,0,0,0
0,1,12.6239596469105,85.2044010088272,21.2330390920555,1.39142496847415,1082.79066834805,11,299.959646910467,0,0,0,0,0,1
1,1,5.58190224570674,55.9073844121532,-0.320871862615588,13.1536327608983,751.91677675033,75.4557463672391,42.8824306472919,1,0,0,0,0,0
0,2,18.2699582753825,49.1426564673157,13.0866481223922,24.404033379694,265.280945757997,80.5159944367176,17.0166898470097,0,0,0,0,0,1
1,3,14.0181702668361,36.7364803049555,9.48297331639136,18.2547649301144,698.433290978399,86.1778907242694,13.0406607369759,0,0,0,0,0,1
1,1,5.64029255319149,55.5221808510638,-0.272739361702128,13.1410904255319,767.416223404255,75.2340425531915,42.3218085106383,1,0,0,0,0,0
0,2,7.04748953974896,82.3081066945607,11.2911087866109,2.5847280334728,340.101464435146,28.1882845188285,97.7133891213389,0,0,0,0,0,1
1,2,18.168758526603,47.9499454297408,13.1968622100955,23.2579809004093,259.517053206003,76.1787175989086,20.1514324693042,0,0,0,0,0,1
0,2,2.87190889370933,87.8159002169197,11.6614967462039,-2.48080260303688,429.819956616052,27.6203904555315,135.701735357918,0,1,0,0,0,0
1,3,11.6004914004914,65.734742014742,4.20749385749386,20.2727272727273,1441.84643734644,76.6179361179361,43.2125307125307,1,0,0,0,0,0
0,3,-3.20327754532775,113.146666666667,10.5303347280335,-9.58960948396095,361.617852161785,42.4902370990237,147.064156206416,1,0,0,0,0,0
0,3,10.3551839464883,82.3476811594203,0.452842809364548,20.3551839464883,286.839464882943,35.428093645485,41,0,0,0,0,0,1
0,2,20.3403735632184,52.8983908045977,26.6510057471264,17.3,1314.92097701149,41,530.104885057471,1,0,0,0,0,0
0,1,20.5911433172303,16.1699355877617,20.2911433172303,21.3320450885668,1282.25120772947,100.001610305958,328.12077294686,0,0,1,0,0,0
0,1,9.31612121212122,108.0128,20.5156363636364,-5.50351515151515,843.534545454546,45.3236363636364,322.878787878788,0,0,0,0,1,0
0,1,18.1,67.5311723163842,10.6,23,1500.64265536723,20,357,0,0,0,1,0,0
0,3,10.4561946902655,83.9537389380531,0.265154867256637,20.5503318584071,291.652654867257,36.2522123893805,40,0,0,0,0,1,0
0,1,22.4456845238095,52.8007291666667,26.056994047619,16.7456845238095,703.40625,63.9107142857143,246.883928571429,0,0,0,0,0,1
0,1,7.83309278350516,79.6743608247423,11.8786597938144,-0.262886597938144,388.557731958763,31.9319587628866,116.368041237113,0,0,1,0,0,0
1,2,14.2574873096447,62.5853299492386,6.70444162436548,22.4341370558376,1146.90609137056,85,16,1,0,0,0,0,0
0,1,21.231221719457,50.1342684766214,25.5395173453997,14.6242835595777,911.844645550528,80.2714932126697,367.89592760181,0,1,0,0,0,0
1,1,13.7242819843342,29.3324804177546,9.94712793733681,17.0272845953003,574.720626631854,86.953002610966,11.0600522193212,0,0,0,0,0,1
0,2,23.1,39.3904051565378,27.6,18.7648250460405,1332.70165745856,66,616.257826887661,0,0,0,0,0,1
1,3,10.4968710888611,90.2875969962453,9.46458072590739,22.4444305381727,446.096370463079,27.3229036295369,71.3992490613267,0,0,0,0,0,1
0,1,9.40193939393939,86.9571272727273,0.598060606060606,18.1572121212121,1193.83878787879,9,271.826666666667,0,0,0,1,0,0
0,1,22.3051395007342,44.0280029368576,27.4051395007342,17.4740088105727,1300.33333333333,60.0455212922173,615.331864904552,0,0,0,0,0,1
1,3,10.4,83.3393895671476,0.330410654827969,20.4460599334073,307.394006659267,37.6115427302997,41,0,0,0,0,1,0
1,1,9.48246753246753,50.6613961038961,3.79123376623377,16.1824675324675,1107.64935064935,61,94.211038961039,1,0,0,0,0,0
0,2,10.560396039604,88.7187747524752,19.6152227722772,-1.40742574257426,1001.00123762376,20,296.012376237624,0,0,0,0,1,0
1,3,10.4955151515152,90.4004727272727,9.61466666666667,22.4146666666667,424.369696969697,26,70.0775757575758,0,0,0,0,0,1
0,3,10.3987804878049,83.0623946784923,0.439467849223947,20.539467849224,317.339246119734,37.0343680709534,41.9534368070953,0,0,0,0,0,1
0,1,21.9,46.4507278020378,27.3,16.6193595342067,1247.28966521106,48,534.206695778748,0,0,0,0,0,1
0,1,9.47889688249401,95.5451318944844,21.3597122302158,-1.9,848.639088729017,20.2230215827338,262.073141486811,1,0,0,0,0,0
0,1,17.0454293628809,71.5852908587258,9.14847645429363,22.2807479224377,1432.76731301939,18,332.608033240997,1,0,0,0,0,0
1,3,7.09204545454546,60.8952398989899,0.79949494949495,15.1270202020202,1208.87121212121,68.8181818181818,54.2941919191919,1,0,0,0,0,0
1,3,10.79774718398,90.9948936170213,9.8,22.8226533166458,422.903629536921,27,70,0,0,0,0,0,1
1,3,13.6571428571429,25.4712355212355,10.5763191763192,16.2063063063063,612.384813384813,87.5469755469755,14.1428571428571,0,0,0,0,0,1
0,3,20.4312138728324,59.1776878612717,27.3559248554913,16.8,1558.6936416185,18.0101156069364,474.728323699422,0,0,0,0,0,1
0,3,10.3620842572062,82.369534368071,0.498780487804878,20.4158536585366,288.30266075388,35.2383592017738,41,0,0,0,0,0,1
0,2,5.66109913793104,93.6383405172414,-3.4625,12.8868534482759,1139.76831896552,12.6627155172414,265.165948275862,0,0,0,0,0,1
0,1,9.72375296912114,86.2163657957245,1,18.3282660332542,1172.8242280285,10,259.040380047506,0,0,0,0,0,1
0,2,17.9980861244019,22.8143381180223,19.7980861244019,17.7727272727273,751.07336523126,101.698564593301,182.910685805423,0,0,0,0,0,1
1,3,13.9,39.6795561357702,8.8,18.4642297650131,892.962140992167,90.9412532637076,17,0,0,0,0,0,1
0,3,10.4,83.2326688815061,0.40188261351052,20.577519379845,317.719822812846,38.2513842746401,41.0730897009967,0,0,0,0,0,1
0,1,20.4260115606936,52.8029190751445,26.7260115606936,17.4260115606936,1312.48843930636,41,526.560693641619,1,0,0,0,0,0
0,2,19.251493598862,62.8611237553343,14.049786628734,19.8877667140825,1335.00426742532,23,396.24466571835,1,0,0,0,0,0
1,3,7.07105030891439,43.8199117387467,4.94986760812003,12.6234774933804,2011.59046778464,41.8984995586937,320.88614298323,1,0,0,0,0,0
0,2,5.1,83.145079533404,13.476882290562,-5.50699893955461,281.515376458112,50.5153764581124,107.515376458112,0,0,0,0,1,0
0,2,4.70806282722513,80.9136230366492,12.2731937172775,0,383.685863874346,27.165445026178,108.305759162304,0,0,1,0,0,0
1,1,13.8,28.2775839793282,10.1547803617571,16.964857881137,710.890180878553,91.5322997416021,12.0348837209302,0,0,0,0,0,1
1,1,5.83465085638999,55.5420026350461,-0.0685111989459816,13.333860342556,805.3069828722,76.498023715415,42.4426877470356,1,0,0,0,0,0
1,2,8.64930182599355,50.8344897959184,3.03845327604726,15.1515574650913,2498.26530612245,62.4801288936627,177.525241675618,1,0,0,0,0,0
0,2,22.1,45.040353460972,27.3,17.000441826215,1231.9145802651,48.9513991163476,509.935198821797,0,0,0,0,0,1
0,2,11.9035264483627,85.4537531486146,20.6527707808564,0.500503778337531,978.45717884131,14,280.574307304786,1,0,0,0,0,0
1,1,13.6750652741514,31.3258355091384,9.75313315926893,17.3467362924282,777.352480417755,91.2258485639687,13.668407310705,1,0,0,0,0,0
0,1,7.2,85.8031696905016,15.9160085378869,-3.6,299.769477054429,59.5976520811099,114,0,0,0,0,1,0
1,1,7.15737051792829,56.6453519256308,1.14475431606906,14.8349269588313,854.930942895086,78.8725099601594,37.6268260292165,1,0,0,0,0,0
1,1,13.5044585987261,31.3443821656051,9.60063694267516,17.1410191082803,655.122292993631,85.7222929936306,13.3248407643312,1,0,0,0,0,0
1,2,9.20530973451328,34.8241371681416,5.58329646017699,13.5178097345133,3088.74225663717,52.7444690265487,319.348451327434,1,0,0,0,0,0
0,3,-4.14285714285714,147.517741553053,14.2474214582098,-12.3944279786603,310.681683461767,50.9608772969769,139.691760521636,1,0,0,0,0,0
0,1,6.95257510729614,80.7022532188841,11.6526824034335,-2.95901287553648,380.18347639485,52.6587982832618,130.062231759657,0,0,0,0,0,1
1,2,8.04561965811966,56.0769444444445,1.77083333333333,15.3169871794872,2462.80021367521,68.1912393162393,155.082264957265,1,0,0,0,0,0
0,1,12.987859824781,85.1688986232791,23.7602002503129,1.71777221526909,1056.46808510638,12,299.540675844806,0,0,0,0,0,1
0,2,1.2380716934487,77.0036341161928,-0.413597033374537,2.33423980222497,578.903584672435,13.0457354758962,151.887515451174,1,0,0,0,0,0
1,1,12.7260130718954,27.0161568627451,9.54156862745098,15.8386928104575,790.355555555555,85.1843137254902,17.0496732026144,1,0,0,0,0,0
1,1,6.95435356200528,56.7656596306069,0.926385224274407,14.5882585751979,823.73746701847,78.3825857519789,38.688654353562,1,0,0,0,0,0
0,2,6.12140672782875,80.8151681957187,14.3645259938838,1.62945973496432,478.026503567788,25.8430173292559,137.692150866463,0,0,0,0,0,1
1,1,13.322236503856,30.926735218509,9.51966580976864,16.9343187660668,734.352185089974,87,14.3508997429306,1,0,0,0,0,0
0,2,7.22652631578948,88.1828842105263,16.1043157894737,-4.14242105263158,292.129473684211,52.0663157894737,111.195789473684,0,0,0,0,1,0
0,3,17.6010738255034,80.4369127516779,21.9432214765101,6.84429530201342,866.836241610738,35.0993288590604,198.198657718121,0,0,1,0,0,0
0,3,6.05922651933702,89.9999226519337,2.30475138121547,17.2201104972376,1088.12486187845,14.3668508287293,235.036464088398,0,0,0,0,0,1
0,3,9.70337756332931,98.9859710494572,21.9890229191797,-3.56755126658625,916.406513872135,28,299.182147165259,0,0,0,0,0,1
1,2,9.50899357601713,51.6459528907923,3.76370449678801,16.1184154175589,2335.80728051392,61.3576017130621,168.783725910064,1,0,0,0,0,0
0,2,10.9622474747475,83.8968181818182,19.4622474747475,-0.331691919191919,1022.99621212121,15,291.262626262626,1,0,0,0,0,0
0,2,15.6887820512821,20.3965544871795,17.5012820512821,12.6996794871795,636.586538461539,89.698717948718,288.514423076923,0,0,0,0,0,1
0,2,2.63851554663992,77.4431895687061,6.39809428284855,-1.91995987963892,587.590772316951,26.4523570712136,175.669007021063,1,0,0,0,0,0
0,1,12.7098591549296,85.4173111395646,21.3745198463508,1.50985915492958,1076.91549295775,11,297.866837387964,0,0,0,0,0,1
0,1,5.35356004250797,114.973687566419,17.1111583421892,-10.0907545164718,419.242295430393,64.7640807651435,191.996811902232,0,0,1,0,0,0
0,1,9.77208737864077,85.6244902912621,1.19405339805825,18.2720873786408,1210.67111650485,11,261.122572815534,1,0,0,0,0,0
1,1,9.6289,53.73064,3.3707,16.5187,1748.196,46.695,191.713,0,1,0,0,0,0
0,3,6.28862876254181,73.4651616499443,-0.3,12.8410256410256,1330.12040133779,19,274.860646599777,1,0,0,0,0,0
0,3,10.4,83.4482651933701,0.3,20.4220994475138,304.898342541436,36.7790055248619,41,0,0,0,0,1,0
0,1,18.3317817014446,16.1728731942215,18.7361155698234,18.4423756019262,986.585874799358,97.4269662921348,248.317817014446,0,0,0,0,0,1
0,2,9.9,97.9120761670762,22.1863636363636,-1.8,838.970515970516,20,257.970515970516,0,0,0,0,0,1
1,3,10.4765227021041,83.3981284606866,0.501107419712071,20.7049833887043,325.763012181617,37.2735326688815,42.9933554817276,0,0,0,0,0,1
1,1,5.43707865168539,81.264708886619,13.7827374872319,0.973340143003064,523.539325842697,24,141.689479060266,1,0,0,0,0,0
0,2,5.60087051142546,93.6905658324265,-3.47540805223069,16.4870511425462,1143.89880304679,12.2611534276387,266.102285092492,0,0,0,0,0,1
0,1,9.58947368421052,95.6916768665851,21.4987760097919,-1.84871481028152,845.971848225214,21,262.823745410037,1,0,0,0,0,0
0,2,10.3024721878863,103.865982694685,21.0092707045735,-3.9,912.844252163164,39,322.355995055624,0,0,0,0,0,1
0,2,1.32952069716776,85.487559912854,9.81840958605665,-4.37244008714597,531.901960784314,19.6252723311547,154.100217864924,0,1,0,0,0,0
0,2,9.65857487922705,96.8032487922705,21.7525362318841,-1.9,840.949275362319,20,259.026570048309,0,0,0,0,0,1
0,3,10.4,83.2260176991151,0.4,20.5535398230089,316.16482300885,37.858407079646,41,0,0,0,0,0,1
1,2,8.0248654467169,58.5362325080732,1.40193756727664,15.6384284176534,2180.08288482239,69.7965554359526,122.278794402583,1,0,0,0,0,0
1,2,5.94468302658487,81.4695501022495,14.2703476482618,1.43466257668712,482.537832310838,25.3609406952965,138,0,0,0,0,1,0
1,2,17.9595141700405,43.1743994601889,13.4079622132254,21.2716599190283,267.002699055331,64.3333333333333,27.7112010796221,0,0,0,1,0,0
0,2,22.0569750367107,45.1498531571219,27.3,16.9569750367107,1245.26284875184,48.5080763582966,514.324522760646,0,0,0,0,0,1
1,1,7.04415917843389,57.0555198973042,0.988703465982028,14.7464698331194,812.089858793325,77.8433889602054,38.5571245186136,1,0,0,0,0,0
0,1,-3.23180952380952,129.981263492063,13.2528888888889,-10.2168253968254,293.844444444444,80.9961904761905,172,1,0,0,0,0,0
0,3,-7.6,140.847459546926,9.4,-25.1695792880259,417,43,155,0,1,0,0,0,0
0,1,11.0981012658228,93.9359367088608,20.7906329113924,-1.60189873417722,1021.92151898734,19,300.90253164557,0,0,0,0,0,1
0,3,5.11526315789474,82.3025157894737,13.3752631578947,-5.17315789473684,366.551578947368,52.2863157894737,138.597894736842,0,0,1,0,0,0
1,3,16.094532199271,69.448857837181,8.49659781287971,25.3205346294046,1461.97569866343,79.81652490887,37.5528554070474,1,0,0,0,0,0
0,2,-7.6,140.85065318818,9.31640746500778,-25.1,420.001555209953,43,158,0,0,0,1,0,0
0,3,18.6,70.4303988603989,22.404415954416,27.2,1090.59686609687,16.0071225071225,230.606837606838,0,0,0,0,1,0
0,1,7.07117021276596,85.3292978723404,15.771170212766,-3.9,293.28829787234,59,116,0,0,0,0,1,0
0,3,10.4,83.2618091009989,0.4,20.5,315.160932297447,37.6059933407325,41,0,0,0,0,0,1
1,1,7.10934210526316,56.9835131578947,1.07407894736842,14.7967105263158,834.667105263158,78.3328947368421,38.0921052631579,1,0,0,0,0,0
1,1,12.2649867374005,64.0000397877984,5.54615384615385,20.7437665782493,843.209549071618,81.9151193633952,26.2480106100796,1,0,0,0,0,0
0,1,-4.14863861386139,115.437747524752,10.9172648514851,-11.343254950495,402.633663366337,66,207.424504950495,0,1,0,0,0,0
0,3,8.82994082840237,109.209775147929,20.1289940828402,-6.27005917159763,837.003550295858,50,334.126627218935,1,0,0,0,0,0
1,3,10.9,91.5933753148615,9.85302267002519,23.0481108312343,418.651133501259,27.6372795969773,71,0,0,0,1,0,0
0,1,9.11469849246231,92.1900502512563,18.4146984924623,-2.51645728643216,430.801507537689,70.71608040201,192.659547738693,0,0,0,0,1,0
0,1,12.8161616161616,83.6839393939394,23.3161616161616,1.71616161616162,1071.34595959596,12,306.045454545455,0,0,0,0,0,1
0,2,21.8406754772394,46.3422026431718,27.2406754772394,16.6406754772394,1254.28487518355,47.0969162995595,528.894273127753,0,0,0,0,0,1
1,3,15.8628650904033,32.6803337969402,13.3937413073714,19.2180806675939,312.901251738526,92.1432545201669,6,0,1,0,0,0,0
0,2,22.2960410557185,42.7356011730205,27.1972140762463,17.5,1322.44428152493,60.5161290322581,607.788856304985,0,0,0,0,1,0
1,2,15.8,58.7138017565872,8.2,22.9553324968632,479.952321204517,90.5207026348808,5.27854454203262,0,0,0,0,1,0
0,1,6.5695020746888,81.6460165975104,14.7473029045643,-3.7,477.473029045643,54.695020746888,166.304979253112,0,0,1,0,0,0
0,1,26.3704180064309,20.5498874598071,27.7860128617363,26.1114147909968,1062.7347266881,81.7861736334405,230.790996784566,0,0,0,0,0,1
0,1,11.1932835820896,94.3538805970149,20.8932835820896,-1.6,1010.39303482587,20,296.970149253731,0,0,0,0,0,1
0,2,4.52792887029289,121.271328451883,16.9823221757322,-11.9547071129707,430,71,209,0,0,1,0,0,0
0,2,9.9,97.5355675029869,22.1303464755078,-1.72293906810036,841.758661887694,20,260,0,0,0,0,0,1
1,2,9.36352941176471,57.2389304812834,2.8896256684492,16.6863101604278,2561.40213903743,71.1989304812834,144.119786096257,1,0,0,0,0,0
0,2,17.9,42.3164197530864,13.4230452674897,22.9665294924554,274.925925925926,69.4513031550069,25.0987654320988,0,0,0,1,0,0
0,1,8.41169305724726,90.2169671132765,17.5596833130329,-2.44847746650426,1166.86479902558,8.75639464068209,312.697929354446,1,0,0,0,0,0
1,1,12.8749672346003,28.0817169069463,9.53997378768021,16.1643512450852,812.142857142857,86.8990825688073,16.2503276539974,1,0,0,0,0,0
0,3,9.89082007343941,99.3442962056304,22.1545899632803,-3.5,920.949816401469,28,300,0,0,0,0,0,1
1,1,15.9138242894057,67.7281266149871,8.86149870801034,24.7138242894057,524.301033591731,82.0129198966408,6.09302325581395,0,0,1,0,0,0
0,1,17.5,70.7061711079944,9.7,22.7406732117812,1387.61711079944,21,312.256661991585,0,0,0,1,0,0
0,2,7.00468409586057,115.265762527233,21.1,-8.7,734.771241830065,50,309.713507625272,0,0,0,0,0,1
0,2,5.95060975609756,81.517743902439,14.2776422764228,1.45060975609756,482.993902439025,25.2357723577236,138,0,0,0,0,1,0
0,3,10.4,83.2274336283186,0.4,20.5,309.830752212389,37.733407079646,41,0,0,0,0,0,1
1,3,14.2868686868687,34.5092550505051,9.75315656565657,18.0270202020202,684.223484848485,88.760101010101,12.0151515151515,0,0,0,0,0,1
1,1,9.2596757852077,48.7951874366768,3.6047619047619,15.5107396149949,1329.90476190476,42.2066869300912,158.905775075988,1,0,0,0,0,0
0,2,21.9196769456681,45.3309838472834,27.2,16.84140969163,1274.140969163,48.9985315712188,539.192364170338,0,0,0,0,0,1
1,2,9.16979722518676,35.0762540021345,5.51995731056563,13.5177161152615,3132.82070437567,52,318.845250800427,1,0,0,0,0,0
1,3,15.4912302070646,69.1313032886724,7.86175395858709,24.6696711327649,1529.57369062119,79,40,1,0,0,0,0,0
0,3,10.3377777777778,82.3837888888889,0.5,20.3886666666667,281.658888888889,34.4422222222222,41,0,0,0,0,1,0
0,1,7.3,87.3530383795309,16.1992537313433,-3.84285714285714,308.31236673774,59.501066098081,115.643923240938,0,0,0,1,0,0
1,2,8.91707841031149,51.4569817400644,3.22298603651987,15.5593984962406,2485.53276047261,62.1997851772288,174.444683136412,1,0,0,0,0,0
0,1,9.28288834951456,87.5272208737864,0.352669902912621,18.0574029126214,1206.40048543689,9,276.89927184466,1,0,0,0,0,0
0,3,9.85985663082437,100.277491039427,22.2,-3.71326164874552,928.033452807646,28.1326164874552,300.971326164875,0,0,0,0,0,1
0,1,-4.14863692688971,115.535346964064,10.9513011152416,-11.3539653035936,406.423172242875,65.8754646840149,208.113382899628,0,1,0,0,0,0
0,3,-7.6,140.75189628483,9.4,-25.1024767801858,418.445820433437,43,156.222910216718,0,0,0,0,0,0
0,3,10.3125,83.337046460177,0.3,20.4,316.681415929204,38.0044247787611,41,0,0,0,0,0,1
0,2,5.63232432432433,94.1500432432432,-3.54518918918919,13.0516756756757,1140.91783783784,12.3102702702703,265.44972972973,0,0,0,0,0,1
0,1,5.33468516542156,114.878964781217,17.049946638207,-10.126787620064,420.662753468517,64.1227321237994,192.004268943436,0,0,1,0,0,0
1,2,8.43055555555556,55.967532051282,2.16207264957265,15.688141025641,2515.63354700855,68.2692307692308,155.504273504273,1,0,0,0,0,0
1,3,14.5240601503759,44.8909899749373,8.87406015037594,19.9848370927318,811.9335839599,91.4360902255639,13.3646616541353,0,0,1,0,0,0
1,3,14.3,40.1489206762029,9.27373211963589,18.9513654096229,670.141742522757,87.4174252275683,12.8270481144343,1,0,0,0,0,0
0,1,-2.92663699936427,129.726395422759,13.5141131595677,-9.92663699936428,298.651621106167,80.276541640178,173.8270820089,0,1,0,0,0,0
1,1,12.9757978723404,65.1716888297872,6.16476063829787,21.6392287234043,797.203457446809,81.9175531914894,24.5093085106383,1,0,0,0,0,0
0,1,12.5013888888889,84.9594318181818,23.2257575757576,1.20239898989899,1044.33964646465,11,293.433080808081,0,0,0,0,0,1
0,1,12.8517857142857,85.1420790816327,23.6269132653061,1.62563775510204,1062.1568877551,12,299.269132653061,0,0,0,0,0,1
0,1,8.04965986394558,109.922290249433,19.4473922902494,-7.06836734693877,867.222222222222,47,337.289115646258,0,0,0,0,0,1
1,1,12.2742819843342,37.6050783289817,8.30248041775457,16.932637075718,960.070496083551,86.2885117493473,18.8616187989556,1,0,0,0,0,0
0,3,14.8350967741936,75.650464516129,24.3694193548387,10.6350967741935,1206.79096774194,17,373.261935483871,0,0,0,1,0,0
0,1,10.9059343434343,94.7483838383838,20.6275252525253,-1.91780303030303,1009.12247474747,20.7626262626263,298.056818181818,0,0,0,0,0,1
0,2,21.8213043478261,46.4378550724638,27.2213043478261,16.57,1250.59855072464,47,528.349275362319,0,0,0,0,0,1
0,2,8.76957928802589,51.2888888888889,3.09061488673139,15.3608414239482,2505.22977346278,62.3646170442287,175.636461704423,1,0,0,0,0,0
0,2,4.57730812013348,110.697897664071,16.784872080089,-10.6142380422692,799.135706340378,45,297.354838709677,0,0,0,1,0,0
0,1,9.3744578313253,88.4918795180723,0.274457831325301,18.3024096385542,1166.99879518072,9,268.91686746988,0,0,0,0,0,1
0,3,5.43993250843645,97.2862992125985,0.737795275590551,-6.28380202474691,1236.37120359955,10,318.635545556805,1,0,0,0,0,0
0,1,18.4024079320113,70.8000849858357,22.300566572238,26.6827195467422,1175.7209631728,15,249.508498583569,0,0,0,0,0,1
0,1,9.50036144578313,96.0243253012048,21.5,-1.9,844.825301204819,20,261,0,0,0,0,0,1
0,2,21.4,46.7956954612006,26.8865300146413,16.1931185944363,1271.95314787701,41,483.587115666179,0,0,0,1,0,0
0,2,18.0772870662461,30.3910410094637,21.0750788643533,17.0772870662461,499.755520504732,95.3753943217666,213.794952681388,0,0,0,0,1,0
0,1,13.0631382316314,84.7953424657534,23.7793275217933,1.89402241594022,1048.50560398506,12,299.772104607721,0,0,0,0,0,1
0,3,10.4,83.2480022197558,0.307769145394007,20.4409544950056,286.902330743618,35.9711431742508,40,0,0,0,0,0,1
0,1,-4.09659231722429,115.419950433705,10.9547087980174,-11.2635068153656,399.361833952912,65.9498141263941,206.767038413879,0,1,0,0,0,0
0,1,12.6253180661578,84.6163358778626,23.3745547073791,1.5,1075.30407124682,12,302.030534351145,0,0,0,0,0,1
1,1,5.56072916666667,53.0796770833333,-0.187395833333333,12.4442708333333,2424.446875,52.121875,238.74375,1,0,0,0,0,0
0,2,4.49989539748954,121.211778242678,16.9455020920502,-11.9853556485356,430.016736401674,70.9916317991632,209.008368200837,0,0,1,0,0,0
0,2,19.1695859872612,24.0049203821656,21.2679936305733,18.412898089172,974.968152866242,114,471.891719745223,0,0,0,0,0,1
0,3,8.42757871878393,90.5799022801303,12.9767643865364,-3.15266015200869,369.132464712269,50.400651465798,105.727470141151,0,0,0,0,0,1
0,3,10.3003322259136,83.3328903654485,0.300332225913621,20.4003322259136,318.104097452935,38.3300110741971,41,0,0,0,0,0,1
0,3,10.0354721549637,104.691404358354,22.8734866828087,-4.2,880.705811138015,36,312,0,0,0,0,0,0
0,2,4.2989539748954,120.734142259414,16.6989539748954,-12.1135983263598,443.111924686193,68.7050209205021,212.01359832636,0,0,1,0,0,0
1,3,10.3769060773481,83.0170828729282,0.424419889502762,20.5244198895028,317.028729281768,36.9569060773481,42,0,0,0,0,0,1
0,3,6.88665132336019,92.7848906789413,18.4970080552359,-4.31403912543153,1134.77330264672,7.6789413118527,302.115074798619,1,0,0,0,0,0
0,2,15.7905448717949,20.8434294871795,17.1692307692308,12.7905448717949,836.407051282051,94,238.357371794872,0,0,0,0,0,1
0,3,19.4911949685535,27.7588364779874,21.4520440251572,16.8396226415094,447.647798742138,75.0817610062893,131.72641509434,0,1,0,0,0,0
0,3,12.5363867684478,96.5429007633588,22.4025445292621,-0.363613231552163,970.591603053435,45.0089058524173,347.086513994911,1,0,0,0,0,0
1,3,6.7204628501827,67.7541534713764,-1.30341047503045,15.4209500609013,642.075517661389,60.931790499391,45.6686967113277,1,0,0,0,0,0
0,3,6.19060402684564,106.234530201342,18.1309843400447,-6.83724832214765,932.761744966443,13,266.324384787472,0,0,0,0,1,0
1,3,14.0662849872774,34.9318956743003,9.62837150127226,17.9628498727735,675.821882951654,86.3600508905853,12.2824427480916,0,0,0,0,0,1
1,1,6.58667529107374,62.1001940491591,-0.504657179818888,14.8650711513583,972.553686934023,73.5459249676585,48.9637774902975,1,0,0,0,0,0
0,2,17.9004092769441,42.9429467939973,13.3957708049113,21.1514324693042,261.402455661664,62.9181446111869,28.4160982264666,0,0,0,0,0,1
1,2,18.2050684931507,46.4538767123288,13.4,22.2598630136986,265.967123287671,70.5712328767123,24.2205479452055,0,0,0,0,0,1
0,3,0.413492822966507,82.3174736842105,10.7551196172249,-4.52602870813397,600.988516746412,24.5732057416268,196.712918660287,1,0,0,0,0,0
1,3,14.1200258397933,35.2491085271318,9.9452196382429,18.203488372093,1046.80878552972,92.1162790697675,14.7609819121447,0,0,0,0,0,1
0,2,6.11447963800905,100.071640271493,18.5898190045249,-6.16040723981901,977.515837104072,22.0542986425339,308.462669683258,1,0,0,0,0,0
0,2,18.3180281690141,67.4944788732394,26.3985915492958,21.5956338028169,381.930985915493,75.2887323943662,169.57323943662,0,1,0,0,0,0
0,1,12.7758620689655,83.8811621966794,23.3363984674329,1.67765006385696,1076.16219667944,12,306.891443167305,0,0,0,0,0,1
0,1,9.37120853080569,87.1927606635071,0.467654028436019,18.0735781990521,1198.8518957346,9,273.984597156398,0,0,0,0,0,1
0,3,12.2472361809045,99.9183668341709,22.3879396984925,-1.15276381909548,856.407035175879,51,322.048994974874,0,0,0,0,1,0
0,3,7.36166666666667,92.5747738095238,16.8085714285714,-3.75666666666667,1149.92142857143,7,304.190476190476,1,0,0,0,0,0
0,1,9.6,95.9131105710814,21.5925880923451,-1.8044957472661,843.243013365735,21,261.624544349939,0,0,0,0,1,0
0,2,17.7354166666667,22.571233974359,18.9426282051282,17.5900641025641,731.342948717949,103.267628205128,173.168269230769,0,0,0,0,1,0
1,1,17.2953929539295,41.1715040650407,12.8953929539295,22.3266937669377,290.571815718157,82.7669376693767,15.520325203252,0,1,0,0,0,0
1,1,9.53845371312309,45.0011393692777,4.58718209562564,15.4214649033571,943.663275686673,59.8067141403866,81.5055951169888,1,0,0,0,0,0
1,1,14.8653350515464,42.1410567010309,9.54974226804123,20,578.702319587629,90.2577319587629,10.2242268041237,0,0,0,0,0,1
1,2,6.21803278688525,80.6982581967213,14.4941598360656,1.72315573770492,476.258196721311,25.781762295082,137.740778688525,0,0,0,0,0,1
0,2,4.50926315789474,120.705094736842,16.9361052631579,-11.8057894736842,447.597894736842,67,214,0,0,1,0,0,0
0,2,15.884430176565,20.9586356340289,17.4544141252006,12.9016051364366,776.213483146067,94.9325842696629,218.921348314607,0,0,0,0,0,1
0,3,10.3471760797342,83.1287264673311,0.3,20.4,301.49723145072,36.0487264673311,41,0,0,0,0,0,1
1,2,7.99989270386266,55.9382188841202,1.75793991416309,15.2585836909871,2471.68884120172,67.9388412017168,156.206008583691,1,0,0,0,0,0
0,1,15.5353642384106,89.9747549668874,22.7929801324503,3.60649006622517,699.13642384106,47.0649006622517,221.941721854305,0,0,1,0,0,0
1,2,13.360582010582,42.5051851851852,8.98346560846561,18.8243386243386,610.489417989418,90.3042328042328,13.7314814814815,1,0,0,0,0,0
0,1,18.4304101838755,70.6327581329562,22.3158415841584,26.6616690240453,1172.53748231966,15,248.772277227723,0,0,0,0,0,1
0,3,17.5822161422709,80.2103283173735,21.8822161422709,6.8,869.922024623803,35.2694938440492,199.803009575923,0,0,1,0,0,0
1,2,7.98988159311087,55.7078040904198,1.8032292787944,15.2564047362756,2488.82238966631,67.7287405812702,158.035522066738,1,0,0,0,0,0
1,2,11.425224071703,46.5583610755442,6.37733674775928,17.4802816901408,1339.75544174136,85.4007682458387,36.5416133162612,1,0,0,0,0,0
0,1,11.0289926289926,94.0504668304668,20.7550368550369,-1.62604422604423,1025.07371007371,20,298.235872235872,0,0,0,0,0,1
0,1,3.91571428571429,111.113824175824,16.1025274725275,-11.3842857142857,819.64945054945,44.256043956044,310.308791208791,1,0,0,0,0,0
1,2,9.18251748251748,54.0817882117882,2.9965034965035,16.1605394605395,1457.93306693307,52.6403596403596,147.422577422577,1,0,0,0,0,0
1,1,9.26872427983539,52.3705761316873,3.44444444444445,16.3131687242798,1472.56790123457,49,172.374485596708,1,0,0,0,0,0
1,3,10.4,82.8031747787611,0.4,20.395796460177,290.174778761062,35.3661504424779,40.5232300884956,0,0,0,0,0,1
1,2,11.6696315120712,23.8759974587039,9.27268106734435,14.4040660736976,1800.01905972046,83,47.010165184244,0,0,1,0,0,0
0,2,17.9710777626194,46.4114188267394,13.0896316507503,21.6114597544338,254.81173260573,67.3669849931787,25.0477489768076,0,0,0,0,0,1
1,1,13.393864229765,31.8530678851175,9.51161879895561,17.1579634464752,748.331592689295,87.2454308093995,14.5052219321149,1,0,0,0,0,0
0,3,3.70240963855422,109.013154435926,15.8142387732749,-9.45158817086528,845.224534501643,37,300.124863088719,0,0,0,1,0,0
1,3,12.9592692828146,53.9312719891746,7.21650879566982,19.8822733423545,547.468200270636,90.404600811908,14.7577807848444,0,0,1,0,0,0
1,3,9.124625,87.5655875,8.06825,20.638125,567.70875,28.72875,82.20625,0,0,0,0,0,1
0,1,9.89724220623501,86.5778896882494,1.16294964028777,18.5965227817746,1150.74100719424,10,254.978417266187,0,0,0,0,0,1
0,3,12.5230279898219,96.5471501272265,22.4019083969466,-0.376717557251908,972.431297709924,45.0216284987277,347.164122137405,0,0,0,0,1,0
0,3,10.6,83.4894579646018,0.751216814159292,20.9574115044248,323.121681415929,37.3219026548673,43,0,0,0,0,0,1
0,1,-2.90945541591861,142.833070017953,14.8765409934171,-10.5876122082585,309.025733093956,53.4392579293836,140.774985038899,1,0,0,0,0,0
1,1,12.7601324503311,38.1393112582781,8.64543046357616,17.5119205298013,903.777483443709,85.5165562913907,17.276821192053,1,0,0,0,0,0
1,2,8.80970873786408,50.8344660194175,3.18522114347357,15.3687162891046,2440.66882416397,61.7939590075513,175.513484358145,1,0,0,0,0,0
0,1,22.3821637426901,43.889283625731,27.431432748538,17.5134502923977,1302.78801169591,60,612.203216374269,0,0,0,0,0,1
0,1,-3.32380952380952,130.070958730159,13.1770793650794,-10.316253968254,294.372698412698,80.3644444444444,171.674285714286,1,0,0,0,0,0
1,2,6.24774590163934,80.5921413934426,14.5,1.73647540983607,482.417008196721,25.2100409836066,138.338114754098,0,0,0,0,1,0
0,2,7.17983193277311,80.7239915966387,15.3798319327731,2.87983193277311,320.495798319328,28.7983193277311,93.2016806722689,0,0,1,0,0,0
